id,setting,train_size,template_split,problem,gold_answer,predicted_answer,answer_correct,gold_structure,predicted_structure,structure_correct,gold_tool,predicted_tool,tool_correct,raw_prediction
test_seen_00000,baseline,50,seen,Solve the simultaneous relations -4x + 2y = 32 and 4x + 2y = -32. Find x.,-8,-16,False,two_linear_relations,,,elimination,,, -16
test_seen_00001,baseline,50,seen,"Given y = 2x + 3, insert it into 5x + 4y = 103 and find y.",17,9,False,two_linear_relations,,,substitution,,, 9
test_seen_00002,baseline,50,seen,Use the product pattern for a difference of squares to compute 39^2 - 27^2.,792,1089,False,polynomial_identity,,,factorization,,, 1089
test_seen_00003,baseline,50,seen,Expand the square and evaluate (5 + 8)^2.,169,676,False,polynomial_identity,,,expansion,,, 676
test_seen_00004,baseline,50,seen,"At a fixed rate, 8 items cost 6 dollars. What do 24 items cost?",18,32,False,equivalent_ratios,,,proportional_scaling,,,32
test_seen_00005,baseline,50,seen,Solve the proportion 4/18 = 12/x for x.,54,55,False,equivalent_ratios,,,cross_multiplication,,, 55
test_seen_00006,baseline,50,seen,A sequence starts at 11 and changes by -5 each term. Iterate to find term 15.,-59,-20,False,additive_recurrence,,,iteration,,, -20
test_seen_00007,baseline,50,seen,An arithmetic sequence has formula a(n) = 4 + (n - 1)(8). Substitute n = 7.,52,35,False,additive_recurrence,,,substitution,,, 35
test_seen_00008,baseline,50,seen,"If x + y = -7 and xy = -30, use a square expansion to find x^2 + y^2.",109,194,False,symmetric_sum_product,,,expansion,,, 194
test_seen_00009,baseline,50,seen,"Factor t^2 + 16t + 39 = 0 to obtain its two roots, then give the sum of their squares.",178,45,False,symmetric_sum_product,,,factorization,,, 45
test_seen_00010,baseline,50,seen,"For f(t) = -5t^2 - 7t - 7, substitute t = -7 and find f(-7).",-203,-189,False,transformed_expression,,,substitution,,, -189
test_seen_00011,baseline,50,seen,Expand (x + -5)(x + -1) and evaluate it at x = -3.,32,2,False,transformed_expression,,,expansion,,, 2
test_seen_00012,baseline,50,seen,Two linear constraints hold: 4x + 5y = -2; 5x + 5y = 5. Determine x.,7,-1,False,two_linear_relations,,,elimination,,, -1
test_seen_00013,baseline,50,seen,The linked relations are y = 5x + 6 and x + y = -30. What is y?,-24,9,False,two_linear_relations,,,substitution,,, 9
test_seen_00014,baseline,50,seen,Evaluate 29^2 - 12^2 by rewriting it as a product.,697,804,False,polynomial_identity,,,factorization,,, 804
test_seen_00015,baseline,50,seen,Use the binomial-square identity to compute (7 + 22)^2.,841,1849,False,polynomial_identity,,,expansion,,, 1849
test_seen_00016,baseline,50,seen,Scale the ratio 11:10 to 22:x. Find x.,20,220,False,equivalent_ratios,,,proportional_scaling,,, 220
test_seen_00017,baseline,50,seen,Cross-multiply 13:7 = 91:x and determine x.,49,65,False,equivalent_ratios,,,cross_multiplication,,, 65
test_seen_00018,baseline,50,seen,"Given a1 = 18 and a(n+1) = a(n) - 7, find a11.",-52,20,False,additive_recurrence,,,iteration,,, 20
test_seen_00019,baseline,50,seen,Use the closed form b(n) = -13 + (n - 1)(1) to find b(10).,-4,-26,False,additive_recurrence,,,substitution,,, -26
test_seen_00020,baseline,50,seen,Two numbers have sum 22 and product 117. Compute the sum of their squares from the symmetric identity.,250,304,False,symmetric_sum_product,,,expansion,,, 304
test_seen_00021,baseline,50,seen,The roots of t^2 - 23t + 120 = 0 are r and s. Find r^2 + s^2 by factoring the quadratic.,289,459,False,symmetric_sum_product,,,factorization,,, 459
test_seen_00022,baseline,50,seen,Evaluate the transformed expression z^2 + 5z - 11 at z = 0.,-11,-1,False,transformed_expression,,,substitution,,, -1
test_seen_00023,baseline,50,seen,"Open the product (x + 3)(x + 9), then set x = 5.",112,18,False,transformed_expression,,,expansion,,, 18
test_seen_00024,baseline,50,seen,Solve the simultaneous relations 5x - 4y = 30 and 5x - 3y = 25. Find y.,-5,1,False,two_linear_relations,,,elimination,,, 1
test_seen_00025,baseline,50,seen,"Given y = 4x + 5, insert it into 3x + 5y = -113 and find x.",-6,2,False,two_linear_relations,,,substitution,,, 2
test_seen_00026,baseline,50,seen,Use the product pattern for a difference of squares to compute 12^2 - 11^2.,23,108,False,polynomial_identity,,,factorization,,, 108
test_seen_00027,baseline,50,seen,Expand the square and evaluate (8 + 9)^2.,289,304,False,polynomial_identity,,,expansion,,, 304
test_seen_00028,baseline,50,seen,"At a fixed rate, 13 items cost 2 dollars. What do 52 items cost?",8,40,False,equivalent_ratios,,,proportional_scaling,,, 40
test_seen_00029,baseline,50,seen,Solve the proportion 3/19 = 21/x for x.,133,67,False,equivalent_ratios,,,cross_multiplication,,, 67
test_seen_00030,baseline,50,seen,A sequence starts at 11 and changes by -1 each term. Iterate to find term 15.,-3,-12,False,additive_recurrence,,,iteration,,, -12
test_seen_00031,baseline,50,seen,An arithmetic sequence has formula a(n) = 9 + (n - 1)(2). Substitute n = 9.,25,30,False,additive_recurrence,,,substitution,,, 30
test_seen_00032,baseline,50,seen,"If x + y = -6 and xy = -91, use a square expansion to find x^2 + y^2.",218,307,False,symmetric_sum_product,,,expansion,,, 307
test_seen_00033,baseline,50,seen,"Factor t^2 + 27t + 182 = 0 to obtain its two roots, then give the sum of their squares.",365,365,True,symmetric_sum_product,,,factorization,,, 365
test_seen_00034,baseline,50,seen,"For f(t) = -2t^2 + 4t - 6, substitute t = 3 and find f(3).",-12,-15,False,transformed_expression,,,substitution,,, -15
test_seen_00035,baseline,50,seen,Expand (z + 8)(z + 2) and evaluate it at z = -3.,-5,10,False,transformed_expression,,,expansion,,, 10
test_seen_00036,baseline,50,seen,Two linear constraints hold: -3x + 3y = -15; -3x - 2y = -35. Determine x.,9,0,False,two_linear_relations,,,elimination,,, 0
test_seen_00037,baseline,50,seen,The linked relations are y = -x - 1 and x - 2y = -4. What is x?,-2,-3,False,two_linear_relations,,,substitution,,, -3
test_seen_00038,baseline,50,seen,Evaluate 79^2 - 26^2 by rewriting it as a product.,5565,5801,False,polynomial_identity,,,factorization,,, 5801
test_seen_00039,baseline,50,seen,Use the binomial-square identity to compute (26 + 16)^2.,1764,800,False,polynomial_identity,,,expansion,,, 800
test_seen_00040,baseline,50,seen,Scale the ratio 9:18 to 18:x. Find x.,36,18,False,equivalent_ratios,,,proportional_scaling,,,18
test_seen_00041,baseline,50,seen,Cross-multiply 3:2 = 6:x and determine x.,4,4,True,equivalent_ratios,,,cross_multiplication,,, 4
test_seen_00042,baseline,50,seen,"Given a1 = -19 and a(n+1) = a(n) + 9, find a12.",80,68,False,additive_recurrence,,,iteration,,, 68
test_seen_00043,baseline,50,seen,Use the closed form b(n) = 12 + (n - 1)(8) to find b(11).,92,76,False,additive_recurrence,,,substitution,,, 76
test_seen_00044,baseline,50,seen,Two numbers have sum 3 and product -180. Compute the sum of their squares from the symmetric identity.,369,452,False,symmetric_sum_product,,,expansion,,, 452
test_seen_00045,baseline,50,seen,The roots of t^2 + 15t + 56 = 0 are r and s. Find r^2 + s^2 by factoring the quadratic.,113,389,False,symmetric_sum_product,,,factorization,,, 389
test_seen_00046,baseline,50,seen,Evaluate the transformed expression -3z^2 + 6z + 12 at z = -1.,3,0,False,transformed_expression,,,substitution,,, 0
test_seen_00047,baseline,50,seen,"Open the product (x + -6)(x + -3), then set x = -7.",130,15,False,transformed_expression,,,expansion,,, 15
test_seen_00048,baseline,50,seen,Solve the simultaneous relations 4x + 4y = -32 and x - 2y = 10. Find y.,-6,-5,False,two_linear_relations,,,elimination,,, -5
test_seen_00049,baseline,50,seen,"Given y = -4x - 8, insert it into -3x + 2y = -60 and find x.",4,1,False,two_linear_relations,,,substitution,,, 1
test_seen_00050,baseline,50,seen,Use the product pattern for a difference of squares to compute 44^2 - 23^2.,1407,1805,False,polynomial_identity,,,factorization,,, 1805
test_seen_00051,baseline,50,seen,Expand the square and evaluate (18 + 36)^2.,2916,10496,False,polynomial_identity,,,expansion,,, 10496
test_seen_00052,baseline,50,seen,"At a fixed rate, 10 items cost 20 dollars. What do 40 items cost?",80,80,True,equivalent_ratios,,,proportional_scaling,,, 80
test_seen_00053,baseline,50,seen,Solve the proportion 13/9 = 52/x for x.,36,60,False,equivalent_ratios,,,cross_multiplication,,, 60
test_seen_00054,baseline,50,seen,A sequence starts at -8 and changes by -2 each term. Iterate to find term 3.,-12,-10,False,additive_recurrence,,,iteration,,, -10
test_seen_00055,baseline,50,seen,An arithmetic sequence has formula a(n) = -15 + (n - 1)(-1). Substitute n = 10.,-24,-20,False,additive_recurrence,,,substitution,,, -20
test_seen_00056,baseline,50,seen,"If x + y = 4 and xy = -77, use a square expansion to find x^2 + y^2.",170,130,False,symmetric_sum_product,,,expansion,,, 130
test_seen_00057,baseline,50,seen,"Factor t^2 - 15t + 50 = 0 to obtain its two roots, then give the sum of their squares.",125,375,False,symmetric_sum_product,,,factorization,,, 375
test_seen_00058,baseline,50,seen,"For f(t) = -4t^2 + 7t + 10, substitute t = -2 and find f(-2).",-20,36,False,transformed_expression,,,substitution,,, 36
test_seen_00059,baseline,50,seen,Expand (x + -6)(x + 0) and evaluate it at x = -4.,40,-2,False,transformed_expression,,,expansion,,, -2
test_seen_00060,baseline,50,seen,Two linear constraints hold: 5x - 3y = -33; -x + 4y = 27. Determine y.,6,-19,False,two_linear_relations,,,elimination,,, -19
test_seen_00061,baseline,50,seen,The linked relations are y = 3x + 6 and -x + 4y = 24. What is y?,6,30,False,two_linear_relations,,,substitution,,, 30
test_seen_00062,baseline,50,seen,Evaluate 76^2 - 29^2 by rewriting it as a product.,4935,5801,False,polynomial_identity,,,factorization,,, 5801
test_seen_00063,baseline,50,seen,Use the binomial-square identity to compute (29 + 35)^2.,4096,10489,False,polynomial_identity,,,expansion,,, 10489
test_seen_00064,baseline,50,seen,Scale the ratio 3:8 to 33:x. Find x.,88,126,False,equivalent_ratios,,,proportional_scaling,,, 126
test_seen_00065,baseline,50,seen,Cross-multiply 13:6 = 143:x and determine x.,66,107,False,equivalent_ratios,,,cross_multiplication,,, 107
test_seen_00066,baseline,50,seen,"Given a1 = 18 and a(n+1) = a(n) - 9, find a13.",-90,65,False,additive_recurrence,,,iteration,,, 65
test_seen_00067,baseline,50,seen,Use the closed form b(n) = -14 + (n - 1)(-7) to find b(15).,-112,-89,False,additive_recurrence,,,substitution,,, -89
test_seen_00068,baseline,50,seen,Two numbers have sum 18 and product 65. Compute the sum of their squares from the symmetric identity.,194,245,False,symmetric_sum_product,,,expansion,,,245
test_seen_00069,baseline,50,seen,The roots of t^2 + 17t + 72 = 0 are r and s. Find r^2 + s^2 by factoring the quadratic.,145,356,False,symmetric_sum_product,,,factorization,,, 356
test_seen_00070,baseline,50,seen,Evaluate the transformed expression -2z^2 + 8z - 11 at z = -3.,-53,4,False,transformed_expression,,,substitution,,, 4
test_seen_00071,baseline,50,seen,"Open the product (t + -5)(t + 5), then set t = 0.",-25,25,False,transformed_expression,,,expansion,,, 25
test_seen_00072,baseline,50,seen,Solve the simultaneous relations -2x - 2y = 14 and 2x - 3y = 21. Find y.,-7,5,False,two_linear_relations,,,elimination,,, 5
test_seen_00073,baseline,50,seen,"Given y = 2x - 1, insert it into 5x - y = 1 and find x.",0,3,False,two_linear_relations,,,substitution,,, 3
test_seen_00074,baseline,50,seen,Use the product pattern for a difference of squares to compute 52^2 - 13^2.,2535,2409,False,polynomial_identity,,,factorization,,, 2409
test_seen_00075,baseline,50,seen,Expand the square and evaluate (10 + 11)^2.,441,3689,False,polynomial_identity,,,expansion,,, 3689
test_seen_00076,baseline,50,seen,"At a fixed rate, 4 items cost 7 dollars. What do 20 items cost?",35,35,True,equivalent_ratios,,,proportional_scaling,,, 35
test_seen_00077,baseline,50,seen,Solve the proportion 11/18 = 132/x for x.,216,254,False,equivalent_ratios,,,cross_multiplication,,, 254
test_seen_00078,baseline,50,seen,A sequence starts at -8 and changes by -1 each term. Iterate to find term 10.,-17,7,False,additive_recurrence,,,iteration,,, 7
test_seen_00079,baseline,50,seen,An arithmetic sequence has formula a(n) = 4 + (n - 1)(8). Substitute n = 5.,36,32,False,additive_recurrence,,,substitution,,, 32
test_seen_00080,baseline,50,seen,"If x + y = 1 and xy = -156, use a square expansion to find x^2 + y^2.",313,389,False,symmetric_sum_product,,,expansion,,, 389
test_seen_00081,baseline,50,seen,"Factor t^2 - 19t + 88 = 0 to obtain its two roots, then give the sum of their squares.",185,367,False,symmetric_sum_product,,,factorization,,, 367
test_seen_00082,baseline,50,seen,"For f(t) = 4t^2 + 3t - 8, substitute t = -6 and find f(-6).",118,-105,False,transformed_expression,,,substitution,,, -105
test_seen_00083,baseline,50,seen,Expand (t + 3)(t + -1) and evaluate it at t = 1.,0,8,False,transformed_expression,,,expansion,,, 8
test_seen_00084,baseline,50,seen,Two linear constraints hold: 4x + 3y = -39; x - 5y = 19. Determine y.,-5,-2,False,two_linear_relations,,,elimination,,, -2
test_seen_00085,baseline,50,seen,The linked relations are y = 3x + 6 and 4x + 3y = 135. What is x?,9,20,False,two_linear_relations,,,substitution,,, 20
test_seen_00086,baseline,50,seen,Evaluate 65^2 - 2^2 by rewriting it as a product.,4221,4100,False,polynomial_identity,,,factorization,,, 4100
test_seen_00087,baseline,50,seen,Use the binomial-square identity to compute (32 + 6)^2.,1444,1024,False,polynomial_identity,,,expansion,,, 1024
test_seen_00088,baseline,50,seen,Scale the ratio 3:23 to 18:x. Find x.,138,66,False,equivalent_ratios,,,proportional_scaling,,, 66
test_seen_00089,baseline,50,seen,Cross-multiply 9:4 = 45:x and determine x.,20,60,False,equivalent_ratios,,,cross_multiplication,,, 60
test_seen_00090,baseline,50,seen,"Given a1 = 14 and a(n+1) = a(n) + 5, find a10.",59,79,False,additive_recurrence,,,iteration,,, 79
test_seen_00091,baseline,50,seen,Use the closed form b(n) = -11 + (n - 1)(-4) to find b(8).,-39,-59,False,additive_recurrence,,,substitution,,, -59
test_seen_00092,baseline,50,seen,Two numbers have sum -28 and product 195. Compute the sum of their squares from the symmetric identity.,394,3647,False,symmetric_sum_product,,,expansion,,, 3647
test_seen_00093,baseline,50,seen,The roots of t^2 + 12t + 35 = 0 are r and s. Find r^2 + s^2 by factoring the quadratic.,74,46,False,symmetric_sum_product,,,factorization,,, 46
test_seen_00094,baseline,50,seen,Evaluate the transformed expression -5z^2 - 6z + 5 at z = 6.,-211,-194,False,transformed_expression,,,substitution,,, -194
test_seen_00095,baseline,50,seen,"Open the product (z + 0)(z + -5), then set z = -7.",84,26,False,transformed_expression,,,expansion,,, 26
test_seen_00096,baseline,50,seen,Solve the simultaneous relations -5x - 5y = 5 and 5x - 4y = 22. Find x.,2,13,False,two_linear_relations,,,elimination,,, 13
test_seen_00097,baseline,50,seen,"Given y = -2x - 2, insert it into -2x - 5y = -38 and find y.",10,-14,False,two_linear_relations,,,substitution,,, -14
test_seen_00098,baseline,50,seen,Use the product pattern for a difference of squares to compute 19^2 - 4^2.,345,361,False,polynomial_identity,,,factorization,,, 361
test_seen_00099,baseline,50,seen,Expand the square and evaluate (8 + 21)^2.,841,4096,False,polynomial_identity,,,expansion,,, 4096
test_seen_00100,baseline,50,seen,"At a fixed rate, 3 items cost 21 dollars. What do 6 items cost?",42,84,False,equivalent_ratios,,,proportional_scaling,,, 84
test_seen_00101,baseline,50,seen,Solve the proportion 12/9 = 120/x for x.,90,90,True,equivalent_ratios,,,cross_multiplication,,, 90
test_seen_00102,baseline,50,seen,A sequence starts at -4 and changes by -1 each term. Iterate to find term 9.,-12,-5,False,additive_recurrence,,,iteration,,, -5
test_seen_00103,baseline,50,seen,An arithmetic sequence has formula a(n) = 18 + (n - 1)(-4). Substitute n = 15.,-38,-26,False,additive_recurrence,,,substitution,,, -26
test_seen_00104,baseline,50,seen,"If x + y = -5 and xy = -50, use a square expansion to find x^2 + y^2.",125,200,False,symmetric_sum_product,,,expansion,,, 200
test_seen_00105,baseline,50,seen,"Factor t^2 - 2t - 35 = 0 to obtain its two roots, then give the sum of their squares.",74,149,False,symmetric_sum_product,,,factorization,,, 149
test_seen_00106,baseline,50,seen,"For f(t) = 3t^2 + 5t + 8, substitute t = 4 and find f(4).",76,106,False,transformed_expression,,,substitution,,, 106
test_seen_00107,baseline,50,seen,Expand (t + 3)(t + 0) and evaluate it at t = 0.,0,9,False,transformed_expression,,,expansion,,, 9
test_seen_00108,baseline,50,seen,Two linear constraints hold: 2x + y = 15; 5x + 2y = 39. Determine x.,9,4,False,two_linear_relations,,,elimination,,, 4
test_seen_00109,baseline,50,seen,The linked relations are y = 6 - 3x and -5x + 5y = -110. What is x?,7,2,False,two_linear_relations,,,substitution,,, 2
test_seen_00110,baseline,50,seen,Evaluate 19^2 - 9^2 by rewriting it as a product.,280,360,False,polynomial_identity,,,factorization,,, 360
test_seen_00111,baseline,50,seen,Use the binomial-square identity to compute (30 + 6)^2.,1296,1080,False,polynomial_identity,,,expansion,,, 1080
test_seen_00112,baseline,50,seen,Scale the ratio 3:5 to 27:x. Find x.,45,18,False,equivalent_ratios,,,proportional_scaling,,,18
test_seen_00113,baseline,50,seen,Cross-multiply 12:10 = 24:x and determine x.,20,8,False,equivalent_ratios,,,cross_multiplication,,, 8
test_seen_00114,baseline,50,seen,"Given a1 = 12 and a(n+1) = a(n) + 8, find a9.",76,104,False,additive_recurrence,,,iteration,,, 104
test_seen_00115,baseline,50,seen,Use the closed form b(n) = -6 + (n - 1)(7) to find b(15).,92,-49,False,additive_recurrence,,,substitution,,, -49
test_seen_00116,baseline,50,seen,Two numbers have sum -23 and product 120. Compute the sum of their squares from the symmetric identity.,289,495,False,symmetric_sum_product,,,expansion,,, 495
test_seen_00117,baseline,50,seen,The roots of t^2 + 9t + 20 = 0 are r and s. Find r^2 + s^2 by factoring the quadratic.,41,146,False,symmetric_sum_product,,,factorization,,, 146
test_seen_00118,baseline,50,seen,Evaluate the transformed expression -4z^2 + 4z - 10 at z = -5.,-130,8,False,transformed_expression,,,substitution,,, 8
test_seen_00119,baseline,50,seen,"Open the product (x + -10)(x + 6), then set x = 2.",-64,45,False,transformed_expression,,,expansion,,, 45
test_unseen_00000,baseline,50,unseen,The lines 3x - 4y = -16 and -3x + y = -5 intersect. Give their x-coordinate.,4,2,False,two_linear_relations,,,elimination,,, 2
test_unseen_00001,baseline,50,unseen,One variable is isolated in y = -5x - 1; use the other constraint -4x + 5y = -5 to obtain x.,0,3,False,two_linear_relations,,,substitution,,, 3
test_unseen_00002,baseline,50,unseen,"Without separately squaring both numbers, find the difference between 29 squared and 8 squared.",777,301,False,polynomial_identity,,,factorization,,, 301
test_unseen_00003,baseline,50,unseen,What number results from opening the brackets in (34 + 21)(34 + 21)?,3025,1089,False,polynomial_identity,,,expansion,,, 1089
test_unseen_00004,baseline,50,unseen,A batch of 8 units has value 20. Find the value of a same-rate batch of 96 units.,240,150,False,equivalent_ratios,,,proportional_scaling,,, 150
test_unseen_00005,baseline,50,unseen,Complete the equivalent fractions: 14/12 = 112/[blank].,96,16,False,equivalent_ratios,,,cross_multiplication,,, 16
test_unseen_00006,baseline,50,unseen,A machine begins at 2 and applies a change of -7 for 7 rounds. What is its final value?,-47,-5,False,additive_recurrence,,,iteration,,, -5
test_unseen_00007,baseline,50,unseen,The repeated-change process is summarized by c(k) = -2 + (k - 1)(-4). Evaluate it at k = 4.,-14,-8,False,additive_recurrence,,,substitution,,, -8
test_unseen_00008,baseline,50,unseen,"Knowing only that p + q = -12 and pq = -13, determine p^2 + q^2 by opening (p + q)^2.",170,149,False,symmetric_sum_product,,,expansion,,, 149
test_unseen_00009,baseline,50,unseen,Split the quadratic t^2 + 9t - 36 into linear factors and report the squared-root sum.,153,18,False,symmetric_sum_product,,,factorization,,, 18
test_unseen_00010,baseline,50,unseen,Insert u = 3 into -u^2 + 2u - 9. What value results?,-12,-18,False,transformed_expression,,,substitution,,, -18
test_unseen_00011,baseline,50,unseen,"After multiplying out the two shifted factors (t + -1) and (t + -9), find the result when t is -2.",33,8,False,transformed_expression,,,expansion,,, 8
test_unseen_00012,baseline,50,unseen,The lines 2x - 2y = -24 and -2x - 3y = -6 intersect. Give their y-coordinate.,6,1,False,two_linear_relations,,,elimination,,, 1
test_unseen_00013,baseline,50,unseen,One variable is isolated in y = -5x - 7; use the other constraint 2x - 5y = -19 to obtain y.,3,-7,False,two_linear_relations,,,substitution,,, -7
test_unseen_00014,baseline,50,unseen,"Without separately squaring both numbers, find the difference between 79 squared and 25 squared.",5616,304,False,polynomial_identity,,,factorization,,, 304
test_unseen_00015,baseline,50,unseen,What number results from opening the brackets in (32 + 31)(32 + 31)?,3969,256,False,polynomial_identity,,,expansion,,, 256
test_unseen_00016,baseline,50,unseen,A batch of 14 units has value 19. Find the value of a same-rate batch of 154 units.,209,266,False,equivalent_ratios,,,proportional_scaling,,, 266
test_unseen_00017,baseline,50,unseen,Complete the equivalent fractions: 5/17 = 20/[blank].,68,35,False,equivalent_ratios,,,cross_multiplication,,, 35
test_unseen_00018,baseline,50,unseen,A machine begins at 9 and applies a change of 3 for 11 rounds. What is its final value?,42,0,False,additive_recurrence,,,iteration,,, 0
test_unseen_00019,baseline,50,unseen,The repeated-change process is summarized by c(k) = -18 + (k - 1)(-1). Evaluate it at k = 5.,-22,-26,False,additive_recurrence,,,substitution,,, -26
test_unseen_00020,baseline,50,unseen,"Knowing only that p + q = -2 and pq = -195, determine p^2 + q^2 by opening (p + q)^2.",394,406,False,symmetric_sum_product,,,expansion,,, 406
test_unseen_00021,baseline,50,unseen,Split the quadratic t^2 - 12t + 27 into linear factors and report the squared-root sum.,90,36,False,symmetric_sum_product,,,factorization,,, 36
test_unseen_00022,baseline,50,unseen,Insert u = 2 into 5u^2 + u - 1. What value results?,21,30,False,transformed_expression,,,substitution,,, 30
test_unseen_00023,baseline,50,unseen,"After multiplying out the two shifted factors (t + -4) and (t + 2), find the result when t is -6.",40,10,False,transformed_expression,,,expansion,,, 10
test_unseen_00024,baseline,50,unseen,The lines -2x + 4y = -26 and -5x + y = -11 intersect. Give their x-coordinate.,1,3,False,two_linear_relations,,,elimination,,, 3
test_unseen_00025,baseline,50,unseen,One variable is isolated in y = -4x - 4; use the other constraint -3x - 5y = 122 to obtain y.,-28,8,False,two_linear_relations,,,substitution,,, 8
test_unseen_00026,baseline,50,unseen,"Without separately squaring both numbers, find the difference between 48 squared and 43 squared.",455,16,False,polynomial_identity,,,factorization,,, 16
test_unseen_00027,baseline,50,unseen,What number results from opening the brackets in (19 + 6)(19 + 6)?,625,324,False,polynomial_identity,,,expansion,,, 324
test_unseen_00028,baseline,50,unseen,A batch of 8 units has value 10. Find the value of a same-rate batch of 16 units.,20,20,True,equivalent_ratios,,,proportional_scaling,,, 20
test_unseen_00029,baseline,50,unseen,Complete the equivalent fractions: 13/18 = 52/[blank].,72,64,False,equivalent_ratios,,,cross_multiplication,,, 64
test_unseen_00030,baseline,50,unseen,A machine begins at 20 and applies a change of -3 for 2 rounds. What is its final value?,14,-17,False,additive_recurrence,,,iteration,,, -17
test_unseen_00031,baseline,50,unseen,The repeated-change process is summarized by c(k) = -3 + (k - 1)(7). Evaluate it at k = 7.,39,-26,False,additive_recurrence,,,substitution,,, -26
test_unseen_00032,baseline,50,unseen,"Knowing only that p + q = -12 and pq = -13, determine p^2 + q^2 by opening (p + q)^2.",170,149,False,symmetric_sum_product,,,expansion,,, 149
test_unseen_00033,baseline,50,unseen,Split the quadratic t^2 - 21t + 108 into linear factors and report the squared-root sum.,225,96,False,symmetric_sum_product,,,factorization,,, 96
test_unseen_00034,baseline,50,unseen,Insert u = 5 into 5u^2 + 2u + 5. What value results?,140,100,False,transformed_expression,,,substitution,,, 100
test_unseen_00035,baseline,50,unseen,"After multiplying out the two shifted factors (t + 5) and (t + -8), find the result when t is -3.",-22,-19,False,transformed_expression,,,expansion,,, -19
test_unseen_00036,baseline,50,unseen,The lines x - y = -3 and 3x + 2y = 6 intersect. Give their x-coordinate.,0,1,False,two_linear_relations,,,elimination,,, 1
test_unseen_00037,baseline,50,unseen,One variable is isolated in y = -x - 4; use the other constraint -4x + 3y = -19 to obtain y.,-5,2,False,two_linear_relations,,,substitution,,, 2
test_unseen_00038,baseline,50,unseen,"Without separately squaring both numbers, find the difference between 66 squared and 43 squared.",2507,2089,False,polynomial_identity,,,factorization,,, 2089
test_unseen_00039,baseline,50,unseen,What number results from opening the brackets in (30 + 7)(30 + 7)?,1369,169,False,polynomial_identity,,,expansion,,, 169
test_unseen_00040,baseline,50,unseen,A batch of 11 units has value 6. Find the value of a same-rate batch of 66 units.,36,33,False,equivalent_ratios,,,proportional_scaling,,, 33
test_unseen_00041,baseline,50,unseen,Complete the equivalent fractions: 13/19 = 78/[blank].,114,26,False,equivalent_ratios,,,cross_multiplication,,, 26
test_unseen_00042,baseline,50,unseen,A machine begins at 12 and applies a change of 3 for 5 rounds. What is its final value?,27,0,False,additive_recurrence,,,iteration,,, 0
test_unseen_00043,baseline,50,unseen,The repeated-change process is summarized by c(k) = -18 + (k - 1)(-2). Evaluate it at k = 11.,-38,-35,False,additive_recurrence,,,substitution,,, -35
test_unseen_00044,baseline,50,unseen,"Knowing only that p + q = -13 and pq = 0, determine p^2 + q^2 by opening (p + q)^2.",169,169,True,symmetric_sum_product,,,expansion,,, 169
test_unseen_00045,baseline,50,unseen,Split the quadratic t^2 + 6t - 7 into linear factors and report the squared-root sum.,50,45,False,symmetric_sum_product,,,factorization,,, 45
test_unseen_00046,baseline,50,unseen,Insert u = -3 into 2u^2 - 4u + 2. What value results?,32,-15,False,transformed_expression,,,substitution,,, -15
test_unseen_00047,baseline,50,unseen,"After multiplying out the two shifted factors (z + -6) and (z + -3), find the result when z is 7.",4,15,False,transformed_expression,,,expansion,,, 15
test_unseen_00048,baseline,50,unseen,The lines -3x - 5y = -41 and -4x + y = -1 intersect. Give their y-coordinate.,7,-2,False,two_linear_relations,,,elimination,,, -2
test_unseen_00049,baseline,50,unseen,One variable is isolated in y = 5x + 8; use the other constraint 3x - 2y = -37 to obtain x.,3,14,False,two_linear_relations,,,substitution,,, 14
test_unseen_00050,baseline,50,unseen,"Without separately squaring both numbers, find the difference between 31 squared and 12 squared.",817,85,False,polynomial_identity,,,factorization,,, 85
test_unseen_00051,baseline,50,unseen,What number results from opening the brackets in (2 + 23)(2 + 23)?,625,58,False,polynomial_identity,,,expansion,,, 58
test_unseen_00052,baseline,50,unseen,A batch of 2 units has value 19. Find the value of a same-rate batch of 12 units.,114,38,False,equivalent_ratios,,,proportional_scaling,,, 38
test_unseen_00053,baseline,50,unseen,Complete the equivalent fractions: 11/6 = 55/[blank].,30,35,False,equivalent_ratios,,,cross_multiplication,,, 35
test_unseen_00054,baseline,50,unseen,A machine begins at -10 and applies a change of -3 for 10 rounds. What is its final value?,-40,-27,False,additive_recurrence,,,iteration,,, -27
test_unseen_00055,baseline,50,unseen,The repeated-change process is summarized by c(k) = -19 + (k - 1)(-7). Evaluate it at k = 4.,-40,-25,False,additive_recurrence,,,substitution,,, -25
test_unseen_00056,baseline,50,unseen,"Knowing only that p + q = 3 and pq = 2, determine p^2 + q^2 by opening (p + q)^2.",5,7,False,symmetric_sum_product,,,expansion,,, 7
test_unseen_00057,baseline,50,unseen,Split the quadratic t^2 + 9t - 70 into linear factors and report the squared-root sum.,221,35,False,symmetric_sum_product,,,factorization,,, 35
test_unseen_00058,baseline,50,unseen,Insert u = -3 into -u^2 + 4u - 8. What value results?,-29,-19,False,transformed_expression,,,substitution,,, -19
test_unseen_00059,baseline,50,unseen,"After multiplying out the two shifted factors (z + 10) and (z + -5), find the result when z is 3.",-26,29,False,transformed_expression,,,expansion,,, 29
test_unseen_00060,baseline,50,unseen,The lines 4x - y = -29 and -5x - 5y = 30 intersect. Give their x-coordinate.,-7,1,False,two_linear_relations,,,elimination,,, 1
test_unseen_00061,baseline,50,unseen,One variable is isolated in y = -2x - 8; use the other constraint -3x - 4y = 2 to obtain x.,-6,1,False,two_linear_relations,,,substitution,,, 1
test_unseen_00062,baseline,50,unseen,"Without separately squaring both numbers, find the difference between 45 squared and 37 squared.",656,1089,False,polynomial_identity,,,factorization,,, 1089
test_unseen_00063,baseline,50,unseen,What number results from opening the brackets in (12 + 29)(12 + 29)?,1681,640,False,polynomial_identity,,,expansion,,, 640
test_unseen_00064,baseline,50,unseen,A batch of 8 units has value 13. Find the value of a same-rate batch of 48 units.,78,66,False,equivalent_ratios,,,proportional_scaling,,, 66
test_unseen_00065,baseline,50,unseen,Complete the equivalent fractions: 11/10 = 55/[blank].,50,55,False,equivalent_ratios,,,cross_multiplication,,, 55
test_unseen_00066,baseline,50,unseen,A machine begins at -11 and applies a change of 1 for 6 rounds. What is its final value?,-5,0,False,additive_recurrence,,,iteration,,, 0
test_unseen_00067,baseline,50,unseen,The repeated-change process is summarized by c(k) = 5 + (k - 1)(-4). Evaluate it at k = 13.,-43,-26,False,additive_recurrence,,,substitution,,, -26
test_unseen_00068,baseline,50,unseen,"Knowing only that p + q = 5 and pq = -150, determine p^2 + q^2 by opening (p + q)^2.",325,350,False,symmetric_sum_product,,,expansion,,, 350
test_unseen_00069,baseline,50,unseen,Split the quadratic t^2 + 10t into linear factors and report the squared-root sum.,100,50,False,symmetric_sum_product,,,factorization,,, 50
test_unseen_00070,baseline,50,unseen,Insert u = 0 into -u^2 + 6u + 3. What value results?,3,9,False,transformed_expression,,,substitution,,, 9
test_unseen_00071,baseline,50,unseen,"After multiplying out the two shifted factors (z + -1) and (z + -1), find the result when z is 4.",9,2,False,transformed_expression,,,expansion,,, 2
test_unseen_00072,baseline,50,unseen,The lines x + 2y = 17 and 2x - 4y = -14 intersect. Give their y-coordinate.,6,3,False,two_linear_relations,,,elimination,,, 3
test_unseen_00073,baseline,50,unseen,One variable is isolated in y = -2x; use the other constraint -2x + 3y = -72 to obtain x.,9,18,False,two_linear_relations,,,substitution,,, 18
test_unseen_00074,baseline,50,unseen,"Without separately squaring both numbers, find the difference between 27 squared and 24 squared.",153,159,False,polynomial_identity,,,factorization,,, 159
test_unseen_00075,baseline,50,unseen,What number results from opening the brackets in (25 + 16)(25 + 16)?,1681,840,False,polynomial_identity,,,expansion,,, 840
test_unseen_00076,baseline,50,unseen,A batch of 8 units has value 11. Find the value of a same-rate batch of 64 units.,88,156,False,equivalent_ratios,,,proportional_scaling,,, 156
test_unseen_00077,baseline,50,unseen,Complete the equivalent fractions: 3/2 = 24/[blank].,16,16,True,equivalent_ratios,,,cross_multiplication,,, 16
test_unseen_00078,baseline,50,unseen,A machine begins at -6 and applies a change of 9 for 6 rounds. What is its final value?,48,0,False,additive_recurrence,,,iteration,,, 0
test_unseen_00079,baseline,50,unseen,The repeated-change process is summarized by c(k) = -19 + (k - 1)(-4). Evaluate it at k = 15.,-75,-26,False,additive_recurrence,,,substitution,,, -26
test_unseen_00080,baseline,50,unseen,"Knowing only that p + q = -4 and pq = -45, determine p^2 + q^2 by opening (p + q)^2.",106,169,False,symmetric_sum_product,,,expansion,,, 169
test_unseen_00081,baseline,50,unseen,Split the quadratic t^2 - t - 30 into linear factors and report the squared-root sum.,61,15,False,symmetric_sum_product,,,factorization,,, 15
test_unseen_00082,baseline,50,unseen,Insert u = -7 into u^2 + 6u + 3. What value results?,10,-59,False,transformed_expression,,,substitution,,, -59
test_unseen_00083,baseline,50,unseen,"After multiplying out the two shifted factors (t + 8) and (t + 8), find the result when t is -7.",1,-14,False,transformed_expression,,,expansion,,, -14
test_unseen_00084,baseline,50,unseen,The lines 2x - 5y = 2 and -4x - y = 18 intersect. Give their y-coordinate.,-2,3,False,two_linear_relations,,,elimination,,, 3
test_unseen_00085,baseline,50,unseen,One variable is isolated in y = 6 - 3x; use the other constraint -x - 5y = -114 to obtain x.,-6,28,False,two_linear_relations,,,substitution,,, 28
test_unseen_00086,baseline,50,unseen,"Without separately squaring both numbers, find the difference between 37 squared and 35 squared.",144,146,False,polynomial_identity,,,factorization,,, 146
test_unseen_00087,baseline,50,unseen,What number results from opening the brackets in (24 + 6)(24 + 6)?,900,579,False,polynomial_identity,,,expansion,,, 579
test_unseen_00088,baseline,50,unseen,A batch of 2 units has value 2. Find the value of a same-rate batch of 4 units.,4,4,True,equivalent_ratios,,,proportional_scaling,,, 4
test_unseen_00089,baseline,50,unseen,Complete the equivalent fractions: 14/19 = 140/[blank].,190,140,False,equivalent_ratios,,,cross_multiplication,,, 140
test_unseen_00090,baseline,50,unseen,A machine begins at 1 and applies a change of 7 for 3 rounds. What is its final value?,22,20,False,additive_recurrence,,,iteration,,, 20
test_unseen_00091,baseline,50,unseen,The repeated-change process is summarized by c(k) = 14 + (k - 1)(2). Evaluate it at k = 10.,32,36,False,additive_recurrence,,,substitution,,, 36
test_unseen_00092,baseline,50,unseen,"Knowing only that p + q = 4 and pq = -96, determine p^2 + q^2 by opening (p + q)^2.",208,305,False,symmetric_sum_product,,,expansion,,, 305
test_unseen_00093,baseline,50,unseen,Split the quadratic t^2 - 20t + 91 into linear factors and report the squared-root sum.,218,85,False,symmetric_sum_product,,,factorization,,, 85
test_unseen_00094,baseline,50,unseen,Insert u = -7 into 4u^2 + 7u - 12. What value results?,135,-59,False,transformed_expression,,,substitution,,, -59
test_unseen_00095,baseline,50,unseen,"After multiplying out the two shifted factors (z + -10) and (z + 2), find the result when z is -7.",85,3,False,transformed_expression,,,expansion,,, 3
test_unseen_00096,baseline,50,unseen,The lines -4x + 4y = -60 and -2x + 5y = -51 intersect. Give their y-coordinate.,-7,3,False,two_linear_relations,,,elimination,,, 3
test_unseen_00097,baseline,50,unseen,One variable is isolated in y = 4 - 5x; use the other constraint 3x + 5y = -156 to obtain x.,8,28,False,two_linear_relations,,,substitution,,, 28
test_unseen_00098,baseline,50,unseen,"Without separately squaring both numbers, find the difference between 75 squared and 6 squared.",5589,4825,False,polynomial_identity,,,factorization,,, 4825
test_unseen_00099,baseline,50,unseen,What number results from opening the brackets in (26 + 9)(26 + 9)?,1225,745,False,polynomial_identity,,,expansion,,, 745
test_unseen_00100,baseline,50,unseen,A batch of 10 units has value 6. Find the value of a same-rate batch of 120 units.,72,72,True,equivalent_ratios,,,proportional_scaling,,, 72
test_unseen_00101,baseline,50,unseen,Complete the equivalent fractions: 3/10 = 15/[blank].,50,60,False,equivalent_ratios,,,cross_multiplication,,, 60
test_unseen_00102,baseline,50,unseen,A machine begins at -3 and applies a change of -1 for 5 rounds. What is its final value?,-8,-8,True,additive_recurrence,,,iteration,,, -8
test_unseen_00103,baseline,50,unseen,The repeated-change process is summarized by c(k) = 14 + (k - 1)(2). Evaluate it at k = 4.,20,30,False,additive_recurrence,,,substitution,,, 30
test_unseen_00104,baseline,50,unseen,"Knowing only that p + q = 5 and pq = 4, determine p^2 + q^2 by opening (p + q)^2.",17,29,False,symmetric_sum_product,,,expansion,,, 29
test_unseen_00105,baseline,50,unseen,Split the quadratic t^2 - 4t - 21 into linear factors and report the squared-root sum.,58,36,False,symmetric_sum_product,,,factorization,,, 36
test_unseen_00106,baseline,50,unseen,Insert u = -4 into 4u^2 - 8u - 2. What value results?,94,-16,False,transformed_expression,,,substitution,,, -16
test_unseen_00107,baseline,50,unseen,"After multiplying out the two shifted factors (z + 3) and (z + -10), find the result when z is 4.",-42,2,False,transformed_expression,,,expansion,,, 2
test_unseen_00108,baseline,50,unseen,The lines -3x - 5y = -30 and x - 2y = -1 intersect. Give their x-coordinate.,5,9,False,two_linear_relations,,,elimination,,, 9
test_unseen_00109,baseline,50,unseen,One variable is isolated in y = 5x + 2; use the other constraint 2x + y = -19 to obtain y.,-13,3,False,two_linear_relations,,,substitution,,, 3
test_unseen_00110,baseline,50,unseen,"Without separately squaring both numbers, find the difference between 80 squared and 23 squared.",5871,5674,False,polynomial_identity,,,factorization,,, 5674
test_unseen_00111,baseline,50,unseen,What number results from opening the brackets in (4 + 27)(4 + 27)?,961,108,False,polynomial_identity,,,expansion,,, 108
test_unseen_00112,baseline,50,unseen,A batch of 9 units has value 22. Find the value of a same-rate batch of 63 units.,154,155,False,equivalent_ratios,,,proportional_scaling,,, 155
test_unseen_00113,baseline,50,unseen,Complete the equivalent fractions: 10/10 = 100/[blank].,100,100,True,equivalent_ratios,,,cross_multiplication,,, 100
test_unseen_00114,baseline,50,unseen,A machine begins at 17 and applies a change of 3 for 4 rounds. What is its final value?,29,20,False,additive_recurrence,,,iteration,,, 20
test_unseen_00115,baseline,50,unseen,The repeated-change process is summarized by c(k) = -18 + (k - 1)(7). Evaluate it at k = 15.,80,-24,False,additive_recurrence,,,substitution,,, -24
test_unseen_00116,baseline,50,unseen,"Knowing only that p + q = 7 and pq = 0, determine p^2 + q^2 by opening (p + q)^2.",49,49,True,symmetric_sum_product,,,expansion,,, 49
test_unseen_00117,baseline,50,unseen,Split the quadratic t^2 - 10t + 24 into linear factors and report the squared-root sum.,52,36,False,symmetric_sum_product,,,factorization,,, 36
test_unseen_00118,baseline,50,unseen,Insert u = -4 into -4u^2 - 3. What value results?,-67,68,False,transformed_expression,,,substitution,,, 68
test_unseen_00119,baseline,50,unseen,"After multiplying out the two shifted factors (z + -1) and (z + 8), find the result when z is 2.",10,7,False,transformed_expression,,,expansion,,, 7
test_seen_00000,oracle,50,seen,Solve the simultaneous relations -4x + 2y = 32 and 4x + 2y = -32. Find x.,-8,-1,False,two_linear_relations,,,elimination,,, -1
test_seen_00001,oracle,50,seen,"Given y = 2x + 3, insert it into 5x + 4y = 103 and find y.",17,9,False,two_linear_relations,,,substitution,,, 9
test_seen_00002,oracle,50,seen,Use the product pattern for a difference of squares to compute 39^2 - 27^2.,792,1080,False,polynomial_identity,,,factorization,,, 1080
test_seen_00003,oracle,50,seen,Expand the square and evaluate (5 + 8)^2.,169,160,False,polynomial_identity,,,expansion,,, 160
test_seen_00004,oracle,50,seen,"At a fixed rate, 8 items cost 6 dollars. What do 24 items cost?",18,12,False,equivalent_ratios,,,proportional_scaling,,, 12
test_seen_00005,oracle,50,seen,Solve the proportion 4/18 = 12/x for x.,54,54,True,equivalent_ratios,,,cross_multiplication,,, 54
test_seen_00006,oracle,50,seen,A sequence starts at 11 and changes by -5 each term. Iterate to find term 15.,-59,-20,False,additive_recurrence,,,iteration,,, -20
test_seen_00007,oracle,50,seen,An arithmetic sequence has formula a(n) = 4 + (n - 1)(8). Substitute n = 7.,52,32,False,additive_recurrence,,,substitution,,, 32
test_seen_00008,oracle,50,seen,"If x + y = -7 and xy = -30, use a square expansion to find x^2 + y^2.",109,105,False,symmetric_sum_product,,,expansion,,, 105
test_seen_00009,oracle,50,seen,"Factor t^2 + 16t + 39 = 0 to obtain its two roots, then give the sum of their squares.",178,45,False,symmetric_sum_product,,,factorization,,, 45
test_seen_00010,oracle,50,seen,"For f(t) = -5t^2 - 7t - 7, substitute t = -7 and find f(-7).",-203,-140,False,transformed_expression,,,substitution,,, -140
test_seen_00011,oracle,50,seen,Expand (x + -5)(x + -1) and evaluate it at x = -3.,32,2,False,transformed_expression,,,expansion,,, 2
test_seen_00012,oracle,50,seen,Two linear constraints hold: 4x + 5y = -2; 5x + 5y = 5. Determine x.,7,-1,False,two_linear_relations,,,elimination,,, -1
test_seen_00013,oracle,50,seen,The linked relations are y = 5x + 6 and x + y = -30. What is y?,-24,18,False,two_linear_relations,,,substitution,,, 18
test_seen_00014,oracle,50,seen,Evaluate 29^2 - 12^2 by rewriting it as a product.,697,805,False,polynomial_identity,,,factorization,,, 805
test_seen_00015,oracle,50,seen,Use the binomial-square identity to compute (7 + 22)^2.,841,1845,False,polynomial_identity,,,expansion,,, 1845
test_seen_00016,oracle,50,seen,Scale the ratio 11:10 to 22:x. Find x.,20,33,False,equivalent_ratios,,,proportional_scaling,,, 33
test_seen_00017,oracle,50,seen,Cross-multiply 13:7 = 91:x and determine x.,49,68,False,equivalent_ratios,,,cross_multiplication,,, 68
test_seen_00018,oracle,50,seen,"Given a1 = 18 and a(n+1) = a(n) - 7, find a11.",-52,-5,False,additive_recurrence,,,iteration,,, -5
test_seen_00019,oracle,50,seen,Use the closed form b(n) = -13 + (n - 1)(1) to find b(10).,-4,-26,False,additive_recurrence,,,substitution,,, -26
test_seen_00020,oracle,50,seen,Two numbers have sum 22 and product 117. Compute the sum of their squares from the symmetric identity.,250,305,False,symmetric_sum_product,,,expansion,,, 305
test_seen_00021,oracle,50,seen,The roots of t^2 - 23t + 120 = 0 are r and s. Find r^2 + s^2 by factoring the quadratic.,289,458,False,symmetric_sum_product,,,factorization,,, 458
test_seen_00022,oracle,50,seen,Evaluate the transformed expression z^2 + 5z - 11 at z = 0.,-11,-1,False,transformed_expression,,,substitution,,, -1
test_seen_00023,oracle,50,seen,"Open the product (x + 3)(x + 9), then set x = 5.",112,120,False,transformed_expression,,,expansion,,, 120
test_seen_00024,oracle,50,seen,Solve the simultaneous relations 5x - 4y = 30 and 5x - 3y = 25. Find y.,-5,1,False,two_linear_relations,,,elimination,,, 1
test_seen_00025,oracle,50,seen,"Given y = 4x + 5, insert it into 3x + 5y = -113 and find x.",-6,-2,False,two_linear_relations,,,substitution,,, -2
test_seen_00026,oracle,50,seen,Use the product pattern for a difference of squares to compute 12^2 - 11^2.,23,105,False,polynomial_identity,,,factorization,,, 105
test_seen_00027,oracle,50,seen,Expand the square and evaluate (8 + 9)^2.,289,304,False,polynomial_identity,,,expansion,,, 304
test_seen_00028,oracle,50,seen,"At a fixed rate, 13 items cost 2 dollars. What do 52 items cost?",8,14,False,equivalent_ratios,,,proportional_scaling,,, 14
test_seen_00029,oracle,50,seen,Solve the proportion 3/19 = 21/x for x.,133,65,False,equivalent_ratios,,,cross_multiplication,,, 65
test_seen_00030,oracle,50,seen,A sequence starts at 11 and changes by -1 each term. Iterate to find term 15.,-3,-12,False,additive_recurrence,,,iteration,,, -12
test_seen_00031,oracle,50,seen,An arithmetic sequence has formula a(n) = 9 + (n - 1)(2). Substitute n = 9.,25,30,False,additive_recurrence,,,substitution,,, 30
test_seen_00032,oracle,50,seen,"If x + y = -6 and xy = -91, use a square expansion to find x^2 + y^2.",218,85,False,symmetric_sum_product,,,expansion,,, 85
test_seen_00033,oracle,50,seen,"Factor t^2 + 27t + 182 = 0 to obtain its two roots, then give the sum of their squares.",365,369,False,symmetric_sum_product,,,factorization,,, 369
test_seen_00034,oracle,50,seen,"For f(t) = -2t^2 + 4t - 6, substitute t = 3 and find f(3).",-12,-18,False,transformed_expression,,,substitution,,, -18
test_seen_00035,oracle,50,seen,Expand (z + 8)(z + 2) and evaluate it at z = -3.,-5,10,False,transformed_expression,,,expansion,,, 10
test_seen_00036,oracle,50,seen,Two linear constraints hold: -3x + 3y = -15; -3x - 2y = -35. Determine x.,9,6,False,two_linear_relations,,,elimination,,, 6
test_seen_00037,oracle,50,seen,The linked relations are y = -x - 1 and x - 2y = -4. What is x?,-2,-3,False,two_linear_relations,,,substitution,,, -3
test_seen_00038,oracle,50,seen,Evaluate 79^2 - 26^2 by rewriting it as a product.,5565,5801,False,polynomial_identity,,,factorization,,, 5801
test_seen_00039,oracle,50,seen,Use the binomial-square identity to compute (26 + 16)^2.,1764,7940,False,polynomial_identity,,,expansion,,, 7940
test_seen_00040,oracle,50,seen,Scale the ratio 9:18 to 18:x. Find x.,36,6,False,equivalent_ratios,,,proportional_scaling,,, 6
test_seen_00041,oracle,50,seen,Cross-multiply 3:2 = 6:x and determine x.,4,12,False,equivalent_ratios,,,cross_multiplication,,, 12
test_seen_00042,oracle,50,seen,"Given a1 = -19 and a(n+1) = a(n) + 9, find a12.",80,28,False,additive_recurrence,,,iteration,,, 28
test_seen_00043,oracle,50,seen,Use the closed form b(n) = 12 + (n - 1)(8) to find b(11).,92,76,False,additive_recurrence,,,substitution,,, 76
test_seen_00044,oracle,50,seen,Two numbers have sum 3 and product -180. Compute the sum of their squares from the symmetric identity.,369,582,False,symmetric_sum_product,,,expansion,,, 582
test_seen_00045,oracle,50,seen,The roots of t^2 + 15t + 56 = 0 are r and s. Find r^2 + s^2 by factoring the quadratic.,113,347,False,symmetric_sum_product,,,factorization,,, 347
test_seen_00046,oracle,50,seen,Evaluate the transformed expression -3z^2 + 6z + 12 at z = -1.,3,0,False,transformed_expression,,,substitution,,, 0
test_seen_00047,oracle,50,seen,"Open the product (x + -6)(x + -3), then set x = -7.",130,15,False,transformed_expression,,,expansion,,, 15
test_seen_00048,oracle,50,seen,Solve the simultaneous relations 4x + 4y = -32 and x - 2y = 10. Find y.,-6,-5,False,two_linear_relations,,,elimination,,, -5
test_seen_00049,oracle,50,seen,"Given y = -4x - 8, insert it into -3x + 2y = -60 and find x.",4,-1,False,two_linear_relations,,,substitution,,, -1
test_seen_00050,oracle,50,seen,Use the product pattern for a difference of squares to compute 44^2 - 23^2.,1407,1689,False,polynomial_identity,,,factorization,,, 1689
test_seen_00051,oracle,50,seen,Expand the square and evaluate (18 + 36)^2.,2916,10495,False,polynomial_identity,,,expansion,,, 10495
test_seen_00052,oracle,50,seen,"At a fixed rate, 10 items cost 20 dollars. What do 40 items cost?",80,80,True,equivalent_ratios,,,proportional_scaling,,, 80
test_seen_00053,oracle,50,seen,Solve the proportion 13/9 = 52/x for x.,36,45,False,equivalent_ratios,,,cross_multiplication,,, 45
test_seen_00054,oracle,50,seen,A sequence starts at -8 and changes by -2 each term. Iterate to find term 3.,-12,-10,False,additive_recurrence,,,iteration,,, -10
test_seen_00055,oracle,50,seen,An arithmetic sequence has formula a(n) = -15 + (n - 1)(-1). Substitute n = 10.,-24,-20,False,additive_recurrence,,,substitution,,, -20
test_seen_00056,oracle,50,seen,"If x + y = 4 and xy = -77, use a square expansion to find x^2 + y^2.",170,108,False,symmetric_sum_product,,,expansion,,, 108
test_seen_00057,oracle,50,seen,"Factor t^2 - 15t + 50 = 0 to obtain its two roots, then give the sum of their squares.",125,367,False,symmetric_sum_product,,,factorization,,, 367
test_seen_00058,oracle,50,seen,"For f(t) = -4t^2 + 7t + 10, substitute t = -2 and find f(-2).",-20,-56,False,transformed_expression,,,substitution,,, -56
test_seen_00059,oracle,50,seen,Expand (x + -6)(x + 0) and evaluate it at x = -4.,40,2,False,transformed_expression,,,expansion,,, 2
test_seen_00060,oracle,50,seen,Two linear constraints hold: 5x - 3y = -33; -x + 4y = 27. Determine y.,6,-1,False,two_linear_relations,,,elimination,,, -1
test_seen_00061,oracle,50,seen,The linked relations are y = 3x + 6 and -x + 4y = 24. What is y?,6,30,False,two_linear_relations,,,substitution,,, 30
test_seen_00062,oracle,50,seen,Evaluate 76^2 - 29^2 by rewriting it as a product.,4935,5308,False,polynomial_identity,,,factorization,,, 5308
test_seen_00063,oracle,50,seen,Use the binomial-square identity to compute (29 + 35)^2.,4096,10489,False,polynomial_identity,,,expansion,,, 10489
test_seen_00064,oracle,50,seen,Scale the ratio 3:8 to 33:x. Find x.,88,93,False,equivalent_ratios,,,proportional_scaling,,, 93
test_seen_00065,oracle,50,seen,Cross-multiply 13:6 = 143:x and determine x.,66,105,False,equivalent_ratios,,,cross_multiplication,,, 105
test_seen_00066,oracle,50,seen,"Given a1 = 18 and a(n+1) = a(n) - 9, find a13.",-90,-75,False,additive_recurrence,,,iteration,,, -75
test_seen_00067,oracle,50,seen,Use the closed form b(n) = -14 + (n - 1)(-7) to find b(15).,-112,-89,False,additive_recurrence,,,substitution,,, -89
test_seen_00068,oracle,50,seen,Two numbers have sum 18 and product 65. Compute the sum of their squares from the symmetric identity.,194,209,False,symmetric_sum_product,,,expansion,,, 209
test_seen_00069,oracle,50,seen,The roots of t^2 + 17t + 72 = 0 are r and s. Find r^2 + s^2 by factoring the quadratic.,145,369,False,symmetric_sum_product,,,factorization,,, 369
test_seen_00070,oracle,50,seen,Evaluate the transformed expression -2z^2 + 8z - 11 at z = -3.,-53,46,False,transformed_expression,,,substitution,,, 46
test_seen_00071,oracle,50,seen,"Open the product (t + -5)(t + 5), then set t = 0.",-25,25,False,transformed_expression,,,expansion,,, 25
test_seen_00072,oracle,50,seen,Solve the simultaneous relations -2x - 2y = 14 and 2x - 3y = 21. Find y.,-7,-7,True,two_linear_relations,,,elimination,,, -7
test_seen_00073,oracle,50,seen,"Given y = 2x - 1, insert it into 5x - y = 1 and find x.",0,3,False,two_linear_relations,,,substitution,,, 3
test_seen_00074,oracle,50,seen,Use the product pattern for a difference of squares to compute 52^2 - 13^2.,2535,2409,False,polynomial_identity,,,factorization,,, 2409
test_seen_00075,oracle,50,seen,Expand the square and evaluate (10 + 11)^2.,441,368,False,polynomial_identity,,,expansion,,, 368
test_seen_00076,oracle,50,seen,"At a fixed rate, 4 items cost 7 dollars. What do 20 items cost?",35,14,False,equivalent_ratios,,,proportional_scaling,,, 14
test_seen_00077,oracle,50,seen,Solve the proportion 11/18 = 132/x for x.,216,246,False,equivalent_ratios,,,cross_multiplication,,, 246
test_seen_00078,oracle,50,seen,A sequence starts at -8 and changes by -1 each term. Iterate to find term 10.,-17,-9,False,additive_recurrence,,,iteration,,, -9
test_seen_00079,oracle,50,seen,An arithmetic sequence has formula a(n) = 4 + (n - 1)(8). Substitute n = 5.,36,32,False,additive_recurrence,,,substitution,,, 32
test_seen_00080,oracle,50,seen,"If x + y = 1 and xy = -156, use a square expansion to find x^2 + y^2.",313,308,False,symmetric_sum_product,,,expansion,,, 308
test_seen_00081,oracle,50,seen,"Factor t^2 - 19t + 88 = 0 to obtain its two roots, then give the sum of their squares.",185,367,False,symmetric_sum_product,,,factorization,,, 367
test_seen_00082,oracle,50,seen,"For f(t) = 4t^2 + 3t - 8, substitute t = -6 and find f(-6).",118,-10,False,transformed_expression,,,substitution,,, -10
test_seen_00083,oracle,50,seen,Expand (t + 3)(t + -1) and evaluate it at t = 1.,0,-2,False,transformed_expression,,,expansion,,, -2
test_seen_00084,oracle,50,seen,Two linear constraints hold: 4x + 3y = -39; x - 5y = 19. Determine y.,-5,-2,False,two_linear_relations,,,elimination,,, -2
test_seen_00085,oracle,50,seen,The linked relations are y = 3x + 6 and 4x + 3y = 135. What is x?,9,20,False,two_linear_relations,,,substitution,,, 20
test_seen_00086,oracle,50,seen,Evaluate 65^2 - 2^2 by rewriting it as a product.,4221,4105,False,polynomial_identity,,,factorization,,, 4105
test_seen_00087,oracle,50,seen,Use the binomial-square identity to compute (32 + 6)^2.,1444,1084,False,polynomial_identity,,,expansion,,, 1084
test_seen_00088,oracle,50,seen,Scale the ratio 3:23 to 18:x. Find x.,138,66,False,equivalent_ratios,,,proportional_scaling,,, 66
test_seen_00089,oracle,50,seen,Cross-multiply 9:4 = 45:x and determine x.,20,60,False,equivalent_ratios,,,cross_multiplication,,, 60
test_seen_00090,oracle,50,seen,"Given a1 = 14 and a(n+1) = a(n) + 5, find a10.",59,79,False,additive_recurrence,,,iteration,,, 79
test_seen_00091,oracle,50,seen,Use the closed form b(n) = -11 + (n - 1)(-4) to find b(8).,-39,-59,False,additive_recurrence,,,substitution,,, -59
test_seen_00092,oracle,50,seen,Two numbers have sum -28 and product 195. Compute the sum of their squares from the symmetric identity.,394,3647,False,symmetric_sum_product,,,expansion,,, 3647
test_seen_00093,oracle,50,seen,The roots of t^2 + 12t + 35 = 0 are r and s. Find r^2 + s^2 by factoring the quadratic.,74,468,False,symmetric_sum_product,,,factorization,,, 468
test_seen_00094,oracle,50,seen,Evaluate the transformed expression -5z^2 - 6z + 5 at z = 6.,-211,-18,False,transformed_expression,,,substitution,,, -18
test_seen_00095,oracle,50,seen,"Open the product (z + 0)(z + -5), then set z = -7.",84,45,False,transformed_expression,,,expansion,,, 45
test_seen_00096,oracle,50,seen,Solve the simultaneous relations -5x - 5y = 5 and 5x - 4y = 22. Find x.,2,10,False,two_linear_relations,,,elimination,,, 10
test_seen_00097,oracle,50,seen,"Given y = -2x - 2, insert it into -2x - 5y = -38 and find y.",10,-14,False,two_linear_relations,,,substitution,,, -14
test_seen_00098,oracle,50,seen,Use the product pattern for a difference of squares to compute 19^2 - 4^2.,345,365,False,polynomial_identity,,,factorization,,, 365
test_seen_00099,oracle,50,seen,Expand the square and evaluate (8 + 21)^2.,841,4905,False,polynomial_identity,,,expansion,,, 4905
test_seen_00100,oracle,50,seen,"At a fixed rate, 3 items cost 21 dollars. What do 6 items cost?",42,78,False,equivalent_ratios,,,proportional_scaling,,, 78
test_seen_00101,oracle,50,seen,Solve the proportion 12/9 = 120/x for x.,90,90,True,equivalent_ratios,,,cross_multiplication,,, 90
test_seen_00102,oracle,50,seen,A sequence starts at -4 and changes by -1 each term. Iterate to find term 9.,-12,-5,False,additive_recurrence,,,iteration,,, -5
test_seen_00103,oracle,50,seen,An arithmetic sequence has formula a(n) = 18 + (n - 1)(-4). Substitute n = 15.,-38,-24,False,additive_recurrence,,,substitution,,, -24
test_seen_00104,oracle,50,seen,"If x + y = -5 and xy = -50, use a square expansion to find x^2 + y^2.",125,160,False,symmetric_sum_product,,,expansion,,, 160
test_seen_00105,oracle,50,seen,"Factor t^2 - 2t - 35 = 0 to obtain its two roots, then give the sum of their squares.",74,140,False,symmetric_sum_product,,,factorization,,, 140
test_seen_00106,oracle,50,seen,"For f(t) = 3t^2 + 5t + 8, substitute t = 4 and find f(4).",76,106,False,transformed_expression,,,substitution,,, 106
test_seen_00107,oracle,50,seen,Expand (t + 3)(t + 0) and evaluate it at t = 0.,0,0,True,transformed_expression,,,expansion,,, 0
test_seen_00108,oracle,50,seen,Two linear constraints hold: 2x + y = 15; 5x + 2y = 39. Determine x.,9,4,False,two_linear_relations,,,elimination,,, 4
test_seen_00109,oracle,50,seen,The linked relations are y = 6 - 3x and -5x + 5y = -110. What is x?,7,2,False,two_linear_relations,,,substitution,,, 2
test_seen_00110,oracle,50,seen,Evaluate 19^2 - 9^2 by rewriting it as a product.,280,305,False,polynomial_identity,,,factorization,,, 305
test_seen_00111,oracle,50,seen,Use the binomial-square identity to compute (30 + 6)^2.,1296,1170,False,polynomial_identity,,,expansion,,, 1170
test_seen_00112,oracle,50,seen,Scale the ratio 3:5 to 27:x. Find x.,45,45,True,equivalent_ratios,,,proportional_scaling,,, 45
test_seen_00113,oracle,50,seen,Cross-multiply 12:10 = 24:x and determine x.,20,30,False,equivalent_ratios,,,cross_multiplication,,, 30
test_seen_00114,oracle,50,seen,"Given a1 = 12 and a(n+1) = a(n) + 8, find a9.",76,104,False,additive_recurrence,,,iteration,,, 104
test_seen_00115,oracle,50,seen,Use the closed form b(n) = -6 + (n - 1)(7) to find b(15).,92,-48,False,additive_recurrence,,,substitution,,, -48
test_seen_00116,oracle,50,seen,Two numbers have sum -23 and product 120. Compute the sum of their squares from the symmetric identity.,289,1458,False,symmetric_sum_product,,,expansion,,, 1458
test_seen_00117,oracle,50,seen,The roots of t^2 + 9t + 20 = 0 are r and s. Find r^2 + s^2 by factoring the quadratic.,41,145,False,symmetric_sum_product,,,factorization,,, 145
test_seen_00118,oracle,50,seen,Evaluate the transformed expression -4z^2 + 4z - 10 at z = -5.,-130,89,False,transformed_expression,,,substitution,,, 89
test_seen_00119,oracle,50,seen,"Open the product (x + -10)(x + 6), then set x = 2.",-64,48,False,transformed_expression,,,expansion,,, 48
test_unseen_00000,oracle,50,unseen,The lines 3x - 4y = -16 and -3x + y = -5 intersect. Give their x-coordinate.,4,-2,False,two_linear_relations,,,elimination,,, -2
test_unseen_00001,oracle,50,unseen,One variable is isolated in y = -5x - 1; use the other constraint -4x + 5y = -5 to obtain x.,0,-4,False,two_linear_relations,,,substitution,,, -4
test_unseen_00002,oracle,50,unseen,"Without separately squaring both numbers, find the difference between 29 squared and 8 squared.",777,-71,False,polynomial_identity,,,factorization,,, -71
test_unseen_00003,oracle,50,unseen,What number results from opening the brackets in (34 + 21)(34 + 21)?,3025,1089,False,polynomial_identity,,,expansion,,, 1089
test_unseen_00004,oracle,50,unseen,A batch of 8 units has value 20. Find the value of a same-rate batch of 96 units.,240,15,False,equivalent_ratios,,,proportional_scaling,,, 15
test_unseen_00005,oracle,50,unseen,Complete the equivalent fractions: 14/12 = 112/[blank].,96,6,False,equivalent_ratios,,,cross_multiplication,,, 6
test_unseen_00006,oracle,50,unseen,A machine begins at 2 and applies a change of -7 for 7 rounds. What is its final value?,-47,-15,False,additive_recurrence,,,iteration,,, -15
test_unseen_00007,oracle,50,unseen,The repeated-change process is summarized by c(k) = -2 + (k - 1)(-4). Evaluate it at k = 4.,-14,-8,False,additive_recurrence,,,substitution,,, -8
test_unseen_00008,oracle,50,unseen,"Knowing only that p + q = -12 and pq = -13, determine p^2 + q^2 by opening (p + q)^2.",170,145,False,symmetric_sum_product,,,expansion,,, 145
test_unseen_00009,oracle,50,unseen,Split the quadratic t^2 + 9t - 36 into linear factors and report the squared-root sum.,153,18,False,symmetric_sum_product,,,factorization,,, 18
test_unseen_00010,oracle,50,unseen,Insert u = 3 into -u^2 + 2u - 9. What value results?,-12,18,False,transformed_expression,,,substitution,,, 18
test_unseen_00011,oracle,50,unseen,"After multiplying out the two shifted factors (t + -1) and (t + -9), find the result when t is -2.",33,3,False,transformed_expression,,,expansion,,, 3
test_unseen_00012,oracle,50,unseen,The lines 2x - 2y = -24 and -2x - 3y = -6 intersect. Give their y-coordinate.,6,-1,False,two_linear_relations,,,elimination,,, -1
test_unseen_00013,oracle,50,unseen,One variable is isolated in y = -5x - 7; use the other constraint 2x - 5y = -19 to obtain y.,3,-3,False,two_linear_relations,,,substitution,,, -3
test_unseen_00014,oracle,50,unseen,"Without separately squaring both numbers, find the difference between 79 squared and 25 squared.",5616,608,False,polynomial_identity,,,factorization,,, 608
test_unseen_00015,oracle,50,unseen,What number results from opening the brackets in (32 + 31)(32 + 31)?,3969,468,False,polynomial_identity,,,expansion,,, 468
test_unseen_00016,oracle,50,unseen,A batch of 14 units has value 19. Find the value of a same-rate batch of 154 units.,209,26,False,equivalent_ratios,,,proportional_scaling,,, 26
test_unseen_00017,oracle,50,unseen,Complete the equivalent fractions: 5/17 = 20/[blank].,68,35,False,equivalent_ratios,,,cross_multiplication,,, 35
test_unseen_00018,oracle,50,unseen,A machine begins at 9 and applies a change of 3 for 11 rounds. What is its final value?,42,0,False,additive_recurrence,,,iteration,,, 0
test_unseen_00019,oracle,50,unseen,The repeated-change process is summarized by c(k) = -18 + (k - 1)(-1). Evaluate it at k = 5.,-22,-24,False,additive_recurrence,,,substitution,,, -24
test_unseen_00020,oracle,50,unseen,"Knowing only that p + q = -2 and pq = -195, determine p^2 + q^2 by opening (p + q)^2.",394,308,False,symmetric_sum_product,,,expansion,,, 308
test_unseen_00021,oracle,50,unseen,Split the quadratic t^2 - 12t + 27 into linear factors and report the squared-root sum.,90,9,False,symmetric_sum_product,,,factorization,,, 9
test_unseen_00022,oracle,50,unseen,Insert u = 2 into 5u^2 + u - 1. What value results?,21,3,False,transformed_expression,,,substitution,,, 3
test_unseen_00023,oracle,50,unseen,"After multiplying out the two shifted factors (t + -4) and (t + 2), find the result when t is -6.",40,10,False,transformed_expression,,,expansion,,, 10
test_unseen_00024,oracle,50,unseen,The lines -2x + 4y = -26 and -5x + y = -11 intersect. Give their x-coordinate.,1,3,False,two_linear_relations,,,elimination,,, 3
test_unseen_00025,oracle,50,unseen,One variable is isolated in y = -4x - 4; use the other constraint -3x - 5y = 122 to obtain y.,-28,-8,False,two_linear_relations,,,substitution,,, -8
test_unseen_00026,oracle,50,unseen,"Without separately squaring both numbers, find the difference between 48 squared and 43 squared.",455,-12,False,polynomial_identity,,,factorization,,, -12
test_unseen_00027,oracle,50,unseen,What number results from opening the brackets in (19 + 6)(19 + 6)?,625,204,False,polynomial_identity,,,expansion,,, 204
test_unseen_00028,oracle,50,unseen,A batch of 8 units has value 10. Find the value of a same-rate batch of 16 units.,20,5,False,equivalent_ratios,,,proportional_scaling,,, 5
test_unseen_00029,oracle,50,unseen,Complete the equivalent fractions: 13/18 = 52/[blank].,72,60,False,equivalent_ratios,,,cross_multiplication,,, 60
test_unseen_00030,oracle,50,unseen,A machine begins at 20 and applies a change of -3 for 2 rounds. What is its final value?,14,17,False,additive_recurrence,,,iteration,,, 17
test_unseen_00031,oracle,50,unseen,The repeated-change process is summarized by c(k) = -3 + (k - 1)(7). Evaluate it at k = 7.,39,-24,False,additive_recurrence,,,substitution,,, -24
test_unseen_00032,oracle,50,unseen,"Knowing only that p + q = -12 and pq = -13, determine p^2 + q^2 by opening (p + q)^2.",170,145,False,symmetric_sum_product,,,expansion,,, 145
test_unseen_00033,oracle,50,unseen,Split the quadratic t^2 - 21t + 108 into linear factors and report the squared-root sum.,225,36,False,symmetric_sum_product,,,factorization,,, 36
test_unseen_00034,oracle,50,unseen,Insert u = 5 into 5u^2 + 2u + 5. What value results?,140,10,False,transformed_expression,,,substitution,,, 10
test_unseen_00035,oracle,50,unseen,"After multiplying out the two shifted factors (t + 5) and (t + -8), find the result when t is -3.",-22,-14,False,transformed_expression,,,expansion,,, -14
test_unseen_00036,oracle,50,unseen,The lines x - y = -3 and 3x + 2y = 6 intersect. Give their x-coordinate.,0,-1,False,two_linear_relations,,,elimination,,, -1
test_unseen_00037,oracle,50,unseen,One variable is isolated in y = -x - 4; use the other constraint -4x + 3y = -19 to obtain y.,-5,-7,False,two_linear_relations,,,substitution,,, -7
test_unseen_00038,oracle,50,unseen,"Without separately squaring both numbers, find the difference between 66 squared and 43 squared.",2507,1089,False,polynomial_identity,,,factorization,,, 1089
test_unseen_00039,oracle,50,unseen,What number results from opening the brackets in (30 + 7)(30 + 7)?,1369,1685,False,polynomial_identity,,,expansion,,, 1685
test_unseen_00040,oracle,50,unseen,A batch of 11 units has value 6. Find the value of a same-rate batch of 66 units.,36,36,True,equivalent_ratios,,,proportional_scaling,,, 36
test_unseen_00041,oracle,50,unseen,Complete the equivalent fractions: 13/19 = 78/[blank].,114,126,False,equivalent_ratios,,,cross_multiplication,,, 126
test_unseen_00042,oracle,50,unseen,A machine begins at 12 and applies a change of 3 for 5 rounds. What is its final value?,27,48,False,additive_recurrence,,,iteration,,, 48
test_unseen_00043,oracle,50,unseen,The repeated-change process is summarized by c(k) = -18 + (k - 1)(-2). Evaluate it at k = 11.,-38,-30,False,additive_recurrence,,,substitution,,, -30
test_unseen_00044,oracle,50,unseen,"Knowing only that p + q = -13 and pq = 0, determine p^2 + q^2 by opening (p + q)^2.",169,144,False,symmetric_sum_product,,,expansion,,, 144
test_unseen_00045,oracle,50,unseen,Split the quadratic t^2 + 6t - 7 into linear factors and report the squared-root sum.,50,10,False,symmetric_sum_product,,,factorization,,, 10
test_unseen_00046,oracle,50,unseen,Insert u = -3 into 2u^2 - 4u + 2. What value results?,32,-1,False,transformed_expression,,,substitution,,, -1
test_unseen_00047,oracle,50,unseen,"After multiplying out the two shifted factors (z + -6) and (z + -3), find the result when z is 7.",4,15,False,transformed_expression,,,expansion,,, 15
test_unseen_00048,oracle,50,unseen,The lines -3x - 5y = -41 and -4x + y = -1 intersect. Give their y-coordinate.,7,-1,False,two_linear_relations,,,elimination,,, -1
test_unseen_00049,oracle,50,unseen,One variable is isolated in y = 5x + 8; use the other constraint 3x - 2y = -37 to obtain x.,3,-1,False,two_linear_relations,,,substitution,,, -1
test_unseen_00050,oracle,50,unseen,"Without separately squaring both numbers, find the difference between 31 squared and 12 squared.",817,-59,False,polynomial_identity,,,factorization,,, -59
test_unseen_00051,oracle,50,unseen,What number results from opening the brackets in (2 + 23)(2 + 23)?,625,55,False,polynomial_identity,,,expansion,,, 55
test_unseen_00052,oracle,50,unseen,A batch of 2 units has value 19. Find the value of a same-rate batch of 12 units.,114,13,False,equivalent_ratios,,,proportional_scaling,,, 13
test_unseen_00053,oracle,50,unseen,Complete the equivalent fractions: 11/6 = 55/[blank].,30,35,False,equivalent_ratios,,,cross_multiplication,,, 35
test_unseen_00054,oracle,50,unseen,A machine begins at -10 and applies a change of -3 for 10 rounds. What is its final value?,-40,27,False,additive_recurrence,,,iteration,,, 27
test_unseen_00055,oracle,50,unseen,The repeated-change process is summarized by c(k) = -19 + (k - 1)(-7). Evaluate it at k = 4.,-40,-56,False,additive_recurrence,,,substitution,,, -56
test_unseen_00056,oracle,50,unseen,"Knowing only that p + q = 3 and pq = 2, determine p^2 + q^2 by opening (p + q)^2.",5,17,False,symmetric_sum_product,,,expansion,,, 17
test_unseen_00057,oracle,50,unseen,Split the quadratic t^2 + 9t - 70 into linear factors and report the squared-root sum.,221,35,False,symmetric_sum_product,,,factorization,,, 35
test_unseen_00058,oracle,50,unseen,Insert u = -3 into -u^2 + 4u - 8. What value results?,-29,10,False,transformed_expression,,,substitution,,, 10
test_unseen_00059,oracle,50,unseen,"After multiplying out the two shifted factors (z + 10) and (z + -5), find the result when z is 3.",-26,28,False,transformed_expression,,,expansion,,, 28
test_unseen_00060,oracle,50,unseen,The lines 4x - y = -29 and -5x - 5y = 30 intersect. Give their x-coordinate.,-7,-1,False,two_linear_relations,,,elimination,,, -1
test_unseen_00061,oracle,50,unseen,One variable is isolated in y = -2x - 8; use the other constraint -3x - 4y = 2 to obtain x.,-6,-6,True,two_linear_relations,,,substitution,,, -6
test_unseen_00062,oracle,50,unseen,"Without separately squaring both numbers, find the difference between 45 squared and 37 squared.",656,108,False,polynomial_identity,,,factorization,,, 108
test_unseen_00063,oracle,50,unseen,What number results from opening the brackets in (12 + 29)(12 + 29)?,1681,640,False,polynomial_identity,,,expansion,,, 640
test_unseen_00064,oracle,50,unseen,A batch of 8 units has value 13. Find the value of a same-rate batch of 48 units.,78,26,False,equivalent_ratios,,,proportional_scaling,,, 26
test_unseen_00065,oracle,50,unseen,Complete the equivalent fractions: 11/10 = 55/[blank].,50,25,False,equivalent_ratios,,,cross_multiplication,,, 25
test_unseen_00066,oracle,50,unseen,A machine begins at -11 and applies a change of 1 for 6 rounds. What is its final value?,-5,0,False,additive_recurrence,,,iteration,,, 0
test_unseen_00067,oracle,50,unseen,The repeated-change process is summarized by c(k) = 5 + (k - 1)(-4). Evaluate it at k = 13.,-43,-20,False,additive_recurrence,,,substitution,,, -20
test_unseen_00068,oracle,50,unseen,"Knowing only that p + q = 5 and pq = -150, determine p^2 + q^2 by opening (p + q)^2.",325,300,False,symmetric_sum_product,,,expansion,,, 300
test_unseen_00069,oracle,50,unseen,Split the quadratic t^2 + 10t into linear factors and report the squared-root sum.,100,30,False,symmetric_sum_product,,,factorization,,, 30
test_unseen_00070,oracle,50,unseen,Insert u = 0 into -u^2 + 6u + 3. What value results?,3,9,False,transformed_expression,,,substitution,,, 9
test_unseen_00071,oracle,50,unseen,"After multiplying out the two shifted factors (z + -1) and (z + -1), find the result when z is 4.",9,3,False,transformed_expression,,,expansion,,, 3
test_unseen_00072,oracle,50,unseen,The lines x + 2y = 17 and 2x - 4y = -14 intersect. Give their y-coordinate.,6,-3,False,two_linear_relations,,,elimination,,, -3
test_unseen_00073,oracle,50,unseen,One variable is isolated in y = -2x; use the other constraint -2x + 3y = -72 to obtain x.,9,18,False,two_linear_relations,,,substitution,,, 18
test_unseen_00074,oracle,50,unseen,"Without separately squaring both numbers, find the difference between 27 squared and 24 squared.",153,105,False,polynomial_identity,,,factorization,,, 105
test_unseen_00075,oracle,50,unseen,What number results from opening the brackets in (25 + 16)(25 + 16)?,1681,800,False,polynomial_identity,,,expansion,,, 800
test_unseen_00076,oracle,50,unseen,A batch of 8 units has value 11. Find the value of a same-rate batch of 64 units.,88,128,False,equivalent_ratios,,,proportional_scaling,,, 128
test_unseen_00077,oracle,50,unseen,Complete the equivalent fractions: 3/2 = 24/[blank].,16,12,False,equivalent_ratios,,,cross_multiplication,,, 12
test_unseen_00078,oracle,50,unseen,A machine begins at -6 and applies a change of 9 for 6 rounds. What is its final value?,48,0,False,additive_recurrence,,,iteration,,, 0
test_unseen_00079,oracle,50,unseen,The repeated-change process is summarized by c(k) = -19 + (k - 1)(-4). Evaluate it at k = 15.,-75,-28,False,additive_recurrence,,,substitution,,, -28
test_unseen_00080,oracle,50,unseen,"Knowing only that p + q = -4 and pq = -45, determine p^2 + q^2 by opening (p + q)^2.",106,165,False,symmetric_sum_product,,,expansion,,, 165
test_unseen_00081,oracle,50,unseen,Split the quadratic t^2 - t - 30 into linear factors and report the squared-root sum.,61,15,False,symmetric_sum_product,,,factorization,,, 15
test_unseen_00082,oracle,50,unseen,Insert u = -7 into u^2 + 6u + 3. What value results?,10,18,False,transformed_expression,,,substitution,,, 18
test_unseen_00083,oracle,50,unseen,"After multiplying out the two shifted factors (t + 8) and (t + 8), find the result when t is -7.",1,-15,False,transformed_expression,,,expansion,,, -15
test_unseen_00084,oracle,50,unseen,The lines 2x - 5y = 2 and -4x - y = 18 intersect. Give their y-coordinate.,-2,3,False,two_linear_relations,,,elimination,,, 3
test_unseen_00085,oracle,50,unseen,One variable is isolated in y = 6 - 3x; use the other constraint -x - 5y = -114 to obtain x.,-6,-20,False,two_linear_relations,,,substitution,,, -20
test_unseen_00086,oracle,50,unseen,"Without separately squaring both numbers, find the difference between 37 squared and 35 squared.",144,-14,False,polynomial_identity,,,factorization,,, -14
test_unseen_00087,oracle,50,unseen,What number results from opening the brackets in (24 + 6)(24 + 6)?,900,390,False,polynomial_identity,,,expansion,,, 390
test_unseen_00088,oracle,50,unseen,A batch of 2 units has value 2. Find the value of a same-rate batch of 4 units.,4,1,False,equivalent_ratios,,,proportional_scaling,,, 1
test_unseen_00089,oracle,50,unseen,Complete the equivalent fractions: 14/19 = 140/[blank].,190,35,False,equivalent_ratios,,,cross_multiplication,,, 35
test_unseen_00090,oracle,50,unseen,A machine begins at 1 and applies a change of 7 for 3 rounds. What is its final value?,22,20,False,additive_recurrence,,,iteration,,, 20
test_unseen_00091,oracle,50,unseen,The repeated-change process is summarized by c(k) = 14 + (k - 1)(2). Evaluate it at k = 10.,32,38,False,additive_recurrence,,,substitution,,, 38
test_unseen_00092,oracle,50,unseen,"Knowing only that p + q = 4 and pq = -96, determine p^2 + q^2 by opening (p + q)^2.",208,308,False,symmetric_sum_product,,,expansion,,, 308
test_unseen_00093,oracle,50,unseen,Split the quadratic t^2 - 20t + 91 into linear factors and report the squared-root sum.,218,45,False,symmetric_sum_product,,,factorization,,, 45
test_unseen_00094,oracle,50,unseen,Insert u = -7 into 4u^2 + 7u - 12. What value results?,135,-5,False,transformed_expression,,,substitution,,, -5
test_unseen_00095,oracle,50,unseen,"After multiplying out the two shifted factors (z + -10) and (z + 2), find the result when z is -7.",85,58,False,transformed_expression,,,expansion,,, 58
test_unseen_00096,oracle,50,unseen,The lines -4x + 4y = -60 and -2x + 5y = -51 intersect. Give their y-coordinate.,-7,3,False,two_linear_relations,,,elimination,,, 3
test_unseen_00097,oracle,50,unseen,One variable is isolated in y = 4 - 5x; use the other constraint 3x + 5y = -156 to obtain x.,8,-20,False,two_linear_relations,,,substitution,,, -20
test_unseen_00098,oracle,50,unseen,"Without separately squaring both numbers, find the difference between 75 squared and 6 squared.",5589,480,False,polynomial_identity,,,factorization,,, 480
test_unseen_00099,oracle,50,unseen,What number results from opening the brackets in (26 + 9)(26 + 9)?,1225,418,False,polynomial_identity,,,expansion,,, 418
test_unseen_00100,oracle,50,unseen,A batch of 10 units has value 6. Find the value of a same-rate batch of 120 units.,72,3,False,equivalent_ratios,,,proportional_scaling,,, 3
test_unseen_00101,oracle,50,unseen,Complete the equivalent fractions: 3/10 = 15/[blank].,50,4,False,equivalent_ratios,,,cross_multiplication,,, 4
test_unseen_00102,oracle,50,unseen,A machine begins at -3 and applies a change of -1 for 5 rounds. What is its final value?,-8,-8,True,additive_recurrence,,,iteration,,, -8
test_unseen_00103,oracle,50,unseen,The repeated-change process is summarized by c(k) = 14 + (k - 1)(2). Evaluate it at k = 4.,20,30,False,additive_recurrence,,,substitution,,, 30
test_unseen_00104,oracle,50,unseen,"Knowing only that p + q = 5 and pq = 4, determine p^2 + q^2 by opening (p + q)^2.",17,39,False,symmetric_sum_product,,,expansion,,, 39
test_unseen_00105,oracle,50,unseen,Split the quadratic t^2 - 4t - 21 into linear factors and report the squared-root sum.,58,7,False,symmetric_sum_product,,,factorization,,, 7
test_unseen_00106,oracle,50,unseen,Insert u = -4 into 4u^2 - 8u - 2. What value results?,94,-16,False,transformed_expression,,,substitution,,, -16
test_unseen_00107,oracle,50,unseen,"After multiplying out the two shifted factors (z + 3) and (z + -10), find the result when z is 4.",-42,25,False,transformed_expression,,,expansion,,, 25
test_unseen_00108,oracle,50,unseen,The lines -3x - 5y = -30 and x - 2y = -1 intersect. Give their x-coordinate.,5,-3,False,two_linear_relations,,,elimination,,, -3
test_unseen_00109,oracle,50,unseen,One variable is isolated in y = 5x + 2; use the other constraint 2x + y = -19 to obtain y.,-13,30,False,two_linear_relations,,,substitution,,, 30
test_unseen_00110,oracle,50,unseen,"Without separately squaring both numbers, find the difference between 80 squared and 23 squared.",5871,-560,False,polynomial_identity,,,factorization,,, -560
test_unseen_00111,oracle,50,unseen,What number results from opening the brackets in (4 + 27)(4 + 27)?,961,108,False,polynomial_identity,,,expansion,,, 108
test_unseen_00112,oracle,50,unseen,A batch of 9 units has value 22. Find the value of a same-rate batch of 63 units.,154,14,False,equivalent_ratios,,,proportional_scaling,,, 14
test_unseen_00113,oracle,50,unseen,Complete the equivalent fractions: 10/10 = 100/[blank].,100,100,True,equivalent_ratios,,,cross_multiplication,,, 100
test_unseen_00114,oracle,50,unseen,A machine begins at 17 and applies a change of 3 for 4 rounds. What is its final value?,29,25,False,additive_recurrence,,,iteration,,, 25
test_unseen_00115,oracle,50,unseen,The repeated-change process is summarized by c(k) = -18 + (k - 1)(7). Evaluate it at k = 15.,80,-24,False,additive_recurrence,,,substitution,,, -24
test_unseen_00116,oracle,50,unseen,"Knowing only that p + q = 7 and pq = 0, determine p^2 + q^2 by opening (p + q)^2.",49,49,True,symmetric_sum_product,,,expansion,,, 49
test_unseen_00117,oracle,50,unseen,Split the quadratic t^2 - 10t + 24 into linear factors and report the squared-root sum.,52,8,False,symmetric_sum_product,,,factorization,,, 8
test_unseen_00118,oracle,50,unseen,Insert u = -4 into -4u^2 - 3. What value results?,-67,-18,False,transformed_expression,,,substitution,,, -18
test_unseen_00119,oracle,50,unseen,"After multiplying out the two shifted factors (z + -1) and (z + 8), find the result when z is 2.",10,7,False,transformed_expression,,,expansion,,, 7
test_seen_00000,structure_aware,50,seen,Solve the simultaneous relations -4x + 2y = 32 and 4x + 2y = -32. Find x.,-8,0,False,two_linear_relations,two_linear_relations,True,elimination,elimination,True,"STRUCTURE: two_linear_relations
TOOL: elimination
ANSWER: 0"
test_seen_00001,structure_aware,50,seen,"Given y = 2x + 3, insert it into 5x + 4y = 103 and find y.",17,6,False,two_linear_relations,two_linear_transformations,False,substitution,substitution,True,"STRUCTURE: two_linear_transformations
TOOL: substitution
ANSWER: 6"
test_seen_00002,structure_aware,50,seen,Use the product pattern for a difference of squares to compute 39^2 - 27^2.,792,108,False,polynomial_identity,polynomial_identity,True,factorization,factorization,True,"STRUCTURE: polynomial_identity
TOOL: factorization
ANSWER: 108"
test_seen_00003,structure_aware,50,seen,Expand the square and evaluate (5 + 8)^2.,169,169,True,polynomial_identity,binomial_square_product,False,expansion,expansion,True,"STRUCTURE: binomial_square_product
TOOL: expansion
ANSWER: 169"
test_seen_00004,structure_aware,50,seen,"At a fixed rate, 8 items cost 6 dollars. What do 24 items cost?",18,12,False,equivalent_ratios,equivalent_rates,False,proportional_scaling,division,False,"STRUCTURE: equivalent_rates
TOOL: division
ANSWER: 12"
test_seen_00005,structure_aware,50,seen,Solve the proportion 4/18 = 12/x for x.,54,54,True,equivalent_ratios,two_linear_proportions,False,cross_multiplication,cross_multiplication,True,"STRUCTURE: two_linear_proportions
TOOL: cross_multiplication
ANSWER: 54"
test_seen_00006,structure_aware,50,seen,A sequence starts at 11 and changes by -5 each term. Iterate to find term 15.,-59,-24,False,additive_recurrence,additive_repeating,False,iteration,iteration,True,"STRUCTURE: additive_repeating
TOOL: iteration
ANSWER: -24"
test_seen_00007,structure_aware,50,seen,An arithmetic sequence has formula a(n) = 4 + (n - 1)(8). Substitute n = 7.,52,36,False,additive_recurrence,additive_recurrence,True,substitution,substitution,True,"STRUCTURE: additive_recurrence
TOOL: substitution
ANSWER: 36"
test_seen_00008,structure_aware,50,seen,"If x + y = -7 and xy = -30, use a square expansion to find x^2 + y^2.",109,109,True,symmetric_sum_product,symmetric_sum_product,True,expansion,expansion,True,"STRUCTURE: symmetric_sum_product
TOOL: expansion
ANSWER: 109"
test_seen_00009,structure_aware,50,seen,"Factor t^2 + 16t + 39 = 0 to obtain its two roots, then give the sum of their squares.",178,45,False,symmetric_sum_product,factorization,False,factorization,factoring,False,"STRUCTURE: factorization
TOOL: factoring
ANSWER: 45"
test_seen_00010,structure_aware,50,seen,"For f(t) = -5t^2 - 7t - 7, substitute t = -7 and find f(-7).",-203,148,False,transformed_expression,polynomial_identity,False,substitution,substitution,True,"STRUCTURE: polynomial_identity
TOOL: substitution
ANSWER: 148"
test_seen_00011,structure_aware,50,seen,Expand (x + -5)(x + -1) and evaluate it at x = -3.,32,2,False,transformed_expression,expanded_product,False,expansion,expansion,True,"STRUCTURE: expanded_product
TOOL: expansion
ANSWER: 2"
test_seen_00012,structure_aware,50,seen,Two linear constraints hold: 4x + 5y = -2; 5x + 5y = 5. Determine x.,7,-1,False,two_linear_relations,two_linear_constraints,False,elimination,elimination,True,"STRUCTURE: two_linear_constraints
TOOL: elimination
ANSWER: -1"
test_seen_00013,structure_aware,50,seen,The linked relations are y = 5x + 6 and x + y = -30. What is y?,-24,12,False,two_linear_relations,two_linear_relations,True,substitution,substitution,True,"STRUCTURE: two_linear_relations
TOOL: substitution
ANSWER: 12"
test_seen_00014,structure_aware,50,seen,Evaluate 29^2 - 12^2 by rewriting it as a product.,697,600,False,polynomial_identity,polynomial_identity,True,factorization,expansion,False,"STRUCTURE: polynomial_identity
TOOL: expansion
ANSWER: 600"
test_seen_00015,structure_aware,50,seen,Use the binomial-square identity to compute (7 + 22)^2.,841,1849,False,polynomial_identity,polynomial_identity,True,expansion,expansion,True,"STRUCTURE: polynomial_identity
TOOL: expansion
ANSWER: 1849"
test_seen_00016,structure_aware,50,seen,Scale the ratio 11:10 to 22:x. Find x.,20,33,False,equivalent_ratios,equivalent_ratios,True,proportional_scaling,scaling,False,"STRUCTURE: equivalent_ratios
TOOL: scaling
ANSWER: 33"
test_seen_00017,structure_aware,50,seen,Cross-multiply 13:7 = 91:x and determine x.,49,68,False,equivalent_ratios,equivalent_ratios,True,cross_multiplication,cross_multiplication,True,"STRUCTURE: equivalent_ratios
TOOL: cross_multiplication
ANSWER: 68"
test_seen_00018,structure_aware,50,seen,"Given a1 = 18 and a(n+1) = a(n) - 7, find a11.",-52,14,False,additive_recurrence,additive_recurrence,True,iteration,substitution,False,"STRUCTURE: additive_recurrence
TOOL: substitution
ANSWER: 14"
test_seen_00019,structure_aware,50,seen,Use the closed form b(n) = -13 + (n - 1)(1) to find b(10).,-4,25,False,additive_recurrence,additive_recurrence,True,substitution,substitution,True,"STRUCTURE: additive_recurrence
TOOL: substitution
ANSWER: 25"
test_seen_00020,structure_aware,50,seen,Two numbers have sum 22 and product 117. Compute the sum of their squares from the symmetric identity.,250,309,False,symmetric_sum_product,symmetric_sum_product,True,expansion,substitution,False,"STRUCTURE: symmetric_sum_product
TOOL: substitution
ANSWER: 309"
test_seen_00021,structure_aware,50,seen,The roots of t^2 - 23t + 120 = 0 are r and s. Find r^2 + s^2 by factoring the quadratic.,289,45,False,symmetric_sum_product,symmetric_sum_product,True,factorization,factorization,True,"STRUCTURE: symmetric_sum_product
TOOL: factorization
ANSWER: 45"
test_seen_00022,structure_aware,50,seen,Evaluate the transformed expression z^2 + 5z - 11 at z = 0.,-11,-1,False,transformed_expression,transformed_expression,True,substitution,substitution,True,"STRUCTURE: transformed_expression
TOOL: substitution
ANSWER: -1"
test_seen_00023,structure_aware,50,seen,"Open the product (x + 3)(x + 9), then set x = 5.",112,140,False,transformed_expression,polynomial_product,False,expansion,expansion,True,"STRUCTURE: polynomial_product
TOOL: expansion
ANSWER: 140"
test_seen_00024,structure_aware,50,seen,Solve the simultaneous relations 5x - 4y = 30 and 5x - 3y = 25. Find y.,-5,1,False,two_linear_relations,two_linear_relations,True,elimination,substitution,False,"STRUCTURE: two_linear_relations
TOOL: substitution
ANSWER: 1"
test_seen_00025,structure_aware,50,seen,"Given y = 4x + 5, insert it into 3x + 5y = -113 and find x.",-6,20,False,two_linear_relations,two_linear_equations,False,substitution,substitution,True,"STRUCTURE: two_linear_equations
TOOL: substitution
ANSWER: 20"
test_seen_00026,structure_aware,50,seen,Use the product pattern for a difference of squares to compute 12^2 - 11^2.,23,120,False,polynomial_identity,polynomial_identity,True,factorization,factorization,True,"STRUCTURE: polynomial_identity
TOOL: factorization
ANSWER: 120"
test_seen_00027,structure_aware,50,seen,Expand the square and evaluate (8 + 9)^2.,289,169,False,polynomial_identity,binomial_expansion,False,expansion,expansion,True,"STRUCTURE: binomial_expansion
TOOL: expansion
ANSWER: 169"
test_seen_00028,structure_aware,50,seen,"At a fixed rate, 13 items cost 2 dollars. What do 52 items cost?",8,6,False,equivalent_ratios,equivalent_rates,False,proportional_scaling,division,False,"STRUCTURE: equivalent_rates
TOOL: division
ANSWER: 6"
test_seen_00029,structure_aware,50,seen,Solve the proportion 3/19 = 21/x for x.,133,58,False,equivalent_ratios,two_linear_proportions,False,cross_multiplication,cross_multiplication,True,"STRUCTURE: two_linear_proportions
TOOL: cross_multiplication
ANSWER: 58"
test_seen_00030,structure_aware,50,seen,A sequence starts at 11 and changes by -1 each term. Iterate to find term 15.,-3,-10,False,additive_recurrence,additive_repeating_sequence,False,iteration,iteration,True,"STRUCTURE: additive_repeating_sequence
TOOL: iteration
ANSWER: -10"
test_seen_00031,structure_aware,50,seen,An arithmetic sequence has formula a(n) = 9 + (n - 1)(2). Substitute n = 9.,25,30,False,additive_recurrence,additive_recurrence,True,substitution,substitution,True,"STRUCTURE: additive_recurrence
TOOL: substitution
ANSWER: 30"
test_seen_00032,structure_aware,50,seen,"If x + y = -6 and xy = -91, use a square expansion to find x^2 + y^2.",218,85,False,symmetric_sum_product,symmetric_sum_product,True,expansion,expansion,True,"STRUCTURE: symmetric_sum_product
TOOL: expansion
ANSWER: 85"
test_seen_00033,structure_aware,50,seen,"Factor t^2 + 27t + 182 = 0 to obtain its two roots, then give the sum of their squares.",365,369,False,symmetric_sum_product,factorization,False,factorization,factoring,False,"STRUCTURE: factorization
TOOL: factoring
ANSWER: 369"
test_seen_00034,structure_aware,50,seen,"For f(t) = -2t^2 + 4t - 6, substitute t = 3 and find f(3).",-12,-15,False,transformed_expression,polynomial_identity,False,substitution,substitution,True,"STRUCTURE: polynomial_identity
TOOL: substitution
ANSWER: -15"
test_seen_00035,structure_aware,50,seen,Expand (z + 8)(z + 2) and evaluate it at z = -3.,-5,14,False,transformed_expression,binomial_product,False,expansion,expansion,True,"STRUCTURE: binomial_product
TOOL: expansion
ANSWER: 14"
test_seen_00036,structure_aware,50,seen,Two linear constraints hold: -3x + 3y = -15; -3x - 2y = -35. Determine x.,9,0,False,two_linear_relations,two_linear_constraints,False,elimination,substitution,False,"STRUCTURE: two_linear_constraints
TOOL: substitution
ANSWER: 0"
test_seen_00037,structure_aware,50,seen,The linked relations are y = -x - 1 and x - 2y = -4. What is x?,-2,-3,False,two_linear_relations,two_linear_relations,True,substitution,substitution,True,"STRUCTURE: two_linear_relations
TOOL: substitution
ANSWER: -3"
test_seen_00038,structure_aware,50,seen,Evaluate 79^2 - 26^2 by rewriting it as a product.,5565,5801,False,polynomial_identity,polynomial_identity,True,factorization,expansion,False,"STRUCTURE: polynomial_identity
TOOL: expansion
ANSWER: 5801"
test_seen_00039,structure_aware,50,seen,Use the binomial-square identity to compute (26 + 16)^2.,1764,800,False,polynomial_identity,polynomial_identity,True,expansion,expansion,True,"STRUCTURE: polynomial_identity
TOOL: expansion
ANSWER: 800"
test_seen_00040,structure_aware,50,seen,Scale the ratio 9:18 to 18:x. Find x.,36,2,False,equivalent_ratios,equivalent_ratios,True,proportional_scaling,scaling,False,"STRUCTURE: equivalent_ratios
TOOL: scaling
ANSWER: 2"
test_seen_00041,structure_aware,50,seen,Cross-multiply 3:2 = 6:x and determine x.,4,4,True,equivalent_ratios,equivalent_ratios,True,cross_multiplication,cross_multiplication,True,"STRUCTURE: equivalent_ratios
TOOL: cross_multiplication
ANSWER: 4"
test_seen_00042,structure_aware,50,seen,"Given a1 = -19 and a(n+1) = a(n) + 9, find a12.",80,108,False,additive_recurrence,additive_recurrence,True,iteration,recurrence_relation,False,"STRUCTURE: additive_recurrence
TOOL: recurrence_relation
ANSWER: 108"
test_seen_00043,structure_aware,50,seen,Use the closed form b(n) = 12 + (n - 1)(8) to find b(11).,92,74,False,additive_recurrence,additive_recurrence,True,substitution,substitution,True,"STRUCTURE: additive_recurrence
TOOL: substitution
ANSWER: 74"
test_seen_00044,structure_aware,50,seen,Two numbers have sum 3 and product -180. Compute the sum of their squares from the symmetric identity.,369,249,False,symmetric_sum_product,symmetric_sum_product,True,expansion,expansion,True,"STRUCTURE: symmetric_sum_product
TOOL: expansion
ANSWER: 249"
test_seen_00045,structure_aware,50,seen,The roots of t^2 + 15t + 56 = 0 are r and s. Find r^2 + s^2 by factoring the quadratic.,113,34,False,symmetric_sum_product,symmetric_sum_product,True,factorization,factorization,True,"STRUCTURE: symmetric_sum_product
TOOL: factorization
ANSWER: 34"
test_seen_00046,structure_aware,50,seen,Evaluate the transformed expression -3z^2 + 6z + 12 at z = -1.,3,0,False,transformed_expression,transformed_expression,True,substitution,substitution,True,"STRUCTURE: transformed_expression
TOOL: substitution
ANSWER: 0"
test_seen_00047,structure_aware,50,seen,"Open the product (x + -6)(x + -3), then set x = -7.",130,14,False,transformed_expression,polynomial_product,False,expansion,expansion,True,"STRUCTURE: polynomial_product
TOOL: expansion
ANSWER: 14"
test_seen_00048,structure_aware,50,seen,Solve the simultaneous relations 4x + 4y = -32 and x - 2y = 10. Find y.,-6,-5,False,two_linear_relations,two_linear_relations,True,elimination,elimination,True,"STRUCTURE: two_linear_relations
TOOL: elimination
ANSWER: -5"
test_seen_00049,structure_aware,50,seen,"Given y = -4x - 8, insert it into -3x + 2y = -60 and find x.",4,10,False,two_linear_relations,two_linear_equations,False,substitution,substitution,True,"STRUCTURE: two_linear_equations
TOOL: substitution
ANSWER: 10"
test_seen_00050,structure_aware,50,seen,Use the product pattern for a difference of squares to compute 44^2 - 23^2.,1407,1080,False,polynomial_identity,polynomial_identity,True,factorization,factorization,True,"STRUCTURE: polynomial_identity
TOOL: factorization
ANSWER: 1080"
test_seen_00051,structure_aware,50,seen,Expand the square and evaluate (18 + 36)^2.,2916,900,False,polynomial_identity,binomial_expansion,False,expansion,expansion,True,"STRUCTURE: binomial_expansion
TOOL: expansion
ANSWER: 900"
test_seen_00052,structure_aware,50,seen,"At a fixed rate, 10 items cost 20 dollars. What do 40 items cost?",80,80,True,equivalent_ratios,equivalent_rates,False,proportional_scaling,proportionality,False,"STRUCTURE: equivalent_rates
TOOL: proportionality
ANSWER: 80"
test_seen_00053,structure_aware,50,seen,Solve the proportion 13/9 = 52/x for x.,36,46,False,equivalent_ratios,two_linear_proportions,False,cross_multiplication,cross_multiplication,True,"STRUCTURE: two_linear_proportions
TOOL: cross_multiplication
ANSWER: 46"
test_seen_00054,structure_aware,50,seen,A sequence starts at -8 and changes by -2 each term. Iterate to find term 3.,-12,-6,False,additive_recurrence,additive_sequence,False,iteration,iteration,True,"STRUCTURE: additive_sequence
TOOL: iteration
ANSWER: -6"
test_seen_00055,structure_aware,50,seen,An arithmetic sequence has formula a(n) = -15 + (n - 1)(-1). Substitute n = 10.,-24,-20,False,additive_recurrence,additive_recurrence,True,substitution,substitution,True,"STRUCTURE: additive_recurrence
TOOL: substitution
ANSWER: -20"
test_seen_00056,structure_aware,50,seen,"If x + y = 4 and xy = -77, use a square expansion to find x^2 + y^2.",170,109,False,symmetric_sum_product,symmetric_sum_product,True,expansion,expansion,True,"STRUCTURE: symmetric_sum_product
TOOL: expansion
ANSWER: 109"
test_seen_00057,structure_aware,50,seen,"Factor t^2 - 15t + 50 = 0 to obtain its two roots, then give the sum of their squares.",125,36,False,symmetric_sum_product,factorization,False,factorization,factoring,False,"STRUCTURE: factorization
TOOL: factoring
ANSWER: 36"
test_seen_00058,structure_aware,50,seen,"For f(t) = -4t^2 + 7t + 10, substitute t = -2 and find f(-2).",-20,36,False,transformed_expression,polynomial_identity,False,substitution,substitution,True,"STRUCTURE: polynomial_identity
TOOL: substitution
ANSWER: 36"
test_seen_00059,structure_aware,50,seen,Expand (x + -6)(x + 0) and evaluate it at x = -4.,40,2,False,transformed_expression,expanded_expression,False,expansion,expansion,True,"STRUCTURE: expanded_expression
TOOL: expansion
ANSWER: 2"
test_seen_00060,structure_aware,50,seen,Two linear constraints hold: 5x - 3y = -33; -x + 4y = 27. Determine y.,6,10,False,two_linear_relations,two_linear_constrains,False,elimination,substitution,False,"STRUCTURE: two_linear_constrains
TOOL: substitution
ANSWER: 10"
test_seen_00061,structure_aware,50,seen,The linked relations are y = 3x + 6 and -x + 4y = 24. What is y?,6,18,False,two_linear_relations,two_linear_relations,True,substitution,substitution,True,"STRUCTURE: two_linear_relations
TOOL: substitution
ANSWER: 18"
test_seen_00062,structure_aware,50,seen,Evaluate 76^2 - 29^2 by rewriting it as a product.,4935,5801,False,polynomial_identity,polynomial_identity,True,factorization,factorization,True,"STRUCTURE: polynomial_identity
TOOL: factorization
ANSWER: 5801"
test_seen_00063,structure_aware,50,seen,Use the binomial-square identity to compute (29 + 35)^2.,4096,1049,False,polynomial_identity,polynomial_identity,True,expansion,expansion,True,"STRUCTURE: polynomial_identity
TOOL: expansion
ANSWER: 1049"
test_seen_00064,structure_aware,50,seen,Scale the ratio 3:8 to 33:x. Find x.,88,108,False,equivalent_ratios,equivalent_ratios,True,proportional_scaling,scaling_factors,False,"STRUCTURE: equivalent_ratios
TOOL: scaling_factors
ANSWER: 108"
test_seen_00065,structure_aware,50,seen,Cross-multiply 13:6 = 143:x and determine x.,66,9,False,equivalent_ratios,equivalent_ratios,True,cross_multiplication,cross_multiplication,True,"STRUCTURE: equivalent_ratios
TOOL: cross_multiplication
ANSWER: 9"
test_seen_00066,structure_aware,50,seen,"Given a1 = 18 and a(n+1) = a(n) - 9, find a13.",-90,-75,False,additive_recurrence,additive_recurrence,True,iteration,recurrence_relation,False,"STRUCTURE: additive_recurrence
TOOL: recurrence_relation
ANSWER: -75"
test_seen_00067,structure_aware,50,seen,Use the closed form b(n) = -14 + (n - 1)(-7) to find b(15).,-112,20,False,additive_recurrence,recurrence_relation,False,substitution,substitution,True,"STRUCTURE: recurrence_relation
TOOL: substitution
ANSWER: 20"
test_seen_00068,structure_aware,50,seen,Two numbers have sum 18 and product 65. Compute the sum of their squares from the symmetric identity.,194,29,False,symmetric_sum_product,symmetric_sum_product,True,expansion,substitution,False,"STRUCTURE: symmetric_sum_product
TOOL: substitution
ANSWER: 29"
test_seen_00069,structure_aware,50,seen,The roots of t^2 + 17t + 72 = 0 are r and s. Find r^2 + s^2 by factoring the quadratic.,145,34,False,symmetric_sum_product,symmetric_sum_product,True,factorization,factorization,True,"STRUCTURE: symmetric_sum_product
TOOL: factorization
ANSWER: 34"
test_seen_00070,structure_aware,50,seen,Evaluate the transformed expression -2z^2 + 8z - 11 at z = -3.,-53,4,False,transformed_expression,transformed_expression,True,substitution,substitution,True,"STRUCTURE: transformed_expression
TOOL: substitution
ANSWER: 4"
test_seen_00071,structure_aware,50,seen,"Open the product (t + -5)(t + 5), then set t = 0.",-25,25,False,transformed_expression,polynomial_identity,False,expansion,expansion,True,"STRUCTURE: polynomial_identity
TOOL: expansion
ANSWER: 25"
test_seen_00072,structure_aware,50,seen,Solve the simultaneous relations -2x - 2y = 14 and 2x - 3y = 21. Find y.,-7,5,False,two_linear_relations,two_linear_relations,True,elimination,substitution,False,"STRUCTURE: two_linear_relations
TOOL: substitution
ANSWER: 5"
test_seen_00073,structure_aware,50,seen,"Given y = 2x - 1, insert it into 5x - y = 1 and find x.",0,3,False,two_linear_relations,two_linear_equations,False,substitution,substitution,True,"STRUCTURE: two_linear_equations
TOOL: substitution
ANSWER: 3"
test_seen_00074,structure_aware,50,seen,Use the product pattern for a difference of squares to compute 52^2 - 13^2.,2535,249,False,polynomial_identity,polynomial_identity,True,factorization,factorization,True,"STRUCTURE: polynomial_identity
TOOL: factorization
ANSWER: 249"
test_seen_00075,structure_aware,50,seen,Expand the square and evaluate (10 + 11)^2.,441,369,False,polynomial_identity,binomial_expansion,False,expansion,expansion,True,"STRUCTURE: binomial_expansion
TOOL: expansion
ANSWER: 369"
test_seen_00076,structure_aware,50,seen,"At a fixed rate, 4 items cost 7 dollars. What do 20 items cost?",35,14,False,equivalent_ratios,equivalent_rates,False,proportional_scaling,proportionality,False,"STRUCTURE: equivalent_rates
TOOL: proportionality
ANSWER: 14"
test_seen_00077,structure_aware,50,seen,Solve the proportion 11/18 = 132/x for x.,216,204,False,equivalent_ratios,two_linear_proportions,False,cross_multiplication,cross_multiplication,True,"STRUCTURE: two_linear_proportions
TOOL: cross_multiplication
ANSWER: 204"
test_seen_00078,structure_aware,50,seen,A sequence starts at -8 and changes by -1 each term. Iterate to find term 10.,-17,7,False,additive_recurrence,additive_recurrence,True,iteration,iteration,True,"STRUCTURE: additive_recurrence
TOOL: iteration
ANSWER: 7"
test_seen_00079,structure_aware,50,seen,An arithmetic sequence has formula a(n) = 4 + (n - 1)(8). Substitute n = 5.,36,36,True,additive_recurrence,additive_recurrence,True,substitution,substitution,True,"STRUCTURE: additive_recurrence
TOOL: substitution
ANSWER: 36"
test_seen_00080,structure_aware,50,seen,"If x + y = 1 and xy = -156, use a square expansion to find x^2 + y^2.",313,30,False,symmetric_sum_product,symmetric_sum_product,True,expansion,expansion,True,"STRUCTURE: symmetric_sum_product
TOOL: expansion
ANSWER: 30"
test_seen_00081,structure_aware,50,seen,"Factor t^2 - 19t + 88 = 0 to obtain its two roots, then give the sum of their squares.",185,36,False,symmetric_sum_product,factorization,False,factorization,factoring,False,"STRUCTURE: factorization
TOOL: factoring
ANSWER: 36"
test_seen_00082,structure_aware,50,seen,"For f(t) = 4t^2 + 3t - 8, substitute t = -6 and find f(-6).",118,109,False,transformed_expression,polynomial_identity,False,substitution,substitution,True,"STRUCTURE: polynomial_identity
TOOL: substitution
ANSWER: 109"
test_seen_00083,structure_aware,50,seen,Expand (t + 3)(t + -1) and evaluate it at t = 1.,0,2,False,transformed_expression,expanded_expression,False,expansion,expansion,True,"STRUCTURE: expanded_expression
TOOL: expansion
ANSWER: 2"
test_seen_00084,structure_aware,50,seen,Two linear constraints hold: 4x + 3y = -39; x - 5y = 19. Determine y.,-5,-2,False,two_linear_relations,two_linear_constraints,False,elimination,substitution,False,"STRUCTURE: two_linear_constraints
TOOL: substitution
ANSWER: -2"
test_seen_00085,structure_aware,50,seen,The linked relations are y = 3x + 6 and 4x + 3y = 135. What is x?,9,20,False,two_linear_relations,two_linear_relations,True,substitution,substitution,True,"STRUCTURE: two_linear_relations
TOOL: substitution
ANSWER: 20"
test_seen_00086,structure_aware,50,seen,Evaluate 65^2 - 2^2 by rewriting it as a product.,4221,4097,False,polynomial_identity,polynomial_identity,True,factorization,expansion,False,"STRUCTURE: polynomial_identity
TOOL: expansion
ANSWER: 4097"
test_seen_00087,structure_aware,50,seen,Use the binomial-square identity to compute (32 + 6)^2.,1444,1089,False,polynomial_identity,polynomial_identity,True,expansion,expansion,True,"STRUCTURE: polynomial_identity
TOOL: expansion
ANSWER: 1089"
test_seen_00088,structure_aware,50,seen,Scale the ratio 3:23 to 18:x. Find x.,138,54,False,equivalent_ratios,equivalent_ratios,True,proportional_scaling,scaling,False,"STRUCTURE: equivalent_ratios
TOOL: scaling
ANSWER: 54"
test_seen_00089,structure_aware,50,seen,Cross-multiply 9:4 = 45:x and determine x.,20,18,False,equivalent_ratios,equivalent_ratios,True,cross_multiplication,cross_multiplication,True,"STRUCTURE: equivalent_ratios
TOOL: cross_multiplication
ANSWER: 18"
test_seen_00090,structure_aware,50,seen,"Given a1 = 14 and a(n+1) = a(n) + 5, find a10.",59,69,False,additive_recurrence,additive_recurrence,True,iteration,recurrence_relation,False,"STRUCTURE: additive_recurrence
TOOL: recurrence_relation
ANSWER: 69"
test_seen_00091,structure_aware,50,seen,Use the closed form b(n) = -11 + (n - 1)(-4) to find b(8).,-39,-59,False,additive_recurrence,recurrence_relation,False,substitution,substitution,True,"STRUCTURE: recurrence_relation
TOOL: substitution
ANSWER: -59"
test_seen_00092,structure_aware,50,seen,Two numbers have sum -28 and product 195. Compute the sum of their squares from the symmetric identity.,394,360,False,symmetric_sum_product,symmetric_sum_product,True,expansion,substitution,False,"STRUCTURE: symmetric_sum_product
TOOL: substitution
ANSWER: 360"
test_seen_00093,structure_aware,50,seen,The roots of t^2 + 12t + 35 = 0 are r and s. Find r^2 + s^2 by factoring the quadratic.,74,169,False,symmetric_sum_product,symmetric_sum_product,True,factorization,factorization,True,"STRUCTURE: symmetric_sum_product
TOOL: factorization
ANSWER: 169"
test_seen_00094,structure_aware,50,seen,Evaluate the transformed expression -5z^2 - 6z + 5 at z = 6.,-211,-17,False,transformed_expression,transformed_expression,True,substitution,substitution,True,"STRUCTURE: transformed_expression
TOOL: substitution
ANSWER: -17"
test_seen_00095,structure_aware,50,seen,"Open the product (z + 0)(z + -5), then set z = -7.",84,24,False,transformed_expression,polynomial_identity,False,expansion,expansion,True,"STRUCTURE: polynomial_identity
TOOL: expansion
ANSWER: 24"
test_seen_00096,structure_aware,50,seen,Solve the simultaneous relations -5x - 5y = 5 and 5x - 4y = 22. Find x.,2,10,False,two_linear_relations,two_linear_relations,True,elimination,substitution,False,"STRUCTURE: two_linear_relations
TOOL: substitution
ANSWER: 10"
test_seen_00097,structure_aware,50,seen,"Given y = -2x - 2, insert it into -2x - 5y = -38 and find y.",10,-14,False,two_linear_relations,two_linear_equations,False,substitution,substitution,True,"STRUCTURE: two_linear_equations
TOOL: substitution
ANSWER: -14"
test_seen_00098,structure_aware,50,seen,Use the product pattern for a difference of squares to compute 19^2 - 4^2.,345,30,False,polynomial_identity,polynomial_identity,True,factorization,factorization,True,"STRUCTURE: polynomial_identity
TOOL: factorization
ANSWER: 30"
test_seen_00099,structure_aware,50,seen,Expand the square and evaluate (8 + 21)^2.,841,3649,False,polynomial_identity,binomial_square_product,False,expansion,expansion,True,"STRUCTURE: binomial_square_product
TOOL: expansion
ANSWER: 3649"
test_seen_00100,structure_aware,50,seen,"At a fixed rate, 3 items cost 21 dollars. What do 6 items cost?",42,42,True,equivalent_ratios,equivalent_rates,False,proportional_scaling,division,False,"STRUCTURE: equivalent_rates
TOOL: division
ANSWER: 42"
test_seen_00101,structure_aware,50,seen,Solve the proportion 12/9 = 120/x for x.,90,90,True,equivalent_ratios,two_ratio_to_product,False,cross_multiplication,cross_multiplication,True,"STRUCTURE: two_ratio_to_product
TOOL: cross_multiplication
ANSWER: 90"
test_seen_00102,structure_aware,50,seen,A sequence starts at -4 and changes by -1 each term. Iterate to find term 9.,-12,-8,False,additive_recurrence,additive_recurrence,True,iteration,iteration,True,"STRUCTURE: additive_recurrence
TOOL: iteration
ANSWER: -8"
test_seen_00103,structure_aware,50,seen,An arithmetic sequence has formula a(n) = 18 + (n - 1)(-4). Substitute n = 15.,-38,24,False,additive_recurrence,additive_recurrence,True,substitution,substitution,True,"STRUCTURE: additive_recurrence
TOOL: substitution
ANSWER: 24"
test_seen_00104,structure_aware,50,seen,"If x + y = -5 and xy = -50, use a square expansion to find x^2 + y^2.",125,100,False,symmetric_sum_product,symmetric_sum_product,True,expansion,expansion,True,"STRUCTURE: symmetric_sum_product
TOOL: expansion
ANSWER: 100"
test_seen_00105,structure_aware,50,seen,"Factor t^2 - 2t - 35 = 0 to obtain its two roots, then give the sum of their squares.",74,169,False,symmetric_sum_product,factorization,False,factorization,factoring,False,"STRUCTURE: factorization
TOOL: factoring
ANSWER: 169"
test_seen_00106,structure_aware,50,seen,"For f(t) = 3t^2 + 5t + 8, substitute t = 4 and find f(4).",76,109,False,transformed_expression,polynomial_identity,False,substitution,substitution,True,"STRUCTURE: polynomial_identity
TOOL: substitution
ANSWER: 109"
test_seen_00107,structure_aware,50,seen,Expand (t + 3)(t + 0) and evaluate it at t = 0.,0,0,True,transformed_expression,polynomial_product,False,expansion,expansion,True,"STRUCTURE: polynomial_product
TOOL: expansion
ANSWER: 0"
test_seen_00108,structure_aware,50,seen,Two linear constraints hold: 2x + y = 15; 5x + 2y = 39. Determine x.,9,4,False,two_linear_relations,two_linear_constraints,False,elimination,substitution,False,"STRUCTURE: two_linear_constraints
TOOL: substitution
ANSWER: 4"
test_seen_00109,structure_aware,50,seen,The linked relations are y = 6 - 3x and -5x + 5y = -110. What is x?,7,-2,False,two_linear_relations,two_linear_relations,True,substitution,substitution,True,"STRUCTURE: two_linear_relations
TOOL: substitution
ANSWER: -2"
test_seen_00110,structure_aware,50,seen,Evaluate 19^2 - 9^2 by rewriting it as a product.,280,300,False,polynomial_identity,polynomial_identity,True,factorization,factoring,False,"STRUCTURE: polynomial_identity
TOOL: factoring
ANSWER: 300"
test_seen_00111,structure_aware,50,seen,Use the binomial-square identity to compute (30 + 6)^2.,1296,1584,False,polynomial_identity,polynomial_identity,True,expansion,expansion,True,"STRUCTURE: polynomial_identity
TOOL: expansion
ANSWER: 1584"
test_seen_00112,structure_aware,50,seen,Scale the ratio 3:5 to 27:x. Find x.,45,18,False,equivalent_ratios,equivalent_ratios,True,proportional_scaling,scaling_factors,False,"STRUCTURE: equivalent_ratios
TOOL: scaling_factors
ANSWER: 18"
test_seen_00113,structure_aware,50,seen,Cross-multiply 12:10 = 24:x and determine x.,20,30,False,equivalent_ratios,equivalent_ratios,True,cross_multiplication,cross_multiplication,True,"STRUCTURE: equivalent_ratios
TOOL: cross_multiplication
ANSWER: 30"
test_seen_00114,structure_aware,50,seen,"Given a1 = 12 and a(n+1) = a(n) + 8, find a9.",76,104,False,additive_recurrence,additive_recurrence,True,iteration,recurrence_relation,False,"STRUCTURE: additive_recurrence
TOOL: recurrence_relation
ANSWER: 104"
test_seen_00115,structure_aware,50,seen,Use the closed form b(n) = -6 + (n - 1)(7) to find b(15).,92,-29,False,additive_recurrence,recurrence_relation,False,substitution,substitution,True,"STRUCTURE: recurrence_relation
TOOL: substitution
ANSWER: -29"
test_seen_00116,structure_aware,50,seen,Two numbers have sum -23 and product 120. Compute the sum of their squares from the symmetric identity.,289,549,False,symmetric_sum_product,symmetric_sum_product,True,expansion,expansion,True,"STRUCTURE: symmetric_sum_product
TOOL: expansion
ANSWER: 549"
test_seen_00117,structure_aware,50,seen,The roots of t^2 + 9t + 20 = 0 are r and s. Find r^2 + s^2 by factoring the quadratic.,41,14,False,symmetric_sum_product,symmetric_sum_product,True,factorization,factorization,True,"STRUCTURE: symmetric_sum_product
TOOL: factorization
ANSWER: 14"
test_seen_00118,structure_aware,50,seen,Evaluate the transformed expression -4z^2 + 4z - 10 at z = -5.,-130,3,False,transformed_expression,transformed_expression,True,substitution,substitution,True,"STRUCTURE: transformed_expression
TOOL: substitution
ANSWER: 3"
test_seen_00119,structure_aware,50,seen,"Open the product (x + -10)(x + 6), then set x = 2.",-64,35,False,transformed_expression,polynomial_product,False,expansion,substitution,False,"STRUCTURE: polynomial_product
TOOL: substitution
ANSWER: 35"
test_unseen_00000,structure_aware,50,unseen,The lines 3x - 4y = -16 and -3x + y = -5 intersect. Give their x-coordinate.,4,-2,False,two_linear_relations,two_lines_intersections,False,elimination,substitution,False,"STRUCTURE: two_lines_intersections
TOOL: substitution
ANSWER: -2"
test_unseen_00001,structure_aware,50,unseen,One variable is isolated in y = -5x - 1; use the other constraint -4x + 5y = -5 to obtain x.,0,2,False,two_linear_relations,two_linear_constraints,False,substitution,substitution,True,"STRUCTURE: two_linear_constraints
TOOL: substitution
ANSWER: 2"
test_unseen_00002,structure_aware,50,unseen,"Without separately squaring both numbers, find the difference between 29 squared and 8 squared.",777,175,False,polynomial_identity,two_subtractions,False,factorization,expansion,False,"STRUCTURE: two_subtractions
TOOL: expansion
ANSWER: 175"
test_unseen_00003,structure_aware,50,unseen,What number results from opening the brackets in (34 + 21)(34 + 21)?,3025,1080,False,polynomial_identity,two_step_operations,False,expansion,expansion,True,"STRUCTURE: two_step_operations
TOOL: expansion
ANSWER: 1080"
test_unseen_00004,structure_aware,50,unseen,A batch of 8 units has value 20. Find the value of a same-rate batch of 96 units.,240,15,False,equivalent_ratios,equivalent_rates,False,proportional_scaling,division,False,"STRUCTURE: equivalent_rates
TOOL: division
ANSWER: 15"
test_unseen_00005,structure_aware,50,unseen,Complete the equivalent fractions: 14/12 = 112/[blank].,96,9,False,equivalent_ratios,equivalent_fractions,False,cross_multiplication,division,False,"STRUCTURE: equivalent_fractions
TOOL: division
ANSWER: 9"
test_unseen_00006,structure_aware,50,unseen,A machine begins at 2 and applies a change of -7 for 7 rounds. What is its final value?,-47,1,False,additive_recurrence,additive_reversal,False,iteration,substitution,False,"STRUCTURE: additive_reversal
TOOL: substitution
ANSWER: 1"
test_unseen_00007,structure_aware,50,unseen,The repeated-change process is summarized by c(k) = -2 + (k - 1)(-4). Evaluate it at k = 4.,-14,-6,False,additive_recurrence,additive_equation,False,substitution,substitution,True,"STRUCTURE: additive_equation
TOOL: substitution
ANSWER: -6"
test_unseen_00008,structure_aware,50,unseen,"Knowing only that p + q = -12 and pq = -13, determine p^2 + q^2 by opening (p + q)^2.",170,144,False,symmetric_sum_product,symmetric_sum_product,True,expansion,expansion,True,"STRUCTURE: symmetric_sum_product
TOOL: expansion
ANSWER: 144"
test_unseen_00009,structure_aware,50,unseen,Split the quadratic t^2 + 9t - 36 into linear factors and report the squared-root sum.,153,18,False,symmetric_sum_product,split_and_square,False,factorization,factorization,True,"STRUCTURE: split_and_square
TOOL: factorization
ANSWER: 18"
test_unseen_00010,structure_aware,50,unseen,Insert u = 3 into -u^2 + 2u - 9. What value results?,-12,-15,False,transformed_expression,polynomial_identity,False,substitution,substitution,True,"STRUCTURE: polynomial_identity
TOOL: substitution
ANSWER: -15"
test_unseen_00011,structure_aware,50,unseen,"After multiplying out the two shifted factors (t + -1) and (t + -9), find the result when t is -2.",33,3,False,transformed_expression,symmetric_product,False,expansion,expansion,True,"STRUCTURE: symmetric_product
TOOL: expansion
ANSWER: 3"
test_unseen_00012,structure_aware,50,unseen,The lines 2x - 2y = -24 and -2x - 3y = -6 intersect. Give their y-coordinate.,6,-1,False,two_linear_relations,two_lines_intersects,False,elimination,substitution,False,"STRUCTURE: two_lines_intersects
TOOL: substitution
ANSWER: -1"
test_unseen_00013,structure_aware,50,unseen,One variable is isolated in y = -5x - 7; use the other constraint 2x - 5y = -19 to obtain y.,3,-3,False,two_linear_relations,two_linear_constraints,False,substitution,substitution,True,"STRUCTURE: two_linear_constraints
TOOL: substitution
ANSWER: -3"
test_unseen_00014,structure_aware,50,unseen,"Without separately squaring both numbers, find the difference between 79 squared and 25 squared.",5616,104,False,polynomial_identity,two_numbers_subtraction,False,factorization,expansion,False,"STRUCTURE: two_numbers_subtraction
TOOL: expansion
ANSWER: 104"
test_unseen_00015,structure_aware,50,unseen,What number results from opening the brackets in (32 + 31)(32 + 31)?,3969,676,False,polynomial_identity,two_step_operations,False,expansion,expansion,True,"STRUCTURE: two_step_operations
TOOL: expansion
ANSWER: 676"
test_unseen_00016,structure_aware,50,unseen,A batch of 14 units has value 19. Find the value of a same-rate batch of 154 units.,209,20,False,equivalent_ratios,equivalent_rates,False,proportional_scaling,division,False,"STRUCTURE: equivalent_rates
TOOL: division
ANSWER: 20"
test_unseen_00017,structure_aware,50,unseen,Complete the equivalent fractions: 5/17 = 20/[blank].,68,35,False,equivalent_ratios,equivalent_fractions,False,cross_multiplication,elimination,False,"STRUCTURE: equivalent_fractions
TOOL: elimination
ANSWER: 35"
test_unseen_00018,structure_aware,50,unseen,A machine begins at 9 and applies a change of 3 for 11 rounds. What is its final value?,42,24,False,additive_recurrence,additive_reversal,False,iteration,iteration_counter,False,"STRUCTURE: additive_reversal
TOOL: iteration_counter
ANSWER: 24"
test_unseen_00019,structure_aware,50,unseen,The repeated-change process is summarized by c(k) = -18 + (k - 1)(-1). Evaluate it at k = 5.,-22,-20,False,additive_recurrence,linear_equations,False,substitution,substitution,True,"STRUCTURE: linear_equations
TOOL: substitution
ANSWER: -20"
test_unseen_00020,structure_aware,50,unseen,"Knowing only that p + q = -2 and pq = -195, determine p^2 + q^2 by opening (p + q)^2.",394,46,False,symmetric_sum_product,symmetric_sum_product,True,expansion,expansion,True,"STRUCTURE: symmetric_sum_product
TOOL: expansion
ANSWER: 46"
test_unseen_00021,structure_aware,50,unseen,Split the quadratic t^2 - 12t + 27 into linear factors and report the squared-root sum.,90,36,False,symmetric_sum_product,split_and_square,False,factorization,factorization,True,"STRUCTURE: split_and_square
TOOL: factorization
ANSWER: 36"
test_unseen_00022,structure_aware,50,unseen,Insert u = 2 into 5u^2 + u - 1. What value results?,21,3,False,transformed_expression,polynomial_identity,False,substitution,substitution,True,"STRUCTURE: polynomial_identity
TOOL: substitution
ANSWER: 3"
test_unseen_00023,structure_aware,50,unseen,"After multiplying out the two shifted factors (t + -4) and (t + 2), find the result when t is -6.",40,10,False,transformed_expression,symmetric_product,False,expansion,expansion,True,"STRUCTURE: symmetric_product
TOOL: expansion
ANSWER: 10"
test_unseen_00024,structure_aware,50,unseen,The lines -2x + 4y = -26 and -5x + y = -11 intersect. Give their x-coordinate.,1,-3,False,two_linear_relations,two_lines_intersects,False,elimination,substitution,False,"STRUCTURE: two_lines_intersects
TOOL: substitution
ANSWER: -3"
test_unseen_00025,structure_aware,50,unseen,One variable is isolated in y = -4x - 4; use the other constraint -3x - 5y = 122 to obtain y.,-28,6,False,two_linear_relations,two_linear_constraints,False,substitution,substitution,True,"STRUCTURE: two_linear_constraints
TOOL: substitution
ANSWER: 6"
test_unseen_00026,structure_aware,50,unseen,"Without separately squaring both numbers, find the difference between 48 squared and 43 squared.",455,15,False,polynomial_identity,two_numbers_subtraction,False,factorization,expansion,False,"STRUCTURE: two_numbers_subtraction
TOOL: expansion
ANSWER: 15"
test_unseen_00027,structure_aware,50,unseen,What number results from opening the brackets in (19 + 6)(19 + 6)?,625,350,False,polynomial_identity,two_step_operations,False,expansion,expansion,True,"STRUCTURE: two_step_operations
TOOL: expansion
ANSWER: 350"
test_unseen_00028,structure_aware,50,unseen,A batch of 8 units has value 10. Find the value of a same-rate batch of 16 units.,20,5,False,equivalent_ratios,equivalent_rates,False,proportional_scaling,proportionality,False,"STRUCTURE: equivalent_rates
TOOL: proportionality
ANSWER: 5"
test_unseen_00029,structure_aware,50,unseen,Complete the equivalent fractions: 13/18 = 52/[blank].,72,63,False,equivalent_ratios,equivalent_fractions,False,cross_multiplication,elimination_theorem,False,"STRUCTURE: equivalent_fractions
TOOL: elimination_theorem
ANSWER: 63"
test_unseen_00030,structure_aware,50,unseen,A machine begins at 20 and applies a change of -3 for 2 rounds. What is its final value?,14,17,False,additive_recurrence,additive_reversal,False,iteration,substitution,False,"STRUCTURE: additive_reversal
TOOL: substitution
ANSWER: 17"
test_unseen_00031,structure_aware,50,unseen,The repeated-change process is summarized by c(k) = -3 + (k - 1)(7). Evaluate it at k = 7.,39,-20,False,additive_recurrence,additive_equation,False,substitution,substitution,True,"STRUCTURE: additive_equation
TOOL: substitution
ANSWER: -20"
test_unseen_00032,structure_aware,50,unseen,"Knowing only that p + q = -12 and pq = -13, determine p^2 + q^2 by opening (p + q)^2.",170,144,False,symmetric_sum_product,symmetric_sum_product,True,expansion,expansion,True,"STRUCTURE: symmetric_sum_product
TOOL: expansion
ANSWER: 144"
test_unseen_00033,structure_aware,50,unseen,Split the quadratic t^2 - 21t + 108 into linear factors and report the squared-root sum.,225,36,False,symmetric_sum_product,split_and_square,False,factorization,factorization,True,"STRUCTURE: split_and_square
TOOL: factorization
ANSWER: 36"
test_unseen_00034,structure_aware,50,unseen,Insert u = 5 into 5u^2 + 2u + 5. What value results?,140,30,False,transformed_expression,polynomial_identity,False,substitution,substitution,True,"STRUCTURE: polynomial_identity
TOOL: substitution
ANSWER: 30"
test_unseen_00035,structure_aware,50,unseen,"After multiplying out the two shifted factors (t + 5) and (t + -8), find the result when t is -3.",-22,17,False,transformed_expression,symmetric_product,False,expansion,expansion,True,"STRUCTURE: symmetric_product
TOOL: expansion
ANSWER: 17"
test_unseen_00036,structure_aware,50,unseen,The lines x - y = -3 and 3x + 2y = 6 intersect. Give their x-coordinate.,0,1,False,two_linear_relations,two_lines_intersects,False,elimination,substitution,False,"STRUCTURE: two_lines_intersects
TOOL: substitution
ANSWER: 1"
test_unseen_00037,structure_aware,50,unseen,One variable is isolated in y = -x - 4; use the other constraint -4x + 3y = -19 to obtain y.,-5,2,False,two_linear_relations,two_variables_one_constant,False,substitution,substitution,True,"STRUCTURE: two_variables_one_constant
TOOL: substitution
ANSWER: 2"
test_unseen_00038,structure_aware,50,unseen,"Without separately squaring both numbers, find the difference between 66 squared and 43 squared.",2507,1089,False,polynomial_identity,two_numbers_subtracted,False,factorization,expansion,False,"STRUCTURE: two_numbers_subtracted
TOOL: expansion
ANSWER: 1089"
test_unseen_00039,structure_aware,50,unseen,What number results from opening the brackets in (30 + 7)(30 + 7)?,1369,216,False,polynomial_identity,two_step_operations,False,expansion,expansion,True,"STRUCTURE: two_step_operations
TOOL: expansion
ANSWER: 216"
test_unseen_00040,structure_aware,50,unseen,A batch of 11 units has value 6. Find the value of a same-rate batch of 66 units.,36,3,False,equivalent_ratios,equivalent_rates,False,proportional_scaling,division,False,"STRUCTURE: equivalent_rates
TOOL: division
ANSWER: 3"
test_unseen_00041,structure_aware,50,unseen,Complete the equivalent fractions: 13/19 = 78/[blank].,114,269,False,equivalent_ratios,equivalent_fractions,False,cross_multiplication,elimination_theorem,False,"STRUCTURE: equivalent_fractions
TOOL: elimination_theorem
ANSWER: 269"
test_unseen_00042,structure_aware,50,unseen,A machine begins at 12 and applies a change of 3 for 5 rounds. What is its final value?,27,4,False,additive_recurrence,additive_reversal,False,iteration,substitution,False,"STRUCTURE: additive_reversal
TOOL: substitution
ANSWER: 4"
test_unseen_00043,structure_aware,50,unseen,The repeated-change process is summarized by c(k) = -18 + (k - 1)(-2). Evaluate it at k = 11.,-38,-30,False,additive_recurrence,linear_equations,False,substitution,substitution,True,"STRUCTURE: linear_equations
TOOL: substitution
ANSWER: -30"
test_unseen_00044,structure_aware,50,unseen,"Knowing only that p + q = -13 and pq = 0, determine p^2 + q^2 by opening (p + q)^2.",169,144,False,symmetric_sum_product,symmetric_sum_product,True,expansion,expansion,True,"STRUCTURE: symmetric_sum_product
TOOL: expansion
ANSWER: 144"
test_unseen_00045,structure_aware,50,unseen,Split the quadratic t^2 + 6t - 7 into linear factors and report the squared-root sum.,50,10,False,symmetric_sum_product,split_and_square_root,False,factorization,factorization,True,"STRUCTURE: split_and_square_root
TOOL: factorization
ANSWER: 10"
test_unseen_00046,structure_aware,50,unseen,Insert u = -3 into 2u^2 - 4u + 2. What value results?,32,-1,False,transformed_expression,symmetric_transform,False,substitution,substitution,True,"STRUCTURE: symmetric_transform
TOOL: substitution
ANSWER: -1"
test_unseen_00047,structure_aware,50,unseen,"After multiplying out the two shifted factors (z + -6) and (z + -3), find the result when z is 7.",4,14,False,transformed_expression,shifted_product,False,expansion,expansion,True,"STRUCTURE: shifted_product
TOOL: expansion
ANSWER: 14"
test_unseen_00048,structure_aware,50,unseen,The lines -3x - 5y = -41 and -4x + y = -1 intersect. Give their y-coordinate.,7,-2,False,two_linear_relations,two_lines_intersects,False,elimination,substitution,False,"STRUCTURE: two_lines_intersects
TOOL: substitution
ANSWER: -2"
test_unseen_00049,structure_aware,50,unseen,One variable is isolated in y = 5x + 8; use the other constraint 3x - 2y = -37 to obtain x.,3,10,False,two_linear_relations,two_linear_constraints,False,substitution,substitution,True,"STRUCTURE: two_linear_constraints
TOOL: substitution
ANSWER: 10"
test_unseen_00050,structure_aware,50,unseen,"Without separately squaring both numbers, find the difference between 31 squared and 12 squared.",817,109,False,polynomial_identity,two_numbers_subtraction,False,factorization,expansion,False,"STRUCTURE: two_numbers_subtraction
TOOL: expansion
ANSWER: 109"
test_unseen_00051,structure_aware,50,unseen,What number results from opening the brackets in (2 + 23)(2 + 23)?,625,49,False,polynomial_identity,two_term_multiplication,False,expansion,expansion,True,"STRUCTURE: two_term_multiplication
TOOL: expansion
ANSWER: 49"
test_unseen_00052,structure_aware,50,unseen,A batch of 2 units has value 19. Find the value of a same-rate batch of 12 units.,114,36,False,equivalent_ratios,two_unit_batch,False,proportional_scaling,proportionality,False,"STRUCTURE: two_unit_batch
TOOL: proportionality
ANSWER: 36"
test_unseen_00053,structure_aware,50,unseen,Complete the equivalent fractions: 11/6 = 55/[blank].,30,3,False,equivalent_ratios,equivalent_fractions,False,cross_multiplication,division,False,"STRUCTURE: equivalent_fractions
TOOL: division
ANSWER: 3"
test_unseen_00054,structure_aware,50,unseen,A machine begins at -10 and applies a change of -3 for 10 rounds. What is its final value?,-40,2,False,additive_recurrence,additive_reversal,False,iteration,iteration,True,"STRUCTURE: additive_reversal
TOOL: iteration
ANSWER: 2"
test_unseen_00055,structure_aware,50,unseen,The repeated-change process is summarized by c(k) = -19 + (k - 1)(-7). Evaluate it at k = 4.,-40,-25,False,additive_recurrence,linear_equations,False,substitution,substitution,True,"STRUCTURE: linear_equations
TOOL: substitution
ANSWER: -25"
test_unseen_00056,structure_aware,50,unseen,"Knowing only that p + q = 3 and pq = 2, determine p^2 + q^2 by opening (p + q)^2.",5,7,False,symmetric_sum_product,symmetric_sum_product,True,expansion,expansion,True,"STRUCTURE: symmetric_sum_product
TOOL: expansion
ANSWER: 7"
test_unseen_00057,structure_aware,50,unseen,Split the quadratic t^2 + 9t - 70 into linear factors and report the squared-root sum.,221,14,False,symmetric_sum_product,split_and_square,False,factorization,factorization,True,"STRUCTURE: split_and_square
TOOL: factorization
ANSWER: 14"
test_unseen_00058,structure_aware,50,unseen,Insert u = -3 into -u^2 + 4u - 8. What value results?,-29,-10,False,transformed_expression,polynomial_identity,False,substitution,substitution,True,"STRUCTURE: polynomial_identity
TOOL: substitution
ANSWER: -10"
test_unseen_00059,structure_aware,50,unseen,"After multiplying out the two shifted factors (z + 10) and (z + -5), find the result when z is 3.",-26,29,False,transformed_expression,shifted_product,False,expansion,expansion,True,"STRUCTURE: shifted_product
TOOL: expansion
ANSWER: 29"
test_unseen_00060,structure_aware,50,unseen,The lines 4x - y = -29 and -5x - 5y = 30 intersect. Give their x-coordinate.,-7,-1,False,two_linear_relations,two_lines_intersects,False,elimination,substitution,False,"STRUCTURE: two_lines_intersects
TOOL: substitution
ANSWER: -1"
test_unseen_00061,structure_aware,50,unseen,One variable is isolated in y = -2x - 8; use the other constraint -3x - 4y = 2 to obtain x.,-6,1,False,two_linear_relations,two_linear_constraints,False,substitution,substitution,True,"STRUCTURE: two_linear_constraints
TOOL: substitution
ANSWER: 1"
test_unseen_00062,structure_aware,50,unseen,"Without separately squaring both numbers, find the difference between 45 squared and 37 squared.",656,128,False,polynomial_identity,two_numbers_subtraction,False,factorization,expansion,False,"STRUCTURE: two_numbers_subtraction
TOOL: expansion
ANSWER: 128"
test_unseen_00063,structure_aware,50,unseen,What number results from opening the brackets in (12 + 29)(12 + 29)?,1681,604,False,polynomial_identity,two_step_operations,False,expansion,expansion,True,"STRUCTURE: two_step_operations
TOOL: expansion
ANSWER: 604"
test_unseen_00064,structure_aware,50,unseen,A batch of 8 units has value 13. Find the value of a same-rate batch of 48 units.,78,2,False,equivalent_ratios,equivalent_rates,False,proportional_scaling,division,False,"STRUCTURE: equivalent_rates
TOOL: division
ANSWER: 2"
test_unseen_00065,structure_aware,50,unseen,Complete the equivalent fractions: 11/10 = 55/[blank].,50,25,False,equivalent_ratios,equivalent_fractions,False,cross_multiplication,division,False,"STRUCTURE: equivalent_fractions
TOOL: division
ANSWER: 25"
test_unseen_00066,structure_aware,50,unseen,A machine begins at -11 and applies a change of 1 for 6 rounds. What is its final value?,-5,0,False,additive_recurrence,additive_reversal,False,iteration,iteration_counter,False,"STRUCTURE: additive_reversal
TOOL: iteration_counter
ANSWER: 0"
test_unseen_00067,structure_aware,50,unseen,The repeated-change process is summarized by c(k) = 5 + (k - 1)(-4). Evaluate it at k = 13.,-43,29,False,additive_recurrence,linear_equations,False,substitution,substitution,True,"STRUCTURE: linear_equations
TOOL: substitution
ANSWER: 29"
test_unseen_00068,structure_aware,50,unseen,"Knowing only that p + q = 5 and pq = -150, determine p^2 + q^2 by opening (p + q)^2.",325,300,False,symmetric_sum_product,symmetric_sum_product,True,expansion,expansion,True,"STRUCTURE: symmetric_sum_product
TOOL: expansion
ANSWER: 300"
test_unseen_00069,structure_aware,50,unseen,Split the quadratic t^2 + 10t into linear factors and report the squared-root sum.,100,45,False,symmetric_sum_product,split_and_square,False,factorization,factorization,True,"STRUCTURE: split_and_square
TOOL: factorization
ANSWER: 45"
test_unseen_00070,structure_aware,50,unseen,Insert u = 0 into -u^2 + 6u + 3. What value results?,3,9,False,transformed_expression,symmetric_polynomial,False,substitution,substitution,True,"STRUCTURE: symmetric_polynomial
TOOL: substitution
ANSWER: 9"
test_unseen_00071,structure_aware,50,unseen,"After multiplying out the two shifted factors (z + -1) and (z + -1), find the result when z is 4.",9,25,False,transformed_expression,shifted_product,False,expansion,expansion,True,"STRUCTURE: shifted_product
TOOL: expansion
ANSWER: 25"
test_unseen_00072,structure_aware,50,unseen,The lines x + 2y = 17 and 2x - 4y = -14 intersect. Give their y-coordinate.,6,3,False,two_linear_relations,two_lines_intersects,False,elimination,substitution,False,"STRUCTURE: two_lines_intersects
TOOL: substitution
ANSWER: 3"
test_unseen_00073,structure_aware,50,unseen,One variable is isolated in y = -2x; use the other constraint -2x + 3y = -72 to obtain x.,9,10,False,two_linear_relations,two_linear_constraints,False,substitution,substitution,True,"STRUCTURE: two_linear_constraints
TOOL: substitution
ANSWER: 10"
test_unseen_00074,structure_aware,50,unseen,"Without separately squaring both numbers, find the difference between 27 squared and 24 squared.",153,9,False,polynomial_identity,two_subtractions,False,factorization,expansion,False,"STRUCTURE: two_subtractions
TOOL: expansion
ANSWER: 9"
test_unseen_00075,structure_aware,50,unseen,What number results from opening the brackets in (25 + 16)(25 + 16)?,1681,800,False,polynomial_identity,two_step_operations,False,expansion,expansion,True,"STRUCTURE: two_step_operations
TOOL: expansion
ANSWER: 800"
test_unseen_00076,structure_aware,50,unseen,A batch of 8 units has value 11. Find the value of a same-rate batch of 64 units.,88,17,False,equivalent_ratios,equivalent_rates,False,proportional_scaling,division,False,"STRUCTURE: equivalent_rates
TOOL: division
ANSWER: 17"
test_unseen_00077,structure_aware,50,unseen,Complete the equivalent fractions: 3/2 = 24/[blank].,16,18,False,equivalent_ratios,equivalent_fractions,False,cross_multiplication,elimination,False,"STRUCTURE: equivalent_fractions
TOOL: elimination
ANSWER: 18"
test_unseen_00078,structure_aware,50,unseen,A machine begins at -6 and applies a change of 9 for 6 rounds. What is its final value?,48,3,False,additive_recurrence,additive_reversal,False,iteration,iteration,True,"STRUCTURE: additive_reversal
TOOL: iteration
ANSWER: 3"
test_unseen_00079,structure_aware,50,unseen,The repeated-change process is summarized by c(k) = -19 + (k - 1)(-4). Evaluate it at k = 15.,-75,-28,False,additive_recurrence,linear_equations,False,substitution,substitution,True,"STRUCTURE: linear_equations
TOOL: substitution
ANSWER: -28"
test_unseen_00080,structure_aware,50,unseen,"Knowing only that p + q = -4 and pq = -45, determine p^2 + q^2 by opening (p + q)^2.",106,169,False,symmetric_sum_product,symmetric_sum_product,True,expansion,expansion,True,"STRUCTURE: symmetric_sum_product
TOOL: expansion
ANSWER: 169"
test_unseen_00081,structure_aware,50,unseen,Split the quadratic t^2 - t - 30 into linear factors and report the squared-root sum.,61,15,False,symmetric_sum_product,split_into_factors,False,factorization,factorization,True,"STRUCTURE: split_into_factors
TOOL: factorization
ANSWER: 15"
test_unseen_00082,structure_aware,50,unseen,Insert u = -7 into u^2 + 6u + 3. What value results?,10,-45,False,transformed_expression,polynomial_identity,False,substitution,substitution,True,"STRUCTURE: polynomial_identity
TOOL: substitution
ANSWER: -45"
test_unseen_00083,structure_aware,50,unseen,"After multiplying out the two shifted factors (t + 8) and (t + 8), find the result when t is -7.",1,16,False,transformed_expression,symmetric_product,False,expansion,expansion,True,"STRUCTURE: symmetric_product
TOOL: expansion
ANSWER: 16"
test_unseen_00084,structure_aware,50,unseen,The lines 2x - 5y = 2 and -4x - y = 18 intersect. Give their y-coordinate.,-2,3,False,two_linear_relations,two_lines_intersects,False,elimination,substitution,False,"STRUCTURE: two_lines_intersects
TOOL: substitution
ANSWER: 3"
test_unseen_00085,structure_aware,50,unseen,One variable is isolated in y = 6 - 3x; use the other constraint -x - 5y = -114 to obtain x.,-6,20,False,two_linear_relations,two_linear_constraints,False,substitution,substitution,True,"STRUCTURE: two_linear_constraints
TOOL: substitution
ANSWER: 20"
test_unseen_00086,structure_aware,50,unseen,"Without separately squaring both numbers, find the difference between 37 squared and 35 squared.",144,14,False,polynomial_identity,symmetric_diff,False,factorization,expansion,False,"STRUCTURE: symmetric_diff
TOOL: expansion
ANSWER: 14"
test_unseen_00087,structure_aware,50,unseen,What number results from opening the brackets in (24 + 6)(24 + 6)?,900,570,False,polynomial_identity,two_step_operations,False,expansion,expansion,True,"STRUCTURE: two_step_operations
TOOL: expansion
ANSWER: 570"
test_unseen_00088,structure_aware,50,unseen,A batch of 2 units has value 2. Find the value of a same-rate batch of 4 units.,4,1.6,False,equivalent_ratios,equivalent_rates,False,proportional_scaling,multiplication,False,"STRUCTURE: equivalent_rates
TOOL: multiplication
ANSWER: 1.6"
test_unseen_00089,structure_aware,50,unseen,Complete the equivalent fractions: 14/19 = 140/[blank].,190,19,False,equivalent_ratios,equivalent_fractions,False,cross_multiplication,division,False,"STRUCTURE: equivalent_fractions
TOOL: division
ANSWER: 19"
test_unseen_00090,structure_aware,50,unseen,A machine begins at 1 and applies a change of 7 for 3 rounds. What is its final value?,22,2,False,additive_recurrence,additive_reversal,False,iteration,substitution,False,"STRUCTURE: additive_reversal
TOOL: substitution
ANSWER: 2"
test_unseen_00091,structure_aware,50,unseen,The repeated-change process is summarized by c(k) = 14 + (k - 1)(2). Evaluate it at k = 10.,32,36,False,additive_recurrence,additive_equation,False,substitution,substitution,True,"STRUCTURE: additive_equation
TOOL: substitution
ANSWER: 36"
test_unseen_00092,structure_aware,50,unseen,"Knowing only that p + q = 4 and pq = -96, determine p^2 + q^2 by opening (p + q)^2.",208,158,False,symmetric_sum_product,symmetric_sum_product,True,expansion,expansion,True,"STRUCTURE: symmetric_sum_product
TOOL: expansion
ANSWER: 158"
test_unseen_00093,structure_aware,50,unseen,Split the quadratic t^2 - 20t + 91 into linear factors and report the squared-root sum.,218,48,False,symmetric_sum_product,split_and_square_root,False,factorization,factorization,True,"STRUCTURE: split_and_square_root
TOOL: factorization
ANSWER: 48"
test_unseen_00094,structure_aware,50,unseen,Insert u = -7 into 4u^2 + 7u - 12. What value results?,135,-35,False,transformed_expression,symmetric_sum,False,substitution,substitution,True,"STRUCTURE: symmetric_sum
TOOL: substitution
ANSWER: -35"
test_unseen_00095,structure_aware,50,unseen,"After multiplying out the two shifted factors (z + -10) and (z + 2), find the result when z is -7.",85,3,False,transformed_expression,shifted_product,False,expansion,expansion,True,"STRUCTURE: shifted_product
TOOL: expansion
ANSWER: 3"
test_unseen_00096,structure_aware,50,unseen,The lines -4x + 4y = -60 and -2x + 5y = -51 intersect. Give their y-coordinate.,-7,-3,False,two_linear_relations,two_lines_intersects,False,elimination,substitution,False,"STRUCTURE: two_lines_intersects
TOOL: substitution
ANSWER: -3"
test_unseen_00097,structure_aware,50,unseen,One variable is isolated in y = 4 - 5x; use the other constraint 3x + 5y = -156 to obtain x.,8,2,False,two_linear_relations,two_linear_constraints,False,substitution,substitution,True,"STRUCTURE: two_linear_constraints
TOOL: substitution
ANSWER: 2"
test_unseen_00098,structure_aware,50,unseen,"Without separately squaring both numbers, find the difference between 75 squared and 6 squared.",5589,489,False,polynomial_identity,polynomial_difference,False,factorization,expansion,False,"STRUCTURE: polynomial_difference
TOOL: expansion
ANSWER: 489"
test_unseen_00099,structure_aware,50,unseen,What number results from opening the brackets in (26 + 9)(26 + 9)?,1225,480,False,polynomial_identity,two_step_operations,False,expansion,expansion,True,"STRUCTURE: two_step_operations
TOOL: expansion
ANSWER: 480"
test_unseen_00100,structure_aware,50,unseen,A batch of 10 units has value 6. Find the value of a same-rate batch of 120 units.,72,3,False,equivalent_ratios,equivalent_rates,False,proportional_scaling,division,False,"STRUCTURE: equivalent_rates
TOOL: division
ANSWER: 3"
test_unseen_00101,structure_aware,50,unseen,Complete the equivalent fractions: 3/10 = 15/[blank].,50,45,False,equivalent_ratios,equivalent_fractions,False,cross_multiplication,elimination,False,"STRUCTURE: equivalent_fractions
TOOL: elimination
ANSWER: 45"
test_unseen_00102,structure_aware,50,unseen,A machine begins at -3 and applies a change of -1 for 5 rounds. What is its final value?,-8,2,False,additive_recurrence,additive_reversal,False,iteration,iteration,True,"STRUCTURE: additive_reversal
TOOL: iteration
ANSWER: 2"
test_unseen_00103,structure_aware,50,unseen,The repeated-change process is summarized by c(k) = 14 + (k - 1)(2). Evaluate it at k = 4.,20,30,False,additive_recurrence,additive_equation,False,substitution,substitution,True,"STRUCTURE: additive_equation
TOOL: substitution
ANSWER: 30"
test_unseen_00104,structure_aware,50,unseen,"Knowing only that p + q = 5 and pq = 4, determine p^2 + q^2 by opening (p + q)^2.",17,29,False,symmetric_sum_product,symmetric_sum_product,True,expansion,expansion,True,"STRUCTURE: symmetric_sum_product
TOOL: expansion
ANSWER: 29"
test_unseen_00105,structure_aware,50,unseen,Split the quadratic t^2 - 4t - 21 into linear factors and report the squared-root sum.,58,3,False,symmetric_sum_product,split_into_factors,False,factorization,factorization,True,"STRUCTURE: split_into_factors
TOOL: factorization
ANSWER: 3"
test_unseen_00106,structure_aware,50,unseen,Insert u = -4 into 4u^2 - 8u - 2. What value results?,94,-16,False,transformed_expression,symmetric_transform,False,substitution,substitution,True,"STRUCTURE: symmetric_transform
TOOL: substitution
ANSWER: -16"
test_unseen_00107,structure_aware,50,unseen,"After multiplying out the two shifted factors (z + 3) and (z + -10), find the result when z is 4.",-42,25,False,transformed_expression,shifted_product,False,expansion,expansion,True,"STRUCTURE: shifted_product
TOOL: expansion
ANSWER: 25"
test_unseen_00108,structure_aware,50,unseen,The lines -3x - 5y = -30 and x - 2y = -1 intersect. Give their x-coordinate.,5,-6,False,two_linear_relations,two_lines_intersects,False,elimination,substitution,False,"STRUCTURE: two_lines_intersects
TOOL: substitution
ANSWER: -6"
test_unseen_00109,structure_aware,50,unseen,One variable is isolated in y = 5x + 2; use the other constraint 2x + y = -19 to obtain y.,-13,-30,False,two_linear_relations,two_variables_one_constant,False,substitution,substitution,True,"STRUCTURE: two_variables_one_constant
TOOL: substitution
ANSWER: -30"
test_unseen_00110,structure_aware,50,unseen,"Without separately squaring both numbers, find the difference between 80 squared and 23 squared.",5871,599,False,polynomial_identity,two_numbers_subtraction,False,factorization,expansion,False,"STRUCTURE: two_numbers_subtraction
TOOL: expansion
ANSWER: 599"
test_unseen_00111,structure_aware,50,unseen,What number results from opening the brackets in (4 + 27)(4 + 27)?,961,609,False,polynomial_identity,two_step_operations,False,expansion,expansion,True,"STRUCTURE: two_step_operations
TOOL: expansion
ANSWER: 609"
test_unseen_00112,structure_aware,50,unseen,A batch of 9 units has value 22. Find the value of a same-rate batch of 63 units.,154,15,False,equivalent_ratios,two_ratio_equations,False,proportional_scaling,cross_multiplication,False,"STRUCTURE: two_ratio_equations
TOOL: cross_multiplication
ANSWER: 15"
test_unseen_00113,structure_aware,50,unseen,Complete the equivalent fractions: 10/10 = 100/[blank].,100,99,False,equivalent_ratios,equivalent_fractions,False,cross_multiplication,division,False,"STRUCTURE: equivalent_fractions
TOOL: division
ANSWER: 99"
test_unseen_00114,structure_aware,50,unseen,A machine begins at 17 and applies a change of 3 for 4 rounds. What is its final value?,29,25,False,additive_recurrence,additive_reversal,False,iteration,substitution,False,"STRUCTURE: additive_reversal
TOOL: substitution
ANSWER: 25"
test_unseen_00115,structure_aware,50,unseen,The repeated-change process is summarized by c(k) = -18 + (k - 1)(7). Evaluate it at k = 15.,80,-24,False,additive_recurrence,linear_equations,False,substitution,substitution,True,"STRUCTURE: linear_equations
TOOL: substitution
ANSWER: -24"
test_unseen_00116,structure_aware,50,unseen,"Knowing only that p + q = 7 and pq = 0, determine p^2 + q^2 by opening (p + q)^2.",49,45,False,symmetric_sum_product,symmetric_sum_product,True,expansion,expansion,True,"STRUCTURE: symmetric_sum_product
TOOL: expansion
ANSWER: 45"
test_unseen_00117,structure_aware,50,unseen,Split the quadratic t^2 - 10t + 24 into linear factors and report the squared-root sum.,52,3,False,symmetric_sum_product,split_and_square,False,factorization,factorization,True,"STRUCTURE: split_and_square
TOOL: factorization
ANSWER: 3"
test_unseen_00118,structure_aware,50,unseen,Insert u = -4 into -4u^2 - 3. What value results?,-67,-16,False,transformed_expression,polynomial_identity,False,substitution,substitution,True,"STRUCTURE: polynomial_identity
TOOL: substitution
ANSWER: -16"
test_unseen_00119,structure_aware,50,unseen,"After multiplying out the two shifted factors (z + -1) and (z + 8), find the result when z is 2.",10,3,False,transformed_expression,shifted_product,False,expansion,expansion,True,"STRUCTURE: shifted_product
TOOL: expansion
ANSWER: 3"
test_seen_00000,baseline,100,seen,Solve the simultaneous relations -4x + 2y = 32 and 4x + 2y = -32. Find x.,-8,-8,True,two_linear_relations,,,elimination,,, -8
test_seen_00001,baseline,100,seen,"Given y = 2x + 3, insert it into 5x + 4y = 103 and find y.",17,9,False,two_linear_relations,,,substitution,,, 9
test_seen_00002,baseline,100,seen,Use the product pattern for a difference of squares to compute 39^2 - 27^2.,792,1080,False,polynomial_identity,,,factorization,,, 1080
test_seen_00003,baseline,100,seen,Expand the square and evaluate (5 + 8)^2.,169,490,False,polynomial_identity,,,expansion,,, 490
test_seen_00004,baseline,100,seen,"At a fixed rate, 8 items cost 6 dollars. What do 24 items cost?",18,18,True,equivalent_ratios,,,proportional_scaling,,, 18
test_seen_00005,baseline,100,seen,Solve the proportion 4/18 = 12/x for x.,54,54,True,equivalent_ratios,,,cross_multiplication,,, 54
test_seen_00006,baseline,100,seen,A sequence starts at 11 and changes by -5 each term. Iterate to find term 15.,-59,-20,False,additive_recurrence,,,iteration,,, -20
test_seen_00007,baseline,100,seen,An arithmetic sequence has formula a(n) = 4 + (n - 1)(8). Substitute n = 7.,52,35,False,additive_recurrence,,,substitution,,, 35
test_seen_00008,baseline,100,seen,"If x + y = -7 and xy = -30, use a square expansion to find x^2 + y^2.",109,191,False,symmetric_sum_product,,,expansion,,, 191
test_seen_00009,baseline,100,seen,"Factor t^2 + 16t + 39 = 0 to obtain its two roots, then give the sum of their squares.",178,45,False,symmetric_sum_product,,,factorization,,, 45
test_seen_00010,baseline,100,seen,"For f(t) = -5t^2 - 7t - 7, substitute t = -7 and find f(-7).",-203,-180,False,transformed_expression,,,substitution,,, -180
test_seen_00011,baseline,100,seen,Expand (x + -5)(x + -1) and evaluate it at x = -3.,32,2,False,transformed_expression,,,expansion,,, 2
test_seen_00012,baseline,100,seen,Two linear constraints hold: 4x + 5y = -2; 5x + 5y = 5. Determine x.,7,-1,False,two_linear_relations,,,elimination,,, -1
test_seen_00013,baseline,100,seen,The linked relations are y = 5x + 6 and x + y = -30. What is y?,-24,9,False,two_linear_relations,,,substitution,,, 9
test_seen_00014,baseline,100,seen,Evaluate 29^2 - 12^2 by rewriting it as a product.,697,803,False,polynomial_identity,,,factorization,,, 803
test_seen_00015,baseline,100,seen,Use the binomial-square identity to compute (7 + 22)^2.,841,369,False,polynomial_identity,,,expansion,,, 369
test_seen_00016,baseline,100,seen,Scale the ratio 11:10 to 22:x. Find x.,20,22,False,equivalent_ratios,,,proportional_scaling,,, 22
test_seen_00017,baseline,100,seen,Cross-multiply 13:7 = 91:x and determine x.,49,63,False,equivalent_ratios,,,cross_multiplication,,, 63
test_seen_00018,baseline,100,seen,"Given a1 = 18 and a(n+1) = a(n) - 7, find a11.",-52,-65,False,additive_recurrence,,,iteration,,, -65
test_seen_00019,baseline,100,seen,Use the closed form b(n) = -13 + (n - 1)(1) to find b(10).,-4,-24,False,additive_recurrence,,,substitution,,, -24
test_seen_00020,baseline,100,seen,Two numbers have sum 22 and product 117. Compute the sum of their squares from the symmetric identity.,250,305,False,symmetric_sum_product,,,expansion,,, 305
test_seen_00021,baseline,100,seen,The roots of t^2 - 23t + 120 = 0 are r and s. Find r^2 + s^2 by factoring the quadratic.,289,459,False,symmetric_sum_product,,,factorization,,, 459
test_seen_00022,baseline,100,seen,Evaluate the transformed expression z^2 + 5z - 11 at z = 0.,-11,-1,False,transformed_expression,,,substitution,,, -1
test_seen_00023,baseline,100,seen,"Open the product (x + 3)(x + 9), then set x = 5.",112,120,False,transformed_expression,,,expansion,,, 120
test_seen_00024,baseline,100,seen,Solve the simultaneous relations 5x - 4y = 30 and 5x - 3y = 25. Find y.,-5,15,False,two_linear_relations,,,elimination,,, 15
test_seen_00025,baseline,100,seen,"Given y = 4x + 5, insert it into 3x + 5y = -113 and find x.",-6,2,False,two_linear_relations,,,substitution,,, 2
test_seen_00026,baseline,100,seen,Use the product pattern for a difference of squares to compute 12^2 - 11^2.,23,129,False,polynomial_identity,,,factorization,,, 129
test_seen_00027,baseline,100,seen,Expand the square and evaluate (8 + 9)^2.,289,360,False,polynomial_identity,,,expansion,,, 360
test_seen_00028,baseline,100,seen,"At a fixed rate, 13 items cost 2 dollars. What do 52 items cost?",8,40,False,equivalent_ratios,,,proportional_scaling,,, 40
test_seen_00029,baseline,100,seen,Solve the proportion 3/19 = 21/x for x.,133,153,False,equivalent_ratios,,,cross_multiplication,,, 153
test_seen_00030,baseline,100,seen,A sequence starts at 11 and changes by -1 each term. Iterate to find term 15.,-3,-12,False,additive_recurrence,,,iteration,,, -12
test_seen_00031,baseline,100,seen,An arithmetic sequence has formula a(n) = 9 + (n - 1)(2). Substitute n = 9.,25,30,False,additive_recurrence,,,substitution,,, 30
test_seen_00032,baseline,100,seen,"If x + y = -6 and xy = -91, use a square expansion to find x^2 + y^2.",218,207,False,symmetric_sum_product,,,expansion,,, 207
test_seen_00033,baseline,100,seen,"Factor t^2 + 27t + 182 = 0 to obtain its two roots, then give the sum of their squares.",365,365,True,symmetric_sum_product,,,factorization,,, 365
test_seen_00034,baseline,100,seen,"For f(t) = -2t^2 + 4t - 6, substitute t = 3 and find f(3).",-12,15,False,transformed_expression,,,substitution,,, 15
test_seen_00035,baseline,100,seen,Expand (z + 8)(z + 2) and evaluate it at z = -3.,-5,10,False,transformed_expression,,,expansion,,, 10
test_seen_00036,baseline,100,seen,Two linear constraints hold: -3x + 3y = -15; -3x - 2y = -35. Determine x.,9,-6,False,two_linear_relations,,,elimination,,, -6
test_seen_00037,baseline,100,seen,The linked relations are y = -x - 1 and x - 2y = -4. What is x?,-2,-3,False,two_linear_relations,,,substitution,,, -3
test_seen_00038,baseline,100,seen,Evaluate 79^2 - 26^2 by rewriting it as a product.,5565,5801,False,polynomial_identity,,,factorization,,, 5801
test_seen_00039,baseline,100,seen,Use the binomial-square identity to compute (26 + 16)^2.,1764,800,False,polynomial_identity,,,expansion,,, 800
test_seen_00040,baseline,100,seen,Scale the ratio 9:18 to 18:x. Find x.,36,2,False,equivalent_ratios,,,proportional_scaling,,, 2
test_seen_00041,baseline,100,seen,Cross-multiply 3:2 = 6:x and determine x.,4,12,False,equivalent_ratios,,,cross_multiplication,,, 12
test_seen_00042,baseline,100,seen,"Given a1 = -19 and a(n+1) = a(n) + 9, find a12.",80,110,False,additive_recurrence,,,iteration,,, 110
test_seen_00043,baseline,100,seen,Use the closed form b(n) = 12 + (n - 1)(8) to find b(11).,92,75,False,additive_recurrence,,,substitution,,, 75
test_seen_00044,baseline,100,seen,Two numbers have sum 3 and product -180. Compute the sum of their squares from the symmetric identity.,369,243,False,symmetric_sum_product,,,expansion,,, 243
test_seen_00045,baseline,100,seen,The roots of t^2 + 15t + 56 = 0 are r and s. Find r^2 + s^2 by factoring the quadratic.,113,349,False,symmetric_sum_product,,,factorization,,, 349
test_seen_00046,baseline,100,seen,Evaluate the transformed expression -3z^2 + 6z + 12 at z = -1.,3,0,False,transformed_expression,,,substitution,,, 0
test_seen_00047,baseline,100,seen,"Open the product (x + -6)(x + -3), then set x = -7.",130,12,False,transformed_expression,,,expansion,,, 12
test_seen_00048,baseline,100,seen,Solve the simultaneous relations 4x + 4y = -32 and x - 2y = 10. Find y.,-6,-7,False,two_linear_relations,,,elimination,,, -7
test_seen_00049,baseline,100,seen,"Given y = -4x - 8, insert it into -3x + 2y = -60 and find x.",4,10,False,two_linear_relations,,,substitution,,, 10
test_seen_00050,baseline,100,seen,Use the product pattern for a difference of squares to compute 44^2 - 23^2.,1407,1867,False,polynomial_identity,,,factorization,,, 1867
test_seen_00051,baseline,100,seen,Expand the square and evaluate (18 + 36)^2.,2916,10496,False,polynomial_identity,,,expansion,,, 10496
test_seen_00052,baseline,100,seen,"At a fixed rate, 10 items cost 20 dollars. What do 40 items cost?",80,80,True,equivalent_ratios,,,proportional_scaling,,, 80
test_seen_00053,baseline,100,seen,Solve the proportion 13/9 = 52/x for x.,36,45,False,equivalent_ratios,,,cross_multiplication,,, 45
test_seen_00054,baseline,100,seen,A sequence starts at -8 and changes by -2 each term. Iterate to find term 3.,-12,-10,False,additive_recurrence,,,iteration,,, -10
test_seen_00055,baseline,100,seen,An arithmetic sequence has formula a(n) = -15 + (n - 1)(-1). Substitute n = 10.,-24,25,False,additive_recurrence,,,substitution,,, 25
test_seen_00056,baseline,100,seen,"If x + y = 4 and xy = -77, use a square expansion to find x^2 + y^2.",170,236,False,symmetric_sum_product,,,expansion,,, 236
test_seen_00057,baseline,100,seen,"Factor t^2 - 15t + 50 = 0 to obtain its two roots, then give the sum of their squares.",125,35,False,symmetric_sum_product,,,factorization,,, 35
test_seen_00058,baseline,100,seen,"For f(t) = -4t^2 + 7t + 10, substitute t = -2 and find f(-2).",-20,56,False,transformed_expression,,,substitution,,, 56
test_seen_00059,baseline,100,seen,Expand (x + -6)(x + 0) and evaluate it at x = -4.,40,-2,False,transformed_expression,,,expansion,,, -2
test_seen_00060,baseline,100,seen,Two linear constraints hold: 5x - 3y = -33; -x + 4y = 27. Determine y.,6,-11,False,two_linear_relations,,,elimination,,, -11
test_seen_00061,baseline,100,seen,The linked relations are y = 3x + 6 and -x + 4y = 24. What is y?,6,18,False,two_linear_relations,,,substitution,,, 18
test_seen_00062,baseline,100,seen,Evaluate 76^2 - 29^2 by rewriting it as a product.,4935,5801,False,polynomial_identity,,,factorization,,, 5801
test_seen_00063,baseline,100,seen,Use the binomial-square identity to compute (29 + 35)^2.,4096,10496,False,polynomial_identity,,,expansion,,, 10496
test_seen_00064,baseline,100,seen,Scale the ratio 3:8 to 33:x. Find x.,88,132,False,equivalent_ratios,,,proportional_scaling,,, 132
test_seen_00065,baseline,100,seen,Cross-multiply 13:6 = 143:x and determine x.,66,102,False,equivalent_ratios,,,cross_multiplication,,, 102
test_seen_00066,baseline,100,seen,"Given a1 = 18 and a(n+1) = a(n) - 9, find a13.",-90,-72,False,additive_recurrence,,,iteration,,, -72
test_seen_00067,baseline,100,seen,Use the closed form b(n) = -14 + (n - 1)(-7) to find b(15).,-112,-86,False,additive_recurrence,,,substitution,,, -86
test_seen_00068,baseline,100,seen,Two numbers have sum 18 and product 65. Compute the sum of their squares from the symmetric identity.,194,209,False,symmetric_sum_product,,,expansion,,, 209
test_seen_00069,baseline,100,seen,The roots of t^2 + 17t + 72 = 0 are r and s. Find r^2 + s^2 by factoring the quadratic.,145,359,False,symmetric_sum_product,,,factorization,,, 359
test_seen_00070,baseline,100,seen,Evaluate the transformed expression -2z^2 + 8z - 11 at z = -3.,-53,59,False,transformed_expression,,,substitution,,, 59
test_seen_00071,baseline,100,seen,"Open the product (t + -5)(t + 5), then set t = 0.",-25,25,False,transformed_expression,,,expansion,,, 25
test_seen_00072,baseline,100,seen,Solve the simultaneous relations -2x - 2y = 14 and 2x - 3y = 21. Find y.,-7,5,False,two_linear_relations,,,elimination,,, 5
test_seen_00073,baseline,100,seen,"Given y = 2x - 1, insert it into 5x - y = 1 and find x.",0,3,False,two_linear_relations,,,substitution,,, 3
test_seen_00074,baseline,100,seen,Use the product pattern for a difference of squares to compute 52^2 - 13^2.,2535,2609,False,polynomial_identity,,,factorization,,, 2609
test_seen_00075,baseline,100,seen,Expand the square and evaluate (10 + 11)^2.,441,441,True,polynomial_identity,,,expansion,,, 441
test_seen_00076,baseline,100,seen,"At a fixed rate, 4 items cost 7 dollars. What do 20 items cost?",35,35,True,equivalent_ratios,,,proportional_scaling,,, 35
test_seen_00077,baseline,100,seen,Solve the proportion 11/18 = 132/x for x.,216,216,True,equivalent_ratios,,,cross_multiplication,,, 216
test_seen_00078,baseline,100,seen,A sequence starts at -8 and changes by -1 each term. Iterate to find term 10.,-17,-9,False,additive_recurrence,,,iteration,,, -9
test_seen_00079,baseline,100,seen,An arithmetic sequence has formula a(n) = 4 + (n - 1)(8). Substitute n = 5.,36,32,False,additive_recurrence,,,substitution,,, 32
test_seen_00080,baseline,100,seen,"If x + y = 1 and xy = -156, use a square expansion to find x^2 + y^2.",313,385,False,symmetric_sum_product,,,expansion,,, 385
test_seen_00081,baseline,100,seen,"Factor t^2 - 19t + 88 = 0 to obtain its two roots, then give the sum of their squares.",185,36,False,symmetric_sum_product,,,factorization,,, 36
test_seen_00082,baseline,100,seen,"For f(t) = 4t^2 + 3t - 8, substitute t = -6 and find f(-6).",118,-105,False,transformed_expression,,,substitution,,, -105
test_seen_00083,baseline,100,seen,Expand (t + 3)(t + -1) and evaluate it at t = 1.,0,-2,False,transformed_expression,,,expansion,,, -2
test_seen_00084,baseline,100,seen,Two linear constraints hold: 4x + 3y = -39; x - 5y = 19. Determine y.,-5,-2,False,two_linear_relations,,,elimination,,, -2
test_seen_00085,baseline,100,seen,The linked relations are y = 3x + 6 and 4x + 3y = 135. What is x?,9,9,True,two_linear_relations,,,substitution,,, 9
test_seen_00086,baseline,100,seen,Evaluate 65^2 - 2^2 by rewriting it as a product.,4221,4100,False,polynomial_identity,,,factorization,,, 4100
test_seen_00087,baseline,100,seen,Use the binomial-square identity to compute (32 + 6)^2.,1444,1088,False,polynomial_identity,,,expansion,,, 1088
test_seen_00088,baseline,100,seen,Scale the ratio 3:23 to 18:x. Find x.,138,66,False,equivalent_ratios,,,proportional_scaling,,, 66
test_seen_00089,baseline,100,seen,Cross-multiply 9:4 = 45:x and determine x.,20,20,True,equivalent_ratios,,,cross_multiplication,,, 20
test_seen_00090,baseline,100,seen,"Given a1 = 14 and a(n+1) = a(n) + 5, find a10.",59,79,False,additive_recurrence,,,iteration,,, 79
test_seen_00091,baseline,100,seen,Use the closed form b(n) = -11 + (n - 1)(-4) to find b(8).,-39,-53,False,additive_recurrence,,,substitution,,, -53
test_seen_00092,baseline,100,seen,Two numbers have sum -28 and product 195. Compute the sum of their squares from the symmetric identity.,394,367,False,symmetric_sum_product,,,expansion,,, 367
test_seen_00093,baseline,100,seen,The roots of t^2 + 12t + 35 = 0 are r and s. Find r^2 + s^2 by factoring the quadratic.,74,46,False,symmetric_sum_product,,,factorization,,, 46
test_seen_00094,baseline,100,seen,Evaluate the transformed expression -5z^2 - 6z + 5 at z = 6.,-211,-147,False,transformed_expression,,,substitution,,, -147
test_seen_00095,baseline,100,seen,"Open the product (z + 0)(z + -5), then set z = -7.",84,-3,False,transformed_expression,,,expansion,,, -3
test_seen_00096,baseline,100,seen,Solve the simultaneous relations -5x - 5y = 5 and 5x - 4y = 22. Find x.,2,13,False,two_linear_relations,,,elimination,,, 13
test_seen_00097,baseline,100,seen,"Given y = -2x - 2, insert it into -2x - 5y = -38 and find y.",10,-14,False,two_linear_relations,,,substitution,,, -14
test_seen_00098,baseline,100,seen,Use the product pattern for a difference of squares to compute 19^2 - 4^2.,345,361,False,polynomial_identity,,,factorization,,, 361
test_seen_00099,baseline,100,seen,Expand the square and evaluate (8 + 21)^2.,841,4096,False,polynomial_identity,,,expansion,,, 4096
test_seen_00100,baseline,100,seen,"At a fixed rate, 3 items cost 21 dollars. What do 6 items cost?",42,77,False,equivalent_ratios,,,proportional_scaling,,, 77
test_seen_00101,baseline,100,seen,Solve the proportion 12/9 = 120/x for x.,90,90,True,equivalent_ratios,,,cross_multiplication,,, 90
test_seen_00102,baseline,100,seen,A sequence starts at -4 and changes by -1 each term. Iterate to find term 9.,-12,-11,False,additive_recurrence,,,iteration,,, -11
test_seen_00103,baseline,100,seen,An arithmetic sequence has formula a(n) = 18 + (n - 1)(-4). Substitute n = 15.,-38,36,False,additive_recurrence,,,substitution,,, 36
test_seen_00104,baseline,100,seen,"If x + y = -5 and xy = -50, use a square expansion to find x^2 + y^2.",125,225,False,symmetric_sum_product,,,expansion,,, 225
test_seen_00105,baseline,100,seen,"Factor t^2 - 2t - 35 = 0 to obtain its two roots, then give the sum of their squares.",74,146,False,symmetric_sum_product,,,factorization,,, 146
test_seen_00106,baseline,100,seen,"For f(t) = 3t^2 + 5t + 8, substitute t = 4 and find f(4).",76,106,False,transformed_expression,,,substitution,,, 106
test_seen_00107,baseline,100,seen,Expand (t + 3)(t + 0) and evaluate it at t = 0.,0,3,False,transformed_expression,,,expansion,,, 3
test_seen_00108,baseline,100,seen,Two linear constraints hold: 2x + y = 15; 5x + 2y = 39. Determine x.,9,4,False,two_linear_relations,,,elimination,,, 4
test_seen_00109,baseline,100,seen,The linked relations are y = 6 - 3x and -5x + 5y = -110. What is x?,7,8,False,two_linear_relations,,,substitution,,, 8
test_seen_00110,baseline,100,seen,Evaluate 19^2 - 9^2 by rewriting it as a product.,280,360,False,polynomial_identity,,,factorization,,, 360
test_seen_00111,baseline,100,seen,Use the binomial-square identity to compute (30 + 6)^2.,1296,1440,False,polynomial_identity,,,expansion,,, 1440
test_seen_00112,baseline,100,seen,Scale the ratio 3:5 to 27:x. Find x.,45,45,True,equivalent_ratios,,,proportional_scaling,,, 45
test_seen_00113,baseline,100,seen,Cross-multiply 12:10 = 24:x and determine x.,20,20,True,equivalent_ratios,,,cross_multiplication,,, 20
test_seen_00114,baseline,100,seen,"Given a1 = 12 and a(n+1) = a(n) + 8, find a9.",76,100,False,additive_recurrence,,,iteration,,, 100
test_seen_00115,baseline,100,seen,Use the closed form b(n) = -6 + (n - 1)(7) to find b(15).,92,-49,False,additive_recurrence,,,substitution,,, -49
test_seen_00116,baseline,100,seen,Two numbers have sum -23 and product 120. Compute the sum of their squares from the symmetric identity.,289,269,False,symmetric_sum_product,,,expansion,,, 269
test_seen_00117,baseline,100,seen,The roots of t^2 + 9t + 20 = 0 are r and s. Find r^2 + s^2 by factoring the quadratic.,41,143,False,symmetric_sum_product,,,factorization,,, 143
test_seen_00118,baseline,100,seen,Evaluate the transformed expression -4z^2 + 4z - 10 at z = -5.,-130,89,False,transformed_expression,,,substitution,,, 89
test_seen_00119,baseline,100,seen,"Open the product (x + -10)(x + 6), then set x = 2.",-64,42,False,transformed_expression,,,expansion,,, 42
test_unseen_00000,baseline,100,unseen,The lines 3x - 4y = -16 and -3x + y = -5 intersect. Give their x-coordinate.,4,2,False,two_linear_relations,,,elimination,,, 2
test_unseen_00001,baseline,100,unseen,One variable is isolated in y = -5x - 1; use the other constraint -4x + 5y = -5 to obtain x.,0,2,False,two_linear_relations,,,substitution,,, 2
test_unseen_00002,baseline,100,unseen,"Without separately squaring both numbers, find the difference between 29 squared and 8 squared.",777,209,False,polynomial_identity,,,factorization,,, 209
test_unseen_00003,baseline,100,unseen,What number results from opening the brackets in (34 + 21)(34 + 21)?,3025,1089,False,polynomial_identity,,,expansion,,, 1089
test_unseen_00004,baseline,100,unseen,A batch of 8 units has value 20. Find the value of a same-rate batch of 96 units.,240,150,False,equivalent_ratios,,,proportional_scaling,,, 150
test_unseen_00005,baseline,100,unseen,Complete the equivalent fractions: 14/12 = 112/[blank].,96,8,False,equivalent_ratios,,,cross_multiplication,,, 8
test_unseen_00006,baseline,100,unseen,A machine begins at 2 and applies a change of -7 for 7 rounds. What is its final value?,-47,-15,False,additive_recurrence,,,iteration,,, -15
test_unseen_00007,baseline,100,unseen,The repeated-change process is summarized by c(k) = -2 + (k - 1)(-4). Evaluate it at k = 4.,-14,-8,False,additive_recurrence,,,substitution,,, -8
test_unseen_00008,baseline,100,unseen,"Knowing only that p + q = -12 and pq = -13, determine p^2 + q^2 by opening (p + q)^2.",170,154,False,symmetric_sum_product,,,expansion,,, 154
test_unseen_00009,baseline,100,unseen,Split the quadratic t^2 + 9t - 36 into linear factors and report the squared-root sum.,153,18,False,symmetric_sum_product,,,factorization,,, 18
test_unseen_00010,baseline,100,unseen,Insert u = 3 into -u^2 + 2u - 9. What value results?,-12,-15,False,transformed_expression,,,substitution,,, -15
test_unseen_00011,baseline,100,unseen,"After multiplying out the two shifted factors (t + -1) and (t + -9), find the result when t is -2.",33,8,False,transformed_expression,,,expansion,,, 8
test_unseen_00012,baseline,100,unseen,The lines 2x - 2y = -24 and -2x - 3y = -6 intersect. Give their y-coordinate.,6,12,False,two_linear_relations,,,elimination,,, 12
test_unseen_00013,baseline,100,unseen,One variable is isolated in y = -5x - 7; use the other constraint 2x - 5y = -19 to obtain y.,3,-3,False,two_linear_relations,,,substitution,,, -3
test_unseen_00014,baseline,100,unseen,"Without separately squaring both numbers, find the difference between 79 squared and 25 squared.",5616,480,False,polynomial_identity,,,factorization,,, 480
test_unseen_00015,baseline,100,unseen,What number results from opening the brackets in (32 + 31)(32 + 31)?,3969,256,False,polynomial_identity,,,expansion,,, 256
test_unseen_00016,baseline,100,unseen,A batch of 14 units has value 19. Find the value of a same-rate batch of 154 units.,209,26,False,equivalent_ratios,,,proportional_scaling,,, 26
test_unseen_00017,baseline,100,unseen,Complete the equivalent fractions: 5/17 = 20/[blank].,68,35,False,equivalent_ratios,,,cross_multiplication,,, 35
test_unseen_00018,baseline,100,unseen,A machine begins at 9 and applies a change of 3 for 11 rounds. What is its final value?,42,44,False,additive_recurrence,,,iteration,,, 44
test_unseen_00019,baseline,100,unseen,The repeated-change process is summarized by c(k) = -18 + (k - 1)(-1). Evaluate it at k = 5.,-22,-29,False,additive_recurrence,,,substitution,,, -29
test_unseen_00020,baseline,100,unseen,"Knowing only that p + q = -2 and pq = -195, determine p^2 + q^2 by opening (p + q)^2.",394,406,False,symmetric_sum_product,,,expansion,,, 406
test_unseen_00021,baseline,100,unseen,Split the quadratic t^2 - 12t + 27 into linear factors and report the squared-root sum.,90,36,False,symmetric_sum_product,,,factorization,,, 36
test_unseen_00022,baseline,100,unseen,Insert u = 2 into 5u^2 + u - 1. What value results?,21,13,False,transformed_expression,,,substitution,,, 13
test_unseen_00023,baseline,100,unseen,"After multiplying out the two shifted factors (t + -4) and (t + 2), find the result when t is -6.",40,10,False,transformed_expression,,,expansion,,, 10
test_unseen_00024,baseline,100,unseen,The lines -2x + 4y = -26 and -5x + y = -11 intersect. Give their x-coordinate.,1,3,False,two_linear_relations,,,elimination,,, 3
test_unseen_00025,baseline,100,unseen,One variable is isolated in y = -4x - 4; use the other constraint -3x - 5y = 122 to obtain y.,-28,6,False,two_linear_relations,,,substitution,,, 6
test_unseen_00026,baseline,100,unseen,"Without separately squaring both numbers, find the difference between 48 squared and 43 squared.",455,129,False,polynomial_identity,,,factorization,,, 129
test_unseen_00027,baseline,100,unseen,What number results from opening the brackets in (19 + 6)(19 + 6)?,625,256,False,polynomial_identity,,,expansion,,, 256
test_unseen_00028,baseline,100,unseen,A batch of 8 units has value 10. Find the value of a same-rate batch of 16 units.,20,50,False,equivalent_ratios,,,proportional_scaling,,, 50
test_unseen_00029,baseline,100,unseen,Complete the equivalent fractions: 13/18 = 52/[blank].,72,66,False,equivalent_ratios,,,cross_multiplication,,, 66
test_unseen_00030,baseline,100,unseen,A machine begins at 20 and applies a change of -3 for 2 rounds. What is its final value?,14,-19,False,additive_recurrence,,,iteration,,, -19
test_unseen_00031,baseline,100,unseen,The repeated-change process is summarized by c(k) = -3 + (k - 1)(7). Evaluate it at k = 7.,39,20,False,additive_recurrence,,,substitution,,, 20
test_unseen_00032,baseline,100,unseen,"Knowing only that p + q = -12 and pq = -13, determine p^2 + q^2 by opening (p + q)^2.",170,154,False,symmetric_sum_product,,,expansion,,, 154
test_unseen_00033,baseline,100,unseen,Split the quadratic t^2 - 21t + 108 into linear factors and report the squared-root sum.,225,96,False,symmetric_sum_product,,,factorization,,, 96
test_unseen_00034,baseline,100,unseen,Insert u = 5 into 5u^2 + 2u + 5. What value results?,140,60,False,transformed_expression,,,substitution,,, 60
test_unseen_00035,baseline,100,unseen,"After multiplying out the two shifted factors (t + 5) and (t + -8), find the result when t is -3.",-22,17,False,transformed_expression,,,expansion,,, 17
test_unseen_00036,baseline,100,unseen,The lines x - y = -3 and 3x + 2y = 6 intersect. Give their x-coordinate.,0,1,False,two_linear_relations,,,elimination,,, 1
test_unseen_00037,baseline,100,unseen,One variable is isolated in y = -x - 4; use the other constraint -4x + 3y = -19 to obtain y.,-5,5,False,two_linear_relations,,,substitution,,, 5
test_unseen_00038,baseline,100,unseen,"Without separately squaring both numbers, find the difference between 66 squared and 43 squared.",2507,2971,False,polynomial_identity,,,factorization,,, 2971
test_unseen_00039,baseline,100,unseen,What number results from opening the brackets in (30 + 7)(30 + 7)?,1369,210,False,polynomial_identity,,,expansion,,, 210
test_unseen_00040,baseline,100,unseen,A batch of 11 units has value 6. Find the value of a same-rate batch of 66 units.,36,33,False,equivalent_ratios,,,proportional_scaling,,, 33
test_unseen_00041,baseline,100,unseen,Complete the equivalent fractions: 13/19 = 78/[blank].,114,26,False,equivalent_ratios,,,cross_multiplication,,, 26
test_unseen_00042,baseline,100,unseen,A machine begins at 12 and applies a change of 3 for 5 rounds. What is its final value?,27,48,False,additive_recurrence,,,iteration,,, 48
test_unseen_00043,baseline,100,unseen,The repeated-change process is summarized by c(k) = -18 + (k - 1)(-2). Evaluate it at k = 11.,-38,-30,False,additive_recurrence,,,substitution,,, -30
test_unseen_00044,baseline,100,unseen,"Knowing only that p + q = -13 and pq = 0, determine p^2 + q^2 by opening (p + q)^2.",169,176,False,symmetric_sum_product,,,expansion,,, 176
test_unseen_00045,baseline,100,unseen,Split the quadratic t^2 + 6t - 7 into linear factors and report the squared-root sum.,50,14,False,symmetric_sum_product,,,factorization,,, 14
test_unseen_00046,baseline,100,unseen,Insert u = -3 into 2u^2 - 4u + 2. What value results?,32,-10,False,transformed_expression,,,substitution,,, -10
test_unseen_00047,baseline,100,unseen,"After multiplying out the two shifted factors (z + -6) and (z + -3), find the result when z is 7.",4,15,False,transformed_expression,,,expansion,,, 15
test_unseen_00048,baseline,100,unseen,The lines -3x - 5y = -41 and -4x + y = -1 intersect. Give their y-coordinate.,7,-2,False,two_linear_relations,,,elimination,,, -2
test_unseen_00049,baseline,100,unseen,One variable is isolated in y = 5x + 8; use the other constraint 3x - 2y = -37 to obtain x.,3,-14,False,two_linear_relations,,,substitution,,, -14
test_unseen_00050,baseline,100,unseen,"Without separately squaring both numbers, find the difference between 31 squared and 12 squared.",817,85,False,polynomial_identity,,,factorization,,, 85
test_unseen_00051,baseline,100,unseen,What number results from opening the brackets in (2 + 23)(2 + 23)?,625,524,False,polynomial_identity,,,expansion,,, 524
test_unseen_00052,baseline,100,unseen,A batch of 2 units has value 19. Find the value of a same-rate batch of 12 units.,114,156,False,equivalent_ratios,,,proportional_scaling,,, 156
test_unseen_00053,baseline,100,unseen,Complete the equivalent fractions: 11/6 = 55/[blank].,30,33,False,equivalent_ratios,,,cross_multiplication,,, 33
test_unseen_00054,baseline,100,unseen,A machine begins at -10 and applies a change of -3 for 10 rounds. What is its final value?,-40,-27,False,additive_recurrence,,,iteration,,, -27
test_unseen_00055,baseline,100,unseen,The repeated-change process is summarized by c(k) = -19 + (k - 1)(-7). Evaluate it at k = 4.,-40,-85,False,additive_recurrence,,,substitution,,, -85
test_unseen_00056,baseline,100,unseen,"Knowing only that p + q = 3 and pq = 2, determine p^2 + q^2 by opening (p + q)^2.",5,14,False,symmetric_sum_product,,,expansion,,, 14
test_unseen_00057,baseline,100,unseen,Split the quadratic t^2 + 9t - 70 into linear factors and report the squared-root sum.,221,141,False,symmetric_sum_product,,,factorization,,, 141
test_unseen_00058,baseline,100,unseen,Insert u = -3 into -u^2 + 4u - 8. What value results?,-29,-15,False,transformed_expression,,,substitution,,, -15
test_unseen_00059,baseline,100,unseen,"After multiplying out the two shifted factors (z + 10) and (z + -5), find the result when z is 3.",-26,4,False,transformed_expression,,,expansion,,, 4
test_unseen_00060,baseline,100,unseen,The lines 4x - y = -29 and -5x - 5y = 30 intersect. Give their x-coordinate.,-7,16,False,two_linear_relations,,,elimination,,, 16
test_unseen_00061,baseline,100,unseen,One variable is isolated in y = -2x - 8; use the other constraint -3x - 4y = 2 to obtain x.,-6,10,False,two_linear_relations,,,substitution,,, 10
test_unseen_00062,baseline,100,unseen,"Without separately squaring both numbers, find the difference between 45 squared and 37 squared.",656,1082,False,polynomial_identity,,,factorization,,, 1082
test_unseen_00063,baseline,100,unseen,What number results from opening the brackets in (12 + 29)(12 + 29)?,1681,647,False,polynomial_identity,,,expansion,,, 647
test_unseen_00064,baseline,100,unseen,A batch of 8 units has value 13. Find the value of a same-rate batch of 48 units.,78,26,False,equivalent_ratios,,,proportional_scaling,,, 26
test_unseen_00065,baseline,100,unseen,Complete the equivalent fractions: 11/10 = 55/[blank].,50,25,False,equivalent_ratios,,,cross_multiplication,,, 25
test_unseen_00066,baseline,100,unseen,A machine begins at -11 and applies a change of 1 for 6 rounds. What is its final value?,-5,55,False,additive_recurrence,,,iteration,,, 55
test_unseen_00067,baseline,100,unseen,The repeated-change process is summarized by c(k) = 5 + (k - 1)(-4). Evaluate it at k = 13.,-43,-6,False,additive_recurrence,,,substitution,,, -6
test_unseen_00068,baseline,100,unseen,"Knowing only that p + q = 5 and pq = -150, determine p^2 + q^2 by opening (p + q)^2.",325,450,False,symmetric_sum_product,,,expansion,,, 450
test_unseen_00069,baseline,100,unseen,Split the quadratic t^2 + 10t into linear factors and report the squared-root sum.,100,50,False,symmetric_sum_product,,,factorization,,, 50
test_unseen_00070,baseline,100,unseen,Insert u = 0 into -u^2 + 6u + 3. What value results?,3,9,False,transformed_expression,,,substitution,,, 9
test_unseen_00071,baseline,100,unseen,"After multiplying out the two shifted factors (z + -1) and (z + -1), find the result when z is 4.",9,25,False,transformed_expression,,,expansion,,, 25
test_unseen_00072,baseline,100,unseen,The lines x + 2y = 17 and 2x - 4y = -14 intersect. Give their y-coordinate.,6,3,False,two_linear_relations,,,elimination,,, 3
test_unseen_00073,baseline,100,unseen,One variable is isolated in y = -2x; use the other constraint -2x + 3y = -72 to obtain x.,9,18,False,two_linear_relations,,,substitution,,, 18
test_unseen_00074,baseline,100,unseen,"Without separately squaring both numbers, find the difference between 27 squared and 24 squared.",153,105,False,polynomial_identity,,,factorization,,, 105
test_unseen_00075,baseline,100,unseen,What number results from opening the brackets in (25 + 16)(25 + 16)?,1681,800,False,polynomial_identity,,,expansion,,, 800
test_unseen_00076,baseline,100,unseen,A batch of 8 units has value 11. Find the value of a same-rate batch of 64 units.,88,17,False,equivalent_ratios,,,proportional_scaling,,, 17
test_unseen_00077,baseline,100,unseen,Complete the equivalent fractions: 3/2 = 24/[blank].,16,12,False,equivalent_ratios,,,cross_multiplication,,, 12
test_unseen_00078,baseline,100,unseen,A machine begins at -6 and applies a change of 9 for 6 rounds. What is its final value?,48,0,False,additive_recurrence,,,iteration,,, 0
test_unseen_00079,baseline,100,unseen,The repeated-change process is summarized by c(k) = -19 + (k - 1)(-4). Evaluate it at k = 15.,-75,-28,False,additive_recurrence,,,substitution,,, -28
test_unseen_00080,baseline,100,unseen,"Knowing only that p + q = -4 and pq = -45, determine p^2 + q^2 by opening (p + q)^2.",106,169,False,symmetric_sum_product,,,expansion,,, 169
test_unseen_00081,baseline,100,unseen,Split the quadratic t^2 - t - 30 into linear factors and report the squared-root sum.,61,15,False,symmetric_sum_product,,,factorization,,, 15
test_unseen_00082,baseline,100,unseen,Insert u = -7 into u^2 + 6u + 3. What value results?,10,50,False,transformed_expression,,,substitution,,, 50
test_unseen_00083,baseline,100,unseen,"After multiplying out the two shifted factors (t + 8) and (t + 8), find the result when t is -7.",1,64,False,transformed_expression,,,expansion,,, 64
test_unseen_00084,baseline,100,unseen,The lines 2x - 5y = 2 and -4x - y = 18 intersect. Give their y-coordinate.,-2,3,False,two_linear_relations,,,elimination,,, 3
test_unseen_00085,baseline,100,unseen,One variable is isolated in y = 6 - 3x; use the other constraint -x - 5y = -114 to obtain x.,-6,28,False,two_linear_relations,,,substitution,,, 28
test_unseen_00086,baseline,100,unseen,"Without separately squaring both numbers, find the difference between 37 squared and 35 squared.",144,12,False,polynomial_identity,,,factorization,,, 12
test_unseen_00087,baseline,100,unseen,What number results from opening the brackets in (24 + 6)(24 + 6)?,900,576,False,polynomial_identity,,,expansion,,, 576
test_unseen_00088,baseline,100,unseen,A batch of 2 units has value 2. Find the value of a same-rate batch of 4 units.,4,8,False,equivalent_ratios,,,proportional_scaling,,, 8
test_unseen_00089,baseline,100,unseen,Complete the equivalent fractions: 14/19 = 140/[blank].,190,106,False,equivalent_ratios,,,cross_multiplication,,, 106
test_unseen_00090,baseline,100,unseen,A machine begins at 1 and applies a change of 7 for 3 rounds. What is its final value?,22,20,False,additive_recurrence,,,iteration,,, 20
test_unseen_00091,baseline,100,unseen,The repeated-change process is summarized by c(k) = 14 + (k - 1)(2). Evaluate it at k = 10.,32,36,False,additive_recurrence,,,substitution,,, 36
test_unseen_00092,baseline,100,unseen,"Knowing only that p + q = 4 and pq = -96, determine p^2 + q^2 by opening (p + q)^2.",208,1536,False,symmetric_sum_product,,,expansion,,, 1536
test_unseen_00093,baseline,100,unseen,Split the quadratic t^2 - 20t + 91 into linear factors and report the squared-root sum.,218,85,False,symmetric_sum_product,,,factorization,,, 85
test_unseen_00094,baseline,100,unseen,Insert u = -7 into 4u^2 + 7u - 12. What value results?,135,-56,False,transformed_expression,,,substitution,,, -56
test_unseen_00095,baseline,100,unseen,"After multiplying out the two shifted factors (z + -10) and (z + 2), find the result when z is -7.",85,3,False,transformed_expression,,,expansion,,, 3
test_unseen_00096,baseline,100,unseen,The lines -4x + 4y = -60 and -2x + 5y = -51 intersect. Give their y-coordinate.,-7,3,False,two_linear_relations,,,elimination,,, 3
test_unseen_00097,baseline,100,unseen,One variable is isolated in y = 4 - 5x; use the other constraint 3x + 5y = -156 to obtain x.,8,28,False,two_linear_relations,,,substitution,,, 28
test_unseen_00098,baseline,100,unseen,"Without separately squaring both numbers, find the difference between 75 squared and 6 squared.",5589,4890,False,polynomial_identity,,,factorization,,, 4890
test_unseen_00099,baseline,100,unseen,What number results from opening the brackets in (26 + 9)(26 + 9)?,1225,416,False,polynomial_identity,,,expansion,,, 416
test_unseen_00100,baseline,100,unseen,A batch of 10 units has value 6. Find the value of a same-rate batch of 120 units.,72,72,True,equivalent_ratios,,,proportional_scaling,,, 72
test_unseen_00101,baseline,100,unseen,Complete the equivalent fractions: 3/10 = 15/[blank].,50,60,False,equivalent_ratios,,,cross_multiplication,,, 60
test_unseen_00102,baseline,100,unseen,A machine begins at -3 and applies a change of -1 for 5 rounds. What is its final value?,-8,-8,True,additive_recurrence,,,iteration,,, -8
test_unseen_00103,baseline,100,unseen,The repeated-change process is summarized by c(k) = 14 + (k - 1)(2). Evaluate it at k = 4.,20,30,False,additive_recurrence,,,substitution,,, 30
test_unseen_00104,baseline,100,unseen,"Knowing only that p + q = 5 and pq = 4, determine p^2 + q^2 by opening (p + q)^2.",17,37,False,symmetric_sum_product,,,expansion,,, 37
test_unseen_00105,baseline,100,unseen,Split the quadratic t^2 - 4t - 21 into linear factors and report the squared-root sum.,58,7,False,symmetric_sum_product,,,factorization,,, 7
test_unseen_00106,baseline,100,unseen,Insert u = -4 into 4u^2 - 8u - 2. What value results?,94,-16,False,transformed_expression,,,substitution,,, -16
test_unseen_00107,baseline,100,unseen,"After multiplying out the two shifted factors (z + 3) and (z + -10), find the result when z is 4.",-42,25,False,transformed_expression,,,expansion,,, 25
test_unseen_00108,baseline,100,unseen,The lines -3x - 5y = -30 and x - 2y = -1 intersect. Give their x-coordinate.,5,5,True,two_linear_relations,,,elimination,,, 5
test_unseen_00109,baseline,100,unseen,One variable is isolated in y = 5x + 2; use the other constraint 2x + y = -19 to obtain y.,-13,34,False,two_linear_relations,,,substitution,,, 34
test_unseen_00110,baseline,100,unseen,"Without separately squaring both numbers, find the difference between 80 squared and 23 squared.",5871,5619,False,polynomial_identity,,,factorization,,, 5619
test_unseen_00111,baseline,100,unseen,What number results from opening the brackets in (4 + 27)(4 + 27)?,961,608,False,polynomial_identity,,,expansion,,, 608
test_unseen_00112,baseline,100,unseen,A batch of 9 units has value 22. Find the value of a same-rate batch of 63 units.,154,15.70784314,False,equivalent_ratios,,,proportional_scaling,,, 15.70784314
test_unseen_00113,baseline,100,unseen,Complete the equivalent fractions: 10/10 = 100/[blank].,100,10,False,equivalent_ratios,,,cross_multiplication,,, 10
test_unseen_00114,baseline,100,unseen,A machine begins at 17 and applies a change of 3 for 4 rounds. What is its final value?,29,20,False,additive_recurrence,,,iteration,,, 20
test_unseen_00115,baseline,100,unseen,The repeated-change process is summarized by c(k) = -18 + (k - 1)(7). Evaluate it at k = 15.,80,-24,False,additive_recurrence,,,substitution,,, -24
test_unseen_00116,baseline,100,unseen,"Knowing only that p + q = 7 and pq = 0, determine p^2 + q^2 by opening (p + q)^2.",49,49,True,symmetric_sum_product,,,expansion,,, 49
test_unseen_00117,baseline,100,unseen,Split the quadratic t^2 - 10t + 24 into linear factors and report the squared-root sum.,52,36,False,symmetric_sum_product,,,factorization,,, 36
test_unseen_00118,baseline,100,unseen,Insert u = -4 into -4u^2 - 3. What value results?,-67,-60,False,transformed_expression,,,substitution,,, -60
test_unseen_00119,baseline,100,unseen,"After multiplying out the two shifted factors (z + -1) and (z + 8), find the result when z is 2.",10,7,False,transformed_expression,,,expansion,,, 7
test_seen_00000,oracle,100,seen,Solve the simultaneous relations -4x + 2y = 32 and 4x + 2y = -32. Find x.,-8,-8,True,two_linear_relations,,,elimination,,, -8
test_seen_00001,oracle,100,seen,"Given y = 2x + 3, insert it into 5x + 4y = 103 and find y.",17,9,False,two_linear_relations,,,substitution,,, 9
test_seen_00002,oracle,100,seen,Use the product pattern for a difference of squares to compute 39^2 - 27^2.,792,645,False,polynomial_identity,,,factorization,,, 645
test_seen_00003,oracle,100,seen,Expand the square and evaluate (5 + 8)^2.,169,676,False,polynomial_identity,,,expansion,,, 676
test_seen_00004,oracle,100,seen,"At a fixed rate, 8 items cost 6 dollars. What do 24 items cost?",18,9,False,equivalent_ratios,,,proportional_scaling,,, 9
test_seen_00005,oracle,100,seen,Solve the proportion 4/18 = 12/x for x.,54,54,True,equivalent_ratios,,,cross_multiplication,,, 54
test_seen_00006,oracle,100,seen,A sequence starts at 11 and changes by -5 each term. Iterate to find term 15.,-59,60,False,additive_recurrence,,,iteration,,, 60
test_seen_00007,oracle,100,seen,An arithmetic sequence has formula a(n) = 4 + (n - 1)(8). Substitute n = 7.,52,35,False,additive_recurrence,,,substitution,,, 35
test_seen_00008,oracle,100,seen,"If x + y = -7 and xy = -30, use a square expansion to find x^2 + y^2.",109,191,False,symmetric_sum_product,,,expansion,,, 191
test_seen_00009,oracle,100,seen,"Factor t^2 + 16t + 39 = 0 to obtain its two roots, then give the sum of their squares.",178,45,False,symmetric_sum_product,,,factorization,,, 45
test_seen_00010,oracle,100,seen,"For f(t) = -5t^2 - 7t - 7, substitute t = -7 and find f(-7).",-203,-146,False,transformed_expression,,,substitution,,, -146
test_seen_00011,oracle,100,seen,Expand (x + -5)(x + -1) and evaluate it at x = -3.,32,2,False,transformed_expression,,,expansion,,, 2
test_seen_00012,oracle,100,seen,Two linear constraints hold: 4x + 5y = -2; 5x + 5y = 5. Determine x.,7,-1,False,two_linear_relations,,,elimination,,, -1
test_seen_00013,oracle,100,seen,The linked relations are y = 5x + 6 and x + y = -30. What is y?,-24,18,False,two_linear_relations,,,substitution,,, 18
test_seen_00014,oracle,100,seen,Evaluate 29^2 - 12^2 by rewriting it as a product.,697,605,False,polynomial_identity,,,factorization,,, 605
test_seen_00015,oracle,100,seen,Use the binomial-square identity to compute (7 + 22)^2.,841,1849,False,polynomial_identity,,,expansion,,, 1849
test_seen_00016,oracle,100,seen,Scale the ratio 11:10 to 22:x. Find x.,20,22,False,equivalent_ratios,,,proportional_scaling,,, 22
test_seen_00017,oracle,100,seen,Cross-multiply 13:7 = 91:x and determine x.,49,63,False,equivalent_ratios,,,cross_multiplication,,, 63
test_seen_00018,oracle,100,seen,"Given a1 = 18 and a(n+1) = a(n) - 7, find a11.",-52,10,False,additive_recurrence,,,iteration,,, 10
test_seen_00019,oracle,100,seen,Use the closed form b(n) = -13 + (n - 1)(1) to find b(10).,-4,-14,False,additive_recurrence,,,substitution,,, -14
test_seen_00020,oracle,100,seen,Two numbers have sum 22 and product 117. Compute the sum of their squares from the symmetric identity.,250,305,False,symmetric_sum_product,,,expansion,,, 305
test_seen_00021,oracle,100,seen,The roots of t^2 - 23t + 120 = 0 are r and s. Find r^2 + s^2 by factoring the quadratic.,289,247,False,symmetric_sum_product,,,factorization,,, 247
test_seen_00022,oracle,100,seen,Evaluate the transformed expression z^2 + 5z - 11 at z = 0.,-11,-13,False,transformed_expression,,,substitution,,, -13
test_seen_00023,oracle,100,seen,"Open the product (x + 3)(x + 9), then set x = 5.",112,120,False,transformed_expression,,,expansion,,, 120
test_seen_00024,oracle,100,seen,Solve the simultaneous relations 5x - 4y = 30 and 5x - 3y = 25. Find y.,-5,8,False,two_linear_relations,,,elimination,,, 8
test_seen_00025,oracle,100,seen,"Given y = 4x + 5, insert it into 3x + 5y = -113 and find x.",-6,20,False,two_linear_relations,,,substitution,,, 20
test_seen_00026,oracle,100,seen,Use the product pattern for a difference of squares to compute 12^2 - 11^2.,23,129,False,polynomial_identity,,,factorization,,, 129
test_seen_00027,oracle,100,seen,Expand the square and evaluate (8 + 9)^2.,289,360,False,polynomial_identity,,,expansion,,, 360
test_seen_00028,oracle,100,seen,"At a fixed rate, 13 items cost 2 dollars. What do 52 items cost?",8,4,False,equivalent_ratios,,,proportional_scaling,,, 4
test_seen_00029,oracle,100,seen,Solve the proportion 3/19 = 21/x for x.,133,153,False,equivalent_ratios,,,cross_multiplication,,, 153
test_seen_00030,oracle,100,seen,A sequence starts at 11 and changes by -1 each term. Iterate to find term 15.,-3,16,False,additive_recurrence,,,iteration,,, 16
test_seen_00031,oracle,100,seen,An arithmetic sequence has formula a(n) = 9 + (n - 1)(2). Substitute n = 9.,25,30,False,additive_recurrence,,,substitution,,, 30
test_seen_00032,oracle,100,seen,"If x + y = -6 and xy = -91, use a square expansion to find x^2 + y^2.",218,257,False,symmetric_sum_product,,,expansion,,, 257
test_seen_00033,oracle,100,seen,"Factor t^2 + 27t + 182 = 0 to obtain its two roots, then give the sum of their squares.",365,369,False,symmetric_sum_product,,,factorization,,, 369
test_seen_00034,oracle,100,seen,"For f(t) = -2t^2 + 4t - 6, substitute t = 3 and find f(3).",-12,-15,False,transformed_expression,,,substitution,,, -15
test_seen_00035,oracle,100,seen,Expand (z + 8)(z + 2) and evaluate it at z = -3.,-5,14,False,transformed_expression,,,expansion,,, 14
test_seen_00036,oracle,100,seen,Two linear constraints hold: -3x + 3y = -15; -3x - 2y = -35. Determine x.,9,6,False,two_linear_relations,,,elimination,,, 6
test_seen_00037,oracle,100,seen,The linked relations are y = -x - 1 and x - 2y = -4. What is x?,-2,-3,False,two_linear_relations,,,substitution,,, -3
test_seen_00038,oracle,100,seen,Evaluate 79^2 - 26^2 by rewriting it as a product.,5565,4801,False,polynomial_identity,,,factorization,,, 4801
test_seen_00039,oracle,100,seen,Use the binomial-square identity to compute (26 + 16)^2.,1764,1084,False,polynomial_identity,,,expansion,,, 1084
test_seen_00040,oracle,100,seen,Scale the ratio 9:18 to 18:x. Find x.,36,2,False,equivalent_ratios,,,proportional_scaling,,, 2
test_seen_00041,oracle,100,seen,Cross-multiply 3:2 = 6:x and determine x.,4,12,False,equivalent_ratios,,,cross_multiplication,,, 12
test_seen_00042,oracle,100,seen,"Given a1 = -19 and a(n+1) = a(n) + 9, find a12.",80,106,False,additive_recurrence,,,iteration,,, 106
test_seen_00043,oracle,100,seen,Use the closed form b(n) = 12 + (n - 1)(8) to find b(11).,92,76,False,additive_recurrence,,,substitution,,, 76
test_seen_00044,oracle,100,seen,Two numbers have sum 3 and product -180. Compute the sum of their squares from the symmetric identity.,369,542,False,symmetric_sum_product,,,expansion,,, 542
test_seen_00045,oracle,100,seen,The roots of t^2 + 15t + 56 = 0 are r and s. Find r^2 + s^2 by factoring the quadratic.,113,37,False,symmetric_sum_product,,,factorization,,, 37
test_seen_00046,oracle,100,seen,Evaluate the transformed expression -3z^2 + 6z + 12 at z = -1.,3,0,False,transformed_expression,,,substitution,,, 0
test_seen_00047,oracle,100,seen,"Open the product (x + -6)(x + -3), then set x = -7.",130,5,False,transformed_expression,,,expansion,,, 5
test_seen_00048,oracle,100,seen,Solve the simultaneous relations 4x + 4y = -32 and x - 2y = 10. Find y.,-6,-7,False,two_linear_relations,,,elimination,,, -7
test_seen_00049,oracle,100,seen,"Given y = -4x - 8, insert it into -3x + 2y = -60 and find x.",4,-6,False,two_linear_relations,,,substitution,,, -6
test_seen_00050,oracle,100,seen,Use the product pattern for a difference of squares to compute 44^2 - 23^2.,1407,1805,False,polynomial_identity,,,factorization,,, 1805
test_seen_00051,oracle,100,seen,Expand the square and evaluate (18 + 36)^2.,2916,1524,False,polynomial_identity,,,expansion,,, 1524
test_seen_00052,oracle,100,seen,"At a fixed rate, 10 items cost 20 dollars. What do 40 items cost?",80,80,True,equivalent_ratios,,,proportional_scaling,,, 80
test_seen_00053,oracle,100,seen,Solve the proportion 13/9 = 52/x for x.,36,66,False,equivalent_ratios,,,cross_multiplication,,, 66
test_seen_00054,oracle,100,seen,A sequence starts at -8 and changes by -2 each term. Iterate to find term 3.,-12,-10,False,additive_recurrence,,,iteration,,, -10
test_seen_00055,oracle,100,seen,An arithmetic sequence has formula a(n) = -15 + (n - 1)(-1). Substitute n = 10.,-24,-20,False,additive_recurrence,,,substitution,,, -20
test_seen_00056,oracle,100,seen,"If x + y = 4 and xy = -77, use a square expansion to find x^2 + y^2.",170,100,False,symmetric_sum_product,,,expansion,,, 100
test_seen_00057,oracle,100,seen,"Factor t^2 - 15t + 50 = 0 to obtain its two roots, then give the sum of their squares.",125,35,False,symmetric_sum_product,,,factorization,,, 35
test_seen_00058,oracle,100,seen,"For f(t) = -4t^2 + 7t + 10, substitute t = -2 and find f(-2).",-20,56,False,transformed_expression,,,substitution,,, 56
test_seen_00059,oracle,100,seen,Expand (x + -6)(x + 0) and evaluate it at x = -4.,40,2,False,transformed_expression,,,expansion,,, 2
test_seen_00060,oracle,100,seen,Two linear constraints hold: 5x - 3y = -33; -x + 4y = 27. Determine y.,6,-18,False,two_linear_relations,,,elimination,,, -18
test_seen_00061,oracle,100,seen,The linked relations are y = 3x + 6 and -x + 4y = 24. What is y?,6,18,False,two_linear_relations,,,substitution,,, 18
test_seen_00062,oracle,100,seen,Evaluate 76^2 - 29^2 by rewriting it as a product.,4935,4801,False,polynomial_identity,,,factorization,,, 4801
test_seen_00063,oracle,100,seen,Use the binomial-square identity to compute (29 + 35)^2.,4096,1600,False,polynomial_identity,,,expansion,,, 1600
test_seen_00064,oracle,100,seen,Scale the ratio 3:8 to 33:x. Find x.,88,132,False,equivalent_ratios,,,proportional_scaling,,, 132
test_seen_00065,oracle,100,seen,Cross-multiply 13:6 = 143:x and determine x.,66,127,False,equivalent_ratios,,,cross_multiplication,,, 127
test_seen_00066,oracle,100,seen,"Given a1 = 18 and a(n+1) = a(n) - 9, find a13.",-90,85,False,additive_recurrence,,,iteration,,, 85
test_seen_00067,oracle,100,seen,Use the closed form b(n) = -14 + (n - 1)(-7) to find b(15).,-112,-98,False,additive_recurrence,,,substitution,,, -98
test_seen_00068,oracle,100,seen,Two numbers have sum 18 and product 65. Compute the sum of their squares from the symmetric identity.,194,129,False,symmetric_sum_product,,,expansion,,, 129
test_seen_00069,oracle,100,seen,The roots of t^2 + 17t + 72 = 0 are r and s. Find r^2 + s^2 by factoring the quadratic.,145,33,False,symmetric_sum_product,,,factorization,,, 33
test_seen_00070,oracle,100,seen,Evaluate the transformed expression -2z^2 + 8z - 11 at z = -3.,-53,-50,False,transformed_expression,,,substitution,,, -50
test_seen_00071,oracle,100,seen,"Open the product (t + -5)(t + 5), then set t = 0.",-25,2,False,transformed_expression,,,expansion,,, 2
test_seen_00072,oracle,100,seen,Solve the simultaneous relations -2x - 2y = 14 and 2x - 3y = 21. Find y.,-7,5,False,two_linear_relations,,,elimination,,, 5
test_seen_00073,oracle,100,seen,"Given y = 2x - 1, insert it into 5x - y = 1 and find x.",0,3,False,two_linear_relations,,,substitution,,, 3
test_seen_00074,oracle,100,seen,Use the product pattern for a difference of squares to compute 52^2 - 13^2.,2535,2409,False,polynomial_identity,,,factorization,,, 2409
test_seen_00075,oracle,100,seen,Expand the square and evaluate (10 + 11)^2.,441,368,False,polynomial_identity,,,expansion,,, 368
test_seen_00076,oracle,100,seen,"At a fixed rate, 4 items cost 7 dollars. What do 20 items cost?",35,35,True,equivalent_ratios,,,proportional_scaling,,, 35
test_seen_00077,oracle,100,seen,Solve the proportion 11/18 = 132/x for x.,216,224,False,equivalent_ratios,,,cross_multiplication,,, 224
test_seen_00078,oracle,100,seen,A sequence starts at -8 and changes by -1 each term. Iterate to find term 10.,-17,7,False,additive_recurrence,,,iteration,,, 7
test_seen_00079,oracle,100,seen,An arithmetic sequence has formula a(n) = 4 + (n - 1)(8). Substitute n = 5.,36,32,False,additive_recurrence,,,substitution,,, 32
test_seen_00080,oracle,100,seen,"If x + y = 1 and xy = -156, use a square expansion to find x^2 + y^2.",313,301,False,symmetric_sum_product,,,expansion,,, 301
test_seen_00081,oracle,100,seen,"Factor t^2 - 19t + 88 = 0 to obtain its two roots, then give the sum of their squares.",185,267,False,symmetric_sum_product,,,factorization,,, 267
test_seen_00082,oracle,100,seen,"For f(t) = 4t^2 + 3t - 8, substitute t = -6 and find f(-6).",118,-10,False,transformed_expression,,,substitution,,, -10
test_seen_00083,oracle,100,seen,Expand (t + 3)(t + -1) and evaluate it at t = 1.,0,-2,False,transformed_expression,,,expansion,,, -2
test_seen_00084,oracle,100,seen,Two linear constraints hold: 4x + 3y = -39; x - 5y = 19. Determine y.,-5,-7,False,two_linear_relations,,,elimination,,, -7
test_seen_00085,oracle,100,seen,The linked relations are y = 3x + 6 and 4x + 3y = 135. What is x?,9,27,False,two_linear_relations,,,substitution,,, 27
test_seen_00086,oracle,100,seen,Evaluate 65^2 - 2^2 by rewriting it as a product.,4221,4130,False,polynomial_identity,,,factorization,,, 4130
test_seen_00087,oracle,100,seen,Use the binomial-square identity to compute (32 + 6)^2.,1444,1084,False,polynomial_identity,,,expansion,,, 1084
test_seen_00088,oracle,100,seen,Scale the ratio 3:23 to 18:x. Find x.,138,66,False,equivalent_ratios,,,proportional_scaling,,, 66
test_seen_00089,oracle,100,seen,Cross-multiply 9:4 = 45:x and determine x.,20,20,True,equivalent_ratios,,,cross_multiplication,,, 20
test_seen_00090,oracle,100,seen,"Given a1 = 14 and a(n+1) = a(n) + 5, find a10.",59,79,False,additive_recurrence,,,iteration,,, 79
test_seen_00091,oracle,100,seen,Use the closed form b(n) = -11 + (n - 1)(-4) to find b(8).,-39,-53,False,additive_recurrence,,,substitution,,, -53
test_seen_00092,oracle,100,seen,Two numbers have sum -28 and product 195. Compute the sum of their squares from the symmetric identity.,394,463,False,symmetric_sum_product,,,expansion,,, 463
test_seen_00093,oracle,100,seen,The roots of t^2 + 12t + 35 = 0 are r and s. Find r^2 + s^2 by factoring the quadratic.,74,46,False,symmetric_sum_product,,,factorization,,, 46
test_seen_00094,oracle,100,seen,Evaluate the transformed expression -5z^2 - 6z + 5 at z = 6.,-211,-130,False,transformed_expression,,,substitution,,, -130
test_seen_00095,oracle,100,seen,"Open the product (z + 0)(z + -5), then set z = -7.",84,-42,False,transformed_expression,,,expansion,,, -42
test_seen_00096,oracle,100,seen,Solve the simultaneous relations -5x - 5y = 5 and 5x - 4y = 22. Find x.,2,13,False,two_linear_relations,,,elimination,,, 13
test_seen_00097,oracle,100,seen,"Given y = -2x - 2, insert it into -2x - 5y = -38 and find y.",10,-14,False,two_linear_relations,,,substitution,,, -14
test_seen_00098,oracle,100,seen,Use the product pattern for a difference of squares to compute 19^2 - 4^2.,345,361,False,polynomial_identity,,,factorization,,, 361
test_seen_00099,oracle,100,seen,Expand the square and evaluate (8 + 21)^2.,841,3936,False,polynomial_identity,,,expansion,,, 3936
test_seen_00100,oracle,100,seen,"At a fixed rate, 3 items cost 21 dollars. What do 6 items cost?",42,7,False,equivalent_ratios,,,proportional_scaling,,, 7
test_seen_00101,oracle,100,seen,Solve the proportion 12/9 = 120/x for x.,90,90,True,equivalent_ratios,,,cross_multiplication,,, 90
test_seen_00102,oracle,100,seen,A sequence starts at -4 and changes by -1 each term. Iterate to find term 9.,-12,-5,False,additive_recurrence,,,iteration,,, -5
test_seen_00103,oracle,100,seen,An arithmetic sequence has formula a(n) = 18 + (n - 1)(-4). Substitute n = 15.,-38,27,False,additive_recurrence,,,substitution,,, 27
test_seen_00104,oracle,100,seen,"If x + y = -5 and xy = -50, use a square expansion to find x^2 + y^2.",125,225,False,symmetric_sum_product,,,expansion,,, 225
test_seen_00105,oracle,100,seen,"Factor t^2 - 2t - 35 = 0 to obtain its two roots, then give the sum of their squares.",74,140,False,symmetric_sum_product,,,factorization,,, 140
test_seen_00106,oracle,100,seen,"For f(t) = 3t^2 + 5t + 8, substitute t = 4 and find f(4).",76,109,False,transformed_expression,,,substitution,,, 109
test_seen_00107,oracle,100,seen,Expand (t + 3)(t + 0) and evaluate it at t = 0.,0,-3,False,transformed_expression,,,expansion,,, -3
test_seen_00108,oracle,100,seen,Two linear constraints hold: 2x + y = 15; 5x + 2y = 39. Determine x.,9,4,False,two_linear_relations,,,elimination,,, 4
test_seen_00109,oracle,100,seen,The linked relations are y = 6 - 3x and -5x + 5y = -110. What is x?,7,20,False,two_linear_relations,,,substitution,,, 20
test_seen_00110,oracle,100,seen,Evaluate 19^2 - 9^2 by rewriting it as a product.,280,360,False,polynomial_identity,,,factorization,,, 360
test_seen_00111,oracle,100,seen,Use the binomial-square identity to compute (30 + 6)^2.,1296,1176,False,polynomial_identity,,,expansion,,, 1176
test_seen_00112,oracle,100,seen,Scale the ratio 3:5 to 27:x. Find x.,45,40,False,equivalent_ratios,,,proportional_scaling,,, 40
test_seen_00113,oracle,100,seen,Cross-multiply 12:10 = 24:x and determine x.,20,12,False,equivalent_ratios,,,cross_multiplication,,, 12
test_seen_00114,oracle,100,seen,"Given a1 = 12 and a(n+1) = a(n) + 8, find a9.",76,100,False,additive_recurrence,,,iteration,,, 100
test_seen_00115,oracle,100,seen,Use the closed form b(n) = -6 + (n - 1)(7) to find b(15).,92,-83,False,additive_recurrence,,,substitution,,, -83
test_seen_00116,oracle,100,seen,Two numbers have sum -23 and product 120. Compute the sum of their squares from the symmetric identity.,289,274,False,symmetric_sum_product,,,expansion,,, 274
test_seen_00117,oracle,100,seen,The roots of t^2 + 9t + 20 = 0 are r and s. Find r^2 + s^2 by factoring the quadratic.,41,145,False,symmetric_sum_product,,,factorization,,, 145
test_seen_00118,oracle,100,seen,Evaluate the transformed expression -4z^2 + 4z - 10 at z = -5.,-130,-76,False,transformed_expression,,,substitution,,, -76
test_seen_00119,oracle,100,seen,"Open the product (x + -10)(x + 6), then set x = 2.",-64,32,False,transformed_expression,,,expansion,,, 32
test_unseen_00000,oracle,100,unseen,The lines 3x - 4y = -16 and -3x + y = -5 intersect. Give their x-coordinate.,4,-2,False,two_linear_relations,,,elimination,,, -2
test_unseen_00001,oracle,100,unseen,One variable is isolated in y = -5x - 1; use the other constraint -4x + 5y = -5 to obtain x.,0,-3,False,two_linear_relations,,,substitution,,, -3
test_unseen_00002,oracle,100,unseen,"Without separately squaring both numbers, find the difference between 29 squared and 8 squared.",777,71,False,polynomial_identity,,,factorization,,, 71
test_unseen_00003,oracle,100,unseen,What number results from opening the brackets in (34 + 21)(34 + 21)?,3025,1096,False,polynomial_identity,,,expansion,,, 1096
test_unseen_00004,oracle,100,unseen,A batch of 8 units has value 20. Find the value of a same-rate batch of 96 units.,240,25,False,equivalent_ratios,,,proportional_scaling,,, 25
test_unseen_00005,oracle,100,unseen,Complete the equivalent fractions: 14/12 = 112/[blank].,96,8,False,equivalent_ratios,,,cross_multiplication,,, 8
test_unseen_00006,oracle,100,unseen,A machine begins at 2 and applies a change of -7 for 7 rounds. What is its final value?,-47,-15,False,additive_recurrence,,,iteration,,, -15
test_unseen_00007,oracle,100,unseen,The repeated-change process is summarized by c(k) = -2 + (k - 1)(-4). Evaluate it at k = 4.,-14,-8,False,additive_recurrence,,,substitution,,, -8
test_unseen_00008,oracle,100,unseen,"Knowing only that p + q = -12 and pq = -13, determine p^2 + q^2 by opening (p + q)^2.",170,169,False,symmetric_sum_product,,,expansion,,, 169
test_unseen_00009,oracle,100,unseen,Split the quadratic t^2 + 9t - 36 into linear factors and report the squared-root sum.,153,18,False,symmetric_sum_product,,,factorization,,, 18
test_unseen_00010,oracle,100,unseen,Insert u = 3 into -u^2 + 2u - 9. What value results?,-12,15,False,transformed_expression,,,substitution,,, 15
test_unseen_00011,oracle,100,unseen,"After multiplying out the two shifted factors (t + -1) and (t + -9), find the result when t is -2.",33,17,False,transformed_expression,,,expansion,,, 17
test_unseen_00012,oracle,100,unseen,The lines 2x - 2y = -24 and -2x - 3y = -6 intersect. Give their y-coordinate.,6,-6,False,two_linear_relations,,,elimination,,, -6
test_unseen_00013,oracle,100,unseen,One variable is isolated in y = -5x - 7; use the other constraint 2x - 5y = -19 to obtain y.,3,-13,False,two_linear_relations,,,substitution,,, -13
test_unseen_00014,oracle,100,unseen,"Without separately squaring both numbers, find the difference between 79 squared and 25 squared.",5616,462,False,polynomial_identity,,,factorization,,, 462
test_unseen_00015,oracle,100,unseen,What number results from opening the brackets in (32 + 31)(32 + 31)?,3969,256,False,polynomial_identity,,,expansion,,, 256
test_unseen_00016,oracle,100,unseen,A batch of 14 units has value 19. Find the value of a same-rate batch of 154 units.,209,26,False,equivalent_ratios,,,proportional_scaling,,, 26
test_unseen_00017,oracle,100,unseen,Complete the equivalent fractions: 5/17 = 20/[blank].,68,64,False,equivalent_ratios,,,cross_multiplication,,, 64
test_unseen_00018,oracle,100,unseen,A machine begins at 9 and applies a change of 3 for 11 rounds. What is its final value?,42,44,False,additive_recurrence,,,iteration,,, 44
test_unseen_00019,oracle,100,unseen,The repeated-change process is summarized by c(k) = -18 + (k - 1)(-1). Evaluate it at k = 5.,-22,-27,False,additive_recurrence,,,substitution,,, -27
test_unseen_00020,oracle,100,unseen,"Knowing only that p + q = -2 and pq = -195, determine p^2 + q^2 by opening (p + q)^2.",394,301,False,symmetric_sum_product,,,expansion,,, 301
test_unseen_00021,oracle,100,unseen,Split the quadratic t^2 - 12t + 27 into linear factors and report the squared-root sum.,90,6,False,symmetric_sum_product,,,factorization,,, 6
test_unseen_00022,oracle,100,unseen,Insert u = 2 into 5u^2 + u - 1. What value results?,21,1,False,transformed_expression,,,substitution,,, 1
test_unseen_00023,oracle,100,unseen,"After multiplying out the two shifted factors (t + -4) and (t + 2), find the result when t is -6.",40,-10,False,transformed_expression,,,expansion,,, -10
test_unseen_00024,oracle,100,unseen,The lines -2x + 4y = -26 and -5x + y = -11 intersect. Give their x-coordinate.,1,3,False,two_linear_relations,,,elimination,,, 3
test_unseen_00025,oracle,100,unseen,One variable is isolated in y = -4x - 4; use the other constraint -3x - 5y = 122 to obtain y.,-28,8,False,two_linear_relations,,,substitution,,, 8
test_unseen_00026,oracle,100,unseen,"Without separately squaring both numbers, find the difference between 48 squared and 43 squared.",455,12,False,polynomial_identity,,,factorization,,, 12
test_unseen_00027,oracle,100,unseen,What number results from opening the brackets in (19 + 6)(19 + 6)?,625,285,False,polynomial_identity,,,expansion,,, 285
test_unseen_00028,oracle,100,unseen,A batch of 8 units has value 10. Find the value of a same-rate batch of 16 units.,20,5,False,equivalent_ratios,,,proportional_scaling,,, 5
test_unseen_00029,oracle,100,unseen,Complete the equivalent fractions: 13/18 = 52/[blank].,72,104,False,equivalent_ratios,,,cross_multiplication,,, 104
test_unseen_00030,oracle,100,unseen,A machine begins at 20 and applies a change of -3 for 2 rounds. What is its final value?,14,-19,False,additive_recurrence,,,iteration,,, -19
test_unseen_00031,oracle,100,unseen,The repeated-change process is summarized by c(k) = -3 + (k - 1)(7). Evaluate it at k = 7.,39,-20,False,additive_recurrence,,,substitution,,, -20
test_unseen_00032,oracle,100,unseen,"Knowing only that p + q = -12 and pq = -13, determine p^2 + q^2 by opening (p + q)^2.",170,169,False,symmetric_sum_product,,,expansion,,, 169
test_unseen_00033,oracle,100,unseen,Split the quadratic t^2 - 21t + 108 into linear factors and report the squared-root sum.,225,9,False,symmetric_sum_product,,,factorization,,, 9
test_unseen_00034,oracle,100,unseen,Insert u = 5 into 5u^2 + 2u + 5. What value results?,140,60,False,transformed_expression,,,substitution,,, 60
test_unseen_00035,oracle,100,unseen,"After multiplying out the two shifted factors (t + 5) and (t + -8), find the result when t is -3.",-22,-26,False,transformed_expression,,,expansion,,, -26
test_unseen_00036,oracle,100,unseen,The lines x - y = -3 and 3x + 2y = 6 intersect. Give their x-coordinate.,0,-1,False,two_linear_relations,,,elimination,,, -1
test_unseen_00037,oracle,100,unseen,One variable is isolated in y = -x - 4; use the other constraint -4x + 3y = -19 to obtain y.,-5,2,False,two_linear_relations,,,substitution,,, 2
test_unseen_00038,oracle,100,unseen,"Without separately squaring both numbers, find the difference between 66 squared and 43 squared.",2507,1089,False,polynomial_identity,,,factorization,,, 1089
test_unseen_00039,oracle,100,unseen,What number results from opening the brackets in (30 + 7)(30 + 7)?,1369,642,False,polynomial_identity,,,expansion,,, 642
test_unseen_00040,oracle,100,unseen,A batch of 11 units has value 6. Find the value of a same-rate batch of 66 units.,36,36,True,equivalent_ratios,,,proportional_scaling,,, 36
test_unseen_00041,oracle,100,unseen,Complete the equivalent fractions: 13/19 = 78/[blank].,114,26,False,equivalent_ratios,,,cross_multiplication,,, 26
test_unseen_00042,oracle,100,unseen,A machine begins at 12 and applies a change of 3 for 5 rounds. What is its final value?,27,48,False,additive_recurrence,,,iteration,,, 48
test_unseen_00043,oracle,100,unseen,The repeated-change process is summarized by c(k) = -18 + (k - 1)(-2). Evaluate it at k = 11.,-38,-30,False,additive_recurrence,,,substitution,,, -30
test_unseen_00044,oracle,100,unseen,"Knowing only that p + q = -13 and pq = 0, determine p^2 + q^2 by opening (p + q)^2.",169,144,False,symmetric_sum_product,,,expansion,,, 144
test_unseen_00045,oracle,100,unseen,Split the quadratic t^2 + 6t - 7 into linear factors and report the squared-root sum.,50,10,False,symmetric_sum_product,,,factorization,,, 10
test_unseen_00046,oracle,100,unseen,Insert u = -3 into 2u^2 - 4u + 2. What value results?,32,-1,False,transformed_expression,,,substitution,,, -1
test_unseen_00047,oracle,100,unseen,"After multiplying out the two shifted factors (z + -6) and (z + -3), find the result when z is 7.",4,5,False,transformed_expression,,,expansion,,, 5
test_unseen_00048,oracle,100,unseen,The lines -3x - 5y = -41 and -4x + y = -1 intersect. Give their y-coordinate.,7,-1,False,two_linear_relations,,,elimination,,, -1
test_unseen_00049,oracle,100,unseen,One variable is isolated in y = 5x + 8; use the other constraint 3x - 2y = -37 to obtain x.,3,-19,False,two_linear_relations,,,substitution,,, -19
test_unseen_00050,oracle,100,unseen,"Without separately squaring both numbers, find the difference between 31 squared and 12 squared.",817,89,False,polynomial_identity,,,factorization,,, 89
test_unseen_00051,oracle,100,unseen,What number results from opening the brackets in (2 + 23)(2 + 23)?,625,50,False,polynomial_identity,,,expansion,,, 50
test_unseen_00052,oracle,100,unseen,A batch of 2 units has value 19. Find the value of a same-rate batch of 12 units.,114,1/2,False,equivalent_ratios,,,proportional_scaling,,, 1/2
test_unseen_00053,oracle,100,unseen,Complete the equivalent fractions: 11/6 = 55/[blank].,30,33,False,equivalent_ratios,,,cross_multiplication,,, 33
test_unseen_00054,oracle,100,unseen,A machine begins at -10 and applies a change of -3 for 10 rounds. What is its final value?,-40,-27,False,additive_recurrence,,,iteration,,, -27
test_unseen_00055,oracle,100,unseen,The repeated-change process is summarized by c(k) = -19 + (k - 1)(-7). Evaluate it at k = 4.,-40,-85,False,additive_recurrence,,,substitution,,, -85
test_unseen_00056,oracle,100,unseen,"Knowing only that p + q = 3 and pq = 2, determine p^2 + q^2 by opening (p + q)^2.",5,17,False,symmetric_sum_product,,,expansion,,, 17
test_unseen_00057,oracle,100,unseen,Split the quadratic t^2 + 9t - 70 into linear factors and report the squared-root sum.,221,14,False,symmetric_sum_product,,,factorization,,, 14
test_unseen_00058,oracle,100,unseen,Insert u = -3 into -u^2 + 4u - 8. What value results?,-29,-19,False,transformed_expression,,,substitution,,, -19
test_unseen_00059,oracle,100,unseen,"After multiplying out the two shifted factors (z + 10) and (z + -5), find the result when z is 3.",-26,42,False,transformed_expression,,,expansion,,, 42
test_unseen_00060,oracle,100,unseen,The lines 4x - y = -29 and -5x - 5y = 30 intersect. Give their x-coordinate.,-7,-1,False,two_linear_relations,,,elimination,,, -1
test_unseen_00061,oracle,100,unseen,One variable is isolated in y = -2x - 8; use the other constraint -3x - 4y = 2 to obtain x.,-6,-6,True,two_linear_relations,,,substitution,,, -6
test_unseen_00062,oracle,100,unseen,"Without separately squaring both numbers, find the difference between 45 squared and 37 squared.",656,81,False,polynomial_identity,,,factorization,,, 81
test_unseen_00063,oracle,100,unseen,What number results from opening the brackets in (12 + 29)(12 + 29)?,1681,660,False,polynomial_identity,,,expansion,,, 660
test_unseen_00064,oracle,100,unseen,A batch of 8 units has value 13. Find the value of a same-rate batch of 48 units.,78,26,False,equivalent_ratios,,,proportional_scaling,,, 26
test_unseen_00065,oracle,100,unseen,Complete the equivalent fractions: 11/10 = 55/[blank].,50,25,False,equivalent_ratios,,,cross_multiplication,,, 25
test_unseen_00066,oracle,100,unseen,A machine begins at -11 and applies a change of 1 for 6 rounds. What is its final value?,-5,5,False,additive_recurrence,,,iteration,,, 5
test_unseen_00067,oracle,100,unseen,The repeated-change process is summarized by c(k) = 5 + (k - 1)(-4). Evaluate it at k = 13.,-43,67,False,additive_recurrence,,,substitution,,, 67
test_unseen_00068,oracle,100,unseen,"Knowing only that p + q = 5 and pq = -150, determine p^2 + q^2 by opening (p + q)^2.",325,325,True,symmetric_sum_product,,,expansion,,, 325
test_unseen_00069,oracle,100,unseen,Split the quadratic t^2 + 10t into linear factors and report the squared-root sum.,100,5,False,symmetric_sum_product,,,factorization,,, 5
test_unseen_00070,oracle,100,unseen,Insert u = 0 into -u^2 + 6u + 3. What value results?,3,9,False,transformed_expression,,,substitution,,, 9
test_unseen_00071,oracle,100,unseen,"After multiplying out the two shifted factors (z + -1) and (z + -1), find the result when z is 4.",9,9,True,transformed_expression,,,expansion,,, 9
test_unseen_00072,oracle,100,unseen,The lines x + 2y = 17 and 2x - 4y = -14 intersect. Give their y-coordinate.,6,-3,False,two_linear_relations,,,elimination,,, -3
test_unseen_00073,oracle,100,unseen,One variable is isolated in y = -2x; use the other constraint -2x + 3y = -72 to obtain x.,9,18,False,two_linear_relations,,,substitution,,, 18
test_unseen_00074,oracle,100,unseen,"Without separately squaring both numbers, find the difference between 27 squared and 24 squared.",153,105,False,polynomial_identity,,,factorization,,, 105
test_unseen_00075,oracle,100,unseen,What number results from opening the brackets in (25 + 16)(25 + 16)?,1681,800,False,polynomial_identity,,,expansion,,, 800
test_unseen_00076,oracle,100,unseen,A batch of 8 units has value 11. Find the value of a same-rate batch of 64 units.,88,17,False,equivalent_ratios,,,proportional_scaling,,, 17
test_unseen_00077,oracle,100,unseen,Complete the equivalent fractions: 3/2 = 24/[blank].,16,16,True,equivalent_ratios,,,cross_multiplication,,, 16
test_unseen_00078,oracle,100,unseen,A machine begins at -6 and applies a change of 9 for 6 rounds. What is its final value?,48,36,False,additive_recurrence,,,iteration,,, 36
test_unseen_00079,oracle,100,unseen,The repeated-change process is summarized by c(k) = -19 + (k - 1)(-4). Evaluate it at k = 15.,-75,-27,False,additive_recurrence,,,substitution,,, -27
test_unseen_00080,oracle,100,unseen,"Knowing only that p + q = -4 and pq = -45, determine p^2 + q^2 by opening (p + q)^2.",106,169,False,symmetric_sum_product,,,expansion,,, 169
test_unseen_00081,oracle,100,unseen,Split the quadratic t^2 - t - 30 into linear factors and report the squared-root sum.,61,15,False,symmetric_sum_product,,,factorization,,, 15
test_unseen_00082,oracle,100,unseen,Insert u = -7 into u^2 + 6u + 3. What value results?,10,54,False,transformed_expression,,,substitution,,, 54
test_unseen_00083,oracle,100,unseen,"After multiplying out the two shifted factors (t + 8) and (t + 8), find the result when t is -7.",1,-13,False,transformed_expression,,,expansion,,, -13
test_unseen_00084,oracle,100,unseen,The lines 2x - 5y = 2 and -4x - y = 18 intersect. Give their y-coordinate.,-2,-3,False,two_linear_relations,,,elimination,,, -3
test_unseen_00085,oracle,100,unseen,One variable is isolated in y = 6 - 3x; use the other constraint -x - 5y = -114 to obtain x.,-6,20,False,two_linear_relations,,,substitution,,, 20
test_unseen_00086,oracle,100,unseen,"Without separately squaring both numbers, find the difference between 37 squared and 35 squared.",144,1,False,polynomial_identity,,,factorization,,, 1
test_unseen_00087,oracle,100,unseen,What number results from opening the brackets in (24 + 6)(24 + 6)?,900,328,False,polynomial_identity,,,expansion,,, 328
test_unseen_00088,oracle,100,unseen,A batch of 2 units has value 2. Find the value of a same-rate batch of 4 units.,4,1,False,equivalent_ratios,,,proportional_scaling,,, 1
test_unseen_00089,oracle,100,unseen,Complete the equivalent fractions: 14/19 = 140/[blank].,190,126,False,equivalent_ratios,,,cross_multiplication,,, 126
test_unseen_00090,oracle,100,unseen,A machine begins at 1 and applies a change of 7 for 3 rounds. What is its final value?,22,20,False,additive_recurrence,,,iteration,,, 20
test_unseen_00091,oracle,100,unseen,The repeated-change process is summarized by c(k) = 14 + (k - 1)(2). Evaluate it at k = 10.,32,38,False,additive_recurrence,,,substitution,,, 38
test_unseen_00092,oracle,100,unseen,"Knowing only that p + q = 4 and pq = -96, determine p^2 + q^2 by opening (p + q)^2.",208,385,False,symmetric_sum_product,,,expansion,,, 385
test_unseen_00093,oracle,100,unseen,Split the quadratic t^2 - 20t + 91 into linear factors and report the squared-root sum.,218,45,False,symmetric_sum_product,,,factorization,,, 45
test_unseen_00094,oracle,100,unseen,Insert u = -7 into 4u^2 + 7u - 12. What value results?,135,-30,False,transformed_expression,,,substitution,,, -30
test_unseen_00095,oracle,100,unseen,"After multiplying out the two shifted factors (z + -10) and (z + 2), find the result when z is -7.",85,-9,False,transformed_expression,,,expansion,,, -9
test_unseen_00096,oracle,100,unseen,The lines -4x + 4y = -60 and -2x + 5y = -51 intersect. Give their y-coordinate.,-7,3,False,two_linear_relations,,,elimination,,, 3
test_unseen_00097,oracle,100,unseen,One variable is isolated in y = 4 - 5x; use the other constraint 3x + 5y = -156 to obtain x.,8,9,False,two_linear_relations,,,substitution,,, 9
test_unseen_00098,oracle,100,unseen,"Without separately squaring both numbers, find the difference between 75 squared and 6 squared.",5589,482,False,polynomial_identity,,,factorization,,, 482
test_unseen_00099,oracle,100,unseen,What number results from opening the brackets in (26 + 9)(26 + 9)?,1225,418,False,polynomial_identity,,,expansion,,, 418
test_unseen_00100,oracle,100,unseen,A batch of 10 units has value 6. Find the value of a same-rate batch of 120 units.,72,7.5,False,equivalent_ratios,,,proportional_scaling,,, 7.5
test_unseen_00101,oracle,100,unseen,Complete the equivalent fractions: 3/10 = 15/[blank].,50,45,False,equivalent_ratios,,,cross_multiplication,,, 45
test_unseen_00102,oracle,100,unseen,A machine begins at -3 and applies a change of -1 for 5 rounds. What is its final value?,-8,-8,True,additive_recurrence,,,iteration,,, -8
test_unseen_00103,oracle,100,unseen,The repeated-change process is summarized by c(k) = 14 + (k - 1)(2). Evaluate it at k = 4.,20,30,False,additive_recurrence,,,substitution,,, 30
test_unseen_00104,oracle,100,unseen,"Knowing only that p + q = 5 and pq = 4, determine p^2 + q^2 by opening (p + q)^2.",17,33,False,symmetric_sum_product,,,expansion,,, 33
test_unseen_00105,oracle,100,unseen,Split the quadratic t^2 - 4t - 21 into linear factors and report the squared-root sum.,58,7,False,symmetric_sum_product,,,factorization,,, 7
test_unseen_00106,oracle,100,unseen,Insert u = -4 into 4u^2 - 8u - 2. What value results?,94,-16,False,transformed_expression,,,substitution,,, -16
test_unseen_00107,oracle,100,unseen,"After multiplying out the two shifted factors (z + 3) and (z + -10), find the result when z is 4.",-42,2,False,transformed_expression,,,expansion,,, 2
test_unseen_00108,oracle,100,unseen,The lines -3x - 5y = -30 and x - 2y = -1 intersect. Give their x-coordinate.,5,-6,False,two_linear_relations,,,elimination,,, -6
test_unseen_00109,oracle,100,unseen,One variable is isolated in y = 5x + 2; use the other constraint 2x + y = -19 to obtain y.,-13,30,False,two_linear_relations,,,substitution,,, 30
test_unseen_00110,oracle,100,unseen,"Without separately squaring both numbers, find the difference between 80 squared and 23 squared.",5871,647,False,polynomial_identity,,,factorization,,, 647
test_unseen_00111,oracle,100,unseen,What number results from opening the brackets in (4 + 27)(4 + 27)?,961,160,False,polynomial_identity,,,expansion,,, 160
test_unseen_00112,oracle,100,unseen,A batch of 9 units has value 22. Find the value of a same-rate batch of 63 units.,154,14,False,equivalent_ratios,,,proportional_scaling,,, 14
test_unseen_00113,oracle,100,unseen,Complete the equivalent fractions: 10/10 = 100/[blank].,100,10,False,equivalent_ratios,,,cross_multiplication,,, 10
test_unseen_00114,oracle,100,unseen,A machine begins at 17 and applies a change of 3 for 4 rounds. What is its final value?,29,25,False,additive_recurrence,,,iteration,,, 25
test_unseen_00115,oracle,100,unseen,The repeated-change process is summarized by c(k) = -18 + (k - 1)(7). Evaluate it at k = 15.,80,-93,False,additive_recurrence,,,substitution,,, -93
test_unseen_00116,oracle,100,unseen,"Knowing only that p + q = 7 and pq = 0, determine p^2 + q^2 by opening (p + q)^2.",49,49,True,symmetric_sum_product,,,expansion,,, 49
test_unseen_00117,oracle,100,unseen,Split the quadratic t^2 - 10t + 24 into linear factors and report the squared-root sum.,52,8,False,symmetric_sum_product,,,factorization,,, 8
test_unseen_00118,oracle,100,unseen,Insert u = -4 into -4u^2 - 3. What value results?,-67,-60,False,transformed_expression,,,substitution,,, -60
test_unseen_00119,oracle,100,unseen,"After multiplying out the two shifted factors (z + -1) and (z + 8), find the result when z is 2.",10,9,False,transformed_expression,,,expansion,,, 9
test_seen_00000,structure_aware,100,seen,Solve the simultaneous relations -4x + 2y = 32 and 4x + 2y = -32. Find x.,-8,-8,True,two_linear_relations,two_linear_relations,True,elimination,addition,False,"STRUCTURE: two_linear_relations
TOOL: addition
ANSWER: -8"
test_seen_00001,structure_aware,100,seen,"Given y = 2x + 3, insert it into 5x + 4y = 103 and find y.",17,29,False,two_linear_relations,two_linear_relations,True,substitution,substitution,True,"STRUCTURE: two_linear_relations
TOOL: substitution
ANSWER: 29"
test_seen_00002,structure_aware,100,seen,Use the product pattern for a difference of squares to compute 39^2 - 27^2.,792,1080,False,polynomial_identity,polynomial_identity,True,factorization,factorization,True,"STRUCTURE: polynomial_identity
TOOL: factorization
ANSWER: 1080"
test_seen_00003,structure_aware,100,seen,Expand the square and evaluate (5 + 8)^2.,169,169,True,polynomial_identity,polynomial_identity,True,expansion,expansion,True,"STRUCTURE: polynomial_identity
TOOL: expansion
ANSWER: 169"
test_seen_00004,structure_aware,100,seen,"At a fixed rate, 8 items cost 6 dollars. What do 24 items cost?",18,18,True,equivalent_ratios,equivalent_ratios,True,proportional_scaling,proportional_scaling,True,"STRUCTURE: equivalent_ratios
TOOL: proportional_scaling
ANSWER: 18"
test_seen_00005,structure_aware,100,seen,Solve the proportion 4/18 = 12/x for x.,54,54,True,equivalent_ratios,equivalent_ratios,True,cross_multiplication,cross_multiplication,True,"STRUCTURE: equivalent_ratios
TOOL: cross_multiplication
ANSWER: 54"
test_seen_00006,structure_aware,100,seen,A sequence starts at 11 and changes by -5 each term. Iterate to find term 15.,-59,-36,False,additive_recurrence,additive_recurrence,True,iteration,iteration,True,"STRUCTURE: additive_recurrence
TOOL: iteration
ANSWER: -36"
test_seen_00007,structure_aware,100,seen,An arithmetic sequence has formula a(n) = 4 + (n - 1)(8). Substitute n = 7.,52,35,False,additive_recurrence,additive_recurrence,True,substitution,substitution,True,"STRUCTURE: additive_recurrence
TOOL: substitution
ANSWER: 35"
test_seen_00008,structure_aware,100,seen,"If x + y = -7 and xy = -30, use a square expansion to find x^2 + y^2.",109,109,True,symmetric_sum_product,symmetric_sum_product,True,expansion,expansion,True,"STRUCTURE: symmetric_sum_product
TOOL: expansion
ANSWER: 109"
test_seen_00009,structure_aware,100,seen,"Factor t^2 + 16t + 39 = 0 to obtain its two roots, then give the sum of their squares.",178,25,False,symmetric_sum_product,symmetric_sum_product,True,factorization,factorization,True,"STRUCTURE: symmetric_sum_product
TOOL: factorization
ANSWER: 25"
test_seen_00010,structure_aware,100,seen,"For f(t) = -5t^2 - 7t - 7, substitute t = -7 and find f(-7).",-203,-148,False,transformed_expression,transformed_expression,True,substitution,substitution,True,"STRUCTURE: transformed_expression
TOOL: substitution
ANSWER: -148"
test_seen_00011,structure_aware,100,seen,Expand (x + -5)(x + -1) and evaluate it at x = -3.,32,2,False,transformed_expression,transformed_expression,True,expansion,expansion,True,"STRUCTURE: transformed_expression
TOOL: expansion
ANSWER: 2"
test_seen_00012,structure_aware,100,seen,Two linear constraints hold: 4x + 5y = -2; 5x + 5y = 5. Determine x.,7,-1,False,two_linear_relations,two_linear_relations,True,elimination,elimination,True,"STRUCTURE: two_linear_relations
TOOL: elimination
ANSWER: -1"
test_seen_00013,structure_aware,100,seen,The linked relations are y = 5x + 6 and x + y = -30. What is y?,-24,-47,False,two_linear_relations,two_linear_relations,True,substitution,substitution,True,"STRUCTURE: two_linear_relations
TOOL: substitution
ANSWER: -47"
test_seen_00014,structure_aware,100,seen,Evaluate 29^2 - 12^2 by rewriting it as a product.,697,705,False,polynomial_identity,polynomial_identity,True,factorization,factorization,True,"STRUCTURE: polynomial_identity
TOOL: factorization
ANSWER: 705"
test_seen_00015,structure_aware,100,seen,Use the binomial-square identity to compute (7 + 22)^2.,841,3136,False,polynomial_identity,polynomial_identity,True,expansion,expansion,True,"STRUCTURE: polynomial_identity
TOOL: expansion
ANSWER: 3136"
test_seen_00016,structure_aware,100,seen,Scale the ratio 11:10 to 22:x. Find x.,20,88,False,equivalent_ratios,equivalent_ratios,True,proportional_scaling,proportional_scaling,True,"STRUCTURE: equivalent_ratios
TOOL: proportional_scaling
ANSWER: 88"
test_seen_00017,structure_aware,100,seen,Cross-multiply 13:7 = 91:x and determine x.,49,68,False,equivalent_ratios,equivalent_ratios,True,cross_multiplication,cross_multiplication,True,"STRUCTURE: equivalent_ratios
TOOL: cross_multiplication
ANSWER: 68"
test_seen_00018,structure_aware,100,seen,"Given a1 = 18 and a(n+1) = a(n) - 7, find a11.",-52,-59,False,additive_recurrence,additive_recurrence,True,iteration,iteration,True,"STRUCTURE: additive_recurrence
TOOL: iteration
ANSWER: -59"
test_seen_00019,structure_aware,100,seen,Use the closed form b(n) = -13 + (n - 1)(1) to find b(10).,-4,-25,False,additive_recurrence,additive_recurrence,True,substitution,substitution,True,"STRUCTURE: additive_recurrence
TOOL: substitution
ANSWER: -25"
test_seen_00020,structure_aware,100,seen,Two numbers have sum 22 and product 117. Compute the sum of their squares from the symmetric identity.,250,305,False,symmetric_sum_product,symmetric_sum_product,True,expansion,expansion,True,"STRUCTURE: symmetric_sum_product
TOOL: expansion
ANSWER: 305"
test_seen_00021,structure_aware,100,seen,The roots of t^2 - 23t + 120 = 0 are r and s. Find r^2 + s^2 by factoring the quadratic.,289,459,False,symmetric_sum_product,symmetric_sum_product,True,factorization,factorization,True,"STRUCTURE: symmetric_sum_product
TOOL: factorization
ANSWER: 459"
test_seen_00022,structure_aware,100,seen,Evaluate the transformed expression z^2 + 5z - 11 at z = 0.,-11,-11,True,transformed_expression,transformed_expression,True,substitution,substitution,True,"STRUCTURE: transformed_expression
TOOL: substitution
ANSWER: -11"
test_seen_00023,structure_aware,100,seen,"Open the product (x + 3)(x + 9), then set x = 5.",112,72,False,transformed_expression,transformed_expression,True,expansion,expansion,True,"STRUCTURE: transformed_expression
TOOL: expansion
ANSWER: 72"
test_seen_00024,structure_aware,100,seen,Solve the simultaneous relations 5x - 4y = 30 and 5x - 3y = 25. Find y.,-5,1,False,two_linear_relations,two_linear_relations,True,elimination,elimination,True,"STRUCTURE: two_linear_relations
TOOL: elimination
ANSWER: 1"
test_seen_00025,structure_aware,100,seen,"Given y = 4x + 5, insert it into 3x + 5y = -113 and find x.",-6,-2,False,two_linear_relations,two_linear_relations,True,substitution,substitution,True,"STRUCTURE: two_linear_relations
TOOL: substitution
ANSWER: -2"
test_seen_00026,structure_aware,100,seen,Use the product pattern for a difference of squares to compute 12^2 - 11^2.,23,120,False,polynomial_identity,polynomial_identity,True,factorization,factorization,True,"STRUCTURE: polynomial_identity
TOOL: factorization
ANSWER: 120"
test_seen_00027,structure_aware,100,seen,Expand the square and evaluate (8 + 9)^2.,289,169,False,polynomial_identity,polynomial_identity,True,expansion,expansion,True,"STRUCTURE: polynomial_identity
TOOL: expansion
ANSWER: 169"
test_seen_00028,structure_aware,100,seen,"At a fixed rate, 13 items cost 2 dollars. What do 52 items cost?",8,44,False,equivalent_ratios,equivalent_ratios,True,proportional_scaling,proportional_scaling,True,"STRUCTURE: equivalent_ratios
TOOL: proportional_scaling
ANSWER: 44"
test_seen_00029,structure_aware,100,seen,Solve the proportion 3/19 = 21/x for x.,133,154,False,equivalent_ratios,equivalent_ratios,True,cross_multiplication,cross_multiplication,True,"STRUCTURE: equivalent_ratios
TOOL: cross_multiplication
ANSWER: 154"
test_seen_00030,structure_aware,100,seen,A sequence starts at 11 and changes by -1 each term. Iterate to find term 15.,-3,-20,False,additive_recurrence,additive_recurrence,True,iteration,iteration,True,"STRUCTURE: additive_recurrence
TOOL: iteration
ANSWER: -20"
test_seen_00031,structure_aware,100,seen,An arithmetic sequence has formula a(n) = 9 + (n - 1)(2). Substitute n = 9.,25,30,False,additive_recurrence,additive_recurrence,True,substitution,substitution,True,"STRUCTURE: additive_recurrence
TOOL: substitution
ANSWER: 30"
test_seen_00032,structure_aware,100,seen,"If x + y = -6 and xy = -91, use a square expansion to find x^2 + y^2.",218,145,False,symmetric_sum_product,symmetric_sum_product,True,expansion,expansion,True,"STRUCTURE: symmetric_sum_product
TOOL: expansion
ANSWER: 145"
test_seen_00033,structure_aware,100,seen,"Factor t^2 + 27t + 182 = 0 to obtain its two roots, then give the sum of their squares.",365,365,True,symmetric_sum_product,symmetric_sum_product,True,factorization,factorization,True,"STRUCTURE: symmetric_sum_product
TOOL: factorization
ANSWER: 365"
test_seen_00034,structure_aware,100,seen,"For f(t) = -2t^2 + 4t - 6, substitute t = 3 and find f(3).",-12,-15,False,transformed_expression,transformed_expression,True,substitution,substitution,True,"STRUCTURE: transformed_expression
TOOL: substitution
ANSWER: -15"
test_seen_00035,structure_aware,100,seen,Expand (z + 8)(z + 2) and evaluate it at z = -3.,-5,,False,transformed_expression,transformed_expression RESPONSE: 14,False,expansion,,False,STRUCTURE: transformed_expression RESPONSE: 14
test_seen_00036,structure_aware,100,seen,Two linear constraints hold: -3x + 3y = -15; -3x - 2y = -35. Determine x.,9,-4,False,two_linear_relations,two_linear_relations,True,elimination,elimination,True,"STRUCTURE: two_linear_relations
TOOL: elimination
ANSWER: -4"
test_seen_00037,structure_aware,100,seen,The linked relations are y = -x - 1 and x - 2y = -4. What is x?,-2,-3,False,two_linear_relations,two_linear_relations,True,substitution,substitution,True,"STRUCTURE: two_linear_relations
TOOL: substitution
ANSWER: -3"
test_seen_00038,structure_aware,100,seen,Evaluate 79^2 - 26^2 by rewriting it as a product.,5565,5401,False,polynomial_identity,polynomial_identity,True,factorization,factorization,True,"STRUCTURE: polynomial_identity
TOOL: factorization
ANSWER: 5401"
test_seen_00039,structure_aware,100,seen,Use the binomial-square identity to compute (26 + 16)^2.,1764,800,False,polynomial_identity,polynomial_identity,True,expansion,expansion,True,"STRUCTURE: polynomial_identity
TOOL: expansion
ANSWER: 800"
test_seen_00040,structure_aware,100,seen,Scale the ratio 9:18 to 18:x. Find x.,36,27,False,equivalent_ratios,equivalent_ratios,True,proportional_scaling,proportional_scaling,True,"STRUCTURE: equivalent_ratios
TOOL: proportional_scaling
ANSWER: 27"
test_seen_00041,structure_aware,100,seen,Cross-multiply 3:2 = 6:x and determine x.,4,4,True,equivalent_ratios,equivalent_ratios,True,cross_multiplication,cross_multiplication,True,"STRUCTURE: equivalent_ratios
TOOL: cross_multiplication
ANSWER: 4"
test_seen_00042,structure_aware,100,seen,"Given a1 = -19 and a(n+1) = a(n) + 9, find a12.",80,110,False,additive_recurrence,additive_recurrence,True,iteration,iteration,True,"STRUCTURE: additive_recurrence
TOOL: iteration
ANSWER: 110"
test_seen_00043,structure_aware,100,seen,Use the closed form b(n) = 12 + (n - 1)(8) to find b(11).,92,76,False,additive_recurrence,additive_recurrence,True,substitution,substitution,True,"STRUCTURE: additive_recurrence
TOOL: substitution
ANSWER: 76"
test_seen_00044,structure_aware,100,seen,Two numbers have sum 3 and product -180. Compute the sum of their squares from the symmetric identity.,369,289,False,symmetric_sum_product,symmetric_sum_product,True,expansion,expansion,True,"STRUCTURE: symmetric_sum_product
TOOL: expansion
ANSWER: 289"
test_seen_00045,structure_aware,100,seen,The roots of t^2 + 15t + 56 = 0 are r and s. Find r^2 + s^2 by factoring the quadratic.,113,349,False,symmetric_sum_product,symmetric_sum_product,True,factorization,factorization,True,"STRUCTURE: symmetric_sum_product
TOOL: factorization
ANSWER: 349"
test_seen_00046,structure_aware,100,seen,Evaluate the transformed expression -3z^2 + 6z + 12 at z = -1.,3,0,False,transformed_expression,transformed_expression,True,substitution,substitution,True,"STRUCTURE: transformed_expression
TOOL: substitution
ANSWER: 0"
test_seen_00047,structure_aware,100,seen,"Open the product (x + -6)(x + -3), then set x = -7.",130,15,False,transformed_expression,transformed_expression,True,expansion,expansion,True,"STRUCTURE: transformed_expression
TOOL: expansion
ANSWER: 15"
test_seen_00048,structure_aware,100,seen,Solve the simultaneous relations 4x + 4y = -32 and x - 2y = 10. Find y.,-6,-5,False,two_linear_relations,two_linear_relations,True,elimination,elimination,True,"STRUCTURE: two_linear_relations
TOOL: elimination
ANSWER: -5"
test_seen_00049,structure_aware,100,seen,"Given y = -4x - 8, insert it into -3x + 2y = -60 and find x.",4,-1,False,two_linear_relations,two_linear_relations,True,substitution,substitution,True,"STRUCTURE: two_linear_relations
TOOL: substitution
ANSWER: -1"
test_seen_00050,structure_aware,100,seen,Use the product pattern for a difference of squares to compute 44^2 - 23^2.,1407,1809,False,polynomial_identity,polynomial_identity,True,factorization,factorization,True,"STRUCTURE: polynomial_identity
TOOL: factorization
ANSWER: 1809"
test_seen_00051,structure_aware,100,seen,Expand the square and evaluate (18 + 36)^2.,2916,900,False,polynomial_identity,polynomial_identity,True,expansion,expansion,True,"STRUCTURE: polynomial_identity
TOOL: expansion
ANSWER: 900"
test_seen_00052,structure_aware,100,seen,"At a fixed rate, 10 items cost 20 dollars. What do 40 items cost?",80,80,True,equivalent_ratios,equivalent_ratios,True,proportional_scaling,proportional_scaling,True,"STRUCTURE: equivalent_ratios
TOOL: proportional_scaling
ANSWER: 80"
test_seen_00053,structure_aware,100,seen,Solve the proportion 13/9 = 52/x for x.,36,468,False,equivalent_ratios,equivalent_ratios,True,cross_multiplication,cross_multiplication,True,"STRUCTURE: equivalent_ratios
TOOL: cross_multiplication
ANSWER: 468"
test_seen_00054,structure_aware,100,seen,A sequence starts at -8 and changes by -2 each term. Iterate to find term 3.,-12,-10,False,additive_recurrence,additive_recurrence,True,iteration,iteration,True,"STRUCTURE: additive_recurrence
TOOL: iteration
ANSWER: -10"
test_seen_00055,structure_aware,100,seen,An arithmetic sequence has formula a(n) = -15 + (n - 1)(-1). Substitute n = 10.,-24,-25,False,additive_recurrence,additive_recurrence,True,substitution,substitution,True,"STRUCTURE: additive_recurrence
TOOL: substitution
ANSWER: -25"
test_seen_00056,structure_aware,100,seen,"If x + y = 4 and xy = -77, use a square expansion to find x^2 + y^2.",170,239,False,symmetric_sum_product,symmetric_sum_product,True,expansion,expansion,True,"STRUCTURE: symmetric_sum_product
TOOL: expansion
ANSWER: 239"
test_seen_00057,structure_aware,100,seen,"Factor t^2 - 15t + 50 = 0 to obtain its two roots, then give the sum of their squares.",125,35,False,symmetric_sum_product,symmetric_sum_product,True,factorization,factorization,True,"STRUCTURE: symmetric_sum_product
TOOL: factorization
ANSWER: 35"
test_seen_00058,structure_aware,100,seen,"For f(t) = -4t^2 + 7t + 10, substitute t = -2 and find f(-2).",-20,-53,False,transformed_expression,transformed_expression,True,substitution,substitution,True,"STRUCTURE: transformed_expression
TOOL: substitution
ANSWER: -53"
test_seen_00059,structure_aware,100,seen,Expand (x + -6)(x + 0) and evaluate it at x = -4.,40,-24,False,transformed_expression,transformed_expression,True,expansion,expansion,True,"STRUCTURE: transformed_expression
TOOL: expansion
ANSWER: -24"
test_seen_00060,structure_aware,100,seen,Two linear constraints hold: 5x - 3y = -33; -x + 4y = 27. Determine y.,6,-10,False,two_linear_relations,two_linear_relations,True,elimination,elimination,True,"STRUCTURE: two_linear_relations
TOOL: elimination
ANSWER: -10"
test_seen_00061,structure_aware,100,seen,The linked relations are y = 3x + 6 and -x + 4y = 24. What is y?,6,18,False,two_linear_relations,two_linear_relations,True,substitution,substitution,True,"STRUCTURE: two_linear_relations
TOOL: substitution
ANSWER: 18"
test_seen_00062,structure_aware,100,seen,Evaluate 76^2 - 29^2 by rewriting it as a product.,4935,5301,False,polynomial_identity,polynomial_identity,True,factorization,factorization,True,"STRUCTURE: polynomial_identity
TOOL: factorization
ANSWER: 5301"
test_seen_00063,structure_aware,100,seen,Use the binomial-square identity to compute (29 + 35)^2.,4096,1600,False,polynomial_identity,polynomial_identity,True,expansion,expansion,True,"STRUCTURE: polynomial_identity
TOOL: expansion
ANSWER: 1600"
test_seen_00064,structure_aware,100,seen,Scale the ratio 3:8 to 33:x. Find x.,88,92,False,equivalent_ratios,equivalent_ratios,True,proportional_scaling,proportional_scaling,True,"STRUCTURE: equivalent_ratios
TOOL: proportional_scaling
ANSWER: 92"
test_seen_00065,structure_aware,100,seen,Cross-multiply 13:6 = 143:x and determine x.,66,52,False,equivalent_ratios,equivalent_ratios,True,cross_multiplication,cross_multiplication,True,"STRUCTURE: equivalent_ratios
TOOL: cross_multiplication
ANSWER: 52"
test_seen_00066,structure_aware,100,seen,"Given a1 = 18 and a(n+1) = a(n) - 9, find a13.",-90,-75,False,additive_recurrence,additive_recurrence,True,iteration,iteration,True,"STRUCTURE: additive_recurrence
TOOL: iteration
ANSWER: -75"
test_seen_00067,structure_aware,100,seen,Use the closed form b(n) = -14 + (n - 1)(-7) to find b(15).,-112,-98,False,additive_recurrence,additive_recurrence,True,substitution,substitution,True,"STRUCTURE: additive_recurrence
TOOL: substitution
ANSWER: -98"
test_seen_00068,structure_aware,100,seen,Two numbers have sum 18 and product 65. Compute the sum of their squares from the symmetric identity.,194,243,False,symmetric_sum_product,symmetric_sum_product,True,expansion,expansion,True,"STRUCTURE: symmetric_sum_product
TOOL: expansion
ANSWER: 243"
test_seen_00069,structure_aware,100,seen,The roots of t^2 + 17t + 72 = 0 are r and s. Find r^2 + s^2 by factoring the quadratic.,145,365,False,symmetric_sum_product,symmetric_sum_product,True,factorization,factorization,True,"STRUCTURE: symmetric_sum_product
TOOL: factorization
ANSWER: 365"
test_seen_00070,structure_aware,100,seen,Evaluate the transformed expression -2z^2 + 8z - 11 at z = -3.,-53,-19,False,transformed_expression,transformed_expression,True,substitution,substitution,True,"STRUCTURE: transformed_expression
TOOL: substitution
ANSWER: -19"
test_seen_00071,structure_aware,100,seen,"Open the product (t + -5)(t + 5), then set t = 0.",-25,25,False,transformed_expression,transformed_expression,True,expansion,expansion,True,"STRUCTURE: transformed_expression
TOOL: expansion
ANSWER: 25"
test_seen_00072,structure_aware,100,seen,Solve the simultaneous relations -2x - 2y = 14 and 2x - 3y = 21. Find y.,-7,5,False,two_linear_relations,two_linear_relations,True,elimination,elimination,True,"STRUCTURE: two_linear_relations
TOOL: elimination
ANSWER: 5"
test_seen_00073,structure_aware,100,seen,"Given y = 2x - 1, insert it into 5x - y = 1 and find x.",0,2,False,two_linear_relations,two_linear_relations,True,substitution,substitution,True,"STRUCTURE: two_linear_relations
TOOL: substitution
ANSWER: 2"
test_seen_00074,structure_aware,100,seen,Use the product pattern for a difference of squares to compute 52^2 - 13^2.,2535,2409,False,polynomial_identity,polynomial_identity,True,factorization,factorization,True,"STRUCTURE: polynomial_identity
TOOL: factorization
ANSWER: 2409"
test_seen_00075,structure_aware,100,seen,Expand the square and evaluate (10 + 11)^2.,441,364,False,polynomial_identity,polynomial_identity,True,expansion,expansion,True,"STRUCTURE: polynomial_identity
TOOL: expansion
ANSWER: 364"
test_seen_00076,structure_aware,100,seen,"At a fixed rate, 4 items cost 7 dollars. What do 20 items cost?",35,35,True,equivalent_ratios,equivalent_ratios,True,proportional_scaling,proportional_scaling,True,"STRUCTURE: equivalent_ratios
TOOL: proportional_scaling
ANSWER: 35"
test_seen_00077,structure_aware,100,seen,Solve the proportion 11/18 = 132/x for x.,216,216,True,equivalent_ratios,equivalent_ratios,True,cross_multiplication,cross_multiplication,True,"STRUCTURE: equivalent_ratios
TOOL: cross_multiplication
ANSWER: 216"
test_seen_00078,structure_aware,100,seen,A sequence starts at -8 and changes by -1 each term. Iterate to find term 10.,-17,25,False,additive_recurrence,additive_recurrence,True,iteration,iteration,True,"STRUCTURE: additive_recurrence
TOOL: iteration
ANSWER: 25"
test_seen_00079,structure_aware,100,seen,An arithmetic sequence has formula a(n) = 4 + (n - 1)(8). Substitute n = 5.,36,32,False,additive_recurrence,additive_recurrence,True,substitution,substitution,True,"STRUCTURE: additive_recurrence
TOOL: substitution
ANSWER: 32"
test_seen_00080,structure_aware,100,seen,"If x + y = 1 and xy = -156, use a square expansion to find x^2 + y^2.",313,307,False,symmetric_sum_product,symmetric_sum_product,True,expansion,expansion,True,"STRUCTURE: symmetric_sum_product
TOOL: expansion
ANSWER: 307"
test_seen_00081,structure_aware,100,seen,"Factor t^2 - 19t + 88 = 0 to obtain its two roots, then give the sum of their squares.",185,36,False,symmetric_sum_product,symmetric_sum_product,True,factorization,factorization,True,"STRUCTURE: symmetric_sum_product
TOOL: factorization
ANSWER: 36"
test_seen_00082,structure_aware,100,seen,"For f(t) = 4t^2 + 3t - 8, substitute t = -6 and find f(-6).",118,-109,False,transformed_expression,transformed_expression,True,substitution,substitution,True,"STRUCTURE: transformed_expression
TOOL: substitution
ANSWER: -109"
test_seen_00083,structure_aware,100,seen,Expand (t + 3)(t + -1) and evaluate it at t = 1.,0,2,False,transformed_expression,transformed_expression,True,expansion,expansion,True,"STRUCTURE: transformed_expression
TOOL: expansion
ANSWER: 2"
test_seen_00084,structure_aware,100,seen,Two linear constraints hold: 4x + 3y = -39; x - 5y = 19. Determine y.,-5,-2,False,two_linear_relations,two_linear_relations,True,elimination,elimination,True,"STRUCTURE: two_linear_relations
TOOL: elimination
ANSWER: -2"
test_seen_00085,structure_aware,100,seen,The linked relations are y = 3x + 6 and 4x + 3y = 135. What is x?,9,-2,False,two_linear_relations,two_linear_relations,True,substitution,substitution,True,"STRUCTURE: two_linear_relations
TOOL: substitution
ANSWER: -2"
test_seen_00086,structure_aware,100,seen,Evaluate 65^2 - 2^2 by rewriting it as a product.,4221,3901,False,polynomial_identity,polynomial_identity,True,factorization,factorization,True,"STRUCTURE: polynomial_identity
TOOL: factorization
ANSWER: 3901"
test_seen_00087,structure_aware,100,seen,Use the binomial-square identity to compute (32 + 6)^2.,1444,1084,False,polynomial_identity,polynomial_identity,True,expansion,expansion,True,"STRUCTURE: polynomial_identity
TOOL: expansion
ANSWER: 1084"
test_seen_00088,structure_aware,100,seen,Scale the ratio 3:23 to 18:x. Find x.,138,104,False,equivalent_ratios,equivalent_ratios,True,proportional_scaling,proportional_scaling,True,"STRUCTURE: equivalent_ratios
TOOL: proportional_scaling
ANSWER: 104"
test_seen_00089,structure_aware,100,seen,Cross-multiply 9:4 = 45:x and determine x.,20,20,True,equivalent_ratios,equivalent_ratios,True,cross_multiplication,cross_multiplication,True,"STRUCTURE: equivalent_ratios
TOOL: cross_multiplication
ANSWER: 20"
test_seen_00090,structure_aware,100,seen,"Given a1 = 14 and a(n+1) = a(n) + 5, find a10.",59,73,False,additive_recurrence,additive_recurrence,True,iteration,iteration,True,"STRUCTURE: additive_recurrence
TOOL: iteration
ANSWER: 73"
test_seen_00091,structure_aware,100,seen,Use the closed form b(n) = -11 + (n - 1)(-4) to find b(8).,-39,-53,False,additive_recurrence,additive_recurrence,True,substitution,substitution,True,"STRUCTURE: additive_recurrence
TOOL: substitution
ANSWER: -53"
test_seen_00092,structure_aware,100,seen,Two numbers have sum -28 and product 195. Compute the sum of their squares from the symmetric identity.,394,367,False,symmetric_sum_product,symmetric_sum_product,True,expansion,expansion,True,"STRUCTURE: symmetric_sum_product
TOOL: expansion
ANSWER: 367"
test_seen_00093,structure_aware,100,seen,The roots of t^2 + 12t + 35 = 0 are r and s. Find r^2 + s^2 by factoring the quadratic.,74,149,False,symmetric_sum_product,symmetric_sum_product,True,factorization,factorization,True,"STRUCTURE: symmetric_sum_product
TOOL: factorization
ANSWER: 149"
test_seen_00094,structure_aware,100,seen,Evaluate the transformed expression -5z^2 - 6z + 5 at z = 6.,-211,-134,False,transformed_expression,transformed_expression,True,substitution,substitution,True,"STRUCTURE: transformed_expression
TOOL: substitution
ANSWER: -134"
test_seen_00095,structure_aware,100,seen,"Open the product (z + 0)(z + -5), then set z = -7.",84,-32,False,transformed_expression,transformed_expression,True,expansion,expansion,True,"STRUCTURE: transformed_expression
TOOL: expansion
ANSWER: -32"
test_seen_00096,structure_aware,100,seen,Solve the simultaneous relations -5x - 5y = 5 and 5x - 4y = 22. Find x.,2,-3,False,two_linear_relations,two_linear_relations,True,elimination,elimination,True,"STRUCTURE: two_linear_relations
TOOL: elimination
ANSWER: -3"
test_seen_00097,structure_aware,100,seen,"Given y = -2x - 2, insert it into -2x - 5y = -38 and find y.",10,-14,False,two_linear_relations,two_linear_relations,True,substitution,substitution,True,"STRUCTURE: two_linear_relations
TOOL: substitution
ANSWER: -14"
test_seen_00098,structure_aware,100,seen,Use the product pattern for a difference of squares to compute 19^2 - 4^2.,345,361,False,polynomial_identity,polynomial_identity,True,factorization,factorization,True,"STRUCTURE: polynomial_identity
TOOL: factorization
ANSWER: 361"
test_seen_00099,structure_aware,100,seen,Expand the square and evaluate (8 + 21)^2.,841,3649,False,polynomial_identity,polynomial_identity,True,expansion,expansion,True,"STRUCTURE: polynomial_identity
TOOL: expansion
ANSWER: 3649"
test_seen_00100,structure_aware,100,seen,"At a fixed rate, 3 items cost 21 dollars. What do 6 items cost?",42,77,False,equivalent_ratios,equivalent_ratios,True,proportional_scaling,proportional_scaling,True,"STRUCTURE: equivalent_ratios
TOOL: proportional_scaling
ANSWER: 77"
test_seen_00101,structure_aware,100,seen,Solve the proportion 12/9 = 120/x for x.,90,90,True,equivalent_ratios,equivalent_ratios,True,cross_multiplication,cross_multiplication,True,"STRUCTURE: equivalent_ratios
TOOL: cross_multiplication
ANSWER: 90"
test_seen_00102,structure_aware,100,seen,A sequence starts at -4 and changes by -1 each term. Iterate to find term 9.,-12,15,False,additive_recurrence,additive_recurrence,True,iteration,iteration,True,"STRUCTURE: additive_recurrence
TOOL: iteration
ANSWER: 15"
test_seen_00103,structure_aware,100,seen,An arithmetic sequence has formula a(n) = 18 + (n - 1)(-4). Substitute n = 15.,-38,-27,False,additive_recurrence,additive_recurrence,True,substitution,substitution,True,"STRUCTURE: additive_recurrence
TOOL: substitution
ANSWER: -27"
test_seen_00104,structure_aware,100,seen,"If x + y = -5 and xy = -50, use a square expansion to find x^2 + y^2.",125,225,False,symmetric_sum_product,symmetric_sum_product,True,expansion,expansion,True,"STRUCTURE: symmetric_sum_product
TOOL: expansion
ANSWER: 225"
test_seen_00105,structure_aware,100,seen,"Factor t^2 - 2t - 35 = 0 to obtain its two roots, then give the sum of their squares.",74,149,False,symmetric_sum_product,symmetric_sum_product,True,factorization,factorization,True,"STRUCTURE: symmetric_sum_product
TOOL: factorization
ANSWER: 149"
test_seen_00106,structure_aware,100,seen,"For f(t) = 3t^2 + 5t + 8, substitute t = 4 and find f(4).",76,104,False,transformed_expression,transformed_expression,True,substitution,substitution,True,"STRUCTURE: transformed_expression
TOOL: substitution
ANSWER: 104"
test_seen_00107,structure_aware,100,seen,Expand (t + 3)(t + 0) and evaluate it at t = 0.,0,0,True,transformed_expression,transformed_expression,True,expansion,expansion,True,"STRUCTURE: transformed_expression
TOOL: expansion
ANSWER: 0"
test_seen_00108,structure_aware,100,seen,Two linear constraints hold: 2x + y = 15; 5x + 2y = 39. Determine x.,9,4,False,two_linear_relations,two_linear_relations,True,elimination,elimination,True,"STRUCTURE: two_linear_relations
TOOL: elimination
ANSWER: 4"
test_seen_00109,structure_aware,100,seen,The linked relations are y = 6 - 3x and -5x + 5y = -110. What is x?,7,-2,False,two_linear_relations,two_linear_relations,True,substitution,substitution,True,"STRUCTURE: two_linear_relations
TOOL: substitution
ANSWER: -2"
test_seen_00110,structure_aware,100,seen,Evaluate 19^2 - 9^2 by rewriting it as a product.,280,300,False,polynomial_identity,polynomial_identity,True,factorization,factorization,True,"STRUCTURE: polynomial_identity
TOOL: factorization
ANSWER: 300"
test_seen_00111,structure_aware,100,seen,Use the binomial-square identity to compute (30 + 6)^2.,1296,1089,False,polynomial_identity,polynomial_identity,True,expansion,expansion,True,"STRUCTURE: polynomial_identity
TOOL: expansion
ANSWER: 1089"
test_seen_00112,structure_aware,100,seen,Scale the ratio 3:5 to 27:x. Find x.,45,40,False,equivalent_ratios,equivalent_ratios,True,proportional_scaling,proportional_scaling,True,"STRUCTURE: equivalent_ratios
TOOL: proportional_scaling
ANSWER: 40"
test_seen_00113,structure_aware,100,seen,Cross-multiply 12:10 = 24:x and determine x.,20,30,False,equivalent_ratios,equivalent_ratios,True,cross_multiplication,cross_multiplication,True,"STRUCTURE: equivalent_ratios
TOOL: cross_multiplication
ANSWER: 30"
test_seen_00114,structure_aware,100,seen,"Given a1 = 12 and a(n+1) = a(n) + 8, find a9.",76,104,False,additive_recurrence,additive_recurrence,True,iteration,iteration,True,"STRUCTURE: additive_recurrence
TOOL: iteration
ANSWER: 104"
test_seen_00115,structure_aware,100,seen,Use the closed form b(n) = -6 + (n - 1)(7) to find b(15).,92,-43,False,additive_recurrence,additive_recurrence,True,substitution,substitution,True,"STRUCTURE: additive_recurrence
TOOL: substitution
ANSWER: -43"
test_seen_00116,structure_aware,100,seen,Two numbers have sum -23 and product 120. Compute the sum of their squares from the symmetric identity.,289,549,False,symmetric_sum_product,symmetric_sum_product,True,expansion,expansion,True,"STRUCTURE: symmetric_sum_product
TOOL: expansion
ANSWER: 549"
test_seen_00117,structure_aware,100,seen,The roots of t^2 + 9t + 20 = 0 are r and s. Find r^2 + s^2 by factoring the quadratic.,41,145,False,symmetric_sum_product,symmetric_sum_product,True,factorization,factorization,True,"STRUCTURE: symmetric_sum_product
TOOL: factorization
ANSWER: 145"
test_seen_00118,structure_aware,100,seen,Evaluate the transformed expression -4z^2 + 4z - 10 at z = -5.,-130,-35,False,transformed_expression,transformed_expression,True,substitution,substitution,True,"STRUCTURE: transformed_expression
TOOL: substitution
ANSWER: -35"
test_seen_00119,structure_aware,100,seen,"Open the product (x + -10)(x + 6), then set x = 2.",-64,4,False,transformed_expression,transformed_expression,True,expansion,expansion,True,"STRUCTURE: transformed_expression
TOOL: expansion
ANSWER: 4"
test_unseen_00000,structure_aware,100,unseen,The lines 3x - 4y = -16 and -3x + y = -5 intersect. Give their x-coordinate.,4,-2,False,two_linear_relations,two_lines,False,elimination,substitution,False,"STRUCTURE: two_lines
TOOL: substitution
ANSWER: -2"
test_unseen_00001,structure_aware,100,unseen,One variable is isolated in y = -5x - 1; use the other constraint -4x + 5y = -5 to obtain x.,0,-2,False,two_linear_relations,two_linear_relations,True,substitution,substitution,True,"STRUCTURE: two_linear_relations
TOOL: substitution
ANSWER: -2"
test_unseen_00002,structure_aware,100,unseen,"Without separately squaring both numbers, find the difference between 29 squared and 8 squared.",777,739,False,polynomial_identity,difference,False,factorization,multiplication,False,"STRUCTURE: difference
TOOL: multiplication
ANSWER: 739"
test_unseen_00003,structure_aware,100,unseen,What number results from opening the brackets in (34 + 21)(34 + 21)?,3025,1569,False,polynomial_identity,equivalent_relations,False,expansion,expansion,True,"STRUCTURE: equivalent_relations
TOOL: expansion
ANSWER: 1569"
test_unseen_00004,structure_aware,100,unseen,A batch of 8 units has value 20. Find the value of a same-rate batch of 96 units.,240,40,False,equivalent_ratios,equivalent_ratios,True,proportional_scaling,proportional_scaling,True,"STRUCTURE: equivalent_ratios
TOOL: proportional_scaling
ANSWER: 40"
test_unseen_00005,structure_aware,100,unseen,Complete the equivalent fractions: 14/12 = 112/[blank].,96,96,True,equivalent_ratios,equivalent_ratios,True,cross_multiplication,cross_multiplication,True,"STRUCTURE: equivalent_ratios
TOOL: cross_multiplication
ANSWER: 96"
test_unseen_00006,structure_aware,100,unseen,A machine begins at 2 and applies a change of -7 for 7 rounds. What is its final value?,-47,-35,False,additive_recurrence,additive_recurrence,True,iteration,iteration,True,"STRUCTURE: additive_recurrence
TOOL: iteration
ANSWER: -35"
test_unseen_00007,structure_aware,100,unseen,The repeated-change process is summarized by c(k) = -2 + (k - 1)(-4). Evaluate it at k = 4.,-14,-6,False,additive_recurrence,additive_recurrence,True,substitution,substitution,True,"STRUCTURE: additive_recurrence
TOOL: substitution
ANSWER: -6"
test_unseen_00008,structure_aware,100,unseen,"Knowing only that p + q = -12 and pq = -13, determine p^2 + q^2 by opening (p + q)^2.",170,169,False,symmetric_sum_product,symmetric_sum_product,True,expansion,expansion,True,"STRUCTURE: symmetric_sum_product
TOOL: expansion
ANSWER: 169"
test_unseen_00009,structure_aware,100,unseen,Split the quadratic t^2 + 9t - 36 into linear factors and report the squared-root sum.,153,105,False,symmetric_sum_product,symmetric_sum,False,factorization,factorization,True,"STRUCTURE: symmetric_sum
TOOL: factorization
ANSWER: 105"
test_unseen_00010,structure_aware,100,unseen,Insert u = 3 into -u^2 + 2u - 9. What value results?,-12,-15,False,transformed_expression,transformed_expression,True,substitution,substitution,True,"STRUCTURE: transformed_expression
TOOL: substitution
ANSWER: -15"
test_unseen_00011,structure_aware,100,unseen,"After multiplying out the two shifted factors (t + -1) and (t + -9), find the result when t is -2.",33,3,False,transformed_expression,transformed_expression,True,expansion,expansion,True,"STRUCTURE: transformed_expression
TOOL: expansion
ANSWER: 3"
test_unseen_00012,structure_aware,100,unseen,The lines 2x - 2y = -24 and -2x - 3y = -6 intersect. Give their y-coordinate.,6,-12,False,two_linear_relations,symmetric_possesions,False,elimination,elimination,True,"STRUCTURE: symmetric_possesions
TOOL: elimination
ANSWER: -12"
test_unseen_00013,structure_aware,100,unseen,One variable is isolated in y = -5x - 7; use the other constraint 2x - 5y = -19 to obtain y.,3,-3,False,two_linear_relations,two_linear_relations,True,substitution,substitution,True,"STRUCTURE: two_linear_relations
TOOL: substitution
ANSWER: -3"
test_unseen_00014,structure_aware,100,unseen,"Without separately squaring both numbers, find the difference between 79 squared and 25 squared.",5616,3641,False,polynomial_identity,difference,False,factorization,multiplication,False,"STRUCTURE: difference
TOOL: multiplication
ANSWER: 3641"
test_unseen_00015,structure_aware,100,unseen,What number results from opening the brackets in (32 + 31)(32 + 31)?,3969,4096,False,polynomial_identity,equivalent_relations,False,expansion,expansion,True,"STRUCTURE: equivalent_relations
TOOL: expansion
ANSWER: 4096"
test_unseen_00016,structure_aware,100,unseen,A batch of 14 units has value 19. Find the value of a same-rate batch of 154 units.,209,38,False,equivalent_ratios,equivalent_ratios,True,proportional_scaling,proportional_scaling,True,"STRUCTURE: equivalent_ratios
TOOL: proportional_scaling
ANSWER: 38"
test_unseen_00017,structure_aware,100,unseen,Complete the equivalent fractions: 5/17 = 20/[blank].,68,34,False,equivalent_ratios,equivalent_ratios,True,cross_multiplication,cross_multiplication,True,"STRUCTURE: equivalent_ratios
TOOL: cross_multiplication
ANSWER: 34"
test_unseen_00018,structure_aware,100,unseen,A machine begins at 9 and applies a change of 3 for 11 rounds. What is its final value?,42,45,False,additive_recurrence,additive_recurrence,True,iteration,recurrence_relation,False,"STRUCTURE: additive_recurrence
TOOL: recurrence_relation
ANSWER: 45"
test_unseen_00019,structure_aware,100,unseen,The repeated-change process is summarized by c(k) = -18 + (k - 1)(-1). Evaluate it at k = 5.,-22,-23,False,additive_recurrence,additive_recurrence,True,substitution,substitution,True,"STRUCTURE: additive_recurrence
TOOL: substitution
ANSWER: -23"
test_unseen_00020,structure_aware,100,unseen,"Knowing only that p + q = -2 and pq = -195, determine p^2 + q^2 by opening (p + q)^2.",394,403,False,symmetric_sum_product,symmetric_sum_product,True,expansion,expansion,True,"STRUCTURE: symmetric_sum_product
TOOL: expansion
ANSWER: 403"
test_unseen_00021,structure_aware,100,unseen,Split the quadratic t^2 - 12t + 27 into linear factors and report the squared-root sum.,90,36,False,symmetric_sum_product,transformed_factors,False,factorization,factorization,True,"STRUCTURE: transformed_factors
TOOL: factorization
ANSWER: 36"
test_unseen_00022,structure_aware,100,unseen,Insert u = 2 into 5u^2 + u - 1. What value results?,21,3,False,transformed_expression,transformed_expression,True,substitution,substitution,True,"STRUCTURE: transformed_expression
TOOL: substitution
ANSWER: 3"
test_unseen_00023,structure_aware,100,unseen,"After multiplying out the two shifted factors (t + -4) and (t + 2), find the result when t is -6.",40,-10,False,transformed_expression,transformed_expression,True,expansion,expansion,True,"STRUCTURE: transformed_expression
TOOL: expansion
ANSWER: -10"
test_unseen_00024,structure_aware,100,unseen,The lines -2x + 4y = -26 and -5x + y = -11 intersect. Give their x-coordinate.,1,-3,False,two_linear_relations,two_lines,False,elimination,substitution,False,"STRUCTURE: two_lines
TOOL: substitution
ANSWER: -3"
test_unseen_00025,structure_aware,100,unseen,One variable is isolated in y = -4x - 4; use the other constraint -3x - 5y = 122 to obtain y.,-28,-8,False,two_linear_relations,two_linear_relations,True,substitution,substitution,True,"STRUCTURE: two_linear_relations
TOOL: substitution
ANSWER: -8"
test_unseen_00026,structure_aware,100,unseen,"Without separately squaring both numbers, find the difference between 48 squared and 43 squared.",455,1297,False,polynomial_identity,difference,False,factorization,multiplication,False,"STRUCTURE: difference
TOOL: multiplication
ANSWER: 1297"
test_unseen_00027,structure_aware,100,unseen,What number results from opening the brackets in (19 + 6)(19 + 6)?,625,360,False,polynomial_identity,equivalent_relations,False,expansion,expansion,True,"STRUCTURE: equivalent_relations
TOOL: expansion
ANSWER: 360"
test_unseen_00028,structure_aware,100,unseen,A batch of 8 units has value 10. Find the value of a same-rate batch of 16 units.,20,5,False,equivalent_ratios,equivalent_ratios,True,proportional_scaling,proportional_scaling,True,"STRUCTURE: equivalent_ratios
TOOL: proportional_scaling
ANSWER: 5"
test_unseen_00029,structure_aware,100,unseen,Complete the equivalent fractions: 13/18 = 52/[blank].,72,46,False,equivalent_ratios,equivalent_ratios,True,cross_multiplication,cross_multiplication,True,"STRUCTURE: equivalent_ratios
TOOL: cross_multiplication
ANSWER: 46"
test_unseen_00030,structure_aware,100,unseen,A machine begins at 20 and applies a change of -3 for 2 rounds. What is its final value?,14,-19,False,additive_recurrence,additive_recurrence,True,iteration,substitution,False,"STRUCTURE: additive_recurrence
TOOL: substitution
ANSWER: -19"
test_unseen_00031,structure_aware,100,unseen,The repeated-change process is summarized by c(k) = -3 + (k - 1)(7). Evaluate it at k = 7.,39,-25,False,additive_recurrence,additive_recurrence,True,substitution,substitution,True,"STRUCTURE: additive_recurrence
TOOL: substitution
ANSWER: -25"
test_unseen_00032,structure_aware,100,unseen,"Knowing only that p + q = -12 and pq = -13, determine p^2 + q^2 by opening (p + q)^2.",170,169,False,symmetric_sum_product,symmetric_sum_product,True,expansion,expansion,True,"STRUCTURE: symmetric_sum_product
TOOL: expansion
ANSWER: 169"
test_unseen_00033,structure_aware,100,unseen,Split the quadratic t^2 - 21t + 108 into linear factors and report the squared-root sum.,225,36,False,symmetric_sum_product,transformed_factors,False,factorization,factorization,True,"STRUCTURE: transformed_factors
TOOL: factorization
ANSWER: 36"
test_unseen_00034,structure_aware,100,unseen,Insert u = 5 into 5u^2 + 2u + 5. What value results?,140,60,False,transformed_expression,transformed_expression,True,substitution,substitution,True,"STRUCTURE: transformed_expression
TOOL: substitution
ANSWER: 60"
test_unseen_00035,structure_aware,100,unseen,"After multiplying out the two shifted factors (t + 5) and (t + -8), find the result when t is -3.",-22,-1,False,transformed_expression,transformed_expression,True,expansion,expansion,True,"STRUCTURE: transformed_expression
TOOL: expansion
ANSWER: -1"
test_unseen_00036,structure_aware,100,unseen,The lines x - y = -3 and 3x + 2y = 6 intersect. Give their x-coordinate.,0,-1,False,two_linear_relations,symmetric_possesions,False,elimination,substitution,False,"STRUCTURE: symmetric_possesions
TOOL: substitution
ANSWER: -1"
test_unseen_00037,structure_aware,100,unseen,One variable is isolated in y = -x - 4; use the other constraint -4x + 3y = -19 to obtain y.,-5,-7,False,two_linear_relations,two_linear,False,substitution,substitution,True,"STRUCTURE: two_linear
TOOL: substitution
ANSWER: -7"
test_unseen_00038,structure_aware,100,unseen,"Without separately squaring both numbers, find the difference between 66 squared and 43 squared.",2507,1927,False,polynomial_identity,difference,False,factorization,multiplication,False,"STRUCTURE: difference
TOOL: multiplication
ANSWER: 1927"
test_unseen_00039,structure_aware,100,unseen,What number results from opening the brackets in (30 + 7)(30 + 7)?,1369,1296,False,polynomial_identity,equivalent_expression,False,expansion,expansion,True,"STRUCTURE: equivalent_expression
TOOL: expansion
ANSWER: 1296"
test_unseen_00040,structure_aware,100,unseen,A batch of 11 units has value 6. Find the value of a same-rate batch of 66 units.,36,33,False,equivalent_ratios,equivalent_ratios,True,proportional_scaling,proportional_scaling,True,"STRUCTURE: equivalent_ratios
TOOL: proportional_scaling
ANSWER: 33"
test_unseen_00041,structure_aware,100,unseen,Complete the equivalent fractions: 13/19 = 78/[blank].,114,26,False,equivalent_ratios,equivalent_ratios,True,cross_multiplication,cross_multiplication,True,"STRUCTURE: equivalent_ratios
TOOL: cross_multiplication
ANSWER: 26"
test_unseen_00042,structure_aware,100,unseen,A machine begins at 12 and applies a change of 3 for 5 rounds. What is its final value?,27,48,False,additive_recurrence,additive_recurrence,True,iteration,recurrence_relation,False,"STRUCTURE: additive_recurrence
TOOL: recurrence_relation
ANSWER: 48"
test_unseen_00043,structure_aware,100,unseen,The repeated-change process is summarized by c(k) = -18 + (k - 1)(-2). Evaluate it at k = 11.,-38,-30,False,additive_recurrence,additive_recurrence,True,substitution,substitution,True,"STRUCTURE: additive_recurrence
TOOL: substitution
ANSWER: -30"
test_unseen_00044,structure_aware,100,unseen,"Knowing only that p + q = -13 and pq = 0, determine p^2 + q^2 by opening (p + q)^2.",169,184,False,symmetric_sum_product,symmetric_sum_product,True,expansion,expansion,True,"STRUCTURE: symmetric_sum_product
TOOL: expansion
ANSWER: 184"
test_unseen_00045,structure_aware,100,unseen,Split the quadratic t^2 + 6t - 7 into linear factors and report the squared-root sum.,50,14,False,symmetric_sum_product,symmetric_sum,False,factorization,factorization,True,"STRUCTURE: symmetric_sum
TOOL: factorization
ANSWER: 14"
test_unseen_00046,structure_aware,100,unseen,Insert u = -3 into 2u^2 - 4u + 2. What value results?,32,-1,False,transformed_expression,transformed_expression,True,substitution,substitution,True,"STRUCTURE: transformed_expression
TOOL: substitution
ANSWER: -1"
test_unseen_00047,structure_aware,100,unseen,"After multiplying out the two shifted factors (z + -6) and (z + -3), find the result when z is 7.",4,15,False,transformed_expression,transformed_expression,True,expansion,expansion,True,"STRUCTURE: transformed_expression
TOOL: expansion
ANSWER: 15"
test_unseen_00048,structure_aware,100,unseen,The lines -3x - 5y = -41 and -4x + y = -1 intersect. Give their y-coordinate.,7,-2,False,two_linear_relations,two_interacts,False,elimination,substitution,False,"STRUCTURE: two_interacts
TOOL: substitution
ANSWER: -2"
test_unseen_00049,structure_aware,100,unseen,One variable is isolated in y = 5x + 8; use the other constraint 3x - 2y = -37 to obtain x.,3,-1,False,two_linear_relations,two_linear_relations,True,substitution,substitution,True,"STRUCTURE: two_linear_relations
TOOL: substitution
ANSWER: -1"
test_unseen_00050,structure_aware,100,unseen,"Without separately squaring both numbers, find the difference between 31 squared and 12 squared.",817,1059,False,polynomial_identity,difference,False,factorization,multiplication,False,"STRUCTURE: difference
TOOL: multiplication
ANSWER: 1059"
test_unseen_00051,structure_aware,100,unseen,What number results from opening the brackets in (2 + 23)(2 + 23)?,625,84,False,polynomial_identity,equivalent_expression,False,expansion,expansion,True,"STRUCTURE: equivalent_expression
TOOL: expansion
ANSWER: 84"
test_unseen_00052,structure_aware,100,unseen,A batch of 2 units has value 19. Find the value of a same-rate batch of 12 units.,114,38,False,equivalent_ratios,equivalent_ratios,True,proportional_scaling,proportional_scaling,True,"STRUCTURE: equivalent_ratios
TOOL: proportional_scaling
ANSWER: 38"
test_unseen_00053,structure_aware,100,unseen,Complete the equivalent fractions: 11/6 = 55/[blank].,30,3,False,equivalent_ratios,equivalent_ratios,True,cross_multiplication,cross_multiplication,True,"STRUCTURE: equivalent_ratios
TOOL: cross_multiplication
ANSWER: 3"
test_unseen_00054,structure_aware,100,unseen,A machine begins at -10 and applies a change of -3 for 10 rounds. What is its final value?,-40,29,False,additive_recurrence,additive_recurrence,True,iteration,iteration,True,"STRUCTURE: additive_recurrence
TOOL: iteration
ANSWER: 29"
test_unseen_00055,structure_aware,100,unseen,The repeated-change process is summarized by c(k) = -19 + (k - 1)(-7). Evaluate it at k = 4.,-40,-28,False,additive_recurrence,additive_recurrence,True,substitution,substitution,True,"STRUCTURE: additive_recurrence
TOOL: substitution
ANSWER: -28"
test_unseen_00056,structure_aware,100,unseen,"Knowing only that p + q = 3 and pq = 2, determine p^2 + q^2 by opening (p + q)^2.",5,14,False,symmetric_sum_product,symmetric_sum_product,True,expansion,expansion,True,"STRUCTURE: symmetric_sum_product
TOOL: expansion
ANSWER: 14"
test_unseen_00057,structure_aware,100,unseen,Split the quadratic t^2 + 9t - 70 into linear factors and report the squared-root sum.,221,14,False,symmetric_sum_product,symmetric_sum,False,factorization,factorization,True,"STRUCTURE: symmetric_sum
TOOL: factorization
ANSWER: 14"
test_unseen_00058,structure_aware,100,unseen,Insert u = -3 into -u^2 + 4u - 8. What value results?,-29,-12,False,transformed_expression,transformed_expression,True,substitution,substitution,True,"STRUCTURE: transformed_expression
TOOL: substitution
ANSWER: -12"
test_unseen_00059,structure_aware,100,unseen,"After multiplying out the two shifted factors (z + 10) and (z + -5), find the result when z is 3.",-26,2,False,transformed_expression,transformed_expression,True,expansion,expansion,True,"STRUCTURE: transformed_expression
TOOL: expansion
ANSWER: 2"
test_unseen_00060,structure_aware,100,unseen,The lines 4x - y = -29 and -5x - 5y = 30 intersect. Give their x-coordinate.,-7,-1,False,two_linear_relations,two_lines_parallel,False,elimination,substitution,False,"STRUCTURE: two_lines_parallel
TOOL: substitution
ANSWER: -1"
test_unseen_00061,structure_aware,100,unseen,One variable is isolated in y = -2x - 8; use the other constraint -3x - 4y = 2 to obtain x.,-6,-1,False,two_linear_relations,two_linear_relations,True,substitution,substitution,True,"STRUCTURE: two_linear_relations
TOOL: substitution
ANSWER: -1"
test_unseen_00062,structure_aware,100,unseen,"Without separately squaring both numbers, find the difference between 45 squared and 37 squared.",656,1089,False,polynomial_identity,difference,False,factorization,multiplication,False,"STRUCTURE: difference
TOOL: multiplication
ANSWER: 1089"
test_unseen_00063,structure_aware,100,unseen,What number results from opening the brackets in (12 + 29)(12 + 29)?,1681,480,False,polynomial_identity,equivalent_relations,False,expansion,expansion,True,"STRUCTURE: equivalent_relations
TOOL: expansion
ANSWER: 480"
test_unseen_00064,structure_aware,100,unseen,A batch of 8 units has value 13. Find the value of a same-rate batch of 48 units.,78,26,False,equivalent_ratios,equivalent_ratios,True,proportional_scaling,proportional_scaling,True,"STRUCTURE: equivalent_ratios
TOOL: proportional_scaling
ANSWER: 26"
test_unseen_00065,structure_aware,100,unseen,Complete the equivalent fractions: 11/10 = 55/[blank].,50,2,False,equivalent_ratios,equivalent_ratios,True,cross_multiplication,cross_multiplication,True,"STRUCTURE: equivalent_ratios
TOOL: cross_multiplication
ANSWER: 2"
test_unseen_00066,structure_aware,100,unseen,A machine begins at -11 and applies a change of 1 for 6 rounds. What is its final value?,-5,55,False,additive_recurrence,additive_recurrence,True,iteration,iteration,True,"STRUCTURE: additive_recurrence
TOOL: iteration
ANSWER: 55"
test_unseen_00067,structure_aware,100,unseen,The repeated-change process is summarized by c(k) = 5 + (k - 1)(-4). Evaluate it at k = 13.,-43,-28,False,additive_recurrence,additive_recurrence,True,substitution,substitution,True,"STRUCTURE: additive_recurrence
TOOL: substitution
ANSWER: -28"
test_unseen_00068,structure_aware,100,unseen,"Knowing only that p + q = 5 and pq = -150, determine p^2 + q^2 by opening (p + q)^2.",325,300,False,symmetric_sum_product,symmetric_sum_product,True,expansion,expansion,True,"STRUCTURE: symmetric_sum_product
TOOL: expansion
ANSWER: 300"
test_unseen_00069,structure_aware,100,unseen,Split the quadratic t^2 + 10t into linear factors and report the squared-root sum.,100,50,False,symmetric_sum_product,transformed_factor,False,factorization,factorization,True,"STRUCTURE: transformed_factor
TOOL: factorization
ANSWER: 50"
test_unseen_00070,structure_aware,100,unseen,Insert u = 0 into -u^2 + 6u + 3. What value results?,3,3,True,transformed_expression,transformed_expression,True,substitution,substitution,True,"STRUCTURE: transformed_expression
TOOL: substitution
ANSWER: 3"
test_unseen_00071,structure_aware,100,unseen,"After multiplying out the two shifted factors (z + -1) and (z + -1), find the result when z is 4.",9,25,False,transformed_expression,transformed_expression,True,expansion,expansion,True,"STRUCTURE: transformed_expression
TOOL: expansion
ANSWER: 25"
test_unseen_00072,structure_aware,100,unseen,The lines x + 2y = 17 and 2x - 4y = -14 intersect. Give their y-coordinate.,6,-3,False,two_linear_relations,symmetric_possesions,False,elimination,elimination,True,"STRUCTURE: symmetric_possesions
TOOL: elimination
ANSWER: -3"
test_unseen_00073,structure_aware,100,unseen,One variable is isolated in y = -2x; use the other constraint -2x + 3y = -72 to obtain x.,9,-10,False,two_linear_relations,two_linear_relations,True,substitution,substitution,True,"STRUCTURE: two_linear_relations
TOOL: substitution
ANSWER: -10"
test_unseen_00074,structure_aware,100,unseen,"Without separately squaring both numbers, find the difference between 27 squared and 24 squared.",153,105,False,polynomial_identity,difference,False,factorization,multiplication,False,"STRUCTURE: difference
TOOL: multiplication
ANSWER: 105"
test_unseen_00075,structure_aware,100,unseen,What number results from opening the brackets in (25 + 16)(25 + 16)?,1681,400,False,polynomial_identity,additive_identity,False,expansion,expansion,True,"STRUCTURE: additive_identity
TOOL: expansion
ANSWER: 400"
test_unseen_00076,structure_aware,100,unseen,A batch of 8 units has value 11. Find the value of a same-rate batch of 64 units.,88,20,False,equivalent_ratios,equivalent_ratios,True,proportional_scaling,proportional_scaling,True,"STRUCTURE: equivalent_ratios
TOOL: proportional_scaling
ANSWER: 20"
test_unseen_00077,structure_aware,100,unseen,Complete the equivalent fractions: 3/2 = 24/[blank].,16,16,True,equivalent_ratios,equivalent_ratios,True,cross_multiplication,cross_multiplication,True,"STRUCTURE: equivalent_ratios
TOOL: cross_multiplication
ANSWER: 16"
test_unseen_00078,structure_aware,100,unseen,A machine begins at -6 and applies a change of 9 for 6 rounds. What is its final value?,48,30,False,additive_recurrence,additive_recurrence,True,iteration,iteration,True,"STRUCTURE: additive_recurrence
TOOL: iteration
ANSWER: 30"
test_unseen_00079,structure_aware,100,unseen,The repeated-change process is summarized by c(k) = -19 + (k - 1)(-4). Evaluate it at k = 15.,-75,-26,False,additive_recurrence,additive_recurrence,True,substitution,substitution,True,"STRUCTURE: additive_recurrence
TOOL: substitution
ANSWER: -26"
test_unseen_00080,structure_aware,100,unseen,"Knowing only that p + q = -4 and pq = -45, determine p^2 + q^2 by opening (p + q)^2.",106,169,False,symmetric_sum_product,symmetric_sum_product,True,expansion,expansion,True,"STRUCTURE: symmetric_sum_product
TOOL: expansion
ANSWER: 169"
test_unseen_00081,structure_aware,100,unseen,Split the quadratic t^2 - t - 30 into linear factors and report the squared-root sum.,61,15,False,symmetric_sum_product,transformed_factors,False,factorization,factorization,True,"STRUCTURE: transformed_factors
TOOL: factorization
ANSWER: 15"
test_unseen_00082,structure_aware,100,unseen,Insert u = -7 into u^2 + 6u + 3. What value results?,10,-15,False,transformed_expression,transformed_expression,True,substitution,substitution,True,"STRUCTURE: transformed_expression
TOOL: substitution
ANSWER: -15"
test_unseen_00083,structure_aware,100,unseen,"After multiplying out the two shifted factors (t + 8) and (t + 8), find the result when t is -7.",1,-13,False,transformed_expression,transformed_expression,True,expansion,expansion,True,"STRUCTURE: transformed_expression
TOOL: expansion
ANSWER: -13"
test_unseen_00084,structure_aware,100,unseen,The lines 2x - 5y = 2 and -4x - y = 18 intersect. Give their y-coordinate.,-2,-3,False,two_linear_relations,two_interacts,False,elimination,substitution,False,"STRUCTURE: two_interacts
TOOL: substitution
ANSWER: -3"
test_unseen_00085,structure_aware,100,unseen,One variable is isolated in y = 6 - 3x; use the other constraint -x - 5y = -114 to obtain x.,-6,-2,False,two_linear_relations,two_linear_relations,True,substitution,substitution,True,"STRUCTURE: two_linear_relations
TOOL: substitution
ANSWER: -2"
test_unseen_00086,structure_aware,100,unseen,"Without separately squaring both numbers, find the difference between 37 squared and 35 squared.",144,104,False,polynomial_identity,difference,False,factorization,multiplication,False,"STRUCTURE: difference
TOOL: multiplication
ANSWER: 104"
test_unseen_00087,structure_aware,100,unseen,What number results from opening the brackets in (24 + 6)(24 + 6)?,900,1345,False,polynomial_identity,equivalent_relations,False,expansion,expansion,True,"STRUCTURE: equivalent_relations
TOOL: expansion
ANSWER: 1345"
test_unseen_00088,structure_aware,100,unseen,A batch of 2 units has value 2. Find the value of a same-rate batch of 4 units.,4,1.6,False,equivalent_ratios,equivalent_ratios,True,proportional_scaling,proportional_scaling,True,"STRUCTURE: equivalent_ratios
TOOL: proportional_scaling
ANSWER: 1.6"
test_unseen_00089,structure_aware,100,unseen,Complete the equivalent fractions: 14/19 = 140/[blank].,190,38,False,equivalent_ratios,equivalent_ratios,True,cross_multiplication,division,False,"STRUCTURE: equivalent_ratios
TOOL: division
ANSWER: 38"
test_unseen_00090,structure_aware,100,unseen,A machine begins at 1 and applies a change of 7 for 3 rounds. What is its final value?,22,28,False,additive_recurrence,additive_recurrence,True,iteration,iteration,True,"STRUCTURE: additive_recurrence
TOOL: iteration
ANSWER: 28"
test_unseen_00091,structure_aware,100,unseen,The repeated-change process is summarized by c(k) = 14 + (k - 1)(2). Evaluate it at k = 10.,32,36,False,additive_recurrence,additive_recurrence,True,substitution,substitution,True,"STRUCTURE: additive_recurrence
TOOL: substitution
ANSWER: 36"
test_unseen_00092,structure_aware,100,unseen,"Knowing only that p + q = 4 and pq = -96, determine p^2 + q^2 by opening (p + q)^2.",208,193,False,symmetric_sum_product,symmetric_sum_product,True,expansion,expansion,True,"STRUCTURE: symmetric_sum_product
TOOL: expansion
ANSWER: 193"
test_unseen_00093,structure_aware,100,unseen,Split the quadratic t^2 - 20t + 91 into linear factors and report the squared-root sum.,218,36,False,symmetric_sum_product,transformed_factors,False,factorization,factorization,True,"STRUCTURE: transformed_factors
TOOL: factorization
ANSWER: 36"
test_unseen_00094,structure_aware,100,unseen,Insert u = -7 into 4u^2 + 7u - 12. What value results?,135,-36,False,transformed_expression,transformed_expression,True,substitution,substitution,True,"STRUCTURE: transformed_expression
TOOL: substitution
ANSWER: -36"
test_unseen_00095,structure_aware,100,unseen,"After multiplying out the two shifted factors (z + -10) and (z + 2), find the result when z is -7.",85,-3,False,transformed_expression,transformed_expression,True,expansion,expansion,True,"STRUCTURE: transformed_expression
TOOL: expansion
ANSWER: -3"
test_unseen_00096,structure_aware,100,unseen,The lines -4x + 4y = -60 and -2x + 5y = -51 intersect. Give their y-coordinate.,-7,-3,False,two_linear_relations,symmetric_possesions,False,elimination,substitution,False,"STRUCTURE: symmetric_possesions
TOOL: substitution
ANSWER: -3"
test_unseen_00097,structure_aware,100,unseen,One variable is isolated in y = 4 - 5x; use the other constraint 3x + 5y = -156 to obtain x.,8,-2,False,two_linear_relations,two_linear_relations,True,substitution,substitution,True,"STRUCTURE: two_linear_relations
TOOL: substitution
ANSWER: -2"
test_unseen_00098,structure_aware,100,unseen,"Without separately squaring both numbers, find the difference between 75 squared and 6 squared.",5589,432,False,polynomial_identity,algebra_summation,False,factorization,expansion,False,"STRUCTURE: algebra_summation
TOOL: expansion
ANSWER: 432"
test_unseen_00099,structure_aware,100,unseen,What number results from opening the brackets in (26 + 9)(26 + 9)?,1225,1440,False,polynomial_identity,equivalent_relations,False,expansion,expansion,True,"STRUCTURE: equivalent_relations
TOOL: expansion
ANSWER: 1440"
test_unseen_00100,structure_aware,100,unseen,A batch of 10 units has value 6. Find the value of a same-rate batch of 120 units.,72,4.5,False,equivalent_ratios,equivalent_ratios,True,proportional_scaling,proportional_scaling,True,"STRUCTURE: equivalent_ratios
TOOL: proportional_scaling
ANSWER: 4.5"
test_unseen_00101,structure_aware,100,unseen,Complete the equivalent fractions: 3/10 = 15/[blank].,50,6,False,equivalent_ratios,equivalent_ratios,True,cross_multiplication,cross_multiplication,True,"STRUCTURE: equivalent_ratios
TOOL: cross_multiplication
ANSWER: 6"
test_unseen_00102,structure_aware,100,unseen,A machine begins at -3 and applies a change of -1 for 5 rounds. What is its final value?,-8,8,False,additive_recurrence,additive_recurrence,True,iteration,iteration,True,"STRUCTURE: additive_recurrence
TOOL: iteration
ANSWER: 8"
test_unseen_00103,structure_aware,100,unseen,The repeated-change process is summarized by c(k) = 14 + (k - 1)(2). Evaluate it at k = 4.,20,30,False,additive_recurrence,additive_recurrence,True,substitution,substitution,True,"STRUCTURE: additive_recurrence
TOOL: substitution
ANSWER: 30"
test_unseen_00104,structure_aware,100,unseen,"Knowing only that p + q = 5 and pq = 4, determine p^2 + q^2 by opening (p + q)^2.",17,29,False,symmetric_sum_product,symmetric_sum_product,True,expansion,expansion,True,"STRUCTURE: symmetric_sum_product
TOOL: expansion
ANSWER: 29"
test_unseen_00105,structure_aware,100,unseen,Split the quadratic t^2 - 4t - 21 into linear factors and report the squared-root sum.,58,36,False,symmetric_sum_product,transformed_factors,False,factorization,factorization,True,"STRUCTURE: transformed_factors
TOOL: factorization
ANSWER: 36"
test_unseen_00106,structure_aware,100,unseen,Insert u = -4 into 4u^2 - 8u - 2. What value results?,94,-16,False,transformed_expression,transformed_expression,True,substitution,substitution,True,"STRUCTURE: transformed_expression
TOOL: substitution
ANSWER: -16"
test_unseen_00107,structure_aware,100,unseen,"After multiplying out the two shifted factors (z + 3) and (z + -10), find the result when z is 4.",-42,2,False,transformed_expression,transformed_expression,True,expansion,expansion,True,"STRUCTURE: transformed_expression
TOOL: expansion
ANSWER: 2"
test_unseen_00108,structure_aware,100,unseen,The lines -3x - 5y = -30 and x - 2y = -1 intersect. Give their x-coordinate.,5,-6,False,two_linear_relations,symmetric_relationship,False,elimination,substitution,False,"STRUCTURE: symmetric_relationship
TOOL: substitution
ANSWER: -6"
test_unseen_00109,structure_aware,100,unseen,One variable is isolated in y = 5x + 2; use the other constraint 2x + y = -19 to obtain y.,-13,-3,False,two_linear_relations,two_linear,False,substitution,substitution,True,"STRUCTURE: two_linear
TOOL: substitution
ANSWER: -3"
test_unseen_00110,structure_aware,100,unseen,"Without separately squaring both numbers, find the difference between 80 squared and 23 squared.",5871,6479,False,polynomial_identity,difference,False,factorization,multiplication,False,"STRUCTURE: difference
TOOL: multiplication
ANSWER: 6479"
test_unseen_00111,structure_aware,100,unseen,What number results from opening the brackets in (4 + 27)(4 + 27)?,961,108,False,polynomial_identity,equivalent_relations,False,expansion,expansion,True,"STRUCTURE: equivalent_relations
TOOL: expansion
ANSWER: 108"
test_unseen_00112,structure_aware,100,unseen,A batch of 9 units has value 22. Find the value of a same-rate batch of 63 units.,154,15,False,equivalent_ratios,equivalent_ratios,True,proportional_scaling,proportional_scaling,True,"STRUCTURE: equivalent_ratios
TOOL: proportional_scaling
ANSWER: 15"
test_unseen_00113,structure_aware,100,unseen,Complete the equivalent fractions: 10/10 = 100/[blank].,100,9,False,equivalent_ratios,equivalent_ratios,True,cross_multiplication,division,False,"STRUCTURE: equivalent_ratios
TOOL: division
ANSWER: 9"
test_unseen_00114,structure_aware,100,unseen,A machine begins at 17 and applies a change of 3 for 4 rounds. What is its final value?,29,20,False,additive_recurrence,additive_recurrence,True,iteration,recurrence_relation,False,"STRUCTURE: additive_recurrence
TOOL: recurrence_relation
ANSWER: 20"
test_unseen_00115,structure_aware,100,unseen,The repeated-change process is summarized by c(k) = -18 + (k - 1)(7). Evaluate it at k = 15.,80,-24,False,additive_recurrence,additive_recurrence,True,substitution,substitution,True,"STRUCTURE: additive_recurrence
TOOL: substitution
ANSWER: -24"
test_unseen_00116,structure_aware,100,unseen,"Knowing only that p + q = 7 and pq = 0, determine p^2 + q^2 by opening (p + q)^2.",49,49,True,symmetric_sum_product,symmetric_sum_product,True,expansion,expansion,True,"STRUCTURE: symmetric_sum_product
TOOL: expansion
ANSWER: 49"
test_unseen_00117,structure_aware,100,unseen,Split the quadratic t^2 - 10t + 24 into linear factors and report the squared-root sum.,52,36,False,symmetric_sum_product,transformed_factors,False,factorization,factorization,True,"STRUCTURE: transformed_factors
TOOL: factorization
ANSWER: 36"
test_unseen_00118,structure_aware,100,unseen,Insert u = -4 into -4u^2 - 3. What value results?,-67,-16,False,transformed_expression,transformed_expression,True,substitution,substitution,True,"STRUCTURE: transformed_expression
TOOL: substitution
ANSWER: -16"
test_unseen_00119,structure_aware,100,unseen,"After multiplying out the two shifted factors (z + -1) and (z + 8), find the result when z is 2.",10,3,False,transformed_expression,transformed_expression,True,expansion,expansion,True,"STRUCTURE: transformed_expression
TOOL: expansion
ANSWER: 3"
test_seen_00000,baseline,200,seen,Solve the simultaneous relations -4x + 2y = 32 and 4x + 2y = -32. Find x.,-8,-8,True,two_linear_relations,,,elimination,,, -8
test_seen_00001,baseline,200,seen,"Given y = 2x + 3, insert it into 5x + 4y = 103 and find y.",17,9,False,two_linear_relations,,,substitution,,, 9
test_seen_00002,baseline,200,seen,Use the product pattern for a difference of squares to compute 39^2 - 27^2.,792,1080,False,polynomial_identity,,,factorization,,, 1080
test_seen_00003,baseline,200,seen,Expand the square and evaluate (5 + 8)^2.,169,289,False,polynomial_identity,,,expansion,,, 289
test_seen_00004,baseline,200,seen,"At a fixed rate, 8 items cost 6 dollars. What do 24 items cost?",18,18,True,equivalent_ratios,,,proportional_scaling,,, 18
test_seen_00005,baseline,200,seen,Solve the proportion 4/18 = 12/x for x.,54,54,True,equivalent_ratios,,,cross_multiplication,,, 54
test_seen_00006,baseline,200,seen,A sequence starts at 11 and changes by -5 each term. Iterate to find term 15.,-59,-30,False,additive_recurrence,,,iteration,,, -30
test_seen_00007,baseline,200,seen,An arithmetic sequence has formula a(n) = 4 + (n - 1)(8). Substitute n = 7.,52,35,False,additive_recurrence,,,substitution,,, 35
test_seen_00008,baseline,200,seen,"If x + y = -7 and xy = -30, use a square expansion to find x^2 + y^2.",109,133,False,symmetric_sum_product,,,expansion,,, 133
test_seen_00009,baseline,200,seen,"Factor t^2 + 16t + 39 = 0 to obtain its two roots, then give the sum of their squares.",178,47,False,symmetric_sum_product,,,factorization,,, 47
test_seen_00010,baseline,200,seen,"For f(t) = -5t^2 - 7t - 7, substitute t = -7 and find f(-7).",-203,-140,False,transformed_expression,,,substitution,,, -140
test_seen_00011,baseline,200,seen,Expand (x + -5)(x + -1) and evaluate it at x = -3.,32,2,False,transformed_expression,,,expansion,,, 2
test_seen_00012,baseline,200,seen,Two linear constraints hold: 4x + 5y = -2; 5x + 5y = 5. Determine x.,7,-1,False,two_linear_relations,,,elimination,,, -1
test_seen_00013,baseline,200,seen,The linked relations are y = 5x + 6 and x + y = -30. What is y?,-24,9,False,two_linear_relations,,,substitution,,, 9
test_seen_00014,baseline,200,seen,Evaluate 29^2 - 12^2 by rewriting it as a product.,697,403,False,polynomial_identity,,,factorization,,, 403
test_seen_00015,baseline,200,seen,Use the binomial-square identity to compute (7 + 22)^2.,841,1089,False,polynomial_identity,,,expansion,,, 1089
test_seen_00016,baseline,200,seen,Scale the ratio 11:10 to 22:x. Find x.,20,44,False,equivalent_ratios,,,proportional_scaling,,, 44
test_seen_00017,baseline,200,seen,Cross-multiply 13:7 = 91:x and determine x.,49,63,False,equivalent_ratios,,,cross_multiplication,,, 63
test_seen_00018,baseline,200,seen,"Given a1 = 18 and a(n+1) = a(n) - 7, find a11.",-52,-9,False,additive_recurrence,,,iteration,,, -9
test_seen_00019,baseline,200,seen,Use the closed form b(n) = -13 + (n - 1)(1) to find b(10).,-4,-2,False,additive_recurrence,,,substitution,,, -2
test_seen_00020,baseline,200,seen,Two numbers have sum 22 and product 117. Compute the sum of their squares from the symmetric identity.,250,304,False,symmetric_sum_product,,,expansion,,, 304
test_seen_00021,baseline,200,seen,The roots of t^2 - 23t + 120 = 0 are r and s. Find r^2 + s^2 by factoring the quadratic.,289,246,False,symmetric_sum_product,,,factorization,,, 246
test_seen_00022,baseline,200,seen,Evaluate the transformed expression z^2 + 5z - 11 at z = 0.,-11,-12,False,transformed_expression,,,substitution,,, -12
test_seen_00023,baseline,200,seen,"Open the product (x + 3)(x + 9), then set x = 5.",112,120,False,transformed_expression,,,expansion,,, 120
test_seen_00024,baseline,200,seen,Solve the simultaneous relations 5x - 4y = 30 and 5x - 3y = 25. Find y.,-5,1,False,two_linear_relations,,,elimination,,, 1
test_seen_00025,baseline,200,seen,"Given y = 4x + 5, insert it into 3x + 5y = -113 and find x.",-6,-2,False,two_linear_relations,,,substitution,,, -2
test_seen_00026,baseline,200,seen,Use the product pattern for a difference of squares to compute 12^2 - 11^2.,23,88,False,polynomial_identity,,,factorization,,, 88
test_seen_00027,baseline,200,seen,Expand the square and evaluate (8 + 9)^2.,289,361,False,polynomial_identity,,,expansion,,, 361
test_seen_00028,baseline,200,seen,"At a fixed rate, 13 items cost 2 dollars. What do 52 items cost?",8,40,False,equivalent_ratios,,,proportional_scaling,,, 40
test_seen_00029,baseline,200,seen,Solve the proportion 3/19 = 21/x for x.,133,63,False,equivalent_ratios,,,cross_multiplication,,, 63
test_seen_00030,baseline,200,seen,A sequence starts at 11 and changes by -1 each term. Iterate to find term 15.,-3,-14,False,additive_recurrence,,,iteration,,, -14
test_seen_00031,baseline,200,seen,An arithmetic sequence has formula a(n) = 9 + (n - 1)(2). Substitute n = 9.,25,17,False,additive_recurrence,,,substitution,,, 17
test_seen_00032,baseline,200,seen,"If x + y = -6 and xy = -91, use a square expansion to find x^2 + y^2.",218,305,False,symmetric_sum_product,,,expansion,,, 305
test_seen_00033,baseline,200,seen,"Factor t^2 + 27t + 182 = 0 to obtain its two roots, then give the sum of their squares.",365,365,True,symmetric_sum_product,,,factorization,,, 365
test_seen_00034,baseline,200,seen,"For f(t) = -2t^2 + 4t - 6, substitute t = 3 and find f(3).",-12,18,False,transformed_expression,,,substitution,,, 18
test_seen_00035,baseline,200,seen,Expand (z + 8)(z + 2) and evaluate it at z = -3.,-5,16,False,transformed_expression,,,expansion,,, 16
test_seen_00036,baseline,200,seen,Two linear constraints hold: -3x + 3y = -15; -3x - 2y = -35. Determine x.,9,4,False,two_linear_relations,,,elimination,,, 4
test_seen_00037,baseline,200,seen,The linked relations are y = -x - 1 and x - 2y = -4. What is x?,-2,-3,False,two_linear_relations,,,substitution,,, -3
test_seen_00038,baseline,200,seen,Evaluate 79^2 - 26^2 by rewriting it as a product.,5565,4531,False,polynomial_identity,,,factorization,,, 4531
test_seen_00039,baseline,200,seen,Use the binomial-square identity to compute (26 + 16)^2.,1764,841,False,polynomial_identity,,,expansion,,, 841
test_seen_00040,baseline,200,seen,Scale the ratio 9:18 to 18:x. Find x.,36,2,False,equivalent_ratios,,,proportional_scaling,,, 2
test_seen_00041,baseline,200,seen,Cross-multiply 3:2 = 6:x and determine x.,4,4,True,equivalent_ratios,,,cross_multiplication,,, 4
test_seen_00042,baseline,200,seen,"Given a1 = -19 and a(n+1) = a(n) + 9, find a12.",80,80,True,additive_recurrence,,,iteration,,, 80
test_seen_00043,baseline,200,seen,Use the closed form b(n) = 12 + (n - 1)(8) to find b(11).,92,75,False,additive_recurrence,,,substitution,,, 75
test_seen_00044,baseline,200,seen,Two numbers have sum 3 and product -180. Compute the sum of their squares from the symmetric identity.,369,243,False,symmetric_sum_product,,,expansion,,, 243
test_seen_00045,baseline,200,seen,The roots of t^2 + 15t + 56 = 0 are r and s. Find r^2 + s^2 by factoring the quadratic.,113,348,False,symmetric_sum_product,,,factorization,,, 348
test_seen_00046,baseline,200,seen,Evaluate the transformed expression -3z^2 + 6z + 12 at z = -1.,3,0,False,transformed_expression,,,substitution,,, 0
test_seen_00047,baseline,200,seen,"Open the product (x + -6)(x + -3), then set x = -7.",130,12,False,transformed_expression,,,expansion,,, 12
test_seen_00048,baseline,200,seen,Solve the simultaneous relations 4x + 4y = -32 and x - 2y = 10. Find y.,-6,-6,True,two_linear_relations,,,elimination,,, -6
test_seen_00049,baseline,200,seen,"Given y = -4x - 8, insert it into -3x + 2y = -60 and find x.",4,4,True,two_linear_relations,,,substitution,,, 4
test_seen_00050,baseline,200,seen,Use the product pattern for a difference of squares to compute 44^2 - 23^2.,1407,1563,False,polynomial_identity,,,factorization,,, 1563
test_seen_00051,baseline,200,seen,Expand the square and evaluate (18 + 36)^2.,2916,10496,False,polynomial_identity,,,expansion,,, 10496
test_seen_00052,baseline,200,seen,"At a fixed rate, 10 items cost 20 dollars. What do 40 items cost?",80,80,True,equivalent_ratios,,,proportional_scaling,,, 80
test_seen_00053,baseline,200,seen,Solve the proportion 13/9 = 52/x for x.,36,66,False,equivalent_ratios,,,cross_multiplication,,, 66
test_seen_00054,baseline,200,seen,A sequence starts at -8 and changes by -2 each term. Iterate to find term 3.,-12,-10,False,additive_recurrence,,,iteration,,, -10
test_seen_00055,baseline,200,seen,An arithmetic sequence has formula a(n) = -15 + (n - 1)(-1). Substitute n = 10.,-24,2,False,additive_recurrence,,,substitution,,, 2
test_seen_00056,baseline,200,seen,"If x + y = 4 and xy = -77, use a square expansion to find x^2 + y^2.",170,160,False,symmetric_sum_product,,,expansion,,, 160
test_seen_00057,baseline,200,seen,"Factor t^2 - 15t + 50 = 0 to obtain its two roots, then give the sum of their squares.",125,35,False,symmetric_sum_product,,,factorization,,, 35
test_seen_00058,baseline,200,seen,"For f(t) = -4t^2 + 7t + 10, substitute t = -2 and find f(-2).",-20,56,False,transformed_expression,,,substitution,,, 56
test_seen_00059,baseline,200,seen,Expand (x + -6)(x + 0) and evaluate it at x = -4.,40,-2,False,transformed_expression,,,expansion,,, -2
test_seen_00060,baseline,200,seen,Two linear constraints hold: 5x - 3y = -33; -x + 4y = 27. Determine y.,6,-6,False,two_linear_relations,,,elimination,,, -6
test_seen_00061,baseline,200,seen,The linked relations are y = 3x + 6 and -x + 4y = 24. What is y?,6,18,False,two_linear_relations,,,substitution,,, 18
test_seen_00062,baseline,200,seen,Evaluate 76^2 - 29^2 by rewriting it as a product.,4935,3085,False,polynomial_identity,,,factorization,,, 3085
test_seen_00063,baseline,200,seen,Use the binomial-square identity to compute (29 + 35)^2.,4096,1681,False,polynomial_identity,,,expansion,,, 1681
test_seen_00064,baseline,200,seen,Scale the ratio 3:8 to 33:x. Find x.,88,88,True,equivalent_ratios,,,proportional_scaling,,, 88
test_seen_00065,baseline,200,seen,Cross-multiply 13:6 = 143:x and determine x.,66,126,False,equivalent_ratios,,,cross_multiplication,,, 126
test_seen_00066,baseline,200,seen,"Given a1 = 18 and a(n+1) = a(n) - 9, find a13.",-90,-72,False,additive_recurrence,,,iteration,,, -72
test_seen_00067,baseline,200,seen,Use the closed form b(n) = -14 + (n - 1)(-7) to find b(15).,-112,-82,False,additive_recurrence,,,substitution,,, -82
test_seen_00068,baseline,200,seen,Two numbers have sum 18 and product 65. Compute the sum of their squares from the symmetric identity.,194,203,False,symmetric_sum_product,,,expansion,,, 203
test_seen_00069,baseline,200,seen,The roots of t^2 + 17t + 72 = 0 are r and s. Find r^2 + s^2 by factoring the quadratic.,145,133,False,symmetric_sum_product,,,factorization,,, 133
test_seen_00070,baseline,200,seen,Evaluate the transformed expression -2z^2 + 8z - 11 at z = -3.,-53,40,False,transformed_expression,,,substitution,,, 40
test_seen_00071,baseline,200,seen,"Open the product (t + -5)(t + 5), then set t = 0.",-25,25,False,transformed_expression,,,expansion,,, 25
test_seen_00072,baseline,200,seen,Solve the simultaneous relations -2x - 2y = 14 and 2x - 3y = 21. Find y.,-7,5,False,two_linear_relations,,,elimination,,, 5
test_seen_00073,baseline,200,seen,"Given y = 2x - 1, insert it into 5x - y = 1 and find x.",0,3,False,two_linear_relations,,,substitution,,, 3
test_seen_00074,baseline,200,seen,Use the product pattern for a difference of squares to compute 52^2 - 13^2.,2535,2409,False,polynomial_identity,,,factorization,,, 2409
test_seen_00075,baseline,200,seen,Expand the square and evaluate (10 + 11)^2.,441,456,False,polynomial_identity,,,expansion,,, 456
test_seen_00076,baseline,200,seen,"At a fixed rate, 4 items cost 7 dollars. What do 20 items cost?",35,35,True,equivalent_ratios,,,proportional_scaling,,, 35
test_seen_00077,baseline,200,seen,Solve the proportion 11/18 = 132/x for x.,216,216,True,equivalent_ratios,,,cross_multiplication,,, 216
test_seen_00078,baseline,200,seen,A sequence starts at -8 and changes by -1 each term. Iterate to find term 10.,-17,-9,False,additive_recurrence,,,iteration,,, -9
test_seen_00079,baseline,200,seen,An arithmetic sequence has formula a(n) = 4 + (n - 1)(8). Substitute n = 5.,36,32,False,additive_recurrence,,,substitution,,, 32
test_seen_00080,baseline,200,seen,"If x + y = 1 and xy = -156, use a square expansion to find x^2 + y^2.",313,193,False,symmetric_sum_product,,,expansion,,, 193
test_seen_00081,baseline,200,seen,"Factor t^2 - 19t + 88 = 0 to obtain its two roots, then give the sum of their squares.",185,264,False,symmetric_sum_product,,,factorization,,, 264
test_seen_00082,baseline,200,seen,"For f(t) = 4t^2 + 3t - 8, substitute t = -6 and find f(-6).",118,-10,False,transformed_expression,,,substitution,,, -10
test_seen_00083,baseline,200,seen,Expand (t + 3)(t + -1) and evaluate it at t = 1.,0,-2,False,transformed_expression,,,expansion,,, -2
test_seen_00084,baseline,200,seen,Two linear constraints hold: 4x + 3y = -39; x - 5y = 19. Determine y.,-5,-2,False,two_linear_relations,,,elimination,,, -2
test_seen_00085,baseline,200,seen,The linked relations are y = 3x + 6 and 4x + 3y = 135. What is x?,9,9,True,two_linear_relations,,,substitution,,, 9
test_seen_00086,baseline,200,seen,Evaluate 65^2 - 2^2 by rewriting it as a product.,4221,4093,False,polynomial_identity,,,factorization,,, 4093
test_seen_00087,baseline,200,seen,Use the binomial-square identity to compute (32 + 6)^2.,1444,1088,False,polynomial_identity,,,expansion,,, 1088
test_seen_00088,baseline,200,seen,Scale the ratio 3:23 to 18:x. Find x.,138,66,False,equivalent_ratios,,,proportional_scaling,,, 66
test_seen_00089,baseline,200,seen,Cross-multiply 9:4 = 45:x and determine x.,20,20,True,equivalent_ratios,,,cross_multiplication,,, 20
test_seen_00090,baseline,200,seen,"Given a1 = 14 and a(n+1) = a(n) + 5, find a10.",59,83,False,additive_recurrence,,,iteration,,, 83
test_seen_00091,baseline,200,seen,Use the closed form b(n) = -11 + (n - 1)(-4) to find b(8).,-39,-35,False,additive_recurrence,,,substitution,,, -35
test_seen_00092,baseline,200,seen,Two numbers have sum -28 and product 195. Compute the sum of their squares from the symmetric identity.,394,364,False,symmetric_sum_product,,,expansion,,, 364
test_seen_00093,baseline,200,seen,The roots of t^2 + 12t + 35 = 0 are r and s. Find r^2 + s^2 by factoring the quadratic.,74,170,False,symmetric_sum_product,,,factorization,,, 170
test_seen_00094,baseline,200,seen,Evaluate the transformed expression -5z^2 - 6z + 5 at z = 6.,-211,-149,False,transformed_expression,,,substitution,,, -149
test_seen_00095,baseline,200,seen,"Open the product (z + 0)(z + -5), then set z = -7.",84,2,False,transformed_expression,,,expansion,,, 2
test_seen_00096,baseline,200,seen,Solve the simultaneous relations -5x - 5y = 5 and 5x - 4y = 22. Find x.,2,3,False,two_linear_relations,,,elimination,,, 3
test_seen_00097,baseline,200,seen,"Given y = -2x - 2, insert it into -2x - 5y = -38 and find y.",10,10,True,two_linear_relations,,,substitution,,, 10
test_seen_00098,baseline,200,seen,Use the product pattern for a difference of squares to compute 19^2 - 4^2.,345,365,False,polynomial_identity,,,factorization,,, 365
test_seen_00099,baseline,200,seen,Expand the square and evaluate (8 + 21)^2.,841,3696,False,polynomial_identity,,,expansion,,, 3696
test_seen_00100,baseline,200,seen,"At a fixed rate, 3 items cost 21 dollars. What do 6 items cost?",42,42,True,equivalent_ratios,,,proportional_scaling,,, 42
test_seen_00101,baseline,200,seen,Solve the proportion 12/9 = 120/x for x.,90,72,False,equivalent_ratios,,,cross_multiplication,,, 72
test_seen_00102,baseline,200,seen,A sequence starts at -4 and changes by -1 each term. Iterate to find term 9.,-12,-12,True,additive_recurrence,,,iteration,,, -12
test_seen_00103,baseline,200,seen,An arithmetic sequence has formula a(n) = 18 + (n - 1)(-4). Substitute n = 15.,-38,-60,False,additive_recurrence,,,substitution,,, -60
test_seen_00104,baseline,200,seen,"If x + y = -5 and xy = -50, use a square expansion to find x^2 + y^2.",125,105,False,symmetric_sum_product,,,expansion,,, 105
test_seen_00105,baseline,200,seen,"Factor t^2 - 2t - 35 = 0 to obtain its two roots, then give the sum of their squares.",74,176,False,symmetric_sum_product,,,factorization,,, 176
test_seen_00106,baseline,200,seen,"For f(t) = 3t^2 + 5t + 8, substitute t = 4 and find f(4).",76,106,False,transformed_expression,,,substitution,,, 106
test_seen_00107,baseline,200,seen,Expand (t + 3)(t + 0) and evaluate it at t = 0.,0,-9,False,transformed_expression,,,expansion,,, -9
test_seen_00108,baseline,200,seen,Two linear constraints hold: 2x + y = 15; 5x + 2y = 39. Determine x.,9,4,False,two_linear_relations,,,elimination,,, 4
test_seen_00109,baseline,200,seen,The linked relations are y = 6 - 3x and -5x + 5y = -110. What is x?,7,14,False,two_linear_relations,,,substitution,,, 14
test_seen_00110,baseline,200,seen,Evaluate 19^2 - 9^2 by rewriting it as a product.,280,144,False,polynomial_identity,,,factorization,,, 144
test_seen_00111,baseline,200,seen,Use the binomial-square identity to compute (30 + 6)^2.,1296,1624,False,polynomial_identity,,,expansion,,, 1624
test_seen_00112,baseline,200,seen,Scale the ratio 3:5 to 27:x. Find x.,45,45,True,equivalent_ratios,,,proportional_scaling,,, 45
test_seen_00113,baseline,200,seen,Cross-multiply 12:10 = 24:x and determine x.,20,16,False,equivalent_ratios,,,cross_multiplication,,, 16
test_seen_00114,baseline,200,seen,"Given a1 = 12 and a(n+1) = a(n) + 8, find a9.",76,104,False,additive_recurrence,,,iteration,,, 104
test_seen_00115,baseline,200,seen,Use the closed form b(n) = -6 + (n - 1)(7) to find b(15).,92,42,False,additive_recurrence,,,substitution,,, 42
test_seen_00116,baseline,200,seen,Two numbers have sum -23 and product 120. Compute the sum of their squares from the symmetric identity.,289,275,False,symmetric_sum_product,,,expansion,,, 275
test_seen_00117,baseline,200,seen,The roots of t^2 + 9t + 20 = 0 are r and s. Find r^2 + s^2 by factoring the quadratic.,41,145,False,symmetric_sum_product,,,factorization,,, 145
test_seen_00118,baseline,200,seen,Evaluate the transformed expression -4z^2 + 4z - 10 at z = -5.,-130,-68,False,transformed_expression,,,substitution,,, -68
test_seen_00119,baseline,200,seen,"Open the product (x + -10)(x + 6), then set x = 2.",-64,48,False,transformed_expression,,,expansion,,, 48
test_unseen_00000,baseline,200,unseen,The lines 3x - 4y = -16 and -3x + y = -5 intersect. Give their x-coordinate.,4,2,False,two_linear_relations,,,elimination,,, 2
test_unseen_00001,baseline,200,unseen,One variable is isolated in y = -5x - 1; use the other constraint -4x + 5y = -5 to obtain x.,0,-2,False,two_linear_relations,,,substitution,,, -2
test_unseen_00002,baseline,200,unseen,"Without separately squaring both numbers, find the difference between 29 squared and 8 squared.",777,301,False,polynomial_identity,,,factorization,,, 301
test_unseen_00003,baseline,200,unseen,What number results from opening the brackets in (34 + 21)(34 + 21)?,3025,1087,False,polynomial_identity,,,expansion,,, 1087
test_unseen_00004,baseline,200,unseen,A batch of 8 units has value 20. Find the value of a same-rate batch of 96 units.,240,16,False,equivalent_ratios,,,proportional_scaling,,, 16
test_unseen_00005,baseline,200,unseen,Complete the equivalent fractions: 14/12 = 112/[blank].,96,12,False,equivalent_ratios,,,cross_multiplication,,, 12
test_unseen_00006,baseline,200,unseen,A machine begins at 2 and applies a change of -7 for 7 rounds. What is its final value?,-47,-14,False,additive_recurrence,,,iteration,,, -14
test_unseen_00007,baseline,200,unseen,The repeated-change process is summarized by c(k) = -2 + (k - 1)(-4). Evaluate it at k = 4.,-14,-8,False,additive_recurrence,,,substitution,,, -8
test_unseen_00008,baseline,200,unseen,"Knowing only that p + q = -12 and pq = -13, determine p^2 + q^2 by opening (p + q)^2.",170,65,False,symmetric_sum_product,,,expansion,,, 65
test_unseen_00009,baseline,200,unseen,Split the quadratic t^2 + 9t - 36 into linear factors and report the squared-root sum.,153,18,False,symmetric_sum_product,,,factorization,,, 18
test_unseen_00010,baseline,200,unseen,Insert u = 3 into -u^2 + 2u - 9. What value results?,-12,-18,False,transformed_expression,,,substitution,,, -18
test_unseen_00011,baseline,200,unseen,"After multiplying out the two shifted factors (t + -1) and (t + -9), find the result when t is -2.",33,3,False,transformed_expression,,,expansion,,, 3
test_unseen_00012,baseline,200,unseen,The lines 2x - 2y = -24 and -2x - 3y = -6 intersect. Give their y-coordinate.,6,12,False,two_linear_relations,,,elimination,,, 12
test_unseen_00013,baseline,200,unseen,One variable is isolated in y = -5x - 7; use the other constraint 2x - 5y = -19 to obtain y.,3,-3,False,two_linear_relations,,,substitution,,, -3
test_unseen_00014,baseline,200,unseen,"Without separately squaring both numbers, find the difference between 79 squared and 25 squared.",5616,460,False,polynomial_identity,,,factorization,,, 460
test_unseen_00015,baseline,200,unseen,What number results from opening the brackets in (32 + 31)(32 + 31)?,3969,256,False,polynomial_identity,,,expansion,,, 256
test_unseen_00016,baseline,200,unseen,A batch of 14 units has value 19. Find the value of a same-rate batch of 154 units.,209,36,False,equivalent_ratios,,,proportional_scaling,,, 36
test_unseen_00017,baseline,200,unseen,Complete the equivalent fractions: 5/17 = 20/[blank].,68,34,False,equivalent_ratios,,,cross_multiplication,,, 34
test_unseen_00018,baseline,200,unseen,A machine begins at 9 and applies a change of 3 for 11 rounds. What is its final value?,42,0,False,additive_recurrence,,,iteration,,, 0
test_unseen_00019,baseline,200,unseen,The repeated-change process is summarized by c(k) = -18 + (k - 1)(-1). Evaluate it at k = 5.,-22,-2,False,additive_recurrence,,,substitution,,, -2
test_unseen_00020,baseline,200,unseen,"Knowing only that p + q = -2 and pq = -195, determine p^2 + q^2 by opening (p + q)^2.",394,406,False,symmetric_sum_product,,,expansion,,, 406
test_unseen_00021,baseline,200,unseen,Split the quadratic t^2 - 12t + 27 into linear factors and report the squared-root sum.,90,36,False,symmetric_sum_product,,,factorization,,, 36
test_unseen_00022,baseline,200,unseen,Insert u = 2 into 5u^2 + u - 1. What value results?,21,-3,False,transformed_expression,,,substitution,,, -3
test_unseen_00023,baseline,200,unseen,"After multiplying out the two shifted factors (t + -4) and (t + 2), find the result when t is -6.",40,10,False,transformed_expression,,,expansion,,, 10
test_unseen_00024,baseline,200,unseen,The lines -2x + 4y = -26 and -5x + y = -11 intersect. Give their x-coordinate.,1,3,False,two_linear_relations,,,elimination,,, 3
test_unseen_00025,baseline,200,unseen,One variable is isolated in y = -4x - 4; use the other constraint -3x - 5y = 122 to obtain y.,-28,-8,False,two_linear_relations,,,substitution,,, -8
test_unseen_00026,baseline,200,unseen,"Without separately squaring both numbers, find the difference between 48 squared and 43 squared.",455,12,False,polynomial_identity,,,factorization,,, 12
test_unseen_00027,baseline,200,unseen,What number results from opening the brackets in (19 + 6)(19 + 6)?,625,360,False,polynomial_identity,,,expansion,,, 360
test_unseen_00028,baseline,200,unseen,A batch of 8 units has value 10. Find the value of a same-rate batch of 16 units.,20,20,True,equivalent_ratios,,,proportional_scaling,,, 20
test_unseen_00029,baseline,200,unseen,Complete the equivalent fractions: 13/18 = 52/[blank].,72,6,False,equivalent_ratios,,,cross_multiplication,,, 6
test_unseen_00030,baseline,200,unseen,A machine begins at 20 and applies a change of -3 for 2 rounds. What is its final value?,14,-6,False,additive_recurrence,,,iteration,,, -6
test_unseen_00031,baseline,200,unseen,The repeated-change process is summarized by c(k) = -3 + (k - 1)(7). Evaluate it at k = 7.,39,20,False,additive_recurrence,,,substitution,,, 20
test_unseen_00032,baseline,200,unseen,"Knowing only that p + q = -12 and pq = -13, determine p^2 + q^2 by opening (p + q)^2.",170,65,False,symmetric_sum_product,,,expansion,,, 65
test_unseen_00033,baseline,200,unseen,Split the quadratic t^2 - 21t + 108 into linear factors and report the squared-root sum.,225,63,False,symmetric_sum_product,,,factorization,,, 63
test_unseen_00034,baseline,200,unseen,Insert u = 5 into 5u^2 + 2u + 5. What value results?,140,60,False,transformed_expression,,,substitution,,, 60
test_unseen_00035,baseline,200,unseen,"After multiplying out the two shifted factors (t + 5) and (t + -8), find the result when t is -3.",-22,16,False,transformed_expression,,,expansion,,, 16
test_unseen_00036,baseline,200,unseen,The lines x - y = -3 and 3x + 2y = 6 intersect. Give their x-coordinate.,0,1,False,two_linear_relations,,,elimination,,, 1
test_unseen_00037,baseline,200,unseen,One variable is isolated in y = -x - 4; use the other constraint -4x + 3y = -19 to obtain y.,-5,-2,False,two_linear_relations,,,substitution,,, -2
test_unseen_00038,baseline,200,unseen,"Without separately squaring both numbers, find the difference between 66 squared and 43 squared.",2507,1295,False,polynomial_identity,,,factorization,,, 1295
test_unseen_00039,baseline,200,unseen,What number results from opening the brackets in (30 + 7)(30 + 7)?,1369,210,False,polynomial_identity,,,expansion,,, 210
test_unseen_00040,baseline,200,unseen,A batch of 11 units has value 6. Find the value of a same-rate batch of 66 units.,36,39,False,equivalent_ratios,,,proportional_scaling,,, 39
test_unseen_00041,baseline,200,unseen,Complete the equivalent fractions: 13/19 = 78/[blank].,114,26,False,equivalent_ratios,,,cross_multiplication,,, 26
test_unseen_00042,baseline,200,unseen,A machine begins at 12 and applies a change of 3 for 5 rounds. What is its final value?,27,6,False,additive_recurrence,,,iteration,,, 6
test_unseen_00043,baseline,200,unseen,The repeated-change process is summarized by c(k) = -18 + (k - 1)(-2). Evaluate it at k = 11.,-38,-30,False,additive_recurrence,,,substitution,,, -30
test_unseen_00044,baseline,200,unseen,"Knowing only that p + q = -13 and pq = 0, determine p^2 + q^2 by opening (p + q)^2.",169,169,True,symmetric_sum_product,,,expansion,,, 169
test_unseen_00045,baseline,200,unseen,Split the quadratic t^2 + 6t - 7 into linear factors and report the squared-root sum.,50,14,False,symmetric_sum_product,,,factorization,,, 14
test_unseen_00046,baseline,200,unseen,Insert u = -3 into 2u^2 - 4u + 2. What value results?,32,-1,False,transformed_expression,,,substitution,,, -1
test_unseen_00047,baseline,200,unseen,"After multiplying out the two shifted factors (z + -6) and (z + -3), find the result when z is 7.",4,12,False,transformed_expression,,,expansion,,, 12
test_unseen_00048,baseline,200,unseen,The lines -3x - 5y = -41 and -4x + y = -1 intersect. Give their y-coordinate.,7,-2,False,two_linear_relations,,,elimination,,, -2
test_unseen_00049,baseline,200,unseen,One variable is isolated in y = 5x + 8; use the other constraint 3x - 2y = -37 to obtain x.,3,10,False,two_linear_relations,,,substitution,,, 10
test_unseen_00050,baseline,200,unseen,"Without separately squaring both numbers, find the difference between 31 squared and 12 squared.",817,59,False,polynomial_identity,,,factorization,,, 59
test_unseen_00051,baseline,200,unseen,What number results from opening the brackets in (2 + 23)(2 + 23)?,625,53,False,polynomial_identity,,,expansion,,, 53
test_unseen_00052,baseline,200,unseen,A batch of 2 units has value 19. Find the value of a same-rate batch of 12 units.,114,38,False,equivalent_ratios,,,proportional_scaling,,, 38
test_unseen_00053,baseline,200,unseen,Complete the equivalent fractions: 11/6 = 55/[blank].,30,33,False,equivalent_ratios,,,cross_multiplication,,, 33
test_unseen_00054,baseline,200,unseen,A machine begins at -10 and applies a change of -3 for 10 rounds. What is its final value?,-40,-28,False,additive_recurrence,,,iteration,,, -28
test_unseen_00055,baseline,200,unseen,The repeated-change process is summarized by c(k) = -19 + (k - 1)(-7). Evaluate it at k = 4.,-40,-52,False,additive_recurrence,,,substitution,,, -52
test_unseen_00056,baseline,200,unseen,"Knowing only that p + q = 3 and pq = 2, determine p^2 + q^2 by opening (p + q)^2.",5,7,False,symmetric_sum_product,,,expansion,,, 7
test_unseen_00057,baseline,200,unseen,Split the quadratic t^2 + 9t - 70 into linear factors and report the squared-root sum.,221,143,False,symmetric_sum_product,,,factorization,,, 143
test_unseen_00058,baseline,200,unseen,Insert u = -3 into -u^2 + 4u - 8. What value results?,-29,-16,False,transformed_expression,,,substitution,,, -16
test_unseen_00059,baseline,200,unseen,"After multiplying out the two shifted factors (z + 10) and (z + -5), find the result when z is 3.",-26,2,False,transformed_expression,,,expansion,,, 2
test_unseen_00060,baseline,200,unseen,The lines 4x - y = -29 and -5x - 5y = 30 intersect. Give their x-coordinate.,-7,7,False,two_linear_relations,,,elimination,,, 7
test_unseen_00061,baseline,200,unseen,One variable is isolated in y = -2x - 8; use the other constraint -3x - 4y = 2 to obtain x.,-6,-6,True,two_linear_relations,,,substitution,,, -6
test_unseen_00062,baseline,200,unseen,"Without separately squaring both numbers, find the difference between 45 squared and 37 squared.",656,108,False,polynomial_identity,,,factorization,,, 108
test_unseen_00063,baseline,200,unseen,What number results from opening the brackets in (12 + 29)(12 + 29)?,1681,608,False,polynomial_identity,,,expansion,,, 608
test_unseen_00064,baseline,200,unseen,A batch of 8 units has value 13. Find the value of a same-rate batch of 48 units.,78,26,False,equivalent_ratios,,,proportional_scaling,,, 26
test_unseen_00065,baseline,200,unseen,Complete the equivalent fractions: 11/10 = 55/[blank].,50,20,False,equivalent_ratios,,,cross_multiplication,,, 20
test_unseen_00066,baseline,200,unseen,A machine begins at -11 and applies a change of 1 for 6 rounds. What is its final value?,-5,5,False,additive_recurrence,,,iteration,,, 5
test_unseen_00067,baseline,200,unseen,The repeated-change process is summarized by c(k) = 5 + (k - 1)(-4). Evaluate it at k = 13.,-43,-62,False,additive_recurrence,,,substitution,,, -62
test_unseen_00068,baseline,200,unseen,"Knowing only that p + q = 5 and pq = -150, determine p^2 + q^2 by opening (p + q)^2.",325,450,False,symmetric_sum_product,,,expansion,,, 450
test_unseen_00069,baseline,200,unseen,Split the quadratic t^2 + 10t into linear factors and report the squared-root sum.,100,50,False,symmetric_sum_product,,,factorization,,, 50
test_unseen_00070,baseline,200,unseen,Insert u = 0 into -u^2 + 6u + 3. What value results?,3,9,False,transformed_expression,,,substitution,,, 9
test_unseen_00071,baseline,200,unseen,"After multiplying out the two shifted factors (z + -1) and (z + -1), find the result when z is 4.",9,2,False,transformed_expression,,,expansion,,, 2
test_unseen_00072,baseline,200,unseen,The lines x + 2y = 17 and 2x - 4y = -14 intersect. Give their y-coordinate.,6,-3,False,two_linear_relations,,,elimination,,, -3
test_unseen_00073,baseline,200,unseen,One variable is isolated in y = -2x; use the other constraint -2x + 3y = -72 to obtain x.,9,18,False,two_linear_relations,,,substitution,,, 18
test_unseen_00074,baseline,200,unseen,"Without separately squaring both numbers, find the difference between 27 squared and 24 squared.",153,153,True,polynomial_identity,,,factorization,,, 153
test_unseen_00075,baseline,200,unseen,What number results from opening the brackets in (25 + 16)(25 + 16)?,1681,800,False,polynomial_identity,,,expansion,,, 800
test_unseen_00076,baseline,200,unseen,A batch of 8 units has value 11. Find the value of a same-rate batch of 64 units.,88,17,False,equivalent_ratios,,,proportional_scaling,,, 17
test_unseen_00077,baseline,200,unseen,Complete the equivalent fractions: 3/2 = 24/[blank].,16,16,True,equivalent_ratios,,,cross_multiplication,,, 16
test_unseen_00078,baseline,200,unseen,A machine begins at -6 and applies a change of 9 for 6 rounds. What is its final value?,48,30,False,additive_recurrence,,,iteration,,, 30
test_unseen_00079,baseline,200,unseen,The repeated-change process is summarized by c(k) = -19 + (k - 1)(-4). Evaluate it at k = 15.,-75,-62,False,additive_recurrence,,,substitution,,, -62
test_unseen_00080,baseline,200,unseen,"Knowing only that p + q = -4 and pq = -45, determine p^2 + q^2 by opening (p + q)^2.",106,162,False,symmetric_sum_product,,,expansion,,, 162
test_unseen_00081,baseline,200,unseen,Split the quadratic t^2 - t - 30 into linear factors and report the squared-root sum.,61,18,False,symmetric_sum_product,,,factorization,,, 18
test_unseen_00082,baseline,200,unseen,Insert u = -7 into u^2 + 6u + 3. What value results?,10,18,False,transformed_expression,,,substitution,,, 18
test_unseen_00083,baseline,200,unseen,"After multiplying out the two shifted factors (t + 8) and (t + 8), find the result when t is -7.",1,-15,False,transformed_expression,,,expansion,,, -15
test_unseen_00084,baseline,200,unseen,The lines 2x - 5y = 2 and -4x - y = 18 intersect. Give their y-coordinate.,-2,-3,False,two_linear_relations,,,elimination,,, -3
test_unseen_00085,baseline,200,unseen,One variable is isolated in y = 6 - 3x; use the other constraint -x - 5y = -114 to obtain x.,-6,22,False,two_linear_relations,,,substitution,,, 22
test_unseen_00086,baseline,200,unseen,"Without separately squaring both numbers, find the difference between 37 squared and 35 squared.",144,1,False,polynomial_identity,,,factorization,,, 1
test_unseen_00087,baseline,200,unseen,What number results from opening the brackets in (24 + 6)(24 + 6)?,900,130,False,polynomial_identity,,,expansion,,, 130
test_unseen_00088,baseline,200,unseen,A batch of 2 units has value 2. Find the value of a same-rate batch of 4 units.,4,8,False,equivalent_ratios,,,proportional_scaling,,, 8
test_unseen_00089,baseline,200,unseen,Complete the equivalent fractions: 14/19 = 140/[blank].,190,19,False,equivalent_ratios,,,cross_multiplication,,, 19
test_unseen_00090,baseline,200,unseen,A machine begins at 1 and applies a change of 7 for 3 rounds. What is its final value?,22,20,False,additive_recurrence,,,iteration,,, 20
test_unseen_00091,baseline,200,unseen,The repeated-change process is summarized by c(k) = 14 + (k - 1)(2). Evaluate it at k = 10.,32,36,False,additive_recurrence,,,substitution,,, 36
test_unseen_00092,baseline,200,unseen,"Knowing only that p + q = 4 and pq = -96, determine p^2 + q^2 by opening (p + q)^2.",208,196,False,symmetric_sum_product,,,expansion,,, 196
test_unseen_00093,baseline,200,unseen,Split the quadratic t^2 - 20t + 91 into linear factors and report the squared-root sum.,218,84,False,symmetric_sum_product,,,factorization,,, 84
test_unseen_00094,baseline,200,unseen,Insert u = -7 into 4u^2 + 7u - 12. What value results?,135,-56,False,transformed_expression,,,substitution,,, -56
test_unseen_00095,baseline,200,unseen,"After multiplying out the two shifted factors (z + -10) and (z + 2), find the result when z is -7.",85,3,False,transformed_expression,,,expansion,,, 3
test_unseen_00096,baseline,200,unseen,The lines -4x + 4y = -60 and -2x + 5y = -51 intersect. Give their y-coordinate.,-7,3,False,two_linear_relations,,,elimination,,, 3
test_unseen_00097,baseline,200,unseen,One variable is isolated in y = 4 - 5x; use the other constraint 3x + 5y = -156 to obtain x.,8,24,False,two_linear_relations,,,substitution,,, 24
test_unseen_00098,baseline,200,unseen,"Without separately squaring both numbers, find the difference between 75 squared and 6 squared.",5589,4825,False,polynomial_identity,,,factorization,,, 4825
test_unseen_00099,baseline,200,unseen,What number results from opening the brackets in (26 + 9)(26 + 9)?,1225,416,False,polynomial_identity,,,expansion,,, 416
test_unseen_00100,baseline,200,unseen,A batch of 10 units has value 6. Find the value of a same-rate batch of 120 units.,72,72,True,equivalent_ratios,,,proportional_scaling,,, 72
test_unseen_00101,baseline,200,unseen,Complete the equivalent fractions: 3/10 = 15/[blank].,50,6,False,equivalent_ratios,,,cross_multiplication,,, 6
test_unseen_00102,baseline,200,unseen,A machine begins at -3 and applies a change of -1 for 5 rounds. What is its final value?,-8,-8,True,additive_recurrence,,,iteration,,, -8
test_unseen_00103,baseline,200,unseen,The repeated-change process is summarized by c(k) = 14 + (k - 1)(2). Evaluate it at k = 4.,20,30,False,additive_recurrence,,,substitution,,, 30
test_unseen_00104,baseline,200,unseen,"Knowing only that p + q = 5 and pq = 4, determine p^2 + q^2 by opening (p + q)^2.",17,33,False,symmetric_sum_product,,,expansion,,, 33
test_unseen_00105,baseline,200,unseen,Split the quadratic t^2 - 4t - 21 into linear factors and report the squared-root sum.,58,7,False,symmetric_sum_product,,,factorization,,, 7
test_unseen_00106,baseline,200,unseen,Insert u = -4 into 4u^2 - 8u - 2. What value results?,94,-16,False,transformed_expression,,,substitution,,, -16
test_unseen_00107,baseline,200,unseen,"After multiplying out the two shifted factors (z + 3) and (z + -10), find the result when z is 4.",-42,2,False,transformed_expression,,,expansion,,, 2
test_unseen_00108,baseline,200,unseen,The lines -3x - 5y = -30 and x - 2y = -1 intersect. Give their x-coordinate.,5,5,True,two_linear_relations,,,elimination,,, 5
test_unseen_00109,baseline,200,unseen,One variable is isolated in y = 5x + 2; use the other constraint 2x + y = -19 to obtain y.,-13,3,False,two_linear_relations,,,substitution,,, 3
test_unseen_00110,baseline,200,unseen,"Without separately squaring both numbers, find the difference between 80 squared and 23 squared.",5871,647,False,polynomial_identity,,,factorization,,, 647
test_unseen_00111,baseline,200,unseen,What number results from opening the brackets in (4 + 27)(4 + 27)?,961,105,False,polynomial_identity,,,expansion,,, 105
test_unseen_00112,baseline,200,unseen,A batch of 9 units has value 22. Find the value of a same-rate batch of 63 units.,154,155,False,equivalent_ratios,,,proportional_scaling,,, 155
test_unseen_00113,baseline,200,unseen,Complete the equivalent fractions: 10/10 = 100/[blank].,100,10,False,equivalent_ratios,,,cross_multiplication,,, 10
test_unseen_00114,baseline,200,unseen,A machine begins at 17 and applies a change of 3 for 4 rounds. What is its final value?,29,28,False,additive_recurrence,,,iteration,,, 28
test_unseen_00115,baseline,200,unseen,The repeated-change process is summarized by c(k) = -18 + (k - 1)(7). Evaluate it at k = 15.,80,-2,False,additive_recurrence,,,substitution,,, -2
test_unseen_00116,baseline,200,unseen,"Knowing only that p + q = 7 and pq = 0, determine p^2 + q^2 by opening (p + q)^2.",49,49,True,symmetric_sum_product,,,expansion,,, 49
test_unseen_00117,baseline,200,unseen,Split the quadratic t^2 - 10t + 24 into linear factors and report the squared-root sum.,52,8,False,symmetric_sum_product,,,factorization,,, 8
test_unseen_00118,baseline,200,unseen,Insert u = -4 into -4u^2 - 3. What value results?,-67,8,False,transformed_expression,,,substitution,,, 8
test_unseen_00119,baseline,200,unseen,"After multiplying out the two shifted factors (z + -1) and (z + 8), find the result when z is 2.",10,9,False,transformed_expression,,,expansion,,, 9
test_seen_00000,oracle,200,seen,Solve the simultaneous relations -4x + 2y = 32 and 4x + 2y = -32. Find x.,-8,8,False,two_linear_relations,,,elimination,,, 8
test_seen_00001,oracle,200,seen,"Given y = 2x + 3, insert it into 5x + 4y = 103 and find y.",17,8,False,two_linear_relations,,,substitution,,, 8
test_seen_00002,oracle,200,seen,Use the product pattern for a difference of squares to compute 39^2 - 27^2.,792,648,False,polynomial_identity,,,factorization,,, 648
test_seen_00003,oracle,200,seen,Expand the square and evaluate (5 + 8)^2.,169,169,True,polynomial_identity,,,expansion,,, 169
test_seen_00004,oracle,200,seen,"At a fixed rate, 8 items cost 6 dollars. What do 24 items cost?",18,18,True,equivalent_ratios,,,proportional_scaling,,, 18
test_seen_00005,oracle,200,seen,Solve the proportion 4/18 = 12/x for x.,54,54,True,equivalent_ratios,,,cross_multiplication,,, 54
test_seen_00006,oracle,200,seen,A sequence starts at 11 and changes by -5 each term. Iterate to find term 15.,-59,-60,False,additive_recurrence,,,iteration,,, -60
test_seen_00007,oracle,200,seen,An arithmetic sequence has formula a(n) = 4 + (n - 1)(8). Substitute n = 7.,52,35,False,additive_recurrence,,,substitution,,, 35
test_seen_00008,oracle,200,seen,"If x + y = -7 and xy = -30, use a square expansion to find x^2 + y^2.",109,133,False,symmetric_sum_product,,,expansion,,, 133
test_seen_00009,oracle,200,seen,"Factor t^2 + 16t + 39 = 0 to obtain its two roots, then give the sum of their squares.",178,45,False,symmetric_sum_product,,,factorization,,, 45
test_seen_00010,oracle,200,seen,"For f(t) = -5t^2 - 7t - 7, substitute t = -7 and find f(-7).",-203,-106,False,transformed_expression,,,substitution,,, -106
test_seen_00011,oracle,200,seen,Expand (x + -5)(x + -1) and evaluate it at x = -3.,32,26,False,transformed_expression,,,expansion,,, 26
test_seen_00012,oracle,200,seen,Two linear constraints hold: 4x + 5y = -2; 5x + 5y = 5. Determine x.,7,-1,False,two_linear_relations,,,elimination,,, -1
test_seen_00013,oracle,200,seen,The linked relations are y = 5x + 6 and x + y = -30. What is y?,-24,9,False,two_linear_relations,,,substitution,,, 9
test_seen_00014,oracle,200,seen,Evaluate 29^2 - 12^2 by rewriting it as a product.,697,405,False,polynomial_identity,,,factorization,,, 405
test_seen_00015,oracle,200,seen,Use the binomial-square identity to compute (7 + 22)^2.,841,1849,False,polynomial_identity,,,expansion,,, 1849
test_seen_00016,oracle,200,seen,Scale the ratio 11:10 to 22:x. Find x.,20,44,False,equivalent_ratios,,,proportional_scaling,,, 44
test_seen_00017,oracle,200,seen,Cross-multiply 13:7 = 91:x and determine x.,49,63,False,equivalent_ratios,,,cross_multiplication,,, 63
test_seen_00018,oracle,200,seen,"Given a1 = 18 and a(n+1) = a(n) - 7, find a11.",-52,-6,False,additive_recurrence,,,iteration,,, -6
test_seen_00019,oracle,200,seen,Use the closed form b(n) = -13 + (n - 1)(1) to find b(10).,-4,-12,False,additive_recurrence,,,substitution,,, -12
test_seen_00020,oracle,200,seen,Two numbers have sum 22 and product 117. Compute the sum of their squares from the symmetric identity.,250,385,False,symmetric_sum_product,,,expansion,,, 385
test_seen_00021,oracle,200,seen,The roots of t^2 - 23t + 120 = 0 are r and s. Find r^2 + s^2 by factoring the quadratic.,289,246,False,symmetric_sum_product,,,factorization,,, 246
test_seen_00022,oracle,200,seen,Evaluate the transformed expression z^2 + 5z - 11 at z = 0.,-11,-16,False,transformed_expression,,,substitution,,, -16
test_seen_00023,oracle,200,seen,"Open the product (x + 3)(x + 9), then set x = 5.",112,120,False,transformed_expression,,,expansion,,, 120
test_seen_00024,oracle,200,seen,Solve the simultaneous relations 5x - 4y = 30 and 5x - 3y = 25. Find y.,-5,-7,False,two_linear_relations,,,elimination,,, -7
test_seen_00025,oracle,200,seen,"Given y = 4x + 5, insert it into 3x + 5y = -113 and find x.",-6,-26,False,two_linear_relations,,,substitution,,, -26
test_seen_00026,oracle,200,seen,Use the product pattern for a difference of squares to compute 12^2 - 11^2.,23,88,False,polynomial_identity,,,factorization,,, 88
test_seen_00027,oracle,200,seen,Expand the square and evaluate (8 + 9)^2.,289,361,False,polynomial_identity,,,expansion,,, 361
test_seen_00028,oracle,200,seen,"At a fixed rate, 13 items cost 2 dollars. What do 52 items cost?",8,104,False,equivalent_ratios,,,proportional_scaling,,, 104
test_seen_00029,oracle,200,seen,Solve the proportion 3/19 = 21/x for x.,133,63,False,equivalent_ratios,,,cross_multiplication,,, 63
test_seen_00030,oracle,200,seen,A sequence starts at 11 and changes by -1 each term. Iterate to find term 15.,-3,-16,False,additive_recurrence,,,iteration,,, -16
test_seen_00031,oracle,200,seen,An arithmetic sequence has formula a(n) = 9 + (n - 1)(2). Substitute n = 9.,25,15,False,additive_recurrence,,,substitution,,, 15
test_seen_00032,oracle,200,seen,"If x + y = -6 and xy = -91, use a square expansion to find x^2 + y^2.",218,502,False,symmetric_sum_product,,,expansion,,, 502
test_seen_00033,oracle,200,seen,"Factor t^2 + 27t + 182 = 0 to obtain its two roots, then give the sum of their squares.",365,345,False,symmetric_sum_product,,,factorization,,, 345
test_seen_00034,oracle,200,seen,"For f(t) = -2t^2 + 4t - 6, substitute t = 3 and find f(3).",-12,9,False,transformed_expression,,,substitution,,, 9
test_seen_00035,oracle,200,seen,Expand (z + 8)(z + 2) and evaluate it at z = -3.,-5,40,False,transformed_expression,,,expansion,,, 40
test_seen_00036,oracle,200,seen,Two linear constraints hold: -3x + 3y = -15; -3x - 2y = -35. Determine x.,9,-6,False,two_linear_relations,,,elimination,,, -6
test_seen_00037,oracle,200,seen,The linked relations are y = -x - 1 and x - 2y = -4. What is x?,-2,-3,False,two_linear_relations,,,substitution,,, -3
test_seen_00038,oracle,200,seen,Evaluate 79^2 - 26^2 by rewriting it as a product.,5565,4805,False,polynomial_identity,,,factorization,,, 4805
test_seen_00039,oracle,200,seen,Use the binomial-square identity to compute (26 + 16)^2.,1764,1084,False,polynomial_identity,,,expansion,,, 1084
test_seen_00040,oracle,200,seen,Scale the ratio 9:18 to 18:x. Find x.,36,2,False,equivalent_ratios,,,proportional_scaling,,, 2
test_seen_00041,oracle,200,seen,Cross-multiply 3:2 = 6:x and determine x.,4,12,False,equivalent_ratios,,,cross_multiplication,,, 12
test_seen_00042,oracle,200,seen,"Given a1 = -19 and a(n+1) = a(n) + 9, find a12.",80,56,False,additive_recurrence,,,iteration,,, 56
test_seen_00043,oracle,200,seen,Use the closed form b(n) = 12 + (n - 1)(8) to find b(11).,92,76,False,additive_recurrence,,,substitution,,, 76
test_seen_00044,oracle,200,seen,Two numbers have sum 3 and product -180. Compute the sum of their squares from the symmetric identity.,369,542,False,symmetric_sum_product,,,expansion,,, 542
test_seen_00045,oracle,200,seen,The roots of t^2 + 15t + 56 = 0 are r and s. Find r^2 + s^2 by factoring the quadratic.,113,343,False,symmetric_sum_product,,,factorization,,, 343
test_seen_00046,oracle,200,seen,Evaluate the transformed expression -3z^2 + 6z + 12 at z = -1.,3,48,False,transformed_expression,,,substitution,,, 48
test_seen_00047,oracle,200,seen,"Open the product (x + -6)(x + -3), then set x = -7.",130,102,False,transformed_expression,,,expansion,,, 102
test_seen_00048,oracle,200,seen,Solve the simultaneous relations 4x + 4y = -32 and x - 2y = 10. Find y.,-6,-7,False,two_linear_relations,,,elimination,,, -7
test_seen_00049,oracle,200,seen,"Given y = -4x - 8, insert it into -3x + 2y = -60 and find x.",4,10,False,two_linear_relations,,,substitution,,, 10
test_seen_00050,oracle,200,seen,Use the product pattern for a difference of squares to compute 44^2 - 23^2.,1407,1685,False,polynomial_identity,,,factorization,,, 1685
test_seen_00051,oracle,200,seen,Expand the square and evaluate (18 + 36)^2.,2916,1524,False,polynomial_identity,,,expansion,,, 1524
test_seen_00052,oracle,200,seen,"At a fixed rate, 10 items cost 20 dollars. What do 40 items cost?",80,80,True,equivalent_ratios,,,proportional_scaling,,, 80
test_seen_00053,oracle,200,seen,Solve the proportion 13/9 = 52/x for x.,36,66,False,equivalent_ratios,,,cross_multiplication,,, 66
test_seen_00054,oracle,200,seen,A sequence starts at -8 and changes by -2 each term. Iterate to find term 3.,-12,-10,False,additive_recurrence,,,iteration,,, -10
test_seen_00055,oracle,200,seen,An arithmetic sequence has formula a(n) = -15 + (n - 1)(-1). Substitute n = 10.,-24,-20,False,additive_recurrence,,,substitution,,, -20
test_seen_00056,oracle,200,seen,"If x + y = 4 and xy = -77, use a square expansion to find x^2 + y^2.",170,100,False,symmetric_sum_product,,,expansion,,, 100
test_seen_00057,oracle,200,seen,"Factor t^2 - 15t + 50 = 0 to obtain its two roots, then give the sum of their squares.",125,35,False,symmetric_sum_product,,,factorization,,, 35
test_seen_00058,oracle,200,seen,"For f(t) = -4t^2 + 7t + 10, substitute t = -2 and find f(-2).",-20,56,False,transformed_expression,,,substitution,,, 56
test_seen_00059,oracle,200,seen,Expand (x + -6)(x + 0) and evaluate it at x = -4.,40,-24,False,transformed_expression,,,expansion,,, -24
test_seen_00060,oracle,200,seen,Two linear constraints hold: 5x - 3y = -33; -x + 4y = 27. Determine y.,6,-9,False,two_linear_relations,,,elimination,,, -9
test_seen_00061,oracle,200,seen,The linked relations are y = 3x + 6 and -x + 4y = 24. What is y?,6,18,False,two_linear_relations,,,substitution,,, 18
test_seen_00062,oracle,200,seen,Evaluate 76^2 - 29^2 by rewriting it as a product.,4935,4805,False,polynomial_identity,,,factorization,,, 4805
test_seen_00063,oracle,200,seen,Use the binomial-square identity to compute (29 + 35)^2.,4096,1681,False,polynomial_identity,,,expansion,,, 1681
test_seen_00064,oracle,200,seen,Scale the ratio 3:8 to 33:x. Find x.,88,88,True,equivalent_ratios,,,proportional_scaling,,, 88
test_seen_00065,oracle,200,seen,Cross-multiply 13:6 = 143:x and determine x.,66,82,False,equivalent_ratios,,,cross_multiplication,,, 82
test_seen_00066,oracle,200,seen,"Given a1 = 18 and a(n+1) = a(n) - 9, find a13.",-90,-75,False,additive_recurrence,,,iteration,,, -75
test_seen_00067,oracle,200,seen,Use the closed form b(n) = -14 + (n - 1)(-7) to find b(15).,-112,-86,False,additive_recurrence,,,substitution,,, -86
test_seen_00068,oracle,200,seen,Two numbers have sum 18 and product 65. Compute the sum of their squares from the symmetric identity.,194,204,False,symmetric_sum_product,,,expansion,,, 204
test_seen_00069,oracle,200,seen,The roots of t^2 + 17t + 72 = 0 are r and s. Find r^2 + s^2 by factoring the quadratic.,145,185,False,symmetric_sum_product,,,factorization,,, 185
test_seen_00070,oracle,200,seen,Evaluate the transformed expression -2z^2 + 8z - 11 at z = -3.,-53,40,False,transformed_expression,,,substitution,,, 40
test_seen_00071,oracle,200,seen,"Open the product (t + -5)(t + 5), then set t = 0.",-25,-25,True,transformed_expression,,,expansion,,, -25
test_seen_00072,oracle,200,seen,Solve the simultaneous relations -2x - 2y = 14 and 2x - 3y = 21. Find y.,-7,-6,False,two_linear_relations,,,elimination,,, -6
test_seen_00073,oracle,200,seen,"Given y = 2x - 1, insert it into 5x - y = 1 and find x.",0,0,True,two_linear_relations,,,substitution,,, 0
test_seen_00074,oracle,200,seen,Use the product pattern for a difference of squares to compute 52^2 - 13^2.,2535,2609,False,polynomial_identity,,,factorization,,, 2609
test_seen_00075,oracle,200,seen,Expand the square and evaluate (10 + 11)^2.,441,361,False,polynomial_identity,,,expansion,,, 361
test_seen_00076,oracle,200,seen,"At a fixed rate, 4 items cost 7 dollars. What do 20 items cost?",35,35,True,equivalent_ratios,,,proportional_scaling,,, 35
test_seen_00077,oracle,200,seen,Solve the proportion 11/18 = 132/x for x.,216,246,False,equivalent_ratios,,,cross_multiplication,,, 246
test_seen_00078,oracle,200,seen,A sequence starts at -8 and changes by -1 each term. Iterate to find term 10.,-17,-89,False,additive_recurrence,,,iteration,,, -89
test_seen_00079,oracle,200,seen,An arithmetic sequence has formula a(n) = 4 + (n - 1)(8). Substitute n = 5.,36,32,False,additive_recurrence,,,substitution,,, 32
test_seen_00080,oracle,200,seen,"If x + y = 1 and xy = -156, use a square expansion to find x^2 + y^2.",313,390,False,symmetric_sum_product,,,expansion,,, 390
test_seen_00081,oracle,200,seen,"Factor t^2 - 19t + 88 = 0 to obtain its two roots, then give the sum of their squares.",185,367,False,symmetric_sum_product,,,factorization,,, 367
test_seen_00082,oracle,200,seen,"For f(t) = 4t^2 + 3t - 8, substitute t = -6 and find f(-6).",118,100,False,transformed_expression,,,substitution,,, 100
test_seen_00083,oracle,200,seen,Expand (t + 3)(t + -1) and evaluate it at t = 1.,0,-2,False,transformed_expression,,,expansion,,, -2
test_seen_00084,oracle,200,seen,Two linear constraints hold: 4x + 3y = -39; x - 5y = 19. Determine y.,-5,-7,False,two_linear_relations,,,elimination,,, -7
test_seen_00085,oracle,200,seen,The linked relations are y = 3x + 6 and 4x + 3y = 135. What is x?,9,15,False,two_linear_relations,,,substitution,,, 15
test_seen_00086,oracle,200,seen,Evaluate 65^2 - 2^2 by rewriting it as a product.,4221,4103,False,polynomial_identity,,,factorization,,, 4103
test_seen_00087,oracle,200,seen,Use the binomial-square identity to compute (32 + 6)^2.,1444,1084,False,polynomial_identity,,,expansion,,, 1084
test_seen_00088,oracle,200,seen,Scale the ratio 3:23 to 18:x. Find x.,138,66,False,equivalent_ratios,,,proportional_scaling,,, 66
test_seen_00089,oracle,200,seen,Cross-multiply 9:4 = 45:x and determine x.,20,20,True,equivalent_ratios,,,cross_multiplication,,, 20
test_seen_00090,oracle,200,seen,"Given a1 = 14 and a(n+1) = a(n) + 5, find a10.",59,79,False,additive_recurrence,,,iteration,,, 79
test_seen_00091,oracle,200,seen,Use the closed form b(n) = -11 + (n - 1)(-4) to find b(8).,-39,-53,False,additive_recurrence,,,substitution,,, -53
test_seen_00092,oracle,200,seen,Two numbers have sum -28 and product 195. Compute the sum of their squares from the symmetric identity.,394,364,False,symmetric_sum_product,,,expansion,,, 364
test_seen_00093,oracle,200,seen,The roots of t^2 + 12t + 35 = 0 are r and s. Find r^2 + s^2 by factoring the quadratic.,74,170,False,symmetric_sum_product,,,factorization,,, 170
test_seen_00094,oracle,200,seen,Evaluate the transformed expression -5z^2 - 6z + 5 at z = 6.,-211,139,False,transformed_expression,,,substitution,,, 139
test_seen_00095,oracle,200,seen,"Open the product (z + 0)(z + -5), then set z = -7.",84,28,False,transformed_expression,,,expansion,,, 28
test_seen_00096,oracle,200,seen,Solve the simultaneous relations -5x - 5y = 5 and 5x - 4y = 22. Find x.,2,3,False,two_linear_relations,,,elimination,,, 3
test_seen_00097,oracle,200,seen,"Given y = -2x - 2, insert it into -2x - 5y = -38 and find y.",10,-1,False,two_linear_relations,,,substitution,,, -1
test_seen_00098,oracle,200,seen,Use the product pattern for a difference of squares to compute 19^2 - 4^2.,345,365,False,polynomial_identity,,,factorization,,, 365
test_seen_00099,oracle,200,seen,Expand the square and evaluate (8 + 21)^2.,841,3649,False,polynomial_identity,,,expansion,,, 3649
test_seen_00100,oracle,200,seen,"At a fixed rate, 3 items cost 21 dollars. What do 6 items cost?",42,49,False,equivalent_ratios,,,proportional_scaling,,, 49
test_seen_00101,oracle,200,seen,Solve the proportion 12/9 = 120/x for x.,90,720,False,equivalent_ratios,,,cross_multiplication,,, 720
test_seen_00102,oracle,200,seen,A sequence starts at -4 and changes by -1 each term. Iterate to find term 9.,-12,-10,False,additive_recurrence,,,iteration,,, -10
test_seen_00103,oracle,200,seen,An arithmetic sequence has formula a(n) = 18 + (n - 1)(-4). Substitute n = 15.,-38,-36,False,additive_recurrence,,,substitution,,, -36
test_seen_00104,oracle,200,seen,"If x + y = -5 and xy = -50, use a square expansion to find x^2 + y^2.",125,225,False,symmetric_sum_product,,,expansion,,, 225
test_seen_00105,oracle,200,seen,"Factor t^2 - 2t - 35 = 0 to obtain its two roots, then give the sum of their squares.",74,140,False,symmetric_sum_product,,,factorization,,, 140
test_seen_00106,oracle,200,seen,"For f(t) = 3t^2 + 5t + 8, substitute t = 4 and find f(4).",76,109,False,transformed_expression,,,substitution,,, 109
test_seen_00107,oracle,200,seen,Expand (t + 3)(t + 0) and evaluate it at t = 0.,0,-9,False,transformed_expression,,,expansion,,, -9
test_seen_00108,oracle,200,seen,Two linear constraints hold: 2x + y = 15; 5x + 2y = 39. Determine x.,9,4,False,two_linear_relations,,,elimination,,, 4
test_seen_00109,oracle,200,seen,The linked relations are y = 6 - 3x and -5x + 5y = -110. What is x?,7,-2,False,two_linear_relations,,,substitution,,, -2
test_seen_00110,oracle,200,seen,Evaluate 19^2 - 9^2 by rewriting it as a product.,280,160,False,polynomial_identity,,,factorization,,, 160
test_seen_00111,oracle,200,seen,Use the binomial-square identity to compute (30 + 6)^2.,1296,1080,False,polynomial_identity,,,expansion,,, 1080
test_seen_00112,oracle,200,seen,Scale the ratio 3:5 to 27:x. Find x.,45,45,True,equivalent_ratios,,,proportional_scaling,,, 45
test_seen_00113,oracle,200,seen,Cross-multiply 12:10 = 24:x and determine x.,20,120,False,equivalent_ratios,,,cross_multiplication,,, 120
test_seen_00114,oracle,200,seen,"Given a1 = 12 and a(n+1) = a(n) + 8, find a9.",76,60,False,additive_recurrence,,,iteration,,, 60
test_seen_00115,oracle,200,seen,Use the closed form b(n) = -6 + (n - 1)(7) to find b(15).,92,82,False,additive_recurrence,,,substitution,,, 82
test_seen_00116,oracle,200,seen,Two numbers have sum -23 and product 120. Compute the sum of their squares from the symmetric identity.,289,271,False,symmetric_sum_product,,,expansion,,, 271
test_seen_00117,oracle,200,seen,The roots of t^2 + 9t + 20 = 0 are r and s. Find r^2 + s^2 by factoring the quadratic.,41,141,False,symmetric_sum_product,,,factorization,,, 141
test_seen_00118,oracle,200,seen,Evaluate the transformed expression -4z^2 + 4z - 10 at z = -5.,-130,86,False,transformed_expression,,,substitution,,, 86
test_seen_00119,oracle,200,seen,"Open the product (x + -10)(x + 6), then set x = 2.",-64,84,False,transformed_expression,,,expansion,,, 84
test_unseen_00000,oracle,200,unseen,The lines 3x - 4y = -16 and -3x + y = -5 intersect. Give their x-coordinate.,4,-2,False,two_linear_relations,,,elimination,,, -2
test_unseen_00001,oracle,200,unseen,One variable is isolated in y = -5x - 1; use the other constraint -4x + 5y = -5 to obtain x.,0,-2,False,two_linear_relations,,,substitution,,, -2
test_unseen_00002,oracle,200,unseen,"Without separately squaring both numbers, find the difference between 29 squared and 8 squared.",777,70,False,polynomial_identity,,,factorization,,, 70
test_unseen_00003,oracle,200,unseen,What number results from opening the brackets in (34 + 21)(34 + 21)?,3025,2025,False,polynomial_identity,,,expansion,,, 2025
test_unseen_00004,oracle,200,unseen,A batch of 8 units has value 20. Find the value of a same-rate batch of 96 units.,240,15,False,equivalent_ratios,,,proportional_scaling,,, 15
test_unseen_00005,oracle,200,unseen,Complete the equivalent fractions: 14/12 = 112/[blank].,96,8,False,equivalent_ratios,,,cross_multiplication,,, 8
test_unseen_00006,oracle,200,unseen,A machine begins at 2 and applies a change of -7 for 7 rounds. What is its final value?,-47,-15,False,additive_recurrence,,,iteration,,, -15
test_unseen_00007,oracle,200,unseen,The repeated-change process is summarized by c(k) = -2 + (k - 1)(-4). Evaluate it at k = 4.,-14,-8,False,additive_recurrence,,,substitution,,, -8
test_unseen_00008,oracle,200,unseen,"Knowing only that p + q = -12 and pq = -13, determine p^2 + q^2 by opening (p + q)^2.",170,52,False,symmetric_sum_product,,,expansion,,, 52
test_unseen_00009,oracle,200,unseen,Split the quadratic t^2 + 9t - 36 into linear factors and report the squared-root sum.,153,18,False,symmetric_sum_product,,,factorization,,, 18
test_unseen_00010,oracle,200,unseen,Insert u = 3 into -u^2 + 2u - 9. What value results?,-12,-15,False,transformed_expression,,,substitution,,, -15
test_unseen_00011,oracle,200,unseen,"After multiplying out the two shifted factors (t + -1) and (t + -9), find the result when t is -2.",33,18,False,transformed_expression,,,expansion,,, 18
test_unseen_00012,oracle,200,unseen,The lines 2x - 2y = -24 and -2x - 3y = -6 intersect. Give their y-coordinate.,6,-1,False,two_linear_relations,,,elimination,,, -1
test_unseen_00013,oracle,200,unseen,One variable is isolated in y = -5x - 7; use the other constraint 2x - 5y = -19 to obtain y.,3,-6,False,two_linear_relations,,,substitution,,, -6
test_unseen_00014,oracle,200,unseen,"Without separately squaring both numbers, find the difference between 79 squared and 25 squared.",5616,460,False,polynomial_identity,,,factorization,,, 460
test_unseen_00015,oracle,200,unseen,What number results from opening the brackets in (32 + 31)(32 + 31)?,3969,256,False,polynomial_identity,,,expansion,,, 256
test_unseen_00016,oracle,200,unseen,A batch of 14 units has value 19. Find the value of a same-rate batch of 154 units.,209,38,False,equivalent_ratios,,,proportional_scaling,,, 38
test_unseen_00017,oracle,200,unseen,Complete the equivalent fractions: 5/17 = 20/[blank].,68,34,False,equivalent_ratios,,,cross_multiplication,,, 34
test_unseen_00018,oracle,200,unseen,A machine begins at 9 and applies a change of 3 for 11 rounds. What is its final value?,42,44,False,additive_recurrence,,,iteration,,, 44
test_unseen_00019,oracle,200,unseen,The repeated-change process is summarized by c(k) = -18 + (k - 1)(-1). Evaluate it at k = 5.,-22,-26,False,additive_recurrence,,,substitution,,, -26
test_unseen_00020,oracle,200,unseen,"Knowing only that p + q = -2 and pq = -195, determine p^2 + q^2 by opening (p + q)^2.",394,304,False,symmetric_sum_product,,,expansion,,, 304
test_unseen_00021,oracle,200,unseen,Split the quadratic t^2 - 12t + 27 into linear factors and report the squared-root sum.,90,9,False,symmetric_sum_product,,,factorization,,, 9
test_unseen_00022,oracle,200,unseen,Insert u = 2 into 5u^2 + u - 1. What value results?,21,3,False,transformed_expression,,,substitution,,, 3
test_unseen_00023,oracle,200,unseen,"After multiplying out the two shifted factors (t + -4) and (t + 2), find the result when t is -6.",40,18,False,transformed_expression,,,expansion,,, 18
test_unseen_00024,oracle,200,unseen,The lines -2x + 4y = -26 and -5x + y = -11 intersect. Give their x-coordinate.,1,3,False,two_linear_relations,,,elimination,,, 3
test_unseen_00025,oracle,200,unseen,One variable is isolated in y = -4x - 4; use the other constraint -3x - 5y = 122 to obtain y.,-28,-8,False,two_linear_relations,,,substitution,,, -8
test_unseen_00026,oracle,200,unseen,"Without separately squaring both numbers, find the difference between 48 squared and 43 squared.",455,12,False,polynomial_identity,,,factorization,,, 12
test_unseen_00027,oracle,200,unseen,What number results from opening the brackets in (19 + 6)(19 + 6)?,625,305,False,polynomial_identity,,,expansion,,, 305
test_unseen_00028,oracle,200,unseen,A batch of 8 units has value 10. Find the value of a same-rate batch of 16 units.,20,5,False,equivalent_ratios,,,proportional_scaling,,, 5
test_unseen_00029,oracle,200,unseen,Complete the equivalent fractions: 13/18 = 52/[blank].,72,144,False,equivalent_ratios,,,cross_multiplication,,, 144
test_unseen_00030,oracle,200,unseen,A machine begins at 20 and applies a change of -3 for 2 rounds. What is its final value?,14,-6,False,additive_recurrence,,,iteration,,, -6
test_unseen_00031,oracle,200,unseen,The repeated-change process is summarized by c(k) = -3 + (k - 1)(7). Evaluate it at k = 7.,39,20,False,additive_recurrence,,,substitution,,, 20
test_unseen_00032,oracle,200,unseen,"Knowing only that p + q = -12 and pq = -13, determine p^2 + q^2 by opening (p + q)^2.",170,52,False,symmetric_sum_product,,,expansion,,, 52
test_unseen_00033,oracle,200,unseen,Split the quadratic t^2 - 21t + 108 into linear factors and report the squared-root sum.,225,9,False,symmetric_sum_product,,,factorization,,, 9
test_unseen_00034,oracle,200,unseen,Insert u = 5 into 5u^2 + 2u + 5. What value results?,140,60,False,transformed_expression,,,substitution,,, 60
test_unseen_00035,oracle,200,unseen,"After multiplying out the two shifted factors (t + 5) and (t + -8), find the result when t is -3.",-22,40,False,transformed_expression,,,expansion,,, 40
test_unseen_00036,oracle,200,unseen,The lines x - y = -3 and 3x + 2y = 6 intersect. Give their x-coordinate.,0,1,False,two_linear_relations,,,elimination,,, 1
test_unseen_00037,oracle,200,unseen,One variable is isolated in y = -x - 4; use the other constraint -4x + 3y = -19 to obtain y.,-5,-2,False,two_linear_relations,,,substitution,,, -2
test_unseen_00038,oracle,200,unseen,"Without separately squaring both numbers, find the difference between 66 squared and 43 squared.",2507,1059,False,polynomial_identity,,,factorization,,, 1059
test_unseen_00039,oracle,200,unseen,What number results from opening the brackets in (30 + 7)(30 + 7)?,1369,600,False,polynomial_identity,,,expansion,,, 600
test_unseen_00040,oracle,200,unseen,A batch of 11 units has value 6. Find the value of a same-rate batch of 66 units.,36,36,True,equivalent_ratios,,,proportional_scaling,,, 36
test_unseen_00041,oracle,200,unseen,Complete the equivalent fractions: 13/19 = 78/[blank].,114,1362,False,equivalent_ratios,,,cross_multiplication,,, 1362
test_unseen_00042,oracle,200,unseen,A machine begins at 12 and applies a change of 3 for 5 rounds. What is its final value?,27,46,False,additive_recurrence,,,iteration,,, 46
test_unseen_00043,oracle,200,unseen,The repeated-change process is summarized by c(k) = -18 + (k - 1)(-2). Evaluate it at k = 11.,-38,-30,False,additive_recurrence,,,substitution,,, -30
test_unseen_00044,oracle,200,unseen,"Knowing only that p + q = -13 and pq = 0, determine p^2 + q^2 by opening (p + q)^2.",169,169,True,symmetric_sum_product,,,expansion,,, 169
test_unseen_00045,oracle,200,unseen,Split the quadratic t^2 + 6t - 7 into linear factors and report the squared-root sum.,50,10,False,symmetric_sum_product,,,factorization,,, 10
test_unseen_00046,oracle,200,unseen,Insert u = -3 into 2u^2 - 4u + 2. What value results?,32,-6,False,transformed_expression,,,substitution,,, -6
test_unseen_00047,oracle,200,unseen,"After multiplying out the two shifted factors (z + -6) and (z + -3), find the result when z is 7.",4,10,False,transformed_expression,,,expansion,,, 10
test_unseen_00048,oracle,200,unseen,The lines -3x - 5y = -41 and -4x + y = -1 intersect. Give their y-coordinate.,7,-2,False,two_linear_relations,,,elimination,,, -2
test_unseen_00049,oracle,200,unseen,One variable is isolated in y = 5x + 8; use the other constraint 3x - 2y = -37 to obtain x.,3,-19,False,two_linear_relations,,,substitution,,, -19
test_unseen_00050,oracle,200,unseen,"Without separately squaring both numbers, find the difference between 31 squared and 12 squared.",817,89,False,polynomial_identity,,,factorization,,, 89
test_unseen_00051,oracle,200,unseen,What number results from opening the brackets in (2 + 23)(2 + 23)?,625,526,False,polynomial_identity,,,expansion,,, 526
test_unseen_00052,oracle,200,unseen,A batch of 2 units has value 19. Find the value of a same-rate batch of 12 units.,114,38,False,equivalent_ratios,,,proportional_scaling,,, 38
test_unseen_00053,oracle,200,unseen,Complete the equivalent fractions: 11/6 = 55/[blank].,30,33,False,equivalent_ratios,,,cross_multiplication,,, 33
test_unseen_00054,oracle,200,unseen,A machine begins at -10 and applies a change of -3 for 10 rounds. What is its final value?,-40,-27,False,additive_recurrence,,,iteration,,, -27
test_unseen_00055,oracle,200,unseen,The repeated-change process is summarized by c(k) = -19 + (k - 1)(-7). Evaluate it at k = 4.,-40,-56,False,additive_recurrence,,,substitution,,, -56
test_unseen_00056,oracle,200,unseen,"Knowing only that p + q = 3 and pq = 2, determine p^2 + q^2 by opening (p + q)^2.",5,17,False,symmetric_sum_product,,,expansion,,, 17
test_unseen_00057,oracle,200,unseen,Split the quadratic t^2 + 9t - 70 into linear factors and report the squared-root sum.,221,35,False,symmetric_sum_product,,,factorization,,, 35
test_unseen_00058,oracle,200,unseen,Insert u = -3 into -u^2 + 4u - 8. What value results?,-29,-16,False,transformed_expression,,,substitution,,, -16
test_unseen_00059,oracle,200,unseen,"After multiplying out the two shifted factors (z + 10) and (z + -5), find the result when z is 3.",-26,8,False,transformed_expression,,,expansion,,, 8
test_unseen_00060,oracle,200,unseen,The lines 4x - y = -29 and -5x - 5y = 30 intersect. Give their x-coordinate.,-7,-1,False,two_linear_relations,,,elimination,,, -1
test_unseen_00061,oracle,200,unseen,One variable is isolated in y = -2x - 8; use the other constraint -3x - 4y = 2 to obtain x.,-6,-2,False,two_linear_relations,,,substitution,,, -2
test_unseen_00062,oracle,200,unseen,"Without separately squaring both numbers, find the difference between 45 squared and 37 squared.",656,108,False,polynomial_identity,,,factorization,,, 108
test_unseen_00063,oracle,200,unseen,What number results from opening the brackets in (12 + 29)(12 + 29)?,1681,600,False,polynomial_identity,,,expansion,,, 600
test_unseen_00064,oracle,200,unseen,A batch of 8 units has value 13. Find the value of a same-rate batch of 48 units.,78,26,False,equivalent_ratios,,,proportional_scaling,,, 26
test_unseen_00065,oracle,200,unseen,Complete the equivalent fractions: 11/10 = 55/[blank].,50,25,False,equivalent_ratios,,,cross_multiplication,,, 25
test_unseen_00066,oracle,200,unseen,A machine begins at -11 and applies a change of 1 for 6 rounds. What is its final value?,-5,58,False,additive_recurrence,,,iteration,,, 58
test_unseen_00067,oracle,200,unseen,The repeated-change process is summarized by c(k) = 5 + (k - 1)(-4). Evaluate it at k = 13.,-43,-62,False,additive_recurrence,,,substitution,,, -62
test_unseen_00068,oracle,200,unseen,"Knowing only that p + q = 5 and pq = -150, determine p^2 + q^2 by opening (p + q)^2.",325,450,False,symmetric_sum_product,,,expansion,,, 450
test_unseen_00069,oracle,200,unseen,Split the quadratic t^2 + 10t into linear factors and report the squared-root sum.,100,5,False,symmetric_sum_product,,,factorization,,, 5
test_unseen_00070,oracle,200,unseen,Insert u = 0 into -u^2 + 6u + 3. What value results?,3,9,False,transformed_expression,,,substitution,,, 9
test_unseen_00071,oracle,200,unseen,"After multiplying out the two shifted factors (z + -1) and (z + -1), find the result when z is 4.",9,2,False,transformed_expression,,,expansion,,, 2
test_unseen_00072,oracle,200,unseen,The lines x + 2y = 17 and 2x - 4y = -14 intersect. Give their y-coordinate.,6,-3,False,two_linear_relations,,,elimination,,, -3
test_unseen_00073,oracle,200,unseen,One variable is isolated in y = -2x; use the other constraint -2x + 3y = -72 to obtain x.,9,18,False,two_linear_relations,,,substitution,,, 18
test_unseen_00074,oracle,200,unseen,"Without separately squaring both numbers, find the difference between 27 squared and 24 squared.",153,105,False,polynomial_identity,,,factorization,,, 105
test_unseen_00075,oracle,200,unseen,What number results from opening the brackets in (25 + 16)(25 + 16)?,1681,800,False,polynomial_identity,,,expansion,,, 800
test_unseen_00076,oracle,200,unseen,A batch of 8 units has value 11. Find the value of a same-rate batch of 64 units.,88,29,False,equivalent_ratios,,,proportional_scaling,,, 29
test_unseen_00077,oracle,200,unseen,Complete the equivalent fractions: 3/2 = 24/[blank].,16,16,True,equivalent_ratios,,,cross_multiplication,,, 16
test_unseen_00078,oracle,200,unseen,A machine begins at -6 and applies a change of 9 for 6 rounds. What is its final value?,48,30,False,additive_recurrence,,,iteration,,, 30
test_unseen_00079,oracle,200,unseen,The repeated-change process is summarized by c(k) = -19 + (k - 1)(-4). Evaluate it at k = 15.,-75,-62,False,additive_recurrence,,,substitution,,, -62
test_unseen_00080,oracle,200,unseen,"Knowing only that p + q = -4 and pq = -45, determine p^2 + q^2 by opening (p + q)^2.",106,164,False,symmetric_sum_product,,,expansion,,, 164
test_unseen_00081,oracle,200,unseen,Split the quadratic t^2 - t - 30 into linear factors and report the squared-root sum.,61,15,False,symmetric_sum_product,,,factorization,,, 15
test_unseen_00082,oracle,200,unseen,Insert u = -7 into u^2 + 6u + 3. What value results?,10,18,False,transformed_expression,,,substitution,,, 18
test_unseen_00083,oracle,200,unseen,"After multiplying out the two shifted factors (t + 8) and (t + 8), find the result when t is -7.",1,-136,False,transformed_expression,,,expansion,,, -136
test_unseen_00084,oracle,200,unseen,The lines 2x - 5y = 2 and -4x - y = 18 intersect. Give their y-coordinate.,-2,-3,False,two_linear_relations,,,elimination,,, -3
test_unseen_00085,oracle,200,unseen,One variable is isolated in y = 6 - 3x; use the other constraint -x - 5y = -114 to obtain x.,-6,-22,False,two_linear_relations,,,substitution,,, -22
test_unseen_00086,oracle,200,unseen,"Without separately squaring both numbers, find the difference between 37 squared and 35 squared.",144,1,False,polynomial_identity,,,factorization,,, 1
test_unseen_00087,oracle,200,unseen,What number results from opening the brackets in (24 + 6)(24 + 6)?,900,320,False,polynomial_identity,,,expansion,,, 320
test_unseen_00088,oracle,200,unseen,A batch of 2 units has value 2. Find the value of a same-rate batch of 4 units.,4,8,False,equivalent_ratios,,,proportional_scaling,,, 8
test_unseen_00089,oracle,200,unseen,Complete the equivalent fractions: 14/19 = 140/[blank].,190,380,False,equivalent_ratios,,,cross_multiplication,,, 380
test_unseen_00090,oracle,200,unseen,A machine begins at 1 and applies a change of 7 for 3 rounds. What is its final value?,22,20,False,additive_recurrence,,,iteration,,, 20
test_unseen_00091,oracle,200,unseen,The repeated-change process is summarized by c(k) = 14 + (k - 1)(2). Evaluate it at k = 10.,32,36,False,additive_recurrence,,,substitution,,, 36
test_unseen_00092,oracle,200,unseen,"Knowing only that p + q = 4 and pq = -96, determine p^2 + q^2 by opening (p + q)^2.",208,1536,False,symmetric_sum_product,,,expansion,,, 1536
test_unseen_00093,oracle,200,unseen,Split the quadratic t^2 - 20t + 91 into linear factors and report the squared-root sum.,218,45,False,symmetric_sum_product,,,factorization,,, 45
test_unseen_00094,oracle,200,unseen,Insert u = -7 into 4u^2 + 7u - 12. What value results?,135,-50,False,transformed_expression,,,substitution,,, -50
test_unseen_00095,oracle,200,unseen,"After multiplying out the two shifted factors (z + -10) and (z + 2), find the result when z is -7.",85,58,False,transformed_expression,,,expansion,,, 58
test_unseen_00096,oracle,200,unseen,The lines -4x + 4y = -60 and -2x + 5y = -51 intersect. Give their y-coordinate.,-7,3,False,two_linear_relations,,,elimination,,, 3
test_unseen_00097,oracle,200,unseen,One variable is isolated in y = 4 - 5x; use the other constraint 3x + 5y = -156 to obtain x.,8,12,False,two_linear_relations,,,substitution,,, 12
test_unseen_00098,oracle,200,unseen,"Without separately squaring both numbers, find the difference between 75 squared and 6 squared.",5589,482,False,polynomial_identity,,,factorization,,, 482
test_unseen_00099,oracle,200,unseen,What number results from opening the brackets in (26 + 9)(26 + 9)?,1225,410,False,polynomial_identity,,,expansion,,, 410
test_unseen_00100,oracle,200,unseen,A batch of 10 units has value 6. Find the value of a same-rate batch of 120 units.,72,72,True,equivalent_ratios,,,proportional_scaling,,, 72
test_unseen_00101,oracle,200,unseen,Complete the equivalent fractions: 3/10 = 15/[blank].,50,75,False,equivalent_ratios,,,cross_multiplication,,, 75
test_unseen_00102,oracle,200,unseen,A machine begins at -3 and applies a change of -1 for 5 rounds. What is its final value?,-8,-8,True,additive_recurrence,,,iteration,,, -8
test_unseen_00103,oracle,200,unseen,The repeated-change process is summarized by c(k) = 14 + (k - 1)(2). Evaluate it at k = 4.,20,30,False,additive_recurrence,,,substitution,,, 30
test_unseen_00104,oracle,200,unseen,"Knowing only that p + q = 5 and pq = 4, determine p^2 + q^2 by opening (p + q)^2.",17,33,False,symmetric_sum_product,,,expansion,,, 33
test_unseen_00105,oracle,200,unseen,Split the quadratic t^2 - 4t - 21 into linear factors and report the squared-root sum.,58,7,False,symmetric_sum_product,,,factorization,,, 7
test_unseen_00106,oracle,200,unseen,Insert u = -4 into 4u^2 - 8u - 2. What value results?,94,-16,False,transformed_expression,,,substitution,,, -16
test_unseen_00107,oracle,200,unseen,"After multiplying out the two shifted factors (z + 3) and (z + -10), find the result when z is 4.",-42,2,False,transformed_expression,,,expansion,,, 2
test_unseen_00108,oracle,200,unseen,The lines -3x - 5y = -30 and x - 2y = -1 intersect. Give their x-coordinate.,5,-3,False,two_linear_relations,,,elimination,,, -3
test_unseen_00109,oracle,200,unseen,One variable is isolated in y = 5x + 2; use the other constraint 2x + y = -19 to obtain y.,-13,3,False,two_linear_relations,,,substitution,,, 3
test_unseen_00110,oracle,200,unseen,"Without separately squaring both numbers, find the difference between 80 squared and 23 squared.",5871,567,False,polynomial_identity,,,factorization,,, 567
test_unseen_00111,oracle,200,unseen,What number results from opening the brackets in (4 + 27)(4 + 27)?,961,135,False,polynomial_identity,,,expansion,,, 135
test_unseen_00112,oracle,200,unseen,A batch of 9 units has value 22. Find the value of a same-rate batch of 63 units.,154,154,True,equivalent_ratios,,,proportional_scaling,,, 154
test_unseen_00113,oracle,200,unseen,Complete the equivalent fractions: 10/10 = 100/[blank].,100,100,True,equivalent_ratios,,,cross_multiplication,,, 100
test_unseen_00114,oracle,200,unseen,A machine begins at 17 and applies a change of 3 for 4 rounds. What is its final value?,29,52,False,additive_recurrence,,,iteration,,, 52
test_unseen_00115,oracle,200,unseen,The repeated-change process is summarized by c(k) = -18 + (k - 1)(7). Evaluate it at k = 15.,80,60,False,additive_recurrence,,,substitution,,, 60
test_unseen_00116,oracle,200,unseen,"Knowing only that p + q = 7 and pq = 0, determine p^2 + q^2 by opening (p + q)^2.",49,49,True,symmetric_sum_product,,,expansion,,, 49
test_unseen_00117,oracle,200,unseen,Split the quadratic t^2 - 10t + 24 into linear factors and report the squared-root sum.,52,8,False,symmetric_sum_product,,,factorization,,, 8
test_unseen_00118,oracle,200,unseen,Insert u = -4 into -4u^2 - 3. What value results?,-67,-12,False,transformed_expression,,,substitution,,, -12
test_unseen_00119,oracle,200,unseen,"After multiplying out the two shifted factors (z + -1) and (z + 8), find the result when z is 2.",10,10,True,transformed_expression,,,expansion,,, 10
test_seen_00000,structure_aware,200,seen,Solve the simultaneous relations -4x + 2y = 32 and 4x + 2y = -32. Find x.,-8,8,False,two_linear_relations,two_linear_relations,True,elimination,elimination,True,"STRUCTURE: two_linear_relations
TOOL: elimination
ANSWER: 8"
test_seen_00001,structure_aware,200,seen,"Given y = 2x + 3, insert it into 5x + 4y = 103 and find y.",17,8,False,two_linear_relations,two_linear_relations,True,substitution,substitution,True,"STRUCTURE: two_linear_relations
TOOL: substitution
ANSWER: 8"
test_seen_00002,structure_aware,200,seen,Use the product pattern for a difference of squares to compute 39^2 - 27^2.,792,648,False,polynomial_identity,polynomial_identity,True,factorization,factorization,True,"STRUCTURE: polynomial_identity
TOOL: factorization
ANSWER: 648"
test_seen_00003,structure_aware,200,seen,Expand the square and evaluate (5 + 8)^2.,169,144,False,polynomial_identity,polynomial_identity,True,expansion,expansion,True,"STRUCTURE: polynomial_identity
TOOL: expansion
ANSWER: 144"
test_seen_00004,structure_aware,200,seen,"At a fixed rate, 8 items cost 6 dollars. What do 24 items cost?",18,18,True,equivalent_ratios,equivalent_ratios,True,proportional_scaling,proportional_scaling,True,"STRUCTURE: equivalent_ratios
TOOL: proportional_scaling
ANSWER: 18"
test_seen_00005,structure_aware,200,seen,Solve the proportion 4/18 = 12/x for x.,54,54,True,equivalent_ratios,equivalent_ratios,True,cross_multiplication,cross_multiplication,True,"STRUCTURE: equivalent_ratios
TOOL: cross_multiplication
ANSWER: 54"
test_seen_00006,structure_aware,200,seen,A sequence starts at 11 and changes by -5 each term. Iterate to find term 15.,-59,-26,False,additive_recurrence,additive_recurrence,True,iteration,iteration,True,"STRUCTURE: additive_recurrence
TOOL: iteration
ANSWER: -26"
test_seen_00007,structure_aware,200,seen,An arithmetic sequence has formula a(n) = 4 + (n - 1)(8). Substitute n = 7.,52,50,False,additive_recurrence,additive_recurrence,True,substitution,substitution,True,"STRUCTURE: additive_recurrence
TOOL: substitution
ANSWER: 50"
test_seen_00008,structure_aware,200,seen,"If x + y = -7 and xy = -30, use a square expansion to find x^2 + y^2.",109,140,False,symmetric_sum_product,symmetric_sum_product,True,expansion,expansion,True,"STRUCTURE: symmetric_sum_product
TOOL: expansion
ANSWER: 140"
test_seen_00009,structure_aware,200,seen,"Factor t^2 + 16t + 39 = 0 to obtain its two roots, then give the sum of their squares.",178,245,False,symmetric_sum_product,symmetric_sum_product,True,factorization,factorization,True,"STRUCTURE: symmetric_sum_product
TOOL: factorization
ANSWER: 245"
test_seen_00010,structure_aware,200,seen,"For f(t) = -5t^2 - 7t - 7, substitute t = -7 and find f(-7).",-203,104,False,transformed_expression,transformed_expression,True,substitution,substitution,True,"STRUCTURE: transformed_expression
TOOL: substitution
ANSWER: 104"
test_seen_00011,structure_aware,200,seen,Expand (x + -5)(x + -1) and evaluate it at x = -3.,32,2,False,transformed_expression,transformed_expression,True,expansion,expansion,True,"STRUCTURE: transformed_expression
TOOL: expansion
ANSWER: 2"
test_seen_00012,structure_aware,200,seen,Two linear constraints hold: 4x + 5y = -2; 5x + 5y = 5. Determine x.,7,-1,False,two_linear_relations,two_linear_relations,True,elimination,elimination,True,"STRUCTURE: two_linear_relations
TOOL: elimination
ANSWER: -1"
test_seen_00013,structure_aware,200,seen,The linked relations are y = 5x + 6 and x + y = -30. What is y?,-24,9,False,two_linear_relations,two_linear_relations,True,substitution,substitution,True,"STRUCTURE: two_linear_relations
TOOL: substitution
ANSWER: 9"
test_seen_00014,structure_aware,200,seen,Evaluate 29^2 - 12^2 by rewriting it as a product.,697,405,False,polynomial_identity,polynomial_identity,True,factorization,factorization,True,"STRUCTURE: polynomial_identity
TOOL: factorization
ANSWER: 405"
test_seen_00015,structure_aware,200,seen,Use the binomial-square identity to compute (7 + 22)^2.,841,1804,False,polynomial_identity,polynomial_identity,True,expansion,expansion,True,"STRUCTURE: polynomial_identity
TOOL: expansion
ANSWER: 1804"
test_seen_00016,structure_aware,200,seen,Scale the ratio 11:10 to 22:x. Find x.,20,20,True,equivalent_ratios,equivalent_ratios,True,proportional_scaling,proportional_scaling,True,"STRUCTURE: equivalent_ratios
TOOL: proportional_scaling
ANSWER: 20"
test_seen_00017,structure_aware,200,seen,Cross-multiply 13:7 = 91:x and determine x.,49,63,False,equivalent_ratios,equivalent_ratios,True,cross_multiplication,cross_multiplication,True,"STRUCTURE: equivalent_ratios
TOOL: cross_multiplication
ANSWER: 63"
test_seen_00018,structure_aware,200,seen,"Given a1 = 18 and a(n+1) = a(n) - 7, find a11.",-52,-5,False,additive_recurrence,additive_recurrence,True,iteration,iteration,True,"STRUCTURE: additive_recurrence
TOOL: iteration
ANSWER: -5"
test_seen_00019,structure_aware,200,seen,Use the closed form b(n) = -13 + (n - 1)(1) to find b(10).,-4,-2,False,additive_recurrence,additive_recurrence,True,substitution,substitution,True,"STRUCTURE: additive_recurrence
TOOL: substitution
ANSWER: -2"
test_seen_00020,structure_aware,200,seen,Two numbers have sum 22 and product 117. Compute the sum of their squares from the symmetric identity.,250,308,False,symmetric_sum_product,symmetric_sum_product,True,expansion,expansion,True,"STRUCTURE: symmetric_sum_product
TOOL: expansion
ANSWER: 308"
test_seen_00021,structure_aware,200,seen,The roots of t^2 - 23t + 120 = 0 are r and s. Find r^2 + s^2 by factoring the quadratic.,289,495,False,symmetric_sum_product,symmetric_sum_product,True,factorization,factorization,True,"STRUCTURE: symmetric_sum_product
TOOL: factorization
ANSWER: 495"
test_seen_00022,structure_aware,200,seen,Evaluate the transformed expression z^2 + 5z - 11 at z = 0.,-11,-11,True,transformed_expression,transformed_expression,True,substitution,substitution,True,"STRUCTURE: transformed_expression
TOOL: substitution
ANSWER: -11"
test_seen_00023,structure_aware,200,seen,"Open the product (x + 3)(x + 9), then set x = 5.",112,72,False,transformed_expression,transformed_expression,True,expansion,expansion,True,"STRUCTURE: transformed_expression
TOOL: expansion
ANSWER: 72"
test_seen_00024,structure_aware,200,seen,Solve the simultaneous relations 5x - 4y = 30 and 5x - 3y = 25. Find y.,-5,4,False,two_linear_relations,two_linear_relations,True,elimination,elimination,True,"STRUCTURE: two_linear_relations
TOOL: elimination
ANSWER: 4"
test_seen_00025,structure_aware,200,seen,"Given y = 4x + 5, insert it into 3x + 5y = -113 and find x.",-6,-8,False,two_linear_relations,two_linear_relations,True,substitution,substitution,True,"STRUCTURE: two_linear_relations
TOOL: substitution
ANSWER: -8"
test_seen_00026,structure_aware,200,seen,Use the product pattern for a difference of squares to compute 12^2 - 11^2.,23,105,False,polynomial_identity,polynomial_identity,True,factorization,factorization,True,"STRUCTURE: polynomial_identity
TOOL: factorization
ANSWER: 105"
test_seen_00027,structure_aware,200,seen,Expand the square and evaluate (8 + 9)^2.,289,160,False,polynomial_identity,polynomial_identity,True,expansion,expansion,True,"STRUCTURE: polynomial_identity
TOOL: expansion
ANSWER: 160"
test_seen_00028,structure_aware,200,seen,"At a fixed rate, 13 items cost 2 dollars. What do 52 items cost?",8,104,False,equivalent_ratios,equivalent_ratios,True,proportional_scaling,proportional_scaling,True,"STRUCTURE: equivalent_ratios
TOOL: proportional_scaling
ANSWER: 104"
test_seen_00029,structure_aware,200,seen,Solve the proportion 3/19 = 21/x for x.,133,53,False,equivalent_ratios,equivalent_ratios,True,cross_multiplication,cross_multiplication,True,"STRUCTURE: equivalent_ratios
TOOL: cross_multiplication
ANSWER: 53"
test_seen_00030,structure_aware,200,seen,A sequence starts at 11 and changes by -1 each term. Iterate to find term 15.,-3,-16,False,additive_recurrence,additive_recurrence,True,iteration,iteration,True,"STRUCTURE: additive_recurrence
TOOL: iteration
ANSWER: -16"
test_seen_00031,structure_aware,200,seen,An arithmetic sequence has formula a(n) = 9 + (n - 1)(2). Substitute n = 9.,25,30,False,additive_recurrence,additive_recurrence,True,substitution,substitution,True,"STRUCTURE: additive_recurrence
TOOL: substitution
ANSWER: 30"
test_seen_00032,structure_aware,200,seen,"If x + y = -6 and xy = -91, use a square expansion to find x^2 + y^2.",218,140,False,symmetric_sum_product,symmetric_sum_product,True,expansion,expansion,True,"STRUCTURE: symmetric_sum_product
TOOL: expansion
ANSWER: 140"
test_seen_00033,structure_aware,200,seen,"Factor t^2 + 27t + 182 = 0 to obtain its two roots, then give the sum of their squares.",365,365,True,symmetric_sum_product,symmetric_sum_product,True,factorization,factorization,True,"STRUCTURE: symmetric_sum_product
TOOL: factorization
ANSWER: 365"
test_seen_00034,structure_aware,200,seen,"For f(t) = -2t^2 + 4t - 6, substitute t = 3 and find f(3).",-12,-15,False,transformed_expression,transformed_expression,True,substitution,substitution,True,"STRUCTURE: transformed_expression
TOOL: substitution
ANSWER: -15"
test_seen_00035,structure_aware,200,seen,Expand (z + 8)(z + 2) and evaluate it at z = -3.,-5,10,False,transformed_expression,transformed_expression,True,expansion,expansion,True,"STRUCTURE: transformed_expression
TOOL: expansion
ANSWER: 10"
test_seen_00036,structure_aware,200,seen,Two linear constraints hold: -3x + 3y = -15; -3x - 2y = -35. Determine x.,9,4,False,two_linear_relations,two_linear_relations,True,elimination,elimination,True,"STRUCTURE: two_linear_relations
TOOL: elimination
ANSWER: 4"
test_seen_00037,structure_aware,200,seen,The linked relations are y = -x - 1 and x - 2y = -4. What is x?,-2,-3,False,two_linear_relations,two_linear_relations,True,substitution,substitution,True,"STRUCTURE: two_linear_relations
TOOL: substitution
ANSWER: -3"
test_seen_00038,structure_aware,200,seen,Evaluate 79^2 - 26^2 by rewriting it as a product.,5565,480,False,polynomial_identity,polynomial_identity,True,factorization,factorization,True,"STRUCTURE: polynomial_identity
TOOL: factorization
ANSWER: 480"
test_seen_00039,structure_aware,200,seen,Use the binomial-square identity to compute (26 + 16)^2.,1764,1024,False,polynomial_identity,polynomial_identity,True,expansion,expansion,True,"STRUCTURE: polynomial_identity
TOOL: expansion
ANSWER: 1024"
test_seen_00040,structure_aware,200,seen,Scale the ratio 9:18 to 18:x. Find x.,36,2,False,equivalent_ratios,equivalent_ratios,True,proportional_scaling,proportional_scaling,True,"STRUCTURE: equivalent_ratios
TOOL: proportional_scaling
ANSWER: 2"
test_seen_00041,structure_aware,200,seen,Cross-multiply 3:2 = 6:x and determine x.,4,4,True,equivalent_ratios,equivalent_ratios,True,cross_multiplication,cross_multiplication,True,"STRUCTURE: equivalent_ratios
TOOL: cross_multiplication
ANSWER: 4"
test_seen_00042,structure_aware,200,seen,"Given a1 = -19 and a(n+1) = a(n) + 9, find a12.",80,80,True,additive_recurrence,additive_recurrence,True,iteration,iteration,True,"STRUCTURE: additive_recurrence
TOOL: iteration
ANSWER: 80"
test_seen_00043,structure_aware,200,seen,Use the closed form b(n) = 12 + (n - 1)(8) to find b(11).,92,76,False,additive_recurrence,additive_recurrence,True,substitution,substitution,True,"STRUCTURE: additive_recurrence
TOOL: substitution
ANSWER: 76"
test_seen_00044,structure_aware,200,seen,Two numbers have sum 3 and product -180. Compute the sum of their squares from the symmetric identity.,369,452,False,symmetric_sum_product,symmetric_sum_product,True,expansion,expansion,True,"STRUCTURE: symmetric_sum_product
TOOL: expansion
ANSWER: 452"
test_seen_00045,structure_aware,200,seen,The roots of t^2 + 15t + 56 = 0 are r and s. Find r^2 + s^2 by factoring the quadratic.,113,134,False,symmetric_sum_product,symmetric_sum_product,True,factorization,factorization,True,"STRUCTURE: symmetric_sum_product
TOOL: factorization
ANSWER: 134"
test_seen_00046,structure_aware,200,seen,Evaluate the transformed expression -3z^2 + 6z + 12 at z = -1.,3,18,False,transformed_expression,transformed_expression,True,substitution,substitution,True,"STRUCTURE: transformed_expression
TOOL: substitution
ANSWER: 18"
test_seen_00047,structure_aware,200,seen,"Open the product (x + -6)(x + -3), then set x = -7.",130,10,False,transformed_expression,transformed_expression,True,expansion,expansion,True,"STRUCTURE: transformed_expression
TOOL: expansion
ANSWER: 10"
test_seen_00048,structure_aware,200,seen,Solve the simultaneous relations 4x + 4y = -32 and x - 2y = 10. Find y.,-6,-5,False,two_linear_relations,two_linear_relations,True,elimination,elimination,True,"STRUCTURE: two_linear_relations
TOOL: elimination
ANSWER: -5"
test_seen_00049,structure_aware,200,seen,"Given y = -4x - 8, insert it into -3x + 2y = -60 and find x.",4,4,True,two_linear_relations,two_linear_relations,True,substitution,substitution,True,"STRUCTURE: two_linear_relations
TOOL: substitution
ANSWER: 4"
test_seen_00050,structure_aware,200,seen,Use the product pattern for a difference of squares to compute 44^2 - 23^2.,1407,1680,False,polynomial_identity,polynomial_identity,True,factorization,factorization,True,"STRUCTURE: polynomial_identity
TOOL: factorization
ANSWER: 1680"
test_seen_00051,structure_aware,200,seen,Expand the square and evaluate (18 + 36)^2.,2916,1524,False,polynomial_identity,polynomial_identity,True,expansion,expansion,True,"STRUCTURE: polynomial_identity
TOOL: expansion
ANSWER: 1524"
test_seen_00052,structure_aware,200,seen,"At a fixed rate, 10 items cost 20 dollars. What do 40 items cost?",80,80,True,equivalent_ratios,equivalent_ratios,True,proportional_scaling,proportional_scaling,True,"STRUCTURE: equivalent_ratios
TOOL: proportional_scaling
ANSWER: 80"
test_seen_00053,structure_aware,200,seen,Solve the proportion 13/9 = 52/x for x.,36,40,False,equivalent_ratios,equivalent_ratios,True,cross_multiplication,cross_multiplication,True,"STRUCTURE: equivalent_ratios
TOOL: cross_multiplication
ANSWER: 40"
test_seen_00054,structure_aware,200,seen,A sequence starts at -8 and changes by -2 each term. Iterate to find term 3.,-12,-10,False,additive_recurrence,additive_recurrence,True,iteration,iteration,True,"STRUCTURE: additive_recurrence
TOOL: iteration
ANSWER: -10"
test_seen_00055,structure_aware,200,seen,An arithmetic sequence has formula a(n) = -15 + (n - 1)(-1). Substitute n = 10.,-24,-2,False,additive_recurrence,additive_recurrence,True,substitution,substitution,True,"STRUCTURE: additive_recurrence
TOOL: substitution
ANSWER: -2"
test_seen_00056,structure_aware,200,seen,"If x + y = 4 and xy = -77, use a square expansion to find x^2 + y^2.",170,160,False,symmetric_sum_product,symmetric_sum_product,True,expansion,expansion,True,"STRUCTURE: symmetric_sum_product
TOOL: expansion
ANSWER: 160"
test_seen_00057,structure_aware,200,seen,"Factor t^2 - 15t + 50 = 0 to obtain its two roots, then give the sum of their squares.",125,35,False,symmetric_sum_product,symmetric_sum_product,True,factorization,factorization,True,"STRUCTURE: symmetric_sum_product
TOOL: factorization
ANSWER: 35"
test_seen_00058,structure_aware,200,seen,"For f(t) = -4t^2 + 7t + 10, substitute t = -2 and find f(-2).",-20,38,False,transformed_expression,transformed_expression,True,substitution,substitution,True,"STRUCTURE: transformed_expression
TOOL: substitution
ANSWER: 38"
test_seen_00059,structure_aware,200,seen,Expand (x + -6)(x + 0) and evaluate it at x = -4.,40,-28,False,transformed_expression,transformed_expression,True,expansion,expansion,True,"STRUCTURE: transformed_expression
TOOL: expansion
ANSWER: -28"
test_seen_00060,structure_aware,200,seen,Two linear constraints hold: 5x - 3y = -33; -x + 4y = 27. Determine y.,6,6,True,two_linear_relations,two_linear_relations,True,elimination,elimination,True,"STRUCTURE: two_linear_relations
TOOL: elimination
ANSWER: 6"
test_seen_00061,structure_aware,200,seen,The linked relations are y = 3x + 6 and -x + 4y = 24. What is y?,6,18,False,two_linear_relations,two_linear_relations,True,substitution,substitution,True,"STRUCTURE: two_linear_relations
TOOL: substitution
ANSWER: 18"
test_seen_00062,structure_aware,200,seen,Evaluate 76^2 - 29^2 by rewriting it as a product.,4935,3051,False,polynomial_identity,polynomial_identity,True,factorization,factorization,True,"STRUCTURE: polynomial_identity
TOOL: factorization
ANSWER: 3051"
test_seen_00063,structure_aware,200,seen,Use the binomial-square identity to compute (29 + 35)^2.,4096,1600,False,polynomial_identity,polynomial_identity,True,expansion,expansion,True,"STRUCTURE: polynomial_identity
TOOL: expansion
ANSWER: 1600"
test_seen_00064,structure_aware,200,seen,Scale the ratio 3:8 to 33:x. Find x.,88,92,False,equivalent_ratios,equivalent_ratios,True,proportional_scaling,proportional_scaling,True,"STRUCTURE: equivalent_ratios
TOOL: proportional_scaling
ANSWER: 92"
test_seen_00065,structure_aware,200,seen,Cross-multiply 13:6 = 143:x and determine x.,66,82,False,equivalent_ratios,equivalent_ratios,True,cross_multiplication,cross_multiplication,True,"STRUCTURE: equivalent_ratios
TOOL: cross_multiplication
ANSWER: 82"
test_seen_00066,structure_aware,200,seen,"Given a1 = 18 and a(n+1) = a(n) - 9, find a13.",-90,-75,False,additive_recurrence,additive_recurrence,True,iteration,iteration,True,"STRUCTURE: additive_recurrence
TOOL: iteration
ANSWER: -75"
test_seen_00067,structure_aware,200,seen,Use the closed form b(n) = -14 + (n - 1)(-7) to find b(15).,-112,-92,False,additive_recurrence,additive_recurrence,True,substitution,substitution,True,"STRUCTURE: additive_recurrence
TOOL: substitution
ANSWER: -92"
test_seen_00068,structure_aware,200,seen,Two numbers have sum 18 and product 65. Compute the sum of their squares from the symmetric identity.,194,293,False,symmetric_sum_product,symmetric_sum_product,True,expansion,expansion,True,"STRUCTURE: symmetric_sum_product
TOOL: expansion
ANSWER: 293"
test_seen_00069,structure_aware,200,seen,The roots of t^2 + 17t + 72 = 0 are r and s. Find r^2 + s^2 by factoring the quadratic.,145,143,False,symmetric_sum_product,symmetric_sum_product,True,factorization,factorization,True,"STRUCTURE: symmetric_sum_product
TOOL: factorization
ANSWER: 143"
test_seen_00070,structure_aware,200,seen,Evaluate the transformed expression -2z^2 + 8z - 11 at z = -3.,-53,40,False,transformed_expression,transformed_expression,True,substitution,substitution,True,"STRUCTURE: transformed_expression
TOOL: substitution
ANSWER: 40"
test_seen_00071,structure_aware,200,seen,"Open the product (t + -5)(t + 5), then set t = 0.",-25,25,False,transformed_expression,transformed_expression,True,expansion,expansion,True,"STRUCTURE: transformed_expression
TOOL: expansion
ANSWER: 25"
test_seen_00072,structure_aware,200,seen,Solve the simultaneous relations -2x - 2y = 14 and 2x - 3y = 21. Find y.,-7,5,False,two_linear_relations,two_linear_relations,True,elimination,elimination,True,"STRUCTURE: two_linear_relations
TOOL: elimination
ANSWER: 5"
test_seen_00073,structure_aware,200,seen,"Given y = 2x - 1, insert it into 5x - y = 1 and find x.",0,1,False,two_linear_relations,two_linear_relations,True,substitution,substitution,True,"STRUCTURE: two_linear_relations
TOOL: substitution
ANSWER: 1"
test_seen_00074,structure_aware,200,seen,Use the product pattern for a difference of squares to compute 52^2 - 13^2.,2535,2409,False,polynomial_identity,polynomial_identity,True,factorization,factorization,True,"STRUCTURE: polynomial_identity
TOOL: factorization
ANSWER: 2409"
test_seen_00075,structure_aware,200,seen,Expand the square and evaluate (10 + 11)^2.,441,365,False,polynomial_identity,polynomial_identity,True,expansion,expansion,True,"STRUCTURE: polynomial_identity
TOOL: expansion
ANSWER: 365"
test_seen_00076,structure_aware,200,seen,"At a fixed rate, 4 items cost 7 dollars. What do 20 items cost?",35,35,True,equivalent_ratios,equivalent_ratios,True,proportional_scaling,proportional_scaling,True,"STRUCTURE: equivalent_ratios
TOOL: proportional_scaling
ANSWER: 35"
test_seen_00077,structure_aware,200,seen,Solve the proportion 11/18 = 132/x for x.,216,216,True,equivalent_ratios,equivalent_ratios,True,cross_multiplication,cross_multiplication,True,"STRUCTURE: equivalent_ratios
TOOL: cross_multiplication
ANSWER: 216"
test_seen_00078,structure_aware,200,seen,A sequence starts at -8 and changes by -1 each term. Iterate to find term 10.,-17,-17,True,additive_recurrence,additive_recurrence,True,iteration,iteration,True,"STRUCTURE: additive_recurrence
TOOL: iteration
ANSWER: -17"
test_seen_00079,structure_aware,200,seen,An arithmetic sequence has formula a(n) = 4 + (n - 1)(8). Substitute n = 5.,36,32,False,additive_recurrence,additive_recurrence,True,substitution,substitution,True,"STRUCTURE: additive_recurrence
TOOL: substitution
ANSWER: 32"
test_seen_00080,structure_aware,200,seen,"If x + y = 1 and xy = -156, use a square expansion to find x^2 + y^2.",313,392,False,symmetric_sum_product,symmetric_sum_product,True,expansion,expansion,True,"STRUCTURE: symmetric_sum_product
TOOL: expansion
ANSWER: 392"
test_seen_00081,structure_aware,200,seen,"Factor t^2 - 19t + 88 = 0 to obtain its two roots, then give the sum of their squares.",185,245,False,symmetric_sum_product,symmetric_sum_product,True,factorization,factorization,True,"STRUCTURE: symmetric_sum_product
TOOL: factorization
ANSWER: 245"
test_seen_00082,structure_aware,200,seen,"For f(t) = 4t^2 + 3t - 8, substitute t = -6 and find f(-6).",118,-10,False,transformed_expression,transformed_expression,True,substitution,substitution,True,"STRUCTURE: transformed_expression
TOOL: substitution
ANSWER: -10"
test_seen_00083,structure_aware,200,seen,Expand (t + 3)(t + -1) and evaluate it at t = 1.,0,-2,False,transformed_expression,transformed_expression,True,expansion,expansion,True,"STRUCTURE: transformed_expression
TOOL: expansion
ANSWER: -2"
test_seen_00084,structure_aware,200,seen,Two linear constraints hold: 4x + 3y = -39; x - 5y = 19. Determine y.,-5,-6,False,two_linear_relations,two_linear_relations,True,elimination,elimination,True,"STRUCTURE: two_linear_relations
TOOL: elimination
ANSWER: -6"
test_seen_00085,structure_aware,200,seen,The linked relations are y = 3x + 6 and 4x + 3y = 135. What is x?,9,9,True,two_linear_relations,two_linear_relations,True,substitution,substitution,True,"STRUCTURE: two_linear_relations
TOOL: substitution
ANSWER: 9"
test_seen_00086,structure_aware,200,seen,Evaluate 65^2 - 2^2 by rewriting it as a product.,4221,3710,False,polynomial_identity,polynomial_identity,True,factorization,factorization,True,"STRUCTURE: polynomial_identity
TOOL: factorization
ANSWER: 3710"
test_seen_00087,structure_aware,200,seen,Use the binomial-square identity to compute (32 + 6)^2.,1444,1024,False,polynomial_identity,polynomial_identity,True,expansion,expansion,True,"STRUCTURE: polynomial_identity
TOOL: expansion
ANSWER: 1024"
test_seen_00088,structure_aware,200,seen,Scale the ratio 3:23 to 18:x. Find x.,138,112,False,equivalent_ratios,equivalent_ratios,True,proportional_scaling,proportional_scaling,True,"STRUCTURE: equivalent_ratios
TOOL: proportional_scaling
ANSWER: 112"
test_seen_00089,structure_aware,200,seen,Cross-multiply 9:4 = 45:x and determine x.,20,20,True,equivalent_ratios,equivalent_ratios,True,cross_multiplication,cross_multiplication,True,"STRUCTURE: equivalent_ratios
TOOL: cross_multiplication
ANSWER: 20"
test_seen_00090,structure_aware,200,seen,"Given a1 = 14 and a(n+1) = a(n) + 5, find a10.",59,79,False,additive_recurrence,additive_recurrence,True,iteration,iteration,True,"STRUCTURE: additive_recurrence
TOOL: iteration
ANSWER: 79"
test_seen_00091,structure_aware,200,seen,Use the closed form b(n) = -11 + (n - 1)(-4) to find b(8).,-39,-50,False,additive_recurrence,additive_recurrence,True,substitution,substitution,True,"STRUCTURE: additive_recurrence
TOOL: substitution
ANSWER: -50"
test_seen_00092,structure_aware,200,seen,Two numbers have sum -28 and product 195. Compute the sum of their squares from the symmetric identity.,394,436,False,symmetric_sum_product,symmetric_sum_product,True,expansion,expansion,True,"STRUCTURE: symmetric_sum_product
TOOL: expansion
ANSWER: 436"
test_seen_00093,structure_aware,200,seen,The roots of t^2 + 12t + 35 = 0 are r and s. Find r^2 + s^2 by factoring the quadratic.,74,180,False,symmetric_sum_product,symmetric_sum_product,True,factorization,factorization,True,"STRUCTURE: symmetric_sum_product
TOOL: factorization
ANSWER: 180"
test_seen_00094,structure_aware,200,seen,Evaluate the transformed expression -5z^2 - 6z + 5 at z = 6.,-211,-130,False,transformed_expression,transformed_expression,True,substitution,substitution,True,"STRUCTURE: transformed_expression
TOOL: substitution
ANSWER: -130"
test_seen_00095,structure_aware,200,seen,"Open the product (z + 0)(z + -5), then set z = -7.",84,-32,False,transformed_expression,transformed_expression,True,expansion,expansion,True,"STRUCTURE: transformed_expression
TOOL: expansion
ANSWER: -32"
test_seen_00096,structure_aware,200,seen,Solve the simultaneous relations -5x - 5y = 5 and 5x - 4y = 22. Find x.,2,-3,False,two_linear_relations,two_linear_relations,True,elimination,elimination,True,"STRUCTURE: two_linear_relations
TOOL: elimination
ANSWER: -3"
test_seen_00097,structure_aware,200,seen,"Given y = -2x - 2, insert it into -2x - 5y = -38 and find y.",10,-10,False,two_linear_relations,two_linear_relations,True,substitution,substitution,True,"STRUCTURE: two_linear_relations
TOOL: substitution
ANSWER: -10"
test_seen_00098,structure_aware,200,seen,Use the product pattern for a difference of squares to compute 19^2 - 4^2.,345,305,False,polynomial_identity,polynomial_identity,True,factorization,factorization,True,"STRUCTURE: polynomial_identity
TOOL: factorization
ANSWER: 305"
test_seen_00099,structure_aware,200,seen,Expand the square and evaluate (8 + 21)^2.,841,3609,False,polynomial_identity,polynomial_identity,True,expansion,expansion,True,"STRUCTURE: polynomial_identity
TOOL: expansion
ANSWER: 3609"
test_seen_00100,structure_aware,200,seen,"At a fixed rate, 3 items cost 21 dollars. What do 6 items cost?",42,14,False,equivalent_ratios,equivalent_ratios,True,proportional_scaling,proportional_scaling,True,"STRUCTURE: equivalent_ratios
TOOL: proportional_scaling
ANSWER: 14"
test_seen_00101,structure_aware,200,seen,Solve the proportion 12/9 = 120/x for x.,90,90,True,equivalent_ratios,equivalent_ratios,True,cross_multiplication,cross_multiplication,True,"STRUCTURE: equivalent_ratios
TOOL: cross_multiplication
ANSWER: 90"
test_seen_00102,structure_aware,200,seen,A sequence starts at -4 and changes by -1 each term. Iterate to find term 9.,-12,-12,True,additive_recurrence,additive_recurrence,True,iteration,iteration,True,"STRUCTURE: additive_recurrence
TOOL: iteration
ANSWER: -12"
test_seen_00103,structure_aware,200,seen,An arithmetic sequence has formula a(n) = 18 + (n - 1)(-4). Substitute n = 15.,-38,-6,False,additive_recurrence,additive_recurrence,True,substitution,substitution,True,"STRUCTURE: additive_recurrence
TOOL: substitution
ANSWER: -6"
test_seen_00104,structure_aware,200,seen,"If x + y = -5 and xy = -50, use a square expansion to find x^2 + y^2.",125,100,False,symmetric_sum_product,symmetric_sum_product,True,expansion,expansion,True,"STRUCTURE: symmetric_sum_product
TOOL: expansion
ANSWER: 100"
test_seen_00105,structure_aware,200,seen,"Factor t^2 - 2t - 35 = 0 to obtain its two roots, then give the sum of their squares.",74,146,False,symmetric_sum_product,symmetric_sum_product,True,factorization,factorization,True,"STRUCTURE: symmetric_sum_product
TOOL: factorization
ANSWER: 146"
test_seen_00106,structure_aware,200,seen,"For f(t) = 3t^2 + 5t + 8, substitute t = 4 and find f(4).",76,100,False,transformed_expression,transformed_expression,True,substitution,substitution,True,"STRUCTURE: transformed_expression
TOOL: substitution
ANSWER: 100"
test_seen_00107,structure_aware,200,seen,Expand (t + 3)(t + 0) and evaluate it at t = 0.,0,9,False,transformed_expression,transformed_expression,True,expansion,expansion,True,"STRUCTURE: transformed_expression
TOOL: expansion
ANSWER: 9"
test_seen_00108,structure_aware,200,seen,Two linear constraints hold: 2x + y = 15; 5x + 2y = 39. Determine x.,9,4,False,two_linear_relations,two_linear_relations,True,elimination,elimination,True,"STRUCTURE: two_linear_relations
TOOL: elimination
ANSWER: 4"
test_seen_00109,structure_aware,200,seen,The linked relations are y = 6 - 3x and -5x + 5y = -110. What is x?,7,-2,False,two_linear_relations,two_linear_relations,True,substitution,substitution,True,"STRUCTURE: two_linear_relations
TOOL: substitution
ANSWER: -2"
test_seen_00110,structure_aware,200,seen,Evaluate 19^2 - 9^2 by rewriting it as a product.,280,30,False,polynomial_identity,polynomial_identity,True,factorization,factorization,True,"STRUCTURE: polynomial_identity
TOOL: factorization
ANSWER: 30"
test_seen_00111,structure_aware,200,seen,Use the binomial-square identity to compute (30 + 6)^2.,1296,1084,False,polynomial_identity,polynomial_identity,True,expansion,expansion,True,"STRUCTURE: polynomial_identity
TOOL: expansion
ANSWER: 1084"
test_seen_00112,structure_aware,200,seen,Scale the ratio 3:5 to 27:x. Find x.,45,45,True,equivalent_ratios,equivalent_ratios,True,proportional_scaling,proportional_scaling,True,"STRUCTURE: equivalent_ratios
TOOL: proportional_scaling
ANSWER: 45"
test_seen_00113,structure_aware,200,seen,Cross-multiply 12:10 = 24:x and determine x.,20,20,True,equivalent_ratios,equivalent_ratios,True,cross_multiplication,cross_multiplication,True,"STRUCTURE: equivalent_ratios
TOOL: cross_multiplication
ANSWER: 20"
test_seen_00114,structure_aware,200,seen,"Given a1 = 12 and a(n+1) = a(n) + 8, find a9.",76,74,False,additive_recurrence,additive_recurrence,True,iteration,iteration,True,"STRUCTURE: additive_recurrence
TOOL: iteration
ANSWER: 74"
test_seen_00115,structure_aware,200,seen,Use the closed form b(n) = -6 + (n - 1)(7) to find b(15).,92,42,False,additive_recurrence,additive_recurrence,True,substitution,substitution,True,"STRUCTURE: additive_recurrence
TOOL: substitution
ANSWER: 42"
test_seen_00116,structure_aware,200,seen,Two numbers have sum -23 and product 120. Compute the sum of their squares from the symmetric identity.,289,259,False,symmetric_sum_product,symmetric_sum_product,True,expansion,expansion,True,"STRUCTURE: symmetric_sum_product
TOOL: expansion
ANSWER: 259"
test_seen_00117,structure_aware,200,seen,The roots of t^2 + 9t + 20 = 0 are r and s. Find r^2 + s^2 by factoring the quadratic.,41,185,False,symmetric_sum_product,symmetric_sum_product,True,factorization,factorization,True,"STRUCTURE: symmetric_sum_product
TOOL: factorization
ANSWER: 185"
test_seen_00118,structure_aware,200,seen,Evaluate the transformed expression -4z^2 + 4z - 10 at z = -5.,-130,68,False,transformed_expression,transformed_expression,True,substitution,substitution,True,"STRUCTURE: transformed_expression
TOOL: substitution
ANSWER: 68"
test_seen_00119,structure_aware,200,seen,"Open the product (x + -10)(x + 6), then set x = 2.",-64,4,False,transformed_expression,transformed_expression,True,expansion,expansion,True,"STRUCTURE: transformed_expression
TOOL: expansion
ANSWER: 4"
test_unseen_00000,structure_aware,200,unseen,The lines 3x - 4y = -16 and -3x + y = -5 intersect. Give their x-coordinate.,4,-2,False,two_linear_relations,two_linear_relations,True,elimination,elimination,True,"STRUCTURE: two_linear_relations
TOOL: elimination
ANSWER: -2"
test_unseen_00001,structure_aware,200,unseen,One variable is isolated in y = -5x - 1; use the other constraint -4x + 5y = -5 to obtain x.,0,2,False,two_linear_relations,two_linear_relations,True,substitution,substitution,True,"STRUCTURE: two_linear_relations
TOOL: substitution
ANSWER: 2"
test_unseen_00002,structure_aware,200,unseen,"Without separately squaring both numbers, find the difference between 29 squared and 8 squared.",777,150,False,polynomial_identity,polynomial_difference,False,factorization,expansion,False,"STRUCTURE: polynomial_difference
TOOL: expansion
ANSWER: 150"
test_unseen_00003,structure_aware,200,unseen,What number results from opening the brackets in (34 + 21)(34 + 21)?,3025,2025,False,polynomial_identity,equivalent_relations,False,expansion,expansion,True,"STRUCTURE: equivalent_relations
TOOL: expansion
ANSWER: 2025"
test_unseen_00004,structure_aware,200,unseen,A batch of 8 units has value 20. Find the value of a same-rate batch of 96 units.,240,32,False,equivalent_ratios,equivalent_ratios,True,proportional_scaling,multiplication,False,"STRUCTURE: equivalent_ratios
TOOL: multiplication
ANSWER: 32"
test_unseen_00005,structure_aware,200,unseen,Complete the equivalent fractions: 14/12 = 112/[blank].,96,8,False,equivalent_ratios,equivalent_fractions,False,cross_multiplication,elimination,False,"STRUCTURE: equivalent_fractions
TOOL: elimination
ANSWER: 8"
test_unseen_00006,structure_aware,200,unseen,A machine begins at 2 and applies a change of -7 for 7 rounds. What is its final value?,-47,-35,False,additive_recurrence,additive_recurrence,True,iteration,iteration,True,"STRUCTURE: additive_recurrence
TOOL: iteration
ANSWER: -35"
test_unseen_00007,structure_aware,200,unseen,The repeated-change process is summarized by c(k) = -2 + (k - 1)(-4). Evaluate it at k = 4.,-14,-8,False,additive_recurrence,additive_recurrence,True,substitution,substitution,True,"STRUCTURE: additive_recurrence
TOOL: substitution
ANSWER: -8"
test_unseen_00008,structure_aware,200,unseen,"Knowing only that p + q = -12 and pq = -13, determine p^2 + q^2 by opening (p + q)^2.",170,154,False,symmetric_sum_product,symmetric_sum_product,True,expansion,expansion,True,"STRUCTURE: symmetric_sum_product
TOOL: expansion
ANSWER: 154"
test_unseen_00009,structure_aware,200,unseen,Split the quadratic t^2 + 9t - 36 into linear factors and report the squared-root sum.,153,105,False,symmetric_sum_product,symmetric_sum,False,factorization,factorization,True,"STRUCTURE: symmetric_sum
TOOL: factorization
ANSWER: 105"
test_unseen_00010,structure_aware,200,unseen,Insert u = 3 into -u^2 + 2u - 9. What value results?,-12,-15,False,transformed_expression,transformed_expression,True,substitution,substitution,True,"STRUCTURE: transformed_expression
TOOL: substitution
ANSWER: -15"
test_unseen_00011,structure_aware,200,unseen,"After multiplying out the two shifted factors (t + -1) and (t + -9), find the result when t is -2.",33,3,False,transformed_expression,transformed_factors,False,expansion,expansion,True,"STRUCTURE: transformed_factors
TOOL: expansion
ANSWER: 3"
test_unseen_00012,structure_aware,200,unseen,The lines 2x - 2y = -24 and -2x - 3y = -6 intersect. Give their y-coordinate.,6,-12,False,two_linear_relations,two_linear_relations,True,elimination,elimination,True,"STRUCTURE: two_linear_relations
TOOL: elimination
ANSWER: -12"
test_unseen_00013,structure_aware,200,unseen,One variable is isolated in y = -5x - 7; use the other constraint 2x - 5y = -19 to obtain y.,3,-3,False,two_linear_relations,two_linear_relations,True,substitution,substitution,True,"STRUCTURE: two_linear_relations
TOOL: substitution
ANSWER: -3"
test_unseen_00014,structure_aware,200,unseen,"Without separately squaring both numbers, find the difference between 79 squared and 25 squared.",5616,360,False,polynomial_identity,difference_expression,False,factorization,expansion,False,"STRUCTURE: difference_expression
TOOL: expansion
ANSWER: 360"
test_unseen_00015,structure_aware,200,unseen,What number results from opening the brackets in (32 + 31)(32 + 31)?,3969,256,False,polynomial_identity,equivalent_brackets,False,expansion,expansion,True,"STRUCTURE: equivalent_brackets
TOOL: expansion
ANSWER: 256"
test_unseen_00016,structure_aware,200,unseen,A batch of 14 units has value 19. Find the value of a same-rate batch of 154 units.,209,36,False,equivalent_ratios,equivalent_ratios,True,proportional_scaling,multiplication,False,"STRUCTURE: equivalent_ratios
TOOL: multiplication
ANSWER: 36"
test_unseen_00017,structure_aware,200,unseen,Complete the equivalent fractions: 5/17 = 20/[blank].,68,34,False,equivalent_ratios,equivalent_fractions,False,cross_multiplication,cross_multiplication,True,"STRUCTURE: equivalent_fractions
TOOL: cross_multiplication
ANSWER: 34"
test_unseen_00018,structure_aware,200,unseen,A machine begins at 9 and applies a change of 3 for 11 rounds. What is its final value?,42,42,True,additive_recurrence,additive_recurrence,True,iteration,iteration,True,"STRUCTURE: additive_recurrence
TOOL: iteration
ANSWER: 42"
test_unseen_00019,structure_aware,200,unseen,The repeated-change process is summarized by c(k) = -18 + (k - 1)(-1). Evaluate it at k = 5.,-22,-2,False,additive_recurrence,additive_recurrence,True,substitution,substitution,True,"STRUCTURE: additive_recurrence
TOOL: substitution
ANSWER: -2"
test_unseen_00020,structure_aware,200,unseen,"Knowing only that p + q = -2 and pq = -195, determine p^2 + q^2 by opening (p + q)^2.",394,364,False,symmetric_sum_product,symmetric_sum_product,True,expansion,expansion,True,"STRUCTURE: symmetric_sum_product
TOOL: expansion
ANSWER: 364"
test_unseen_00021,structure_aware,200,unseen,Split the quadratic t^2 - 12t + 27 into linear factors and report the squared-root sum.,90,36,False,symmetric_sum_product,symmetric_sum,False,factorization,factorization,True,"STRUCTURE: symmetric_sum
TOOL: factorization
ANSWER: 36"
test_unseen_00022,structure_aware,200,unseen,Insert u = 2 into 5u^2 + u - 1. What value results?,21,3,False,transformed_expression,transformed_expression,True,substitution,substitution,True,"STRUCTURE: transformed_expression
TOOL: substitution
ANSWER: 3"
test_unseen_00023,structure_aware,200,unseen,"After multiplying out the two shifted factors (t + -4) and (t + 2), find the result when t is -6.",40,-10,False,transformed_expression,transformed_factors,False,expansion,expansion,True,"STRUCTURE: transformed_factors
TOOL: expansion
ANSWER: -10"
test_unseen_00024,structure_aware,200,unseen,The lines -2x + 4y = -26 and -5x + y = -11 intersect. Give their x-coordinate.,1,-3,False,two_linear_relations,two_linear_relations,True,elimination,elimination,True,"STRUCTURE: two_linear_relations
TOOL: elimination
ANSWER: -3"
test_unseen_00025,structure_aware,200,unseen,One variable is isolated in y = -4x - 4; use the other constraint -3x - 5y = 122 to obtain y.,-28,-8,False,two_linear_relations,two_linear_relations,True,substitution,substitution,True,"STRUCTURE: two_linear_relations
TOOL: substitution
ANSWER: -8"
test_unseen_00026,structure_aware,200,unseen,"Without separately squaring both numbers, find the difference between 48 squared and 43 squared.",455,15,False,polynomial_identity,difference_expression,False,factorization,expansion,False,"STRUCTURE: difference_expression
TOOL: expansion
ANSWER: 15"
test_unseen_00027,structure_aware,200,unseen,What number results from opening the brackets in (19 + 6)(19 + 6)?,625,360,False,polynomial_identity,equivalent_relations,False,expansion,expansion,True,"STRUCTURE: equivalent_relations
TOOL: expansion
ANSWER: 360"
test_unseen_00028,structure_aware,200,unseen,A batch of 8 units has value 10. Find the value of a same-rate batch of 16 units.,20,20,True,equivalent_ratios,equivalent_ratios,True,proportional_scaling,multiplication,False,"STRUCTURE: equivalent_ratios
TOOL: multiplication
ANSWER: 20"
test_unseen_00029,structure_aware,200,unseen,Complete the equivalent fractions: 13/18 = 52/[blank].,72,108,False,equivalent_ratios,equivalent_fractions,False,cross_multiplication,elimination,False,"STRUCTURE: equivalent_fractions
TOOL: elimination
ANSWER: 108"
test_unseen_00030,structure_aware,200,unseen,A machine begins at 20 and applies a change of -3 for 2 rounds. What is its final value?,14,-15,False,additive_recurrence,additive_recurrence,True,iteration,substitution,False,"STRUCTURE: additive_recurrence
TOOL: substitution
ANSWER: -15"
test_unseen_00031,structure_aware,200,unseen,The repeated-change process is summarized by c(k) = -3 + (k - 1)(7). Evaluate it at k = 7.,39,28,False,additive_recurrence,additive_recurrence,True,substitution,substitution,True,"STRUCTURE: additive_recurrence
TOOL: substitution
ANSWER: 28"
test_unseen_00032,structure_aware,200,unseen,"Knowing only that p + q = -12 and pq = -13, determine p^2 + q^2 by opening (p + q)^2.",170,154,False,symmetric_sum_product,symmetric_sum_product,True,expansion,expansion,True,"STRUCTURE: symmetric_sum_product
TOOL: expansion
ANSWER: 154"
test_unseen_00033,structure_aware,200,unseen,Split the quadratic t^2 - 21t + 108 into linear factors and report the squared-root sum.,225,36,False,symmetric_sum_product,transformed_factors,False,factorization,factorization,True,"STRUCTURE: transformed_factors
TOOL: factorization
ANSWER: 36"
test_unseen_00034,structure_aware,200,unseen,Insert u = 5 into 5u^2 + 2u + 5. What value results?,140,10,False,transformed_expression,transformed_expression,True,substitution,substitution,True,"STRUCTURE: transformed_expression
TOOL: substitution
ANSWER: 10"
test_unseen_00035,structure_aware,200,unseen,"After multiplying out the two shifted factors (t + 5) and (t + -8), find the result when t is -3.",-22,1,False,transformed_expression,transformed_expression,True,expansion,expansion,True,"STRUCTURE: transformed_expression
TOOL: expansion
ANSWER: 1"
test_unseen_00036,structure_aware,200,unseen,The lines x - y = -3 and 3x + 2y = 6 intersect. Give their x-coordinate.,0,1,False,two_linear_relations,intersection_coordinates,False,elimination,substitution,False,"STRUCTURE: intersection_coordinates
TOOL: substitution
ANSWER: 1"
test_unseen_00037,structure_aware,200,unseen,One variable is isolated in y = -x - 4; use the other constraint -4x + 3y = -19 to obtain y.,-5,-7,False,two_linear_relations,two_linear_relations,True,substitution,substitution,True,"STRUCTURE: two_linear_relations
TOOL: substitution
ANSWER: -7"
test_unseen_00038,structure_aware,200,unseen,"Without separately squaring both numbers, find the difference between 66 squared and 43 squared.",2507,105,False,polynomial_identity,difference_expression,False,factorization,expansion,False,"STRUCTURE: difference_expression
TOOL: expansion
ANSWER: 105"
test_unseen_00039,structure_aware,200,unseen,What number results from opening the brackets in (30 + 7)(30 + 7)?,1369,1296,False,polynomial_identity,equivalent_brackets,False,expansion,expansion,True,"STRUCTURE: equivalent_brackets
TOOL: expansion
ANSWER: 1296"
test_unseen_00040,structure_aware,200,unseen,A batch of 11 units has value 6. Find the value of a same-rate batch of 66 units.,36,39,False,equivalent_ratios,equivalent_ratios,True,proportional_scaling,multiplication,False,"STRUCTURE: equivalent_ratios
TOOL: multiplication
ANSWER: 39"
test_unseen_00041,structure_aware,200,unseen,Complete the equivalent fractions: 13/19 = 78/[blank].,114,26,False,equivalent_ratios,equivalent_fractions,False,cross_multiplication,elimination,False,"STRUCTURE: equivalent_fractions
TOOL: elimination
ANSWER: 26"
test_unseen_00042,structure_aware,200,unseen,A machine begins at 12 and applies a change of 3 for 5 rounds. What is its final value?,27,46,False,additive_recurrence,additive_recurrence,True,iteration,iteration,True,"STRUCTURE: additive_recurrence
TOOL: iteration
ANSWER: 46"
test_unseen_00043,structure_aware,200,unseen,The repeated-change process is summarized by c(k) = -18 + (k - 1)(-2). Evaluate it at k = 11.,-38,-30,False,additive_recurrence,additive_recurrence,True,substitution,substitution,True,"STRUCTURE: additive_recurrence
TOOL: substitution
ANSWER: -30"
test_unseen_00044,structure_aware,200,unseen,"Knowing only that p + q = -13 and pq = 0, determine p^2 + q^2 by opening (p + q)^2.",169,169,True,symmetric_sum_product,symmetric_sum_product,True,expansion,expansion,True,"STRUCTURE: symmetric_sum_product
TOOL: expansion
ANSWER: 169"
test_unseen_00045,structure_aware,200,unseen,Split the quadratic t^2 + 6t - 7 into linear factors and report the squared-root sum.,50,48,False,symmetric_sum_product,symmetric_sum,False,factorization,factorization,True,"STRUCTURE: symmetric_sum
TOOL: factorization
ANSWER: 48"
test_unseen_00046,structure_aware,200,unseen,Insert u = -3 into 2u^2 - 4u + 2. What value results?,32,-1,False,transformed_expression,transformed_expression,True,substitution,substitution,True,"STRUCTURE: transformed_expression
TOOL: substitution
ANSWER: -1"
test_unseen_00047,structure_aware,200,unseen,"After multiplying out the two shifted factors (z + -6) and (z + -3), find the result when z is 7.",4,10,False,transformed_expression,transformed_expression,True,expansion,expansion,True,"STRUCTURE: transformed_expression
TOOL: expansion
ANSWER: 10"
test_unseen_00048,structure_aware,200,unseen,The lines -3x - 5y = -41 and -4x + y = -1 intersect. Give their y-coordinate.,7,-2,False,two_linear_relations,two_linear_relations,True,elimination,elimination,True,"STRUCTURE: two_linear_relations
TOOL: elimination
ANSWER: -2"
test_unseen_00049,structure_aware,200,unseen,One variable is isolated in y = 5x + 8; use the other constraint 3x - 2y = -37 to obtain x.,3,-4,False,two_linear_relations,two_linear_relations,True,substitution,substitution,True,"STRUCTURE: two_linear_relations
TOOL: substitution
ANSWER: -4"
test_unseen_00050,structure_aware,200,unseen,"Without separately squaring both numbers, find the difference between 31 squared and 12 squared.",817,59,False,polynomial_identity,difference_expression,False,factorization,expansion,False,"STRUCTURE: difference_expression
TOOL: expansion
ANSWER: 59"
test_unseen_00051,structure_aware,200,unseen,What number results from opening the brackets in (2 + 23)(2 + 23)?,625,48,False,polynomial_identity,equivalent_relations,False,expansion,expansion,True,"STRUCTURE: equivalent_relations
TOOL: expansion
ANSWER: 48"
test_unseen_00052,structure_aware,200,unseen,A batch of 2 units has value 19. Find the value of a same-rate batch of 12 units.,114,38,False,equivalent_ratios,equivalent_ratios,True,proportional_scaling,multiplication,False,"STRUCTURE: equivalent_ratios
TOOL: multiplication
ANSWER: 38"
test_unseen_00053,structure_aware,200,unseen,Complete the equivalent fractions: 11/6 = 55/[blank].,30,33,False,equivalent_ratios,equivalent_fractions,False,cross_multiplication,elimination,False,"STRUCTURE: equivalent_fractions
TOOL: elimination
ANSWER: 33"
test_unseen_00054,structure_aware,200,unseen,A machine begins at -10 and applies a change of -3 for 10 rounds. What is its final value?,-40,-28,False,additive_recurrence,additive_recurrence,True,iteration,iteration,True,"STRUCTURE: additive_recurrence
TOOL: iteration
ANSWER: -28"
test_unseen_00055,structure_aware,200,unseen,The repeated-change process is summarized by c(k) = -19 + (k - 1)(-7). Evaluate it at k = 4.,-40,-50,False,additive_recurrence,additive_recurrence,True,substitution,substitution,True,"STRUCTURE: additive_recurrence
TOOL: substitution
ANSWER: -50"
test_unseen_00056,structure_aware,200,unseen,"Knowing only that p + q = 3 and pq = 2, determine p^2 + q^2 by opening (p + q)^2.",5,7,False,symmetric_sum_product,symmetric_sum_product,True,expansion,expansion,True,"STRUCTURE: symmetric_sum_product
TOOL: expansion
ANSWER: 7"
test_unseen_00057,structure_aware,200,unseen,Split the quadratic t^2 + 9t - 70 into linear factors and report the squared-root sum.,221,143,False,symmetric_sum_product,symmetric_sum,False,factorization,factorization,True,"STRUCTURE: symmetric_sum
TOOL: factorization
ANSWER: 143"
test_unseen_00058,structure_aware,200,unseen,Insert u = -3 into -u^2 + 4u - 8. What value results?,-29,-16,False,transformed_expression,transformed_expression,True,substitution,substitution,True,"STRUCTURE: transformed_expression
TOOL: substitution
ANSWER: -16"
test_unseen_00059,structure_aware,200,unseen,"After multiplying out the two shifted factors (z + 10) and (z + -5), find the result when z is 3.",-26,2,False,transformed_expression,transformed_expression,True,expansion,expansion,True,"STRUCTURE: transformed_expression
TOOL: expansion
ANSWER: 2"
test_unseen_00060,structure_aware,200,unseen,The lines 4x - y = -29 and -5x - 5y = 30 intersect. Give their x-coordinate.,-7,-7,True,two_linear_relations,two_linear_relations,True,elimination,elimination,True,"STRUCTURE: two_linear_relations
TOOL: elimination
ANSWER: -7"
test_unseen_00061,structure_aware,200,unseen,One variable is isolated in y = -2x - 8; use the other constraint -3x - 4y = 2 to obtain x.,-6,-1,False,two_linear_relations,two_linear_relations,True,substitution,substitution,True,"STRUCTURE: two_linear_relations
TOOL: substitution
ANSWER: -1"
test_unseen_00062,structure_aware,200,unseen,"Without separately squaring both numbers, find the difference between 45 squared and 37 squared.",656,10,False,polynomial_identity,difference_expression,False,factorization,expansion,False,"STRUCTURE: difference_expression
TOOL: expansion
ANSWER: 10"
test_unseen_00063,structure_aware,200,unseen,What number results from opening the brackets in (12 + 29)(12 + 29)?,1681,676,False,polynomial_identity,equivalent_relations,False,expansion,expansion,True,"STRUCTURE: equivalent_relations
TOOL: expansion
ANSWER: 676"
test_unseen_00064,structure_aware,200,unseen,A batch of 8 units has value 13. Find the value of a same-rate batch of 48 units.,78,104,False,equivalent_ratios,equivalent_ratios,True,proportional_scaling,multiplication,False,"STRUCTURE: equivalent_ratios
TOOL: multiplication
ANSWER: 104"
test_unseen_00065,structure_aware,200,unseen,Complete the equivalent fractions: 11/10 = 55/[blank].,50,20,False,equivalent_ratios,equivalent_fractions,False,cross_multiplication,elimination,False,"STRUCTURE: equivalent_fractions
TOOL: elimination
ANSWER: 20"
test_unseen_00066,structure_aware,200,unseen,A machine begins at -11 and applies a change of 1 for 6 rounds. What is its final value?,-5,55,False,additive_recurrence,additive_recurrence,True,iteration,iteration,True,"STRUCTURE: additive_recurrence
TOOL: iteration
ANSWER: 55"
test_unseen_00067,structure_aware,200,unseen,The repeated-change process is summarized by c(k) = 5 + (k - 1)(-4). Evaluate it at k = 13.,-43,-26,False,additive_recurrence,additive_recurrence,True,substitution,substitution,True,"STRUCTURE: additive_recurrence
TOOL: substitution
ANSWER: -26"
test_unseen_00068,structure_aware,200,unseen,"Knowing only that p + q = 5 and pq = -150, determine p^2 + q^2 by opening (p + q)^2.",325,300,False,symmetric_sum_product,symmetric_sum_product,True,expansion,expansion,True,"STRUCTURE: symmetric_sum_product
TOOL: expansion
ANSWER: 300"
test_unseen_00069,structure_aware,200,unseen,Split the quadratic t^2 + 10t into linear factors and report the squared-root sum.,100,50,False,symmetric_sum_product,transformed_factors,False,factorization,factorization,True,"STRUCTURE: transformed_factors
TOOL: factorization
ANSWER: 50"
test_unseen_00070,structure_aware,200,unseen,Insert u = 0 into -u^2 + 6u + 3. What value results?,3,3,True,transformed_expression,transformed_expression,True,substitution,substitution,True,"STRUCTURE: transformed_expression
TOOL: substitution
ANSWER: 3"
test_unseen_00071,structure_aware,200,unseen,"After multiplying out the two shifted factors (z + -1) and (z + -1), find the result when z is 4.",9,2,False,transformed_expression,transformed_factors,False,expansion,expansion,True,"STRUCTURE: transformed_factors
TOOL: expansion
ANSWER: 2"
test_unseen_00072,structure_aware,200,unseen,The lines x + 2y = 17 and 2x - 4y = -14 intersect. Give their y-coordinate.,6,-5,False,two_linear_relations,two_parallel,False,elimination,elimination,True,"STRUCTURE: two_parallel
TOOL: elimination
ANSWER: -5"
test_unseen_00073,structure_aware,200,unseen,One variable is isolated in y = -2x; use the other constraint -2x + 3y = -72 to obtain x.,9,18,False,two_linear_relations,two_linear_relations,True,substitution,substitution,True,"STRUCTURE: two_linear_relations
TOOL: substitution
ANSWER: 18"
test_unseen_00074,structure_aware,200,unseen,"Without separately squaring both numbers, find the difference between 27 squared and 24 squared.",153,105,False,polynomial_identity,difference_expression,False,factorization,expansion,False,"STRUCTURE: difference_expression
TOOL: expansion
ANSWER: 105"
test_unseen_00075,structure_aware,200,unseen,What number results from opening the brackets in (25 + 16)(25 + 16)?,1681,800,False,polynomial_identity,equivalent_relations,False,expansion,expansion,True,"STRUCTURE: equivalent_relations
TOOL: expansion
ANSWER: 800"
test_unseen_00076,structure_aware,200,unseen,A batch of 8 units has value 11. Find the value of a same-rate batch of 64 units.,88,72,False,equivalent_ratios,equivalent_sizes,False,proportional_scaling,proportional_scaling,True,"STRUCTURE: equivalent_sizes
TOOL: proportional_scaling
ANSWER: 72"
test_unseen_00077,structure_aware,200,unseen,Complete the equivalent fractions: 3/2 = 24/[blank].,16,8,False,equivalent_ratios,equivalent_fractions,False,cross_multiplication,elimination,False,"STRUCTURE: equivalent_fractions
TOOL: elimination
ANSWER: 8"
test_unseen_00078,structure_aware,200,unseen,A machine begins at -6 and applies a change of 9 for 6 rounds. What is its final value?,48,15,False,additive_recurrence,additive_recurrence,True,iteration,iteration,True,"STRUCTURE: additive_recurrence
TOOL: iteration
ANSWER: 15"
test_unseen_00079,structure_aware,200,unseen,The repeated-change process is summarized by c(k) = -19 + (k - 1)(-4). Evaluate it at k = 15.,-75,-6,False,additive_recurrence,additive_recurrence,True,substitution,substitution,True,"STRUCTURE: additive_recurrence
TOOL: substitution
ANSWER: -6"
test_unseen_00080,structure_aware,200,unseen,"Knowing only that p + q = -4 and pq = -45, determine p^2 + q^2 by opening (p + q)^2.",106,165,False,symmetric_sum_product,symmetric_sum_product,True,expansion,expansion,True,"STRUCTURE: symmetric_sum_product
TOOL: expansion
ANSWER: 165"
test_unseen_00081,structure_aware,200,unseen,Split the quadratic t^2 - t - 30 into linear factors and report the squared-root sum.,61,15,False,symmetric_sum_product,transformed_factors,False,factorization,factorization,True,"STRUCTURE: transformed_factors
TOOL: factorization
ANSWER: 15"
test_unseen_00082,structure_aware,200,unseen,Insert u = -7 into u^2 + 6u + 3. What value results?,10,-10,False,transformed_expression,transformed_expression,True,substitution,substitution,True,"STRUCTURE: transformed_expression
TOOL: substitution
ANSWER: -10"
test_unseen_00083,structure_aware,200,unseen,"After multiplying out the two shifted factors (t + 8) and (t + 8), find the result when t is -7.",1,-12,False,transformed_expression,transformed_expression,True,expansion,expansion,True,"STRUCTURE: transformed_expression
TOOL: expansion
ANSWER: -12"
test_unseen_00084,structure_aware,200,unseen,The lines 2x - 5y = 2 and -4x - y = 18 intersect. Give their y-coordinate.,-2,-7,False,two_linear_relations,two_linear_relations,True,elimination,elimination,True,"STRUCTURE: two_linear_relations
TOOL: elimination
ANSWER: -7"
test_unseen_00085,structure_aware,200,unseen,One variable is isolated in y = 6 - 3x; use the other constraint -x - 5y = -114 to obtain x.,-6,-2,False,two_linear_relations,two_linear_relations,True,substitution,substitution,True,"STRUCTURE: two_linear_relations
TOOL: substitution
ANSWER: -2"
test_unseen_00086,structure_aware,200,unseen,"Without separately squaring both numbers, find the difference between 37 squared and 35 squared.",144,4,False,polynomial_identity,difference_expression,False,factorization,expansion,False,"STRUCTURE: difference_expression
TOOL: expansion
ANSWER: 4"
test_unseen_00087,structure_aware,200,unseen,What number results from opening the brackets in (24 + 6)(24 + 6)?,900,135,False,polynomial_identity,equivalent_brackets,False,expansion,expansion,True,"STRUCTURE: equivalent_brackets
TOOL: expansion
ANSWER: 135"
test_unseen_00088,structure_aware,200,unseen,A batch of 2 units has value 2. Find the value of a same-rate batch of 4 units.,4,4,True,equivalent_ratios,equivalent_ratios,True,proportional_scaling,multiplication,False,"STRUCTURE: equivalent_ratios
TOOL: multiplication
ANSWER: 4"
test_unseen_00089,structure_aware,200,unseen,Complete the equivalent fractions: 14/19 = 140/[blank].,190,38,False,equivalent_ratios,equivalent_fractions,False,cross_multiplication,elimination,False,"STRUCTURE: equivalent_fractions
TOOL: elimination
ANSWER: 38"
test_unseen_00090,structure_aware,200,unseen,A machine begins at 1 and applies a change of 7 for 3 rounds. What is its final value?,22,28,False,additive_recurrence,additive_recurrence,True,iteration,iteration,True,"STRUCTURE: additive_recurrence
TOOL: iteration
ANSWER: 28"
test_unseen_00091,structure_aware,200,unseen,The repeated-change process is summarized by c(k) = 14 + (k - 1)(2). Evaluate it at k = 10.,32,36,False,additive_recurrence,additive_recurrence,True,substitution,substitution,True,"STRUCTURE: additive_recurrence
TOOL: substitution
ANSWER: 36"
test_unseen_00092,structure_aware,200,unseen,"Knowing only that p + q = 4 and pq = -96, determine p^2 + q^2 by opening (p + q)^2.",208,192,False,symmetric_sum_product,symmetric_sum_product,True,expansion,expansion,True,"STRUCTURE: symmetric_sum_product
TOOL: expansion
ANSWER: 192"
test_unseen_00093,structure_aware,200,unseen,Split the quadratic t^2 - 20t + 91 into linear factors and report the squared-root sum.,218,36,False,symmetric_sum_product,symmetric_sum,False,factorization,factorization,True,"STRUCTURE: symmetric_sum
TOOL: factorization
ANSWER: 36"
test_unseen_00094,structure_aware,200,unseen,Insert u = -7 into 4u^2 + 7u - 12. What value results?,135,-8,False,transformed_expression,transformed_expression,True,substitution,substitution,True,"STRUCTURE: transformed_expression
TOOL: substitution
ANSWER: -8"
test_unseen_00095,structure_aware,200,unseen,"After multiplying out the two shifted factors (z + -10) and (z + 2), find the result when z is -7.",85,-5,False,transformed_expression,transformed_factors,False,expansion,expansion,True,"STRUCTURE: transformed_factors
TOOL: expansion
ANSWER: -5"
test_unseen_00096,structure_aware,200,unseen,The lines -4x + 4y = -60 and -2x + 5y = -51 intersect. Give their y-coordinate.,-7,-9,False,two_linear_relations,two_linear_relations,True,elimination,elimination,True,"STRUCTURE: two_linear_relations
TOOL: elimination
ANSWER: -9"
test_unseen_00097,structure_aware,200,unseen,One variable is isolated in y = 4 - 5x; use the other constraint 3x + 5y = -156 to obtain x.,8,9,False,two_linear_relations,two_linear_relations,True,substitution,substitution,True,"STRUCTURE: two_linear_relations
TOOL: substitution
ANSWER: 9"
test_unseen_00098,structure_aware,200,unseen,"Without separately squaring both numbers, find the difference between 75 squared and 6 squared.",5589,441,False,polynomial_identity,polynomial_difference,False,factorization,expansion,False,"STRUCTURE: polynomial_difference
TOOL: expansion
ANSWER: 441"
test_unseen_00099,structure_aware,200,unseen,What number results from opening the brackets in (26 + 9)(26 + 9)?,1225,1440,False,polynomial_identity,polynomial_identity,True,expansion,expansion,True,"STRUCTURE: polynomial_identity
TOOL: expansion
ANSWER: 1440"
test_unseen_00100,structure_aware,200,unseen,A batch of 10 units has value 6. Find the value of a same-rate batch of 120 units.,72,72,True,equivalent_ratios,equivalent_ratios,True,proportional_scaling,multiplication,False,"STRUCTURE: equivalent_ratios
TOOL: multiplication
ANSWER: 72"
test_unseen_00101,structure_aware,200,unseen,Complete the equivalent fractions: 3/10 = 15/[blank].,50,60,False,equivalent_ratios,equivalent_fractions,False,cross_multiplication,cross_multiplication,True,"STRUCTURE: equivalent_fractions
TOOL: cross_multiplication
ANSWER: 60"
test_unseen_00102,structure_aware,200,unseen,A machine begins at -3 and applies a change of -1 for 5 rounds. What is its final value?,-8,8,False,additive_recurrence,additive_recurrence,True,iteration,iteration,True,"STRUCTURE: additive_recurrence
TOOL: iteration
ANSWER: 8"
test_unseen_00103,structure_aware,200,unseen,The repeated-change process is summarized by c(k) = 14 + (k - 1)(2). Evaluate it at k = 4.,20,30,False,additive_recurrence,additive_recurrence,True,substitution,substitution,True,"STRUCTURE: additive_recurrence
TOOL: substitution
ANSWER: 30"
test_unseen_00104,structure_aware,200,unseen,"Knowing only that p + q = 5 and pq = 4, determine p^2 + q^2 by opening (p + q)^2.",17,21,False,symmetric_sum_product,symmetric_sum_product,True,expansion,expansion,True,"STRUCTURE: symmetric_sum_product
TOOL: expansion
ANSWER: 21"
test_unseen_00105,structure_aware,200,unseen,Split the quadratic t^2 - 4t - 21 into linear factors and report the squared-root sum.,58,30,False,symmetric_sum_product,transformed_factors,False,factorization,factorization,True,"STRUCTURE: transformed_factors
TOOL: factorization
ANSWER: 30"
test_unseen_00106,structure_aware,200,unseen,Insert u = -4 into 4u^2 - 8u - 2. What value results?,94,-16,False,transformed_expression,transformed_expression,True,substitution,substitution,True,"STRUCTURE: transformed_expression
TOOL: substitution
ANSWER: -16"
test_unseen_00107,structure_aware,200,unseen,"After multiplying out the two shifted factors (z + 3) and (z + -10), find the result when z is 4.",-42,2,False,transformed_expression,transformed_expression,True,expansion,expansion,True,"STRUCTURE: transformed_expression
TOOL: expansion
ANSWER: 2"
test_unseen_00108,structure_aware,200,unseen,The lines -3x - 5y = -30 and x - 2y = -1 intersect. Give their x-coordinate.,5,5,True,two_linear_relations,two_linear_relations,True,elimination,substitution,False,"STRUCTURE: two_linear_relations
TOOL: substitution
ANSWER: 5"
test_unseen_00109,structure_aware,200,unseen,One variable is isolated in y = 5x + 2; use the other constraint 2x + y = -19 to obtain y.,-13,3,False,two_linear_relations,two_linear_relations,True,substitution,substitution,True,"STRUCTURE: two_linear_relations
TOOL: substitution
ANSWER: 3"
test_unseen_00110,structure_aware,200,unseen,"Without separately squaring both numbers, find the difference between 80 squared and 23 squared.",5871,169,False,polynomial_identity,difference_expression,False,factorization,expansion,False,"STRUCTURE: difference_expression
TOOL: expansion
ANSWER: 169"
test_unseen_00111,structure_aware,200,unseen,What number results from opening the brackets in (4 + 27)(4 + 27)?,961,108,False,polynomial_identity,equivalent_relations,False,expansion,expansion,True,"STRUCTURE: equivalent_relations
TOOL: expansion
ANSWER: 108"
test_unseen_00112,structure_aware,200,unseen,A batch of 9 units has value 22. Find the value of a same-rate batch of 63 units.,154,154,True,equivalent_ratios,equivalent_ratios,True,proportional_scaling,proportional_scaling,True,"STRUCTURE: equivalent_ratios
TOOL: proportional_scaling
ANSWER: 154"
test_unseen_00113,structure_aware,200,unseen,Complete the equivalent fractions: 10/10 = 100/[blank].,100,10,False,equivalent_ratios,equivalent_fractions,False,cross_multiplication,elimination,False,"STRUCTURE: equivalent_fractions
TOOL: elimination
ANSWER: 10"
test_unseen_00114,structure_aware,200,unseen,A machine begins at 17 and applies a change of 3 for 4 rounds. What is its final value?,29,25,False,additive_recurrence,additive_recurrence,True,iteration,iteration,True,"STRUCTURE: additive_recurrence
TOOL: iteration
ANSWER: 25"
test_unseen_00115,structure_aware,200,unseen,The repeated-change process is summarized by c(k) = -18 + (k - 1)(7). Evaluate it at k = 15.,80,20,False,additive_recurrence,additive_recurrence,True,substitution,substitution,True,"STRUCTURE: additive_recurrence
TOOL: substitution
ANSWER: 20"
test_unseen_00116,structure_aware,200,unseen,"Knowing only that p + q = 7 and pq = 0, determine p^2 + q^2 by opening (p + q)^2.",49,49,True,symmetric_sum_product,symmetric_sum_product,True,expansion,expansion,True,"STRUCTURE: symmetric_sum_product
TOOL: expansion
ANSWER: 49"
test_unseen_00117,structure_aware,200,unseen,Split the quadratic t^2 - 10t + 24 into linear factors and report the squared-root sum.,52,36,False,symmetric_sum_product,symmetric_sum,False,factorization,factorization,True,"STRUCTURE: symmetric_sum
TOOL: factorization
ANSWER: 36"
test_unseen_00118,structure_aware,200,unseen,Insert u = -4 into -4u^2 - 3. What value results?,-67,-16,False,transformed_expression,transformed_expression,True,substitution,substitution,True,"STRUCTURE: transformed_expression
TOOL: substitution
ANSWER: -16"
test_unseen_00119,structure_aware,200,unseen,"After multiplying out the two shifted factors (z + -1) and (z + 8), find the result when z is 2.",10,3,False,transformed_expression,transformed_expression,True,expansion,expansion,True,"STRUCTURE: transformed_expression
TOOL: expansion
ANSWER: 3"
test_seen_00000,baseline,500,seen,Solve the simultaneous relations -4x + 2y = 32 and 4x + 2y = -32. Find x.,-8,-8,True,two_linear_relations,,,elimination,,, -8
test_seen_00001,baseline,500,seen,"Given y = 2x + 3, insert it into 5x + 4y = 103 and find y.",17,8,False,two_linear_relations,,,substitution,,, 8
test_seen_00002,baseline,500,seen,Use the product pattern for a difference of squares to compute 39^2 - 27^2.,792,1080,False,polynomial_identity,,,factorization,,, 1080
test_seen_00003,baseline,500,seen,Expand the square and evaluate (5 + 8)^2.,169,169,True,polynomial_identity,,,expansion,,, 169
test_seen_00004,baseline,500,seen,"At a fixed rate, 8 items cost 6 dollars. What do 24 items cost?",18,18,True,equivalent_ratios,,,proportional_scaling,,, 18
test_seen_00005,baseline,500,seen,Solve the proportion 4/18 = 12/x for x.,54,54,True,equivalent_ratios,,,cross_multiplication,,, 54
test_seen_00006,baseline,500,seen,A sequence starts at 11 and changes by -5 each term. Iterate to find term 15.,-59,-64,False,additive_recurrence,,,iteration,,, -64
test_seen_00007,baseline,500,seen,An arithmetic sequence has formula a(n) = 4 + (n - 1)(8). Substitute n = 7.,52,63,False,additive_recurrence,,,substitution,,, 63
test_seen_00008,baseline,500,seen,"If x + y = -7 and xy = -30, use a square expansion to find x^2 + y^2.",109,149,False,symmetric_sum_product,,,expansion,,, 149
test_seen_00009,baseline,500,seen,"Factor t^2 + 16t + 39 = 0 to obtain its two roots, then give the sum of their squares.",178,158,False,symmetric_sum_product,,,factorization,,, 158
test_seen_00010,baseline,500,seen,"For f(t) = -5t^2 - 7t - 7, substitute t = -7 and find f(-7).",-203,-104,False,transformed_expression,,,substitution,,, -104
test_seen_00011,baseline,500,seen,Expand (x + -5)(x + -1) and evaluate it at x = -3.,32,2,False,transformed_expression,,,expansion,,, 2
test_seen_00012,baseline,500,seen,Two linear constraints hold: 4x + 5y = -2; 5x + 5y = 5. Determine x.,7,-1,False,two_linear_relations,,,elimination,,, -1
test_seen_00013,baseline,500,seen,The linked relations are y = 5x + 6 and x + y = -30. What is y?,-24,-48,False,two_linear_relations,,,substitution,,, -48
test_seen_00014,baseline,500,seen,Evaluate 29^2 - 12^2 by rewriting it as a product.,697,805,False,polynomial_identity,,,factorization,,, 805
test_seen_00015,baseline,500,seen,Use the binomial-square identity to compute (7 + 22)^2.,841,1849,False,polynomial_identity,,,expansion,,, 1849
test_seen_00016,baseline,500,seen,Scale the ratio 11:10 to 22:x. Find x.,20,220,False,equivalent_ratios,,,proportional_scaling,,, 220
test_seen_00017,baseline,500,seen,Cross-multiply 13:7 = 91:x and determine x.,49,53,False,equivalent_ratios,,,cross_multiplication,,, 53
test_seen_00018,baseline,500,seen,"Given a1 = 18 and a(n+1) = a(n) - 7, find a11.",-52,-50,False,additive_recurrence,,,iteration,,, -50
test_seen_00019,baseline,500,seen,Use the closed form b(n) = -13 + (n - 1)(1) to find b(10).,-4,-2,False,additive_recurrence,,,substitution,,, -2
test_seen_00020,baseline,500,seen,Two numbers have sum 22 and product 117. Compute the sum of their squares from the symmetric identity.,250,308,False,symmetric_sum_product,,,expansion,,, 308
test_seen_00021,baseline,500,seen,The roots of t^2 - 23t + 120 = 0 are r and s. Find r^2 + s^2 by factoring the quadratic.,289,452,False,symmetric_sum_product,,,factorization,,, 452
test_seen_00022,baseline,500,seen,Evaluate the transformed expression z^2 + 5z - 11 at z = 0.,-11,-12,False,transformed_expression,,,substitution,,, -12
test_seen_00023,baseline,500,seen,"Open the product (x + 3)(x + 9), then set x = 5.",112,120,False,transformed_expression,,,expansion,,, 120
test_seen_00024,baseline,500,seen,Solve the simultaneous relations 5x - 4y = 30 and 5x - 3y = 25. Find y.,-5,-1,False,two_linear_relations,,,elimination,,, -1
test_seen_00025,baseline,500,seen,"Given y = 4x + 5, insert it into 3x + 5y = -113 and find x.",-6,-8,False,two_linear_relations,,,substitution,,, -8
test_seen_00026,baseline,500,seen,Use the product pattern for a difference of squares to compute 12^2 - 11^2.,23,89,False,polynomial_identity,,,factorization,,, 89
test_seen_00027,baseline,500,seen,Expand the square and evaluate (8 + 9)^2.,289,361,False,polynomial_identity,,,expansion,,, 361
test_seen_00028,baseline,500,seen,"At a fixed rate, 13 items cost 2 dollars. What do 52 items cost?",8,104,False,equivalent_ratios,,,proportional_scaling,,, 104
test_seen_00029,baseline,500,seen,Solve the proportion 3/19 = 21/x for x.,133,137,False,equivalent_ratios,,,cross_multiplication,,, 137
test_seen_00030,baseline,500,seen,A sequence starts at 11 and changes by -1 each term. Iterate to find term 15.,-3,-16,False,additive_recurrence,,,iteration,,, -16
test_seen_00031,baseline,500,seen,An arithmetic sequence has formula a(n) = 9 + (n - 1)(2). Substitute n = 9.,25,23,False,additive_recurrence,,,substitution,,, 23
test_seen_00032,baseline,500,seen,"If x + y = -6 and xy = -91, use a square expansion to find x^2 + y^2.",218,145,False,symmetric_sum_product,,,expansion,,, 145
test_seen_00033,baseline,500,seen,"Factor t^2 + 27t + 182 = 0 to obtain its two roots, then give the sum of their squares.",365,395,False,symmetric_sum_product,,,factorization,,, 395
test_seen_00034,baseline,500,seen,"For f(t) = -2t^2 + 4t - 6, substitute t = 3 and find f(3).",-12,-15,False,transformed_expression,,,substitution,,, -15
test_seen_00035,baseline,500,seen,Expand (z + 8)(z + 2) and evaluate it at z = -3.,-5,-15,False,transformed_expression,,,expansion,,, -15
test_seen_00036,baseline,500,seen,Two linear constraints hold: -3x + 3y = -15; -3x - 2y = -35. Determine x.,9,-4,False,two_linear_relations,,,elimination,,, -4
test_seen_00037,baseline,500,seen,The linked relations are y = -x - 1 and x - 2y = -4. What is x?,-2,-3,False,two_linear_relations,,,substitution,,, -3
test_seen_00038,baseline,500,seen,Evaluate 79^2 - 26^2 by rewriting it as a product.,5565,4805,False,polynomial_identity,,,factorization,,, 4805
test_seen_00039,baseline,500,seen,Use the binomial-square identity to compute (26 + 16)^2.,1764,908,False,polynomial_identity,,,expansion,,, 908
test_seen_00040,baseline,500,seen,Scale the ratio 9:18 to 18:x. Find x.,36,2},False,equivalent_ratios,,,proportional_scaling,,, 2}
test_seen_00041,baseline,500,seen,Cross-multiply 3:2 = 6:x and determine x.,4,4,True,equivalent_ratios,,,cross_multiplication,,, 4
test_seen_00042,baseline,500,seen,"Given a1 = -19 and a(n+1) = a(n) + 9, find a12.",80,-86,False,additive_recurrence,,,iteration,,, -86
test_seen_00043,baseline,500,seen,Use the closed form b(n) = 12 + (n - 1)(8) to find b(11).,92,96,False,additive_recurrence,,,substitution,,, 96
test_seen_00044,baseline,500,seen,Two numbers have sum 3 and product -180. Compute the sum of their squares from the symmetric identity.,369,249,False,symmetric_sum_product,,,expansion,,, 249
test_seen_00045,baseline,500,seen,The roots of t^2 + 15t + 56 = 0 are r and s. Find r^2 + s^2 by factoring the quadratic.,113,137,False,symmetric_sum_product,,,factorization,,, 137
test_seen_00046,baseline,500,seen,Evaluate the transformed expression -3z^2 + 6z + 12 at z = -1.,3,-9,False,transformed_expression,,,substitution,,, -9
test_seen_00047,baseline,500,seen,"Open the product (x + -6)(x + -3), then set x = -7.",130,0,False,transformed_expression,,,expansion,,, 0
test_seen_00048,baseline,500,seen,Solve the simultaneous relations 4x + 4y = -32 and x - 2y = 10. Find y.,-6,-5,False,two_linear_relations,,,elimination,,, -5
test_seen_00049,baseline,500,seen,"Given y = -4x - 8, insert it into -3x + 2y = -60 and find x.",4,-10,False,two_linear_relations,,,substitution,,, -10
test_seen_00050,baseline,500,seen,Use the product pattern for a difference of squares to compute 44^2 - 23^2.,1407,1655,False,polynomial_identity,,,factorization,,, 1655
test_seen_00051,baseline,500,seen,Expand the square and evaluate (18 + 36)^2.,2916,10496,False,polynomial_identity,,,expansion,,, 10496
test_seen_00052,baseline,500,seen,"At a fixed rate, 10 items cost 20 dollars. What do 40 items cost?",80,80,True,equivalent_ratios,,,proportional_scaling,,, 80
test_seen_00053,baseline,500,seen,Solve the proportion 13/9 = 52/x for x.,36,48,False,equivalent_ratios,,,cross_multiplication,,, 48
test_seen_00054,baseline,500,seen,A sequence starts at -8 and changes by -2 each term. Iterate to find term 3.,-12,-10,False,additive_recurrence,,,iteration,,, -10
test_seen_00055,baseline,500,seen,An arithmetic sequence has formula a(n) = -15 + (n - 1)(-1). Substitute n = 10.,-24,-2,False,additive_recurrence,,,substitution,,, -2
test_seen_00056,baseline,500,seen,"If x + y = 4 and xy = -77, use a square expansion to find x^2 + y^2.",170,160,False,symmetric_sum_product,,,expansion,,, 160
test_seen_00057,baseline,500,seen,"Factor t^2 - 15t + 50 = 0 to obtain its two roots, then give the sum of their squares.",125,355,False,symmetric_sum_product,,,factorization,,, 355
test_seen_00058,baseline,500,seen,"For f(t) = -4t^2 + 7t + 10, substitute t = -2 and find f(-2).",-20,-38,False,transformed_expression,,,substitution,,, -38
test_seen_00059,baseline,500,seen,Expand (x + -6)(x + 0) and evaluate it at x = -4.,40,-32,False,transformed_expression,,,expansion,,, -32
test_seen_00060,baseline,500,seen,Two linear constraints hold: 5x - 3y = -33; -x + 4y = 27. Determine y.,6,-10,False,two_linear_relations,,,elimination,,, -10
test_seen_00061,baseline,500,seen,The linked relations are y = 3x + 6 and -x + 4y = 24. What is y?,6,18,False,two_linear_relations,,,substitution,,, 18
test_seen_00062,baseline,500,seen,Evaluate 76^2 - 29^2 by rewriting it as a product.,4935,4805,False,polynomial_identity,,,factorization,,, 4805
test_seen_00063,baseline,500,seen,Use the binomial-square identity to compute (29 + 35)^2.,4096,1684,False,polynomial_identity,,,expansion,,, 1684
test_seen_00064,baseline,500,seen,Scale the ratio 3:8 to 33:x. Find x.,88,264,False,equivalent_ratios,,,proportional_scaling,,, 264
test_seen_00065,baseline,500,seen,Cross-multiply 13:6 = 143:x and determine x.,66,78,False,equivalent_ratios,,,cross_multiplication,,, 78
test_seen_00066,baseline,500,seen,"Given a1 = 18 and a(n+1) = a(n) - 9, find a13.",-90,-72,False,additive_recurrence,,,iteration,,, -72
test_seen_00067,baseline,500,seen,Use the closed form b(n) = -14 + (n - 1)(-7) to find b(15).,-112,-8,False,additive_recurrence,,,substitution,,, -8
test_seen_00068,baseline,500,seen,Two numbers have sum 18 and product 65. Compute the sum of their squares from the symmetric identity.,194,204,False,symmetric_sum_product,,,expansion,,, 204
test_seen_00069,baseline,500,seen,The roots of t^2 + 17t + 72 = 0 are r and s. Find r^2 + s^2 by factoring the quadratic.,145,259,False,symmetric_sum_product,,,factorization,,, 259
test_seen_00070,baseline,500,seen,Evaluate the transformed expression -2z^2 + 8z - 11 at z = -3.,-53,-14,False,transformed_expression,,,substitution,,, -14
test_seen_00071,baseline,500,seen,"Open the product (t + -5)(t + 5), then set t = 0.",-25,-25,True,transformed_expression,,,expansion,,, -25
test_seen_00072,baseline,500,seen,Solve the simultaneous relations -2x - 2y = 14 and 2x - 3y = 21. Find y.,-7,-5,False,two_linear_relations,,,elimination,,, -5
test_seen_00073,baseline,500,seen,"Given y = 2x - 1, insert it into 5x - y = 1 and find x.",0,0,True,two_linear_relations,,,substitution,,, 0
test_seen_00074,baseline,500,seen,Use the product pattern for a difference of squares to compute 52^2 - 13^2.,2535,2497,False,polynomial_identity,,,factorization,,, 2497
test_seen_00075,baseline,500,seen,Expand the square and evaluate (10 + 11)^2.,441,345,False,polynomial_identity,,,expansion,,, 345
test_seen_00076,baseline,500,seen,"At a fixed rate, 4 items cost 7 dollars. What do 20 items cost?",35,35,True,equivalent_ratios,,,proportional_scaling,,, 35
test_seen_00077,baseline,500,seen,Solve the proportion 11/18 = 132/x for x.,216,224,False,equivalent_ratios,,,cross_multiplication,,, 224
test_seen_00078,baseline,500,seen,A sequence starts at -8 and changes by -1 each term. Iterate to find term 10.,-17,-95,False,additive_recurrence,,,iteration,,, -95
test_seen_00079,baseline,500,seen,An arithmetic sequence has formula a(n) = 4 + (n - 1)(8). Substitute n = 5.,36,37,False,additive_recurrence,,,substitution,,, 37
test_seen_00080,baseline,500,seen,"If x + y = 1 and xy = -156, use a square expansion to find x^2 + y^2.",313,307,False,symmetric_sum_product,,,expansion,,, 307
test_seen_00081,baseline,500,seen,"Factor t^2 - 19t + 88 = 0 to obtain its two roots, then give the sum of their squares.",185,375,False,symmetric_sum_product,,,factorization,,, 375
test_seen_00082,baseline,500,seen,"For f(t) = 4t^2 + 3t - 8, substitute t = -6 and find f(-6).",118,-10,False,transformed_expression,,,substitution,,, -10
test_seen_00083,baseline,500,seen,Expand (t + 3)(t + -1) and evaluate it at t = 1.,0,-2,False,transformed_expression,,,expansion,,, -2
test_seen_00084,baseline,500,seen,Two linear constraints hold: 4x + 3y = -39; x - 5y = 19. Determine y.,-5,-2,False,two_linear_relations,,,elimination,,, -2
test_seen_00085,baseline,500,seen,The linked relations are y = 3x + 6 and 4x + 3y = 135. What is x?,9,9,True,two_linear_relations,,,substitution,,, 9
test_seen_00086,baseline,500,seen,Evaluate 65^2 - 2^2 by rewriting it as a product.,4221,4081,False,polynomial_identity,,,factorization,,, 4081
test_seen_00087,baseline,500,seen,Use the binomial-square identity to compute (32 + 6)^2.,1444,1080,False,polynomial_identity,,,expansion,,, 1080
test_seen_00088,baseline,500,seen,Scale the ratio 3:23 to 18:x. Find x.,138,112,False,equivalent_ratios,,,proportional_scaling,,, 112
test_seen_00089,baseline,500,seen,Cross-multiply 9:4 = 45:x and determine x.,20,20,True,equivalent_ratios,,,cross_multiplication,,, 20
test_seen_00090,baseline,500,seen,"Given a1 = 14 and a(n+1) = a(n) + 5, find a10.",59,69,False,additive_recurrence,,,iteration,,, 69
test_seen_00091,baseline,500,seen,Use the closed form b(n) = -11 + (n - 1)(-4) to find b(8).,-39,-35,False,additive_recurrence,,,substitution,,, -35
test_seen_00092,baseline,500,seen,Two numbers have sum -28 and product 195. Compute the sum of their squares from the symmetric identity.,394,364,False,symmetric_sum_product,,,expansion,,, 364
test_seen_00093,baseline,500,seen,The roots of t^2 + 12t + 35 = 0 are r and s. Find r^2 + s^2 by factoring the quadratic.,74,148,False,symmetric_sum_product,,,factorization,,, 148
test_seen_00094,baseline,500,seen,Evaluate the transformed expression -5z^2 - 6z + 5 at z = 6.,-211,-19,False,transformed_expression,,,substitution,,, -19
test_seen_00095,baseline,500,seen,"Open the product (z + 0)(z + -5), then set z = -7.",84,-14,False,transformed_expression,,,expansion,,, -14
test_seen_00096,baseline,500,seen,Solve the simultaneous relations -5x - 5y = 5 and 5x - 4y = 22. Find x.,2,-3,False,two_linear_relations,,,elimination,,, -3
test_seen_00097,baseline,500,seen,"Given y = -2x - 2, insert it into -2x - 5y = -38 and find y.",10,-1,False,two_linear_relations,,,substitution,,, -1
test_seen_00098,baseline,500,seen,Use the product pattern for a difference of squares to compute 19^2 - 4^2.,345,305,False,polynomial_identity,,,factorization,,, 305
test_seen_00099,baseline,500,seen,Expand the square and evaluate (8 + 21)^2.,841,3025,False,polynomial_identity,,,expansion,,, 3025
test_seen_00100,baseline,500,seen,"At a fixed rate, 3 items cost 21 dollars. What do 6 items cost?",42,42,True,equivalent_ratios,,,proportional_scaling,,, 42
test_seen_00101,baseline,500,seen,Solve the proportion 12/9 = 120/x for x.,90,75,False,equivalent_ratios,,,cross_multiplication,,, 75
test_seen_00102,baseline,500,seen,A sequence starts at -4 and changes by -1 each term. Iterate to find term 9.,-12,-25,False,additive_recurrence,,,iteration,,, -25
test_seen_00103,baseline,500,seen,An arithmetic sequence has formula a(n) = 18 + (n - 1)(-4). Substitute n = 15.,-38,-62,False,additive_recurrence,,,substitution,,, -62
test_seen_00104,baseline,500,seen,"If x + y = -5 and xy = -50, use a square expansion to find x^2 + y^2.",125,100,False,symmetric_sum_product,,,expansion,,, 100
test_seen_00105,baseline,500,seen,"Factor t^2 - 2t - 35 = 0 to obtain its two roots, then give the sum of their squares.",74,148,False,symmetric_sum_product,,,factorization,,, 148
test_seen_00106,baseline,500,seen,"For f(t) = 3t^2 + 5t + 8, substitute t = 4 and find f(4).",76,106,False,transformed_expression,,,substitution,,, 106
test_seen_00107,baseline,500,seen,Expand (t + 3)(t + 0) and evaluate it at t = 0.,0,0,True,transformed_expression,,,expansion,,, 0
test_seen_00108,baseline,500,seen,Two linear constraints hold: 2x + y = 15; 5x + 2y = 39. Determine x.,9,4,False,two_linear_relations,,,elimination,,, 4
test_seen_00109,baseline,500,seen,The linked relations are y = 6 - 3x and -5x + 5y = -110. What is x?,7,-8,False,two_linear_relations,,,substitution,,, -8
test_seen_00110,baseline,500,seen,Evaluate 19^2 - 9^2 by rewriting it as a product.,280,308,False,polynomial_identity,,,factorization,,, 308
test_seen_00111,baseline,500,seen,Use the binomial-square identity to compute (30 + 6)^2.,1296,1176,False,polynomial_identity,,,expansion,,, 1176
test_seen_00112,baseline,500,seen,Scale the ratio 3:5 to 27:x. Find x.,45,45,True,equivalent_ratios,,,proportional_scaling,,, 45
test_seen_00113,baseline,500,seen,Cross-multiply 12:10 = 24:x and determine x.,20,20,True,equivalent_ratios,,,cross_multiplication,,, 20
test_seen_00114,baseline,500,seen,"Given a1 = 12 and a(n+1) = a(n) + 8, find a9.",76,76,True,additive_recurrence,,,iteration,,, 76
test_seen_00115,baseline,500,seen,Use the closed form b(n) = -6 + (n - 1)(7) to find b(15).,92,8,False,additive_recurrence,,,substitution,,, 8
test_seen_00116,baseline,500,seen,Two numbers have sum -23 and product 120. Compute the sum of their squares from the symmetric identity.,289,269,False,symmetric_sum_product,,,expansion,,, 269
test_seen_00117,baseline,500,seen,The roots of t^2 + 9t + 20 = 0 are r and s. Find r^2 + s^2 by factoring the quadratic.,41,149,False,symmetric_sum_product,,,factorization,,, 149
test_seen_00118,baseline,500,seen,Evaluate the transformed expression -4z^2 + 4z - 10 at z = -5.,-130,-68,False,transformed_expression,,,substitution,,, -68
test_seen_00119,baseline,500,seen,"Open the product (x + -10)(x + 6), then set x = 2.",-64,-4,False,transformed_expression,,,expansion,,, -4
test_unseen_00000,baseline,500,unseen,The lines 3x - 4y = -16 and -3x + y = -5 intersect. Give their x-coordinate.,4,-2,False,two_linear_relations,,,elimination,,, -2
test_unseen_00001,baseline,500,unseen,One variable is isolated in y = -5x - 1; use the other constraint -4x + 5y = -5 to obtain x.,0,-2,False,two_linear_relations,,,substitution,,, -2
test_unseen_00002,baseline,500,unseen,"Without separately squaring both numbers, find the difference between 29 squared and 8 squared.",777,73,False,polynomial_identity,,,factorization,,, 73
test_unseen_00003,baseline,500,unseen,What number results from opening the brackets in (34 + 21)(34 + 21)?,3025,2025,False,polynomial_identity,,,expansion,,, 2025
test_unseen_00004,baseline,500,unseen,A batch of 8 units has value 20. Find the value of a same-rate batch of 96 units.,240,180,False,equivalent_ratios,,,proportional_scaling,,, 180
test_unseen_00005,baseline,500,unseen,Complete the equivalent fractions: 14/12 = 112/[blank].,96,96,True,equivalent_ratios,,,cross_multiplication,,, 96
test_unseen_00006,baseline,500,unseen,A machine begins at 2 and applies a change of -7 for 7 rounds. What is its final value?,-47,-15,False,additive_recurrence,,,iteration,,, -15
test_unseen_00007,baseline,500,unseen,The repeated-change process is summarized by c(k) = -2 + (k - 1)(-4). Evaluate it at k = 4.,-14,-9,False,additive_recurrence,,,substitution,,, -9
test_unseen_00008,baseline,500,unseen,"Knowing only that p + q = -12 and pq = -13, determine p^2 + q^2 by opening (p + q)^2.",170,50,False,symmetric_sum_product,,,expansion,,, 50
test_unseen_00009,baseline,500,unseen,Split the quadratic t^2 + 9t - 36 into linear factors and report the squared-root sum.,153,180,False,symmetric_sum_product,,,factorization,,, 180
test_unseen_00010,baseline,500,unseen,Insert u = 3 into -u^2 + 2u - 9. What value results?,-12,-18,False,transformed_expression,,,substitution,,, -18
test_unseen_00011,baseline,500,unseen,"After multiplying out the two shifted factors (t + -1) and (t + -9), find the result when t is -2.",33,3,False,transformed_expression,,,expansion,,, 3
test_unseen_00012,baseline,500,unseen,The lines 2x - 2y = -24 and -2x - 3y = -6 intersect. Give their y-coordinate.,6,0,False,two_linear_relations,,,elimination,,, 0
test_unseen_00013,baseline,500,unseen,One variable is isolated in y = -5x - 7; use the other constraint 2x - 5y = -19 to obtain y.,3,-3,False,two_linear_relations,,,substitution,,, -3
test_unseen_00014,baseline,500,unseen,"Without separately squaring both numbers, find the difference between 79 squared and 25 squared.",5616,416,False,polynomial_identity,,,factorization,,, 416
test_unseen_00015,baseline,500,unseen,What number results from opening the brackets in (32 + 31)(32 + 31)?,3969,4096,False,polynomial_identity,,,expansion,,, 4096
test_unseen_00016,baseline,500,unseen,A batch of 14 units has value 19. Find the value of a same-rate batch of 154 units.,209,268,False,equivalent_ratios,,,proportional_scaling,,, 268
test_unseen_00017,baseline,500,unseen,Complete the equivalent fractions: 5/17 = 20/[blank].,68,68,True,equivalent_ratios,,,cross_multiplication,,, 68
test_unseen_00018,baseline,500,unseen,A machine begins at 9 and applies a change of 3 for 11 rounds. What is its final value?,42,24,False,additive_recurrence,,,iteration,,, 24
test_unseen_00019,baseline,500,unseen,The repeated-change process is summarized by c(k) = -18 + (k - 1)(-1). Evaluate it at k = 5.,-22,-9,False,additive_recurrence,,,substitution,,, -9
test_unseen_00020,baseline,500,unseen,"Knowing only that p + q = -2 and pq = -195, determine p^2 + q^2 by opening (p + q)^2.",394,364,False,symmetric_sum_product,,,expansion,,, 364
test_unseen_00021,baseline,500,unseen,Split the quadratic t^2 - 12t + 27 into linear factors and report the squared-root sum.,90,36,False,symmetric_sum_product,,,factorization,,, 36
test_unseen_00022,baseline,500,unseen,Insert u = 2 into 5u^2 + u - 1. What value results?,21,3,False,transformed_expression,,,substitution,,, 3
test_unseen_00023,baseline,500,unseen,"After multiplying out the two shifted factors (t + -4) and (t + 2), find the result when t is -6.",40,-10,False,transformed_expression,,,expansion,,, -10
test_unseen_00024,baseline,500,unseen,The lines -2x + 4y = -26 and -5x + y = -11 intersect. Give their x-coordinate.,1,-3,False,two_linear_relations,,,elimination,,, -3
test_unseen_00025,baseline,500,unseen,One variable is isolated in y = -4x - 4; use the other constraint -3x - 5y = 122 to obtain y.,-28,-8,False,two_linear_relations,,,substitution,,, -8
test_unseen_00026,baseline,500,unseen,"Without separately squaring both numbers, find the difference between 48 squared and 43 squared.",455,125,False,polynomial_identity,,,factorization,,, 125
test_unseen_00027,baseline,500,unseen,What number results from opening the brackets in (19 + 6)(19 + 6)?,625,320,False,polynomial_identity,,,expansion,,, 320
test_unseen_00028,baseline,500,unseen,A batch of 8 units has value 10. Find the value of a same-rate batch of 16 units.,20,20,True,equivalent_ratios,,,proportional_scaling,,, 20
test_unseen_00029,baseline,500,unseen,Complete the equivalent fractions: 13/18 = 52/[blank].,72,104,False,equivalent_ratios,,,cross_multiplication,,, 104
test_unseen_00030,baseline,500,unseen,A machine begins at 20 and applies a change of -3 for 2 rounds. What is its final value?,14,-6,False,additive_recurrence,,,iteration,,, -6
test_unseen_00031,baseline,500,unseen,The repeated-change process is summarized by c(k) = -3 + (k - 1)(7). Evaluate it at k = 7.,39,40,False,additive_recurrence,,,substitution,,, 40
test_unseen_00032,baseline,500,unseen,"Knowing only that p + q = -12 and pq = -13, determine p^2 + q^2 by opening (p + q)^2.",170,50,False,symmetric_sum_product,,,expansion,,, 50
test_unseen_00033,baseline,500,unseen,Split the quadratic t^2 - 21t + 108 into linear factors and report the squared-root sum.,225,369,False,symmetric_sum_product,,,factorization,,, 369
test_unseen_00034,baseline,500,unseen,Insert u = 5 into 5u^2 + 2u + 5. What value results?,140,40,False,transformed_expression,,,substitution,,, 40
test_unseen_00035,baseline,500,unseen,"After multiplying out the two shifted factors (t + 5) and (t + -8), find the result when t is -3.",-22,-16,False,transformed_expression,,,expansion,,, -16
test_unseen_00036,baseline,500,unseen,The lines x - y = -3 and 3x + 2y = 6 intersect. Give their x-coordinate.,0,1,False,two_linear_relations,,,elimination,,, 1
test_unseen_00037,baseline,500,unseen,One variable is isolated in y = -x - 4; use the other constraint -4x + 3y = -19 to obtain y.,-5,-2,False,two_linear_relations,,,substitution,,, -2
test_unseen_00038,baseline,500,unseen,"Without separately squaring both numbers, find the difference between 66 squared and 43 squared.",2507,1059,False,polynomial_identity,,,factorization,,, 1059
test_unseen_00039,baseline,500,unseen,What number results from opening the brackets in (30 + 7)(30 + 7)?,1369,240,False,polynomial_identity,,,expansion,,, 240
test_unseen_00040,baseline,500,unseen,A batch of 11 units has value 6. Find the value of a same-rate batch of 66 units.,36,39,False,equivalent_ratios,,,proportional_scaling,,, 39
test_unseen_00041,baseline,500,unseen,Complete the equivalent fractions: 13/19 = 78/[blank].,114,26,False,equivalent_ratios,,,cross_multiplication,,, 26
test_unseen_00042,baseline,500,unseen,A machine begins at 12 and applies a change of 3 for 5 rounds. What is its final value?,27,6,False,additive_recurrence,,,iteration,,, 6
test_unseen_00043,baseline,500,unseen,The repeated-change process is summarized by c(k) = -18 + (k - 1)(-2). Evaluate it at k = 11.,-38,-30,False,additive_recurrence,,,substitution,,, -30
test_unseen_00044,baseline,500,unseen,"Knowing only that p + q = -13 and pq = 0, determine p^2 + q^2 by opening (p + q)^2.",169,169,True,symmetric_sum_product,,,expansion,,, 169
test_unseen_00045,baseline,500,unseen,Split the quadratic t^2 + 6t - 7 into linear factors and report the squared-root sum.,50,10,False,symmetric_sum_product,,,factorization,,, 10
test_unseen_00046,baseline,500,unseen,Insert u = -3 into 2u^2 - 4u + 2. What value results?,32,-1,False,transformed_expression,,,substitution,,, -1
test_unseen_00047,baseline,500,unseen,"After multiplying out the two shifted factors (z + -6) and (z + -3), find the result when z is 7.",4,10,False,transformed_expression,,,expansion,,, 10
test_unseen_00048,baseline,500,unseen,The lines -3x - 5y = -41 and -4x + y = -1 intersect. Give their y-coordinate.,7,-2,False,two_linear_relations,,,elimination,,, -2
test_unseen_00049,baseline,500,unseen,One variable is isolated in y = 5x + 8; use the other constraint 3x - 2y = -37 to obtain x.,3,-4,False,two_linear_relations,,,substitution,,, -4
test_unseen_00050,baseline,500,unseen,"Without separately squaring both numbers, find the difference between 31 squared and 12 squared.",817,95,False,polynomial_identity,,,factorization,,, 95
test_unseen_00051,baseline,500,unseen,What number results from opening the brackets in (2 + 23)(2 + 23)?,625,524,False,polynomial_identity,,,expansion,,, 524
test_unseen_00052,baseline,500,unseen,A batch of 2 units has value 19. Find the value of a same-rate batch of 12 units.,114,38,False,equivalent_ratios,,,proportional_scaling,,, 38
test_unseen_00053,baseline,500,unseen,Complete the equivalent fractions: 11/6 = 55/[blank].,30,33,False,equivalent_ratios,,,cross_multiplication,,, 33
test_unseen_00054,baseline,500,unseen,A machine begins at -10 and applies a change of -3 for 10 rounds. What is its final value?,-40,-27,False,additive_recurrence,,,iteration,,, -27
test_unseen_00055,baseline,500,unseen,The repeated-change process is summarized by c(k) = -19 + (k - 1)(-7). Evaluate it at k = 4.,-40,-50,False,additive_recurrence,,,substitution,,, -50
test_unseen_00056,baseline,500,unseen,"Knowing only that p + q = 3 and pq = 2, determine p^2 + q^2 by opening (p + q)^2.",5,7,False,symmetric_sum_product,,,expansion,,, 7
test_unseen_00057,baseline,500,unseen,Split the quadratic t^2 + 9t - 70 into linear factors and report the squared-root sum.,221,139,False,symmetric_sum_product,,,factorization,,, 139
test_unseen_00058,baseline,500,unseen,Insert u = -3 into -u^2 + 4u - 8. What value results?,-29,-16,False,transformed_expression,,,substitution,,, -16
test_unseen_00059,baseline,500,unseen,"After multiplying out the two shifted factors (z + 10) and (z + -5), find the result when z is 3.",-26,2,False,transformed_expression,,,expansion,,, 2
test_unseen_00060,baseline,500,unseen,The lines 4x - y = -29 and -5x - 5y = 30 intersect. Give their x-coordinate.,-7,-1,False,two_linear_relations,,,elimination,,, -1
test_unseen_00061,baseline,500,unseen,One variable is isolated in y = -2x - 8; use the other constraint -3x - 4y = 2 to obtain x.,-6,-1,False,two_linear_relations,,,substitution,,, -1
test_unseen_00062,baseline,500,unseen,"Without separately squaring both numbers, find the difference between 45 squared and 37 squared.",656,108,False,polynomial_identity,,,factorization,,, 108
test_unseen_00063,baseline,500,unseen,What number results from opening the brackets in (12 + 29)(12 + 29)?,1681,768,False,polynomial_identity,,,expansion,,, 768
test_unseen_00064,baseline,500,unseen,A batch of 8 units has value 13. Find the value of a same-rate batch of 48 units.,78,52,False,equivalent_ratios,,,proportional_scaling,,, 52
test_unseen_00065,baseline,500,unseen,Complete the equivalent fractions: 11/10 = 55/[blank].,50,20,False,equivalent_ratios,,,cross_multiplication,,, 20
test_unseen_00066,baseline,500,unseen,A machine begins at -11 and applies a change of 1 for 6 rounds. What is its final value?,-5,5,False,additive_recurrence,,,iteration,,, 5
test_unseen_00067,baseline,500,unseen,The repeated-change process is summarized by c(k) = 5 + (k - 1)(-4). Evaluate it at k = 13.,-43,-62,False,additive_recurrence,,,substitution,,, -62
test_unseen_00068,baseline,500,unseen,"Knowing only that p + q = 5 and pq = -150, determine p^2 + q^2 by opening (p + q)^2.",325,325,True,symmetric_sum_product,,,expansion,,, 325
test_unseen_00069,baseline,500,unseen,Split the quadratic t^2 + 10t into linear factors and report the squared-root sum.,100,50,False,symmetric_sum_product,,,factorization,,, 50
test_unseen_00070,baseline,500,unseen,Insert u = 0 into -u^2 + 6u + 3. What value results?,3,9,False,transformed_expression,,,substitution,,, 9
test_unseen_00071,baseline,500,unseen,"After multiplying out the two shifted factors (z + -1) and (z + -1), find the result when z is 4.",9,2,False,transformed_expression,,,expansion,,, 2
test_unseen_00072,baseline,500,unseen,The lines x + 2y = 17 and 2x - 4y = -14 intersect. Give their y-coordinate.,6,-3,False,two_linear_relations,,,elimination,,, -3
test_unseen_00073,baseline,500,unseen,One variable is isolated in y = -2x; use the other constraint -2x + 3y = -72 to obtain x.,9,-18,False,two_linear_relations,,,substitution,,, -18
test_unseen_00074,baseline,500,unseen,"Without separately squaring both numbers, find the difference between 27 squared and 24 squared.",153,153,True,polynomial_identity,,,factorization,,, 153
test_unseen_00075,baseline,500,unseen,What number results from opening the brackets in (25 + 16)(25 + 16)?,1681,800,False,polynomial_identity,,,expansion,,, 800
test_unseen_00076,baseline,500,unseen,A batch of 8 units has value 11. Find the value of a same-rate batch of 64 units.,88,77,False,equivalent_ratios,,,proportional_scaling,,, 77
test_unseen_00077,baseline,500,unseen,Complete the equivalent fractions: 3/2 = 24/[blank].,16,8,False,equivalent_ratios,,,cross_multiplication,,, 8
test_unseen_00078,baseline,500,unseen,A machine begins at -6 and applies a change of 9 for 6 rounds. What is its final value?,48,0,False,additive_recurrence,,,iteration,,, 0
test_unseen_00079,baseline,500,unseen,The repeated-change process is summarized by c(k) = -19 + (k - 1)(-4). Evaluate it at k = 15.,-75,-67,False,additive_recurrence,,,substitution,,, -67
test_unseen_00080,baseline,500,unseen,"Knowing only that p + q = -4 and pq = -45, determine p^2 + q^2 by opening (p + q)^2.",106,169,False,symmetric_sum_product,,,expansion,,, 169
test_unseen_00081,baseline,500,unseen,Split the quadratic t^2 - t - 30 into linear factors and report the squared-root sum.,61,18,False,symmetric_sum_product,,,factorization,,, 18
test_unseen_00082,baseline,500,unseen,Insert u = -7 into u^2 + 6u + 3. What value results?,10,10,True,transformed_expression,,,substitution,,, 10
test_unseen_00083,baseline,500,unseen,"After multiplying out the two shifted factors (t + 8) and (t + 8), find the result when t is -7.",1,-12,False,transformed_expression,,,expansion,,, -12
test_unseen_00084,baseline,500,unseen,The lines 2x - 5y = 2 and -4x - y = 18 intersect. Give their y-coordinate.,-2,-3,False,two_linear_relations,,,elimination,,, -3
test_unseen_00085,baseline,500,unseen,One variable is isolated in y = 6 - 3x; use the other constraint -x - 5y = -114 to obtain x.,-6,-2,False,two_linear_relations,,,substitution,,, -2
test_unseen_00086,baseline,500,unseen,"Without separately squaring both numbers, find the difference between 37 squared and 35 squared.",144,1,False,polynomial_identity,,,factorization,,, 1
test_unseen_00087,baseline,500,unseen,What number results from opening the brackets in (24 + 6)(24 + 6)?,900,150,False,polynomial_identity,,,expansion,,, 150
test_unseen_00088,baseline,500,unseen,A batch of 2 units has value 2. Find the value of a same-rate batch of 4 units.,4,8,False,equivalent_ratios,,,proportional_scaling,,, 8
test_unseen_00089,baseline,500,unseen,Complete the equivalent fractions: 14/19 = 140/[blank].,190,19,False,equivalent_ratios,,,cross_multiplication,,, 19
test_unseen_00090,baseline,500,unseen,A machine begins at 1 and applies a change of 7 for 3 rounds. What is its final value?,22,20,False,additive_recurrence,,,iteration,,, 20
test_unseen_00091,baseline,500,unseen,The repeated-change process is summarized by c(k) = 14 + (k - 1)(2). Evaluate it at k = 10.,32,38,False,additive_recurrence,,,substitution,,, 38
test_unseen_00092,baseline,500,unseen,"Knowing only that p + q = 4 and pq = -96, determine p^2 + q^2 by opening (p + q)^2.",208,384,False,symmetric_sum_product,,,expansion,,, 384
test_unseen_00093,baseline,500,unseen,Split the quadratic t^2 - 20t + 91 into linear factors and report the squared-root sum.,218,346,False,symmetric_sum_product,,,factorization,,, 346
test_unseen_00094,baseline,500,unseen,Insert u = -7 into 4u^2 + 7u - 12. What value results?,135,-59,False,transformed_expression,,,substitution,,, -59
test_unseen_00095,baseline,500,unseen,"After multiplying out the two shifted factors (z + -10) and (z + 2), find the result when z is -7.",85,-5,False,transformed_expression,,,expansion,,, -5
test_unseen_00096,baseline,500,unseen,The lines -4x + 4y = -60 and -2x + 5y = -51 intersect. Give their y-coordinate.,-7,-3,False,two_linear_relations,,,elimination,,, -3
test_unseen_00097,baseline,500,unseen,One variable is isolated in y = 4 - 5x; use the other constraint 3x + 5y = -156 to obtain x.,8,-8,False,two_linear_relations,,,substitution,,, -8
test_unseen_00098,baseline,500,unseen,"Without separately squaring both numbers, find the difference between 75 squared and 6 squared.",5589,4891,False,polynomial_identity,,,factorization,,, 4891
test_unseen_00099,baseline,500,unseen,What number results from opening the brackets in (26 + 9)(26 + 9)?,1225,1456,False,polynomial_identity,,,expansion,,, 1456
test_unseen_00100,baseline,500,unseen,A batch of 10 units has value 6. Find the value of a same-rate batch of 120 units.,72,72,True,equivalent_ratios,,,proportional_scaling,,, 72
test_unseen_00101,baseline,500,unseen,Complete the equivalent fractions: 3/10 = 15/[blank].,50,60,False,equivalent_ratios,,,cross_multiplication,,, 60
test_unseen_00102,baseline,500,unseen,A machine begins at -3 and applies a change of -1 for 5 rounds. What is its final value?,-8,-8,True,additive_recurrence,,,iteration,,, -8
test_unseen_00103,baseline,500,unseen,The repeated-change process is summarized by c(k) = 14 + (k - 1)(2). Evaluate it at k = 4.,20,20,True,additive_recurrence,,,substitution,,, 20
test_unseen_00104,baseline,500,unseen,"Knowing only that p + q = 5 and pq = 4, determine p^2 + q^2 by opening (p + q)^2.",17,37,False,symmetric_sum_product,,,expansion,,, 37
test_unseen_00105,baseline,500,unseen,Split the quadratic t^2 - 4t - 21 into linear factors and report the squared-root sum.,58,30,False,symmetric_sum_product,,,factorization,,, 30
test_unseen_00106,baseline,500,unseen,Insert u = -4 into 4u^2 - 8u - 2. What value results?,94,-10,False,transformed_expression,,,substitution,,, -10
test_unseen_00107,baseline,500,unseen,"After multiplying out the two shifted factors (z + 3) and (z + -10), find the result when z is 4.",-42,2,False,transformed_expression,,,expansion,,, 2
test_unseen_00108,baseline,500,unseen,The lines -3x - 5y = -30 and x - 2y = -1 intersect. Give their x-coordinate.,5,-6,False,two_linear_relations,,,elimination,,, -6
test_unseen_00109,baseline,500,unseen,One variable is isolated in y = 5x + 2; use the other constraint 2x + y = -19 to obtain y.,-13,-3,False,two_linear_relations,,,substitution,,, -3
test_unseen_00110,baseline,500,unseen,"Without separately squaring both numbers, find the difference between 80 squared and 23 squared.",5871,647,False,polynomial_identity,,,factorization,,, 647
test_unseen_00111,baseline,500,unseen,What number results from opening the brackets in (4 + 27)(4 + 27)?,961,160,False,polynomial_identity,,,expansion,,, 160
test_unseen_00112,baseline,500,unseen,A batch of 9 units has value 22. Find the value of a same-rate batch of 63 units.,154,153,False,equivalent_ratios,,,proportional_scaling,,, 153
test_unseen_00113,baseline,500,unseen,Complete the equivalent fractions: 10/10 = 100/[blank].,100,10,False,equivalent_ratios,,,cross_multiplication,,, 10
test_unseen_00114,baseline,500,unseen,A machine begins at 17 and applies a change of 3 for 4 rounds. What is its final value?,29,28,False,additive_recurrence,,,iteration,,, 28
test_unseen_00115,baseline,500,unseen,The repeated-change process is summarized by c(k) = -18 + (k - 1)(7). Evaluate it at k = 15.,80,-9,False,additive_recurrence,,,substitution,,, -9
test_unseen_00116,baseline,500,unseen,"Knowing only that p + q = 7 and pq = 0, determine p^2 + q^2 by opening (p + q)^2.",49,49,True,symmetric_sum_product,,,expansion,,, 49
test_unseen_00117,baseline,500,unseen,Split the quadratic t^2 - 10t + 24 into linear factors and report the squared-root sum.,52,36,False,symmetric_sum_product,,,factorization,,, 36
test_unseen_00118,baseline,500,unseen,Insert u = -4 into -4u^2 - 3. What value results?,-67,-16,False,transformed_expression,,,substitution,,, -16
test_unseen_00119,baseline,500,unseen,"After multiplying out the two shifted factors (z + -1) and (z + 8), find the result when z is 2.",10,0,False,transformed_expression,,,expansion,,, 0
test_seen_00000,oracle,500,seen,Solve the simultaneous relations -4x + 2y = 32 and 4x + 2y = -32. Find x.,-8,-8,True,two_linear_relations,,,elimination,,, -8
test_seen_00001,oracle,500,seen,"Given y = 2x + 3, insert it into 5x + 4y = 103 and find y.",17,8,False,two_linear_relations,,,substitution,,, 8
test_seen_00002,oracle,500,seen,Use the product pattern for a difference of squares to compute 39^2 - 27^2.,792,1080,False,polynomial_identity,,,factorization,,, 1080
test_seen_00003,oracle,500,seen,Expand the square and evaluate (5 + 8)^2.,169,169,True,polynomial_identity,,,expansion,,, 169
test_seen_00004,oracle,500,seen,"At a fixed rate, 8 items cost 6 dollars. What do 24 items cost?",18,18,True,equivalent_ratios,,,proportional_scaling,,, 18
test_seen_00005,oracle,500,seen,Solve the proportion 4/18 = 12/x for x.,54,54,True,equivalent_ratios,,,cross_multiplication,,, 54
test_seen_00006,oracle,500,seen,A sequence starts at 11 and changes by -5 each term. Iterate to find term 15.,-59,-62,False,additive_recurrence,,,iteration,,, -62
test_seen_00007,oracle,500,seen,An arithmetic sequence has formula a(n) = 4 + (n - 1)(8). Substitute n = 7.,52,56,False,additive_recurrence,,,substitution,,, 56
test_seen_00008,oracle,500,seen,"If x + y = -7 and xy = -30, use a square expansion to find x^2 + y^2.",109,89,False,symmetric_sum_product,,,expansion,,, 89
test_seen_00009,oracle,500,seen,"Factor t^2 + 16t + 39 = 0 to obtain its two roots, then give the sum of their squares.",178,80,False,symmetric_sum_product,,,factorization,,, 80
test_seen_00010,oracle,500,seen,"For f(t) = -5t^2 - 7t - 7, substitute t = -7 and find f(-7).",-203,-104,False,transformed_expression,,,substitution,,, -104
test_seen_00011,oracle,500,seen,Expand (x + -5)(x + -1) and evaluate it at x = -3.,32,8,False,transformed_expression,,,expansion,,, 8
test_seen_00012,oracle,500,seen,Two linear constraints hold: 4x + 5y = -2; 5x + 5y = 5. Determine x.,7,-1,False,two_linear_relations,,,elimination,,, -1
test_seen_00013,oracle,500,seen,The linked relations are y = 5x + 6 and x + y = -30. What is y?,-24,18,False,two_linear_relations,,,substitution,,, 18
test_seen_00014,oracle,500,seen,Evaluate 29^2 - 12^2 by rewriting it as a product.,697,805,False,polynomial_identity,,,factorization,,, 805
test_seen_00015,oracle,500,seen,Use the binomial-square identity to compute (7 + 22)^2.,841,1809,False,polynomial_identity,,,expansion,,, 1809
test_seen_00016,oracle,500,seen,Scale the ratio 11:10 to 22:x. Find x.,20,22,False,equivalent_ratios,,,proportional_scaling,,, 22
test_seen_00017,oracle,500,seen,Cross-multiply 13:7 = 91:x and determine x.,49,59,False,equivalent_ratios,,,cross_multiplication,,, 59
test_seen_00018,oracle,500,seen,"Given a1 = 18 and a(n+1) = a(n) - 7, find a11.",-52,-59,False,additive_recurrence,,,iteration,,, -59
test_seen_00019,oracle,500,seen,Use the closed form b(n) = -13 + (n - 1)(1) to find b(10).,-4,-9,False,additive_recurrence,,,substitution,,, -9
test_seen_00020,oracle,500,seen,Two numbers have sum 22 and product 117. Compute the sum of their squares from the symmetric identity.,250,308,False,symmetric_sum_product,,,expansion,,, 308
test_seen_00021,oracle,500,seen,The roots of t^2 - 23t + 120 = 0 are r and s. Find r^2 + s^2 by factoring the quadratic.,289,259,False,symmetric_sum_product,,,factorization,,, 259
test_seen_00022,oracle,500,seen,Evaluate the transformed expression z^2 + 5z - 11 at z = 0.,-11,-11,True,transformed_expression,,,substitution,,, -11
test_seen_00023,oracle,500,seen,"Open the product (x + 3)(x + 9), then set x = 5.",112,120,False,transformed_expression,,,expansion,,, 120
test_seen_00024,oracle,500,seen,Solve the simultaneous relations 5x - 4y = 30 and 5x - 3y = 25. Find y.,-5,1,False,two_linear_relations,,,elimination,,, 1
test_seen_00025,oracle,500,seen,"Given y = 4x + 5, insert it into 3x + 5y = -113 and find x.",-6,-8,False,two_linear_relations,,,substitution,,, -8
test_seen_00026,oracle,500,seen,Use the product pattern for a difference of squares to compute 12^2 - 11^2.,23,89,False,polynomial_identity,,,factorization,,, 89
test_seen_00027,oracle,500,seen,Expand the square and evaluate (8 + 9)^2.,289,361,False,polynomial_identity,,,expansion,,, 361
test_seen_00028,oracle,500,seen,"At a fixed rate, 13 items cost 2 dollars. What do 52 items cost?",8,84,False,equivalent_ratios,,,proportional_scaling,,, 84
test_seen_00029,oracle,500,seen,Solve the proportion 3/19 = 21/x for x.,133,137,False,equivalent_ratios,,,cross_multiplication,,, 137
test_seen_00030,oracle,500,seen,A sequence starts at 11 and changes by -1 each term. Iterate to find term 15.,-3,-14,False,additive_recurrence,,,iteration,,, -14
test_seen_00031,oracle,500,seen,An arithmetic sequence has formula a(n) = 9 + (n - 1)(2). Substitute n = 9.,25,25,True,additive_recurrence,,,substitution,,, 25
test_seen_00032,oracle,500,seen,"If x + y = -6 and xy = -91, use a square expansion to find x^2 + y^2.",218,140,False,symmetric_sum_product,,,expansion,,, 140
test_seen_00033,oracle,500,seen,"Factor t^2 + 27t + 182 = 0 to obtain its two roots, then give the sum of their squares.",365,395,False,symmetric_sum_product,,,factorization,,, 395
test_seen_00034,oracle,500,seen,"For f(t) = -2t^2 + 4t - 6, substitute t = 3 and find f(3).",-12,-18,False,transformed_expression,,,substitution,,, -18
test_seen_00035,oracle,500,seen,Expand (z + 8)(z + 2) and evaluate it at z = -3.,-5,-15,False,transformed_expression,,,expansion,,, -15
test_seen_00036,oracle,500,seen,Two linear constraints hold: -3x + 3y = -15; -3x - 2y = -35. Determine x.,9,4,False,two_linear_relations,,,elimination,,, 4
test_seen_00037,oracle,500,seen,The linked relations are y = -x - 1 and x - 2y = -4. What is x?,-2,-3,False,two_linear_relations,,,substitution,,, -3
test_seen_00038,oracle,500,seen,Evaluate 79^2 - 26^2 by rewriting it as a product.,5565,4805,False,polynomial_identity,,,factorization,,, 4805
test_seen_00039,oracle,500,seen,Use the binomial-square identity to compute (26 + 16)^2.,1764,1024,False,polynomial_identity,,,expansion,,, 1024
test_seen_00040,oracle,500,seen,Scale the ratio 9:18 to 18:x. Find x.,36,2<x,False,equivalent_ratios,,,proportional_scaling,,, 2<x
test_seen_00041,oracle,500,seen,Cross-multiply 3:2 = 6:x and determine x.,4,4,True,equivalent_ratios,,,cross_multiplication,,, 4
test_seen_00042,oracle,500,seen,"Given a1 = -19 and a(n+1) = a(n) + 9, find a12.",80,130,False,additive_recurrence,,,iteration,,, 130
test_seen_00043,oracle,500,seen,Use the closed form b(n) = 12 + (n - 1)(8) to find b(11).,92,96,False,additive_recurrence,,,substitution,,, 96
test_seen_00044,oracle,500,seen,Two numbers have sum 3 and product -180. Compute the sum of their squares from the symmetric identity.,369,249,False,symmetric_sum_product,,,expansion,,, 249
test_seen_00045,oracle,500,seen,The roots of t^2 + 15t + 56 = 0 are r and s. Find r^2 + s^2 by factoring the quadratic.,113,147,False,symmetric_sum_product,,,factorization,,, 147
test_seen_00046,oracle,500,seen,Evaluate the transformed expression -3z^2 + 6z + 12 at z = -1.,3,-8,False,transformed_expression,,,substitution,,, -8
test_seen_00047,oracle,500,seen,"Open the product (x + -6)(x + -3), then set x = -7.",130,15,False,transformed_expression,,,expansion,,, 15
test_seen_00048,oracle,500,seen,Solve the simultaneous relations 4x + 4y = -32 and x - 2y = 10. Find y.,-6,-6,True,two_linear_relations,,,elimination,,, -6
test_seen_00049,oracle,500,seen,"Given y = -4x - 8, insert it into -3x + 2y = -60 and find x.",4,-8,False,two_linear_relations,,,substitution,,, -8
test_seen_00050,oracle,500,seen,Use the product pattern for a difference of squares to compute 44^2 - 23^2.,1407,1605,False,polynomial_identity,,,factorization,,, 1605
test_seen_00051,oracle,500,seen,Expand the square and evaluate (18 + 36)^2.,2916,10496,False,polynomial_identity,,,expansion,,, 10496
test_seen_00052,oracle,500,seen,"At a fixed rate, 10 items cost 20 dollars. What do 40 items cost?",80,80,True,equivalent_ratios,,,proportional_scaling,,, 80
test_seen_00053,oracle,500,seen,Solve the proportion 13/9 = 52/x for x.,36,36,True,equivalent_ratios,,,cross_multiplication,,, 36
test_seen_00054,oracle,500,seen,A sequence starts at -8 and changes by -2 each term. Iterate to find term 3.,-12,-10,False,additive_recurrence,,,iteration,,, -10
test_seen_00055,oracle,500,seen,An arithmetic sequence has formula a(n) = -15 + (n - 1)(-1). Substitute n = 10.,-24,-2,False,additive_recurrence,,,substitution,,, -2
test_seen_00056,oracle,500,seen,"If x + y = 4 and xy = -77, use a square expansion to find x^2 + y^2.",170,193,False,symmetric_sum_product,,,expansion,,, 193
test_seen_00057,oracle,500,seen,"Factor t^2 - 15t + 50 = 0 to obtain its two roots, then give the sum of their squares.",125,250,False,symmetric_sum_product,,,factorization,,, 250
test_seen_00058,oracle,500,seen,"For f(t) = -4t^2 + 7t + 10, substitute t = -2 and find f(-2).",-20,-38,False,transformed_expression,,,substitution,,, -38
test_seen_00059,oracle,500,seen,Expand (x + -6)(x + 0) and evaluate it at x = -4.,40,-24,False,transformed_expression,,,expansion,,, -24
test_seen_00060,oracle,500,seen,Two linear constraints hold: 5x - 3y = -33; -x + 4y = 27. Determine y.,6,-10,False,two_linear_relations,,,elimination,,, -10
test_seen_00061,oracle,500,seen,The linked relations are y = 3x + 6 and -x + 4y = 24. What is y?,6,18,False,two_linear_relations,,,substitution,,, 18
test_seen_00062,oracle,500,seen,Evaluate 76^2 - 29^2 by rewriting it as a product.,4935,4805,False,polynomial_identity,,,factorization,,, 4805
test_seen_00063,oracle,500,seen,Use the binomial-square identity to compute (29 + 35)^2.,4096,676,False,polynomial_identity,,,expansion,,, 676
test_seen_00064,oracle,500,seen,Scale the ratio 3:8 to 33:x. Find x.,88,88,True,equivalent_ratios,,,proportional_scaling,,, 88
test_seen_00065,oracle,500,seen,Cross-multiply 13:6 = 143:x and determine x.,66,78,False,equivalent_ratios,,,cross_multiplication,,, 78
test_seen_00066,oracle,500,seen,"Given a1 = 18 and a(n+1) = a(n) - 9, find a13.",-90,-72,False,additive_recurrence,,,iteration,,, -72
test_seen_00067,oracle,500,seen,Use the closed form b(n) = -14 + (n - 1)(-7) to find b(15).,-112,-98,False,additive_recurrence,,,substitution,,, -98
test_seen_00068,oracle,500,seen,Two numbers have sum 18 and product 65. Compute the sum of their squares from the symmetric identity.,194,204,False,symmetric_sum_product,,,expansion,,, 204
test_seen_00069,oracle,500,seen,The roots of t^2 + 17t + 72 = 0 are r and s. Find r^2 + s^2 by factoring the quadratic.,145,133,False,symmetric_sum_product,,,factorization,,, 133
test_seen_00070,oracle,500,seen,Evaluate the transformed expression -2z^2 + 8z - 11 at z = -3.,-53,-40,False,transformed_expression,,,substitution,,, -40
test_seen_00071,oracle,500,seen,"Open the product (t + -5)(t + 5), then set t = 0.",-25,-25,True,transformed_expression,,,expansion,,, -25
test_seen_00072,oracle,500,seen,Solve the simultaneous relations -2x - 2y = 14 and 2x - 3y = 21. Find y.,-7,-5,False,two_linear_relations,,,elimination,,, -5
test_seen_00073,oracle,500,seen,"Given y = 2x - 1, insert it into 5x - y = 1 and find x.",0,3,False,two_linear_relations,,,substitution,,, 3
test_seen_00074,oracle,500,seen,Use the product pattern for a difference of squares to compute 52^2 - 13^2.,2535,2480,False,polynomial_identity,,,factorization,,, 2480
test_seen_00075,oracle,500,seen,Expand the square and evaluate (10 + 11)^2.,441,369,False,polynomial_identity,,,expansion,,, 369
test_seen_00076,oracle,500,seen,"At a fixed rate, 4 items cost 7 dollars. What do 20 items cost?",35,35,True,equivalent_ratios,,,proportional_scaling,,, 35
test_seen_00077,oracle,500,seen,Solve the proportion 11/18 = 132/x for x.,216,240,False,equivalent_ratios,,,cross_multiplication,,, 240
test_seen_00078,oracle,500,seen,A sequence starts at -8 and changes by -1 each term. Iterate to find term 10.,-17,-9,False,additive_recurrence,,,iteration,,, -9
test_seen_00079,oracle,500,seen,An arithmetic sequence has formula a(n) = 4 + (n - 1)(8). Substitute n = 5.,36,37,False,additive_recurrence,,,substitution,,, 37
test_seen_00080,oracle,500,seen,"If x + y = 1 and xy = -156, use a square expansion to find x^2 + y^2.",313,305,False,symmetric_sum_product,,,expansion,,, 305
test_seen_00081,oracle,500,seen,"Factor t^2 - 19t + 88 = 0 to obtain its two roots, then give the sum of their squares.",185,145,False,symmetric_sum_product,,,factorization,,, 145
test_seen_00082,oracle,500,seen,"For f(t) = 4t^2 + 3t - 8, substitute t = -6 and find f(-6).",118,108,False,transformed_expression,,,substitution,,, 108
test_seen_00083,oracle,500,seen,Expand (t + 3)(t + -1) and evaluate it at t = 1.,0,-2,False,transformed_expression,,,expansion,,, -2
test_seen_00084,oracle,500,seen,Two linear constraints hold: 4x + 3y = -39; x - 5y = 19. Determine y.,-5,-8,False,two_linear_relations,,,elimination,,, -8
test_seen_00085,oracle,500,seen,The linked relations are y = 3x + 6 and 4x + 3y = 135. What is x?,9,9,True,two_linear_relations,,,substitution,,, 9
test_seen_00086,oracle,500,seen,Evaluate 65^2 - 2^2 by rewriting it as a product.,4221,4193,False,polynomial_identity,,,factorization,,, 4193
test_seen_00087,oracle,500,seen,Use the binomial-square identity to compute (32 + 6)^2.,1444,1408,False,polynomial_identity,,,expansion,,, 1408
test_seen_00088,oracle,500,seen,Scale the ratio 3:23 to 18:x. Find x.,138,114,False,equivalent_ratios,,,proportional_scaling,,, 114
test_seen_00089,oracle,500,seen,Cross-multiply 9:4 = 45:x and determine x.,20,20,True,equivalent_ratios,,,cross_multiplication,,, 20
test_seen_00090,oracle,500,seen,"Given a1 = 14 and a(n+1) = a(n) + 5, find a10.",59,69,False,additive_recurrence,,,iteration,,, 69
test_seen_00091,oracle,500,seen,Use the closed form b(n) = -11 + (n - 1)(-4) to find b(8).,-39,-35,False,additive_recurrence,,,substitution,,, -35
test_seen_00092,oracle,500,seen,Two numbers have sum -28 and product 195. Compute the sum of their squares from the symmetric identity.,394,364,False,symmetric_sum_product,,,expansion,,, 364
test_seen_00093,oracle,500,seen,The roots of t^2 + 12t + 35 = 0 are r and s. Find r^2 + s^2 by factoring the quadratic.,74,149,False,symmetric_sum_product,,,factorization,,, 149
test_seen_00094,oracle,500,seen,Evaluate the transformed expression -5z^2 - 6z + 5 at z = 6.,-211,-139,False,transformed_expression,,,substitution,,, -139
test_seen_00095,oracle,500,seen,"Open the product (z + 0)(z + -5), then set z = -7.",84,-42,False,transformed_expression,,,expansion,,, -42
test_seen_00096,oracle,500,seen,Solve the simultaneous relations -5x - 5y = 5 and 5x - 4y = 22. Find x.,2,-3,False,two_linear_relations,,,elimination,,, -3
test_seen_00097,oracle,500,seen,"Given y = -2x - 2, insert it into -2x - 5y = -38 and find y.",10,-1,False,two_linear_relations,,,substitution,,, -1
test_seen_00098,oracle,500,seen,Use the product pattern for a difference of squares to compute 19^2 - 4^2.,345,305,False,polynomial_identity,,,factorization,,, 305
test_seen_00099,oracle,500,seen,Expand the square and evaluate (8 + 21)^2.,841,3696,False,polynomial_identity,,,expansion,,, 3696
test_seen_00100,oracle,500,seen,"At a fixed rate, 3 items cost 21 dollars. What do 6 items cost?",42,42,True,equivalent_ratios,,,proportional_scaling,,, 42
test_seen_00101,oracle,500,seen,Solve the proportion 12/9 = 120/x for x.,90,75,False,equivalent_ratios,,,cross_multiplication,,, 75
test_seen_00102,oracle,500,seen,A sequence starts at -4 and changes by -1 each term. Iterate to find term 9.,-12,-5,False,additive_recurrence,,,iteration,,, -5
test_seen_00103,oracle,500,seen,An arithmetic sequence has formula a(n) = 18 + (n - 1)(-4). Substitute n = 15.,-38,-32,False,additive_recurrence,,,substitution,,, -32
test_seen_00104,oracle,500,seen,"If x + y = -5 and xy = -50, use a square expansion to find x^2 + y^2.",125,225,False,symmetric_sum_product,,,expansion,,, 225
test_seen_00105,oracle,500,seen,"Factor t^2 - 2t - 35 = 0 to obtain its two roots, then give the sum of their squares.",74,146,False,symmetric_sum_product,,,factorization,,, 146
test_seen_00106,oracle,500,seen,"For f(t) = 3t^2 + 5t + 8, substitute t = 4 and find f(4).",76,76,True,transformed_expression,,,substitution,,, 76
test_seen_00107,oracle,500,seen,Expand (t + 3)(t + 0) and evaluate it at t = 0.,0,0,True,transformed_expression,,,expansion,,, 0
test_seen_00108,oracle,500,seen,Two linear constraints hold: 2x + y = 15; 5x + 2y = 39. Determine x.,9,4,False,two_linear_relations,,,elimination,,, 4
test_seen_00109,oracle,500,seen,The linked relations are y = 6 - 3x and -5x + 5y = -110. What is x?,7,-8,False,two_linear_relations,,,substitution,,, -8
test_seen_00110,oracle,500,seen,Evaluate 19^2 - 9^2 by rewriting it as a product.,280,308,False,polynomial_identity,,,factorization,,, 308
test_seen_00111,oracle,500,seen,Use the binomial-square identity to compute (30 + 6)^2.,1296,1476,False,polynomial_identity,,,expansion,,, 1476
test_seen_00112,oracle,500,seen,Scale the ratio 3:5 to 27:x. Find x.,45,45,True,equivalent_ratios,,,proportional_scaling,,, 45
test_seen_00113,oracle,500,seen,Cross-multiply 12:10 = 24:x and determine x.,20,20,True,equivalent_ratios,,,cross_multiplication,,, 20
test_seen_00114,oracle,500,seen,"Given a1 = 12 and a(n+1) = a(n) + 8, find a9.",76,76,True,additive_recurrence,,,iteration,,, 76
test_seen_00115,oracle,500,seen,Use the closed form b(n) = -6 + (n - 1)(7) to find b(15).,92,8,False,additive_recurrence,,,substitution,,, 8
test_seen_00116,oracle,500,seen,Two numbers have sum -23 and product 120. Compute the sum of their squares from the symmetric identity.,289,169,False,symmetric_sum_product,,,expansion,,, 169
test_seen_00117,oracle,500,seen,The roots of t^2 + 9t + 20 = 0 are r and s. Find r^2 + s^2 by factoring the quadratic.,41,149,False,symmetric_sum_product,,,factorization,,, 149
test_seen_00118,oracle,500,seen,Evaluate the transformed expression -4z^2 + 4z - 10 at z = -5.,-130,-9,False,transformed_expression,,,substitution,,, -9
test_seen_00119,oracle,500,seen,"Open the product (x + -10)(x + 6), then set x = 2.",-64,34,False,transformed_expression,,,expansion,,, 34
test_unseen_00000,oracle,500,unseen,The lines 3x - 4y = -16 and -3x + y = -5 intersect. Give their x-coordinate.,4,-2,False,two_linear_relations,,,elimination,,, -2
test_unseen_00001,oracle,500,unseen,One variable is isolated in y = -5x - 1; use the other constraint -4x + 5y = -5 to obtain x.,0,-2,False,two_linear_relations,,,substitution,,, -2
test_unseen_00002,oracle,500,unseen,"Without separately squaring both numbers, find the difference between 29 squared and 8 squared.",777,71,False,polynomial_identity,,,factorization,,, 71
test_unseen_00003,oracle,500,unseen,What number results from opening the brackets in (34 + 21)(34 + 21)?,3025,2025,False,polynomial_identity,,,expansion,,, 2025
test_unseen_00004,oracle,500,unseen,A batch of 8 units has value 20. Find the value of a same-rate batch of 96 units.,240,180,False,equivalent_ratios,,,proportional_scaling,,, 180
test_unseen_00005,oracle,500,unseen,Complete the equivalent fractions: 14/12 = 112/[blank].,96,96,True,equivalent_ratios,,,cross_multiplication,,, 96
test_unseen_00006,oracle,500,unseen,A machine begins at 2 and applies a change of -7 for 7 rounds. What is its final value?,-47,-15,False,additive_recurrence,,,iteration,,, -15
test_unseen_00007,oracle,500,unseen,The repeated-change process is summarized by c(k) = -2 + (k - 1)(-4). Evaluate it at k = 4.,-14,-9,False,additive_recurrence,,,substitution,,, -9
test_unseen_00008,oracle,500,unseen,"Knowing only that p + q = -12 and pq = -13, determine p^2 + q^2 by opening (p + q)^2.",170,52,False,symmetric_sum_product,,,expansion,,, 52
test_unseen_00009,oracle,500,unseen,Split the quadratic t^2 + 9t - 36 into linear factors and report the squared-root sum.,153,108,False,symmetric_sum_product,,,factorization,,, 108
test_unseen_00010,oracle,500,unseen,Insert u = 3 into -u^2 + 2u - 9. What value results?,-12,-18,False,transformed_expression,,,substitution,,, -18
test_unseen_00011,oracle,500,unseen,"After multiplying out the two shifted factors (t + -1) and (t + -9), find the result when t is -2.",33,7,False,transformed_expression,,,expansion,,, 7
test_unseen_00012,oracle,500,unseen,The lines 2x - 2y = -24 and -2x - 3y = -6 intersect. Give their y-coordinate.,6,-1,False,two_linear_relations,,,elimination,,, -1
test_unseen_00013,oracle,500,unseen,One variable is isolated in y = -5x - 7; use the other constraint 2x - 5y = -19 to obtain y.,3,-6,False,two_linear_relations,,,substitution,,, -6
test_unseen_00014,oracle,500,unseen,"Without separately squaring both numbers, find the difference between 79 squared and 25 squared.",5616,410,False,polynomial_identity,,,factorization,,, 410
test_unseen_00015,oracle,500,unseen,What number results from opening the brackets in (32 + 31)(32 + 31)?,3969,496,False,polynomial_identity,,,expansion,,, 496
test_unseen_00016,oracle,500,unseen,A batch of 14 units has value 19. Find the value of a same-rate batch of 154 units.,209,268,False,equivalent_ratios,,,proportional_scaling,,, 268
test_unseen_00017,oracle,500,unseen,Complete the equivalent fractions: 5/17 = 20/[blank].,68,68,True,equivalent_ratios,,,cross_multiplication,,, 68
test_unseen_00018,oracle,500,unseen,A machine begins at 9 and applies a change of 3 for 11 rounds. What is its final value?,42,44,False,additive_recurrence,,,iteration,,, 44
test_unseen_00019,oracle,500,unseen,The repeated-change process is summarized by c(k) = -18 + (k - 1)(-1). Evaluate it at k = 5.,-22,-9,False,additive_recurrence,,,substitution,,, -9
test_unseen_00020,oracle,500,unseen,"Knowing only that p + q = -2 and pq = -195, determine p^2 + q^2 by opening (p + q)^2.",394,406,False,symmetric_sum_product,,,expansion,,, 406
test_unseen_00021,oracle,500,unseen,Split the quadratic t^2 - 12t + 27 into linear factors and report the squared-root sum.,90,30,False,symmetric_sum_product,,,factorization,,, 30
test_unseen_00022,oracle,500,unseen,Insert u = 2 into 5u^2 + u - 1. What value results?,21,3,False,transformed_expression,,,substitution,,, 3
test_unseen_00023,oracle,500,unseen,"After multiplying out the two shifted factors (t + -4) and (t + 2), find the result when t is -6.",40,-3,False,transformed_expression,,,expansion,,, -3
test_unseen_00024,oracle,500,unseen,The lines -2x + 4y = -26 and -5x + y = -11 intersect. Give their x-coordinate.,1,-3,False,two_linear_relations,,,elimination,,, -3
test_unseen_00025,oracle,500,unseen,One variable is isolated in y = -4x - 4; use the other constraint -3x - 5y = 122 to obtain y.,-28,-8,False,two_linear_relations,,,substitution,,, -8
test_unseen_00026,oracle,500,unseen,"Without separately squaring both numbers, find the difference between 48 squared and 43 squared.",455,125,False,polynomial_identity,,,factorization,,, 125
test_unseen_00027,oracle,500,unseen,What number results from opening the brackets in (19 + 6)(19 + 6)?,625,320,False,polynomial_identity,,,expansion,,, 320
test_unseen_00028,oracle,500,unseen,A batch of 8 units has value 10. Find the value of a same-rate batch of 16 units.,20,20,True,equivalent_ratios,,,proportional_scaling,,, 20
test_unseen_00029,oracle,500,unseen,Complete the equivalent fractions: 13/18 = 52/[blank].,72,60,False,equivalent_ratios,,,cross_multiplication,,, 60
test_unseen_00030,oracle,500,unseen,A machine begins at 20 and applies a change of -3 for 2 rounds. What is its final value?,14,-14,False,additive_recurrence,,,iteration,,, -14
test_unseen_00031,oracle,500,unseen,The repeated-change process is summarized by c(k) = -3 + (k - 1)(7). Evaluate it at k = 7.,39,40,False,additive_recurrence,,,substitution,,, 40
test_unseen_00032,oracle,500,unseen,"Knowing only that p + q = -12 and pq = -13, determine p^2 + q^2 by opening (p + q)^2.",170,52,False,symmetric_sum_product,,,expansion,,, 52
test_unseen_00033,oracle,500,unseen,Split the quadratic t^2 - 21t + 108 into linear factors and report the squared-root sum.,225,36,False,symmetric_sum_product,,,factorization,,, 36
test_unseen_00034,oracle,500,unseen,Insert u = 5 into 5u^2 + 2u + 5. What value results?,140,10,False,transformed_expression,,,substitution,,, 10
test_unseen_00035,oracle,500,unseen,"After multiplying out the two shifted factors (t + 5) and (t + -8), find the result when t is -3.",-22,-16,False,transformed_expression,,,expansion,,, -16
test_unseen_00036,oracle,500,unseen,The lines x - y = -3 and 3x + 2y = 6 intersect. Give their x-coordinate.,0,-1,False,two_linear_relations,,,elimination,,, -1
test_unseen_00037,oracle,500,unseen,One variable is isolated in y = -x - 4; use the other constraint -4x + 3y = -19 to obtain y.,-5,-2,False,two_linear_relations,,,substitution,,, -2
test_unseen_00038,oracle,500,unseen,"Without separately squaring both numbers, find the difference between 66 squared and 43 squared.",2507,1059,False,polynomial_identity,,,factorization,,, 1059
test_unseen_00039,oracle,500,unseen,What number results from opening the brackets in (30 + 7)(30 + 7)?,1369,240,False,polynomial_identity,,,expansion,,, 240
test_unseen_00040,oracle,500,unseen,A batch of 11 units has value 6. Find the value of a same-rate batch of 66 units.,36,42,False,equivalent_ratios,,,proportional_scaling,,, 42
test_unseen_00041,oracle,500,unseen,Complete the equivalent fractions: 13/19 = 78/[blank].,114,156,False,equivalent_ratios,,,cross_multiplication,,, 156
test_unseen_00042,oracle,500,unseen,A machine begins at 12 and applies a change of 3 for 5 rounds. What is its final value?,27,6,False,additive_recurrence,,,iteration,,, 6
test_unseen_00043,oracle,500,unseen,The repeated-change process is summarized by c(k) = -18 + (k - 1)(-2). Evaluate it at k = 11.,-38,-30,False,additive_recurrence,,,substitution,,, -30
test_unseen_00044,oracle,500,unseen,"Knowing only that p + q = -13 and pq = 0, determine p^2 + q^2 by opening (p + q)^2.",169,56,False,symmetric_sum_product,,,expansion,,, 56
test_unseen_00045,oracle,500,unseen,Split the quadratic t^2 + 6t - 7 into linear factors and report the squared-root sum.,50,45,False,symmetric_sum_product,,,factorization,,, 45
test_unseen_00046,oracle,500,unseen,Insert u = -3 into 2u^2 - 4u + 2. What value results?,32,-10,False,transformed_expression,,,substitution,,, -10
test_unseen_00047,oracle,500,unseen,"After multiplying out the two shifted factors (z + -6) and (z + -3), find the result when z is 7.",4,5,False,transformed_expression,,,expansion,,, 5
test_unseen_00048,oracle,500,unseen,The lines -3x - 5y = -41 and -4x + y = -1 intersect. Give their y-coordinate.,7,-2,False,two_linear_relations,,,elimination,,, -2
test_unseen_00049,oracle,500,unseen,One variable is isolated in y = 5x + 8; use the other constraint 3x - 2y = -37 to obtain x.,3,-19,False,two_linear_relations,,,substitution,,, -19
test_unseen_00050,oracle,500,unseen,"Without separately squaring both numbers, find the difference between 31 squared and 12 squared.",817,95,False,polynomial_identity,,,factorization,,, 95
test_unseen_00051,oracle,500,unseen,What number results from opening the brackets in (2 + 23)(2 + 23)?,625,57,False,polynomial_identity,,,expansion,,, 57
test_unseen_00052,oracle,500,unseen,A batch of 2 units has value 19. Find the value of a same-rate batch of 12 units.,114,13,False,equivalent_ratios,,,proportional_scaling,,, 13
test_unseen_00053,oracle,500,unseen,Complete the equivalent fractions: 11/6 = 55/[blank].,30,30,True,equivalent_ratios,,,cross_multiplication,,, 30
test_unseen_00054,oracle,500,unseen,A machine begins at -10 and applies a change of -3 for 10 rounds. What is its final value?,-40,-27,False,additive_recurrence,,,iteration,,, -27
test_unseen_00055,oracle,500,unseen,The repeated-change process is summarized by c(k) = -19 + (k - 1)(-7). Evaluate it at k = 4.,-40,-52,False,additive_recurrence,,,substitution,,, -52
test_unseen_00056,oracle,500,unseen,"Knowing only that p + q = 3 and pq = 2, determine p^2 + q^2 by opening (p + q)^2.",5,10,False,symmetric_sum_product,,,expansion,,, 10
test_unseen_00057,oracle,500,unseen,Split the quadratic t^2 + 9t - 70 into linear factors and report the squared-root sum.,221,85,False,symmetric_sum_product,,,factorization,,, 85
test_unseen_00058,oracle,500,unseen,Insert u = -3 into -u^2 + 4u - 8. What value results?,-29,-15,False,transformed_expression,,,substitution,,, -15
test_unseen_00059,oracle,500,unseen,"After multiplying out the two shifted factors (z + 10) and (z + -5), find the result when z is 3.",-26,2,False,transformed_expression,,,expansion,,, 2
test_unseen_00060,oracle,500,unseen,The lines 4x - y = -29 and -5x - 5y = 30 intersect. Give their x-coordinate.,-7,-1,False,two_linear_relations,,,elimination,,, -1
test_unseen_00061,oracle,500,unseen,One variable is isolated in y = -2x - 8; use the other constraint -3x - 4y = 2 to obtain x.,-6,-6,True,two_linear_relations,,,substitution,,, -6
test_unseen_00062,oracle,500,unseen,"Without separately squaring both numbers, find the difference between 45 squared and 37 squared.",656,108,False,polynomial_identity,,,factorization,,, 108
test_unseen_00063,oracle,500,unseen,What number results from opening the brackets in (12 + 29)(12 + 29)?,1681,600,False,polynomial_identity,,,expansion,,, 600
test_unseen_00064,oracle,500,unseen,A batch of 8 units has value 13. Find the value of a same-rate batch of 48 units.,78,52,False,equivalent_ratios,,,proportional_scaling,,, 52
test_unseen_00065,oracle,500,unseen,Complete the equivalent fractions: 11/10 = 55/[blank].,50,5,False,equivalent_ratios,,,cross_multiplication,,, 5
test_unseen_00066,oracle,500,unseen,A machine begins at -11 and applies a change of 1 for 6 rounds. What is its final value?,-5,5,False,additive_recurrence,,,iteration,,, 5
test_unseen_00067,oracle,500,unseen,The repeated-change process is summarized by c(k) = 5 + (k - 1)(-4). Evaluate it at k = 13.,-43,-52,False,additive_recurrence,,,substitution,,, -52
test_unseen_00068,oracle,500,unseen,"Knowing only that p + q = 5 and pq = -150, determine p^2 + q^2 by opening (p + q)^2.",325,225,False,symmetric_sum_product,,,expansion,,, 225
test_unseen_00069,oracle,500,unseen,Split the quadratic t^2 + 10t into linear factors and report the squared-root sum.,100,50,False,symmetric_sum_product,,,factorization,,, 50
test_unseen_00070,oracle,500,unseen,Insert u = 0 into -u^2 + 6u + 3. What value results?,3,9,False,transformed_expression,,,substitution,,, 9
test_unseen_00071,oracle,500,unseen,"After multiplying out the two shifted factors (z + -1) and (z + -1), find the result when z is 4.",9,20,False,transformed_expression,,,expansion,,, 20
test_unseen_00072,oracle,500,unseen,The lines x + 2y = 17 and 2x - 4y = -14 intersect. Give their y-coordinate.,6,-3,False,two_linear_relations,,,elimination,,, -3
test_unseen_00073,oracle,500,unseen,One variable is isolated in y = -2x; use the other constraint -2x + 3y = -72 to obtain x.,9,-18,False,two_linear_relations,,,substitution,,, -18
test_unseen_00074,oracle,500,unseen,"Without separately squaring both numbers, find the difference between 27 squared and 24 squared.",153,159,False,polynomial_identity,,,factorization,,, 159
test_unseen_00075,oracle,500,unseen,What number results from opening the brackets in (25 + 16)(25 + 16)?,1681,300,False,polynomial_identity,,,expansion,,, 300
test_unseen_00076,oracle,500,unseen,A batch of 8 units has value 11. Find the value of a same-rate batch of 64 units.,88,17,False,equivalent_ratios,,,proportional_scaling,,, 17
test_unseen_00077,oracle,500,unseen,Complete the equivalent fractions: 3/2 = 24/[blank].,16,16,True,equivalent_ratios,,,cross_multiplication,,, 16
test_unseen_00078,oracle,500,unseen,A machine begins at -6 and applies a change of 9 for 6 rounds. What is its final value?,48,0,False,additive_recurrence,,,iteration,,, 0
test_unseen_00079,oracle,500,unseen,The repeated-change process is summarized by c(k) = -19 + (k - 1)(-4). Evaluate it at k = 15.,-75,-62,False,additive_recurrence,,,substitution,,, -62
test_unseen_00080,oracle,500,unseen,"Knowing only that p + q = -4 and pq = -45, determine p^2 + q^2 by opening (p + q)^2.",106,169,False,symmetric_sum_product,,,expansion,,, 169
test_unseen_00081,oracle,500,unseen,Split the quadratic t^2 - t - 30 into linear factors and report the squared-root sum.,61,9,False,symmetric_sum_product,,,factorization,,, 9
test_unseen_00082,oracle,500,unseen,Insert u = -7 into u^2 + 6u + 3. What value results?,10,-10,False,transformed_expression,,,substitution,,, -10
test_unseen_00083,oracle,500,unseen,"After multiplying out the two shifted factors (t + 8) and (t + 8), find the result when t is -7.",1,-15,False,transformed_expression,,,expansion,,, -15
test_unseen_00084,oracle,500,unseen,The lines 2x - 5y = 2 and -4x - y = 18 intersect. Give their y-coordinate.,-2,-3,False,two_linear_relations,,,elimination,,, -3
test_unseen_00085,oracle,500,unseen,One variable is isolated in y = 6 - 3x; use the other constraint -x - 5y = -114 to obtain x.,-6,-27,False,two_linear_relations,,,substitution,,, -27
test_unseen_00086,oracle,500,unseen,"Without separately squaring both numbers, find the difference between 37 squared and 35 squared.",144,1,False,polynomial_identity,,,factorization,,, 1
test_unseen_00087,oracle,500,unseen,What number results from opening the brackets in (24 + 6)(24 + 6)?,900,196,False,polynomial_identity,,,expansion,,, 196
test_unseen_00088,oracle,500,unseen,A batch of 2 units has value 2. Find the value of a same-rate batch of 4 units.,4,4,True,equivalent_ratios,,,proportional_scaling,,, 4
test_unseen_00089,oracle,500,unseen,Complete the equivalent fractions: 14/19 = 140/[blank].,190,120,False,equivalent_ratios,,,cross_multiplication,,, 120
test_unseen_00090,oracle,500,unseen,A machine begins at 1 and applies a change of 7 for 3 rounds. What is its final value?,22,20,False,additive_recurrence,,,iteration,,, 20
test_unseen_00091,oracle,500,unseen,The repeated-change process is summarized by c(k) = 14 + (k - 1)(2). Evaluate it at k = 10.,32,30,False,additive_recurrence,,,substitution,,, 30
test_unseen_00092,oracle,500,unseen,"Knowing only that p + q = 4 and pq = -96, determine p^2 + q^2 by opening (p + q)^2.",208,1936,False,symmetric_sum_product,,,expansion,,, 1936
test_unseen_00093,oracle,500,unseen,Split the quadratic t^2 - 20t + 91 into linear factors and report the squared-root sum.,218,85,False,symmetric_sum_product,,,factorization,,, 85
test_unseen_00094,oracle,500,unseen,Insert u = -7 into 4u^2 + 7u - 12. What value results?,135,-53,False,transformed_expression,,,substitution,,, -53
test_unseen_00095,oracle,500,unseen,"After multiplying out the two shifted factors (z + -10) and (z + 2), find the result when z is -7.",85,-9,False,transformed_expression,,,expansion,,, -9
test_unseen_00096,oracle,500,unseen,The lines -4x + 4y = -60 and -2x + 5y = -51 intersect. Give their y-coordinate.,-7,-3,False,two_linear_relations,,,elimination,,, -3
test_unseen_00097,oracle,500,unseen,One variable is isolated in y = 4 - 5x; use the other constraint 3x + 5y = -156 to obtain x.,8,-20,False,two_linear_relations,,,substitution,,, -20
test_unseen_00098,oracle,500,unseen,"Without separately squaring both numbers, find the difference between 75 squared and 6 squared.",5589,543,False,polynomial_identity,,,factorization,,, 543
test_unseen_00099,oracle,500,unseen,What number results from opening the brackets in (26 + 9)(26 + 9)?,1225,340,False,polynomial_identity,,,expansion,,, 340
test_unseen_00100,oracle,500,unseen,A batch of 10 units has value 6. Find the value of a same-rate batch of 120 units.,72,72,True,equivalent_ratios,,,proportional_scaling,,, 72
test_unseen_00101,oracle,500,unseen,Complete the equivalent fractions: 3/10 = 15/[blank].,50,60,False,equivalent_ratios,,,cross_multiplication,,, 60
test_unseen_00102,oracle,500,unseen,A machine begins at -3 and applies a change of -1 for 5 rounds. What is its final value?,-8,-8,True,additive_recurrence,,,iteration,,, -8
test_unseen_00103,oracle,500,unseen,The repeated-change process is summarized by c(k) = 14 + (k - 1)(2). Evaluate it at k = 4.,20,26,False,additive_recurrence,,,substitution,,, 26
test_unseen_00104,oracle,500,unseen,"Knowing only that p + q = 5 and pq = 4, determine p^2 + q^2 by opening (p + q)^2.",17,29,False,symmetric_sum_product,,,expansion,,, 29
test_unseen_00105,oracle,500,unseen,Split the quadratic t^2 - 4t - 21 into linear factors and report the squared-root sum.,58,8,False,symmetric_sum_product,,,factorization,,, 8
test_unseen_00106,oracle,500,unseen,Insert u = -4 into 4u^2 - 8u - 2. What value results?,94,-16,False,transformed_expression,,,substitution,,, -16
test_unseen_00107,oracle,500,unseen,"After multiplying out the two shifted factors (z + 3) and (z + -10), find the result when z is 4.",-42,2,False,transformed_expression,,,expansion,,, 2
test_unseen_00108,oracle,500,unseen,The lines -3x - 5y = -30 and x - 2y = -1 intersect. Give their x-coordinate.,5,-2,False,two_linear_relations,,,elimination,,, -2
test_unseen_00109,oracle,500,unseen,One variable is isolated in y = 5x + 2; use the other constraint 2x + y = -19 to obtain y.,-13,-31,False,two_linear_relations,,,substitution,,, -31
test_unseen_00110,oracle,500,unseen,"Without separately squaring both numbers, find the difference between 80 squared and 23 squared.",5871,649,False,polynomial_identity,,,factorization,,, 649
test_unseen_00111,oracle,500,unseen,What number results from opening the brackets in (4 + 27)(4 + 27)?,961,160,False,polynomial_identity,,,expansion,,, 160
test_unseen_00112,oracle,500,unseen,A batch of 9 units has value 22. Find the value of a same-rate batch of 63 units.,154,15,False,equivalent_ratios,,,proportional_scaling,,, 15
test_unseen_00113,oracle,500,unseen,Complete the equivalent fractions: 10/10 = 100/[blank].,100,10,False,equivalent_ratios,,,cross_multiplication,,, 10
test_unseen_00114,oracle,500,unseen,A machine begins at 17 and applies a change of 3 for 4 rounds. What is its final value?,29,52,False,additive_recurrence,,,iteration,,, 52
test_unseen_00115,oracle,500,unseen,The repeated-change process is summarized by c(k) = -18 + (k - 1)(7). Evaluate it at k = 15.,80,-9,False,additive_recurrence,,,substitution,,, -9
test_unseen_00116,oracle,500,unseen,"Knowing only that p + q = 7 and pq = 0, determine p^2 + q^2 by opening (p + q)^2.",49,49,True,symmetric_sum_product,,,expansion,,, 49
test_unseen_00117,oracle,500,unseen,Split the quadratic t^2 - 10t + 24 into linear factors and report the squared-root sum.,52,36,False,symmetric_sum_product,,,factorization,,, 36
test_unseen_00118,oracle,500,unseen,Insert u = -4 into -4u^2 - 3. What value results?,-67,-56,False,transformed_expression,,,substitution,,, -56
test_unseen_00119,oracle,500,unseen,"After multiplying out the two shifted factors (z + -1) and (z + 8), find the result when z is 2.",10,0,False,transformed_expression,,,expansion,,, 0
test_seen_00000,structure_aware,500,seen,Solve the simultaneous relations -4x + 2y = 32 and 4x + 2y = -32. Find x.,-8,-8,True,two_linear_relations,two_linear_relations,True,elimination,elimination,True,"STRUCTURE: two_linear_relations
TOOL: elimination
ANSWER: -8"
test_seen_00001,structure_aware,500,seen,"Given y = 2x + 3, insert it into 5x + 4y = 103 and find y.",17,9,False,two_linear_relations,two_linear_relations,True,substitution,substitution,True,"STRUCTURE: two_linear_relations
TOOL: substitution
ANSWER: 9"
test_seen_00002,structure_aware,500,seen,Use the product pattern for a difference of squares to compute 39^2 - 27^2.,792,1080,False,polynomial_identity,polynomial_identity,True,factorization,factorization,True,"STRUCTURE: polynomial_identity
TOOL: factorization
ANSWER: 1080"
test_seen_00003,structure_aware,500,seen,Expand the square and evaluate (5 + 8)^2.,169,169,True,polynomial_identity,polynomial_identity,True,expansion,expansion,True,"STRUCTURE: polynomial_identity
TOOL: expansion
ANSWER: 169"
test_seen_00004,structure_aware,500,seen,"At a fixed rate, 8 items cost 6 dollars. What do 24 items cost?",18,18,True,equivalent_ratios,equivalent_ratios,True,proportional_scaling,proportional_scaling,True,"STRUCTURE: equivalent_ratios
TOOL: proportional_scaling
ANSWER: 18"
test_seen_00005,structure_aware,500,seen,Solve the proportion 4/18 = 12/x for x.,54,54,True,equivalent_ratios,equivalent_ratios,True,cross_multiplication,cross_multiplication,True,"STRUCTURE: equivalent_ratios
TOOL: cross_multiplication
ANSWER: 54"
test_seen_00006,structure_aware,500,seen,A sequence starts at 11 and changes by -5 each term. Iterate to find term 15.,-59,-46,False,additive_recurrence,additive_recurrence,True,iteration,iteration,True,"STRUCTURE: additive_recurrence
TOOL: iteration
ANSWER: -46"
test_seen_00007,structure_aware,500,seen,An arithmetic sequence has formula a(n) = 4 + (n - 1)(8). Substitute n = 7.,52,35,False,additive_recurrence,additive_recurrence,True,substitution,substitution,True,"STRUCTURE: additive_recurrence
TOOL: substitution
ANSWER: 35"
test_seen_00008,structure_aware,500,seen,"If x + y = -7 and xy = -30, use a square expansion to find x^2 + y^2.",109,147,False,symmetric_sum_product,symmetric_sum_product,True,expansion,expansion,True,"STRUCTURE: symmetric_sum_product
TOOL: expansion
ANSWER: 147"
test_seen_00009,structure_aware,500,seen,"Factor t^2 + 16t + 39 = 0 to obtain its two roots, then give the sum of their squares.",178,80,False,symmetric_sum_product,symmetric_sum_product,True,factorization,factorization,True,"STRUCTURE: symmetric_sum_product
TOOL: factorization
ANSWER: 80"
test_seen_00010,structure_aware,500,seen,"For f(t) = -5t^2 - 7t - 7, substitute t = -7 and find f(-7).",-203,-49,False,transformed_expression,transformed_expression,True,substitution,substitution,True,"STRUCTURE: transformed_expression
TOOL: substitution
ANSWER: -49"
test_seen_00011,structure_aware,500,seen,Expand (x + -5)(x + -1) and evaluate it at x = -3.,32,8,False,transformed_expression,transformed_expression,True,expansion,expansion,True,"STRUCTURE: transformed_expression
TOOL: expansion
ANSWER: 8"
test_seen_00012,structure_aware,500,seen,Two linear constraints hold: 4x + 5y = -2; 5x + 5y = 5. Determine x.,7,-1,False,two_linear_relations,two_linear_relations,True,elimination,elimination,True,"STRUCTURE: two_linear_relations
TOOL: elimination
ANSWER: -1"
test_seen_00013,structure_aware,500,seen,The linked relations are y = 5x + 6 and x + y = -30. What is y?,-24,-41,False,two_linear_relations,two_linear_relations,True,substitution,substitution,True,"STRUCTURE: two_linear_relations
TOOL: substitution
ANSWER: -41"
test_seen_00014,structure_aware,500,seen,Evaluate 29^2 - 12^2 by rewriting it as a product.,697,805,False,polynomial_identity,polynomial_identity,True,factorization,factorization,True,"STRUCTURE: polynomial_identity
TOOL: factorization
ANSWER: 805"
test_seen_00015,structure_aware,500,seen,Use the binomial-square identity to compute (7 + 22)^2.,841,1849,False,polynomial_identity,polynomial_identity,True,expansion,expansion,True,"STRUCTURE: polynomial_identity
TOOL: expansion
ANSWER: 1849"
test_seen_00016,structure_aware,500,seen,Scale the ratio 11:10 to 22:x. Find x.,20,20,True,equivalent_ratios,equivalent_ratios,True,proportional_scaling,proportional_scaling,True,"STRUCTURE: equivalent_ratios
TOOL: proportional_scaling
ANSWER: 20"
test_seen_00017,structure_aware,500,seen,Cross-multiply 13:7 = 91:x and determine x.,49,63,False,equivalent_ratios,equivalent_ratios,True,cross_multiplication,cross_multiplication,True,"STRUCTURE: equivalent_ratios
TOOL: cross_multiplication
ANSWER: 63"
test_seen_00018,structure_aware,500,seen,"Given a1 = 18 and a(n+1) = a(n) - 7, find a11.",-52,-53,False,additive_recurrence,additive_recurrence,True,iteration,iteration,True,"STRUCTURE: additive_recurrence
TOOL: iteration
ANSWER: -53"
test_seen_00019,structure_aware,500,seen,Use the closed form b(n) = -13 + (n - 1)(1) to find b(10).,-4,-9,False,additive_recurrence,additive_recurrence,True,substitution,substitution,True,"STRUCTURE: additive_recurrence
TOOL: substitution
ANSWER: -9"
test_seen_00020,structure_aware,500,seen,Two numbers have sum 22 and product 117. Compute the sum of their squares from the symmetric identity.,250,304,False,symmetric_sum_product,symmetric_sum_product,True,expansion,expansion,True,"STRUCTURE: symmetric_sum_product
TOOL: expansion
ANSWER: 304"
test_seen_00021,structure_aware,500,seen,The roots of t^2 - 23t + 120 = 0 are r and s. Find r^2 + s^2 by factoring the quadratic.,289,259,False,symmetric_sum_product,symmetric_sum_product,True,factorization,factorization,True,"STRUCTURE: symmetric_sum_product
TOOL: factorization
ANSWER: 259"
test_seen_00022,structure_aware,500,seen,Evaluate the transformed expression z^2 + 5z - 11 at z = 0.,-11,-11,True,transformed_expression,transformed_expression,True,substitution,substitution,True,"STRUCTURE: transformed_expression
TOOL: substitution
ANSWER: -11"
test_seen_00023,structure_aware,500,seen,"Open the product (x + 3)(x + 9), then set x = 5.",112,70,False,transformed_expression,transformed_expression,True,expansion,expansion,True,"STRUCTURE: transformed_expression
TOOL: expansion
ANSWER: 70"
test_seen_00024,structure_aware,500,seen,Solve the simultaneous relations 5x - 4y = 30 and 5x - 3y = 25. Find y.,-5,-1,False,two_linear_relations,two_linear_relations,True,elimination,elimination,True,"STRUCTURE: two_linear_relations
TOOL: elimination
ANSWER: -1"
test_seen_00025,structure_aware,500,seen,"Given y = 4x + 5, insert it into 3x + 5y = -113 and find x.",-6,-26,False,two_linear_relations,two_linear_relations,True,substitution,substitution,True,"STRUCTURE: two_linear_relations
TOOL: substitution
ANSWER: -26"
test_seen_00026,structure_aware,500,seen,Use the product pattern for a difference of squares to compute 12^2 - 11^2.,23,89,False,polynomial_identity,polynomial_identity,True,factorization,factorization,True,"STRUCTURE: polynomial_identity
TOOL: factorization
ANSWER: 89"
test_seen_00027,structure_aware,500,seen,Expand the square and evaluate (8 + 9)^2.,289,361,False,polynomial_identity,polynomial_identity,True,expansion,expansion,True,"STRUCTURE: polynomial_identity
TOOL: expansion
ANSWER: 361"
test_seen_00028,structure_aware,500,seen,"At a fixed rate, 13 items cost 2 dollars. What do 52 items cost?",8,104,False,equivalent_ratios,equivalent_ratios,True,proportional_scaling,proportional_scaling,True,"STRUCTURE: equivalent_ratios
TOOL: proportional_scaling
ANSWER: 104"
test_seen_00029,structure_aware,500,seen,Solve the proportion 3/19 = 21/x for x.,133,117,False,equivalent_ratios,equivalent_ratios,True,cross_multiplication,cross_multiplication,True,"STRUCTURE: equivalent_ratios
TOOL: cross_multiplication
ANSWER: 117"
test_seen_00030,structure_aware,500,seen,A sequence starts at 11 and changes by -1 each term. Iterate to find term 15.,-3,-12,False,additive_recurrence,additive_recurrence,True,iteration,iteration,True,"STRUCTURE: additive_recurrence
TOOL: iteration
ANSWER: -12"
test_seen_00031,structure_aware,500,seen,An arithmetic sequence has formula a(n) = 9 + (n - 1)(2). Substitute n = 9.,25,23,False,additive_recurrence,additive_recurrence,True,substitution,substitution,True,"STRUCTURE: additive_recurrence
TOOL: substitution
ANSWER: 23"
test_seen_00032,structure_aware,500,seen,"If x + y = -6 and xy = -91, use a square expansion to find x^2 + y^2.",218,150,False,symmetric_sum_product,symmetric_sum_product,True,expansion,expansion,True,"STRUCTURE: symmetric_sum_product
TOOL: expansion
ANSWER: 150"
test_seen_00033,structure_aware,500,seen,"Factor t^2 + 27t + 182 = 0 to obtain its two roots, then give the sum of their squares.",365,459,False,symmetric_sum_product,symmetric_sum_product,True,factorization,factorization,True,"STRUCTURE: symmetric_sum_product
TOOL: factorization
ANSWER: 459"
test_seen_00034,structure_aware,500,seen,"For f(t) = -2t^2 + 4t - 6, substitute t = 3 and find f(3).",-12,-15,False,transformed_expression,transformed_expression,True,substitution,substitution,True,"STRUCTURE: transformed_expression
TOOL: substitution
ANSWER: -15"
test_seen_00035,structure_aware,500,seen,Expand (z + 8)(z + 2) and evaluate it at z = -3.,-5,-15,False,transformed_expression,transformed_expression,True,expansion,expansion,True,"STRUCTURE: transformed_expression
TOOL: expansion
ANSWER: -15"
test_seen_00036,structure_aware,500,seen,Two linear constraints hold: -3x + 3y = -15; -3x - 2y = -35. Determine x.,9,4,False,two_linear_relations,two_linear_relations,True,elimination,elimination,True,"STRUCTURE: two_linear_relations
TOOL: elimination
ANSWER: 4"
test_seen_00037,structure_aware,500,seen,The linked relations are y = -x - 1 and x - 2y = -4. What is x?,-2,-3,False,two_linear_relations,two_linear_relations,True,substitution,substitution,True,"STRUCTURE: two_linear_relations
TOOL: substitution
ANSWER: -3"
test_seen_00038,structure_aware,500,seen,Evaluate 79^2 - 26^2 by rewriting it as a product.,5565,5413,False,polynomial_identity,polynomial_identity,True,factorization,factorization,True,"STRUCTURE: polynomial_identity
TOOL: factorization
ANSWER: 5413"
test_seen_00039,structure_aware,500,seen,Use the binomial-square identity to compute (26 + 16)^2.,1764,900,False,polynomial_identity,polynomial_identity,True,expansion,expansion,True,"STRUCTURE: polynomial_identity
TOOL: expansion
ANSWER: 900"
test_seen_00040,structure_aware,500,seen,Scale the ratio 9:18 to 18:x. Find x.,36,2x,False,equivalent_ratios,equivalent_ratios,True,proportional_scaling,proportional_scaling,True,"STRUCTURE: equivalent_ratios
TOOL: proportional_scaling
ANSWER: 2x"
test_seen_00041,structure_aware,500,seen,Cross-multiply 3:2 = 6:x and determine x.,4,4,True,equivalent_ratios,equivalent_ratios,True,cross_multiplication,cross_multiplication,True,"STRUCTURE: equivalent_ratios
TOOL: cross_multiplication
ANSWER: 4"
test_seen_00042,structure_aware,500,seen,"Given a1 = -19 and a(n+1) = a(n) + 9, find a12.",80,86,False,additive_recurrence,additive_recurrence,True,iteration,iteration,True,"STRUCTURE: additive_recurrence
TOOL: iteration
ANSWER: 86"
test_seen_00043,structure_aware,500,seen,Use the closed form b(n) = 12 + (n - 1)(8) to find b(11).,92,76,False,additive_recurrence,additive_recurrence,True,substitution,substitution,True,"STRUCTURE: additive_recurrence
TOOL: substitution
ANSWER: 76"
test_seen_00044,structure_aware,500,seen,Two numbers have sum 3 and product -180. Compute the sum of their squares from the symmetric identity.,369,409,False,symmetric_sum_product,symmetric_sum_product,True,expansion,expansion,True,"STRUCTURE: symmetric_sum_product
TOOL: expansion
ANSWER: 409"
test_seen_00045,structure_aware,500,seen,The roots of t^2 + 15t + 56 = 0 are r and s. Find r^2 + s^2 by factoring the quadratic.,113,187,False,symmetric_sum_product,symmetric_sum_product,True,factorization,factorization,True,"STRUCTURE: symmetric_sum_product
TOOL: factorization
ANSWER: 187"
test_seen_00046,structure_aware,500,seen,Evaluate the transformed expression -3z^2 + 6z + 12 at z = -1.,3,-9,False,transformed_expression,transformed_expression,True,substitution,substitution,True,"STRUCTURE: transformed_expression
TOOL: substitution
ANSWER: -9"
test_seen_00047,structure_aware,500,seen,"Open the product (x + -6)(x + -3), then set x = -7.",130,10,False,transformed_expression,transformed_expression,True,expansion,expansion,True,"STRUCTURE: transformed_expression
TOOL: expansion
ANSWER: 10"
test_seen_00048,structure_aware,500,seen,Solve the simultaneous relations 4x + 4y = -32 and x - 2y = 10. Find y.,-6,-5,False,two_linear_relations,two_linear_relations,True,elimination,elimination,True,"STRUCTURE: two_linear_relations
TOOL: elimination
ANSWER: -5"
test_seen_00049,structure_aware,500,seen,"Given y = -4x - 8, insert it into -3x + 2y = -60 and find x.",4,-10,False,two_linear_relations,two_linear_relations,True,substitution,substitution,True,"STRUCTURE: two_linear_relations
TOOL: substitution
ANSWER: -10"
test_seen_00050,structure_aware,500,seen,Use the product pattern for a difference of squares to compute 44^2 - 23^2.,1407,1569,False,polynomial_identity,polynomial_identity,True,factorization,factorization,True,"STRUCTURE: polynomial_identity
TOOL: factorization
ANSWER: 1569"
test_seen_00051,structure_aware,500,seen,Expand the square and evaluate (18 + 36)^2.,2916,10496,False,polynomial_identity,polynomial_identity,True,expansion,expansion,True,"STRUCTURE: polynomial_identity
TOOL: expansion
ANSWER: 10496"
test_seen_00052,structure_aware,500,seen,"At a fixed rate, 10 items cost 20 dollars. What do 40 items cost?",80,80,True,equivalent_ratios,equivalent_ratios,True,proportional_scaling,proportional_scaling,True,"STRUCTURE: equivalent_ratios
TOOL: proportional_scaling
ANSWER: 80"
test_seen_00053,structure_aware,500,seen,Solve the proportion 13/9 = 52/x for x.,36,48,False,equivalent_ratios,equivalent_ratios,True,cross_multiplication,cross_multiplication,True,"STRUCTURE: equivalent_ratios
TOOL: cross_multiplication
ANSWER: 48"
test_seen_00054,structure_aware,500,seen,A sequence starts at -8 and changes by -2 each term. Iterate to find term 3.,-12,-10,False,additive_recurrence,additive_recurrence,True,iteration,iteration,True,"STRUCTURE: additive_recurrence
TOOL: iteration
ANSWER: -10"
test_seen_00055,structure_aware,500,seen,An arithmetic sequence has formula a(n) = -15 + (n - 1)(-1). Substitute n = 10.,-24,-2,False,additive_recurrence,additive_recurrence,True,substitution,substitution,True,"STRUCTURE: additive_recurrence
TOOL: substitution
ANSWER: -2"
test_seen_00056,structure_aware,500,seen,"If x + y = 4 and xy = -77, use a square expansion to find x^2 + y^2.",170,150,False,symmetric_sum_product,symmetric_sum_product,True,expansion,expansion,True,"STRUCTURE: symmetric_sum_product
TOOL: expansion
ANSWER: 150"
test_seen_00057,structure_aware,500,seen,"Factor t^2 - 15t + 50 = 0 to obtain its two roots, then give the sum of their squares.",125,225,False,symmetric_sum_product,symmetric_sum_product,True,factorization,factorization,True,"STRUCTURE: symmetric_sum_product
TOOL: factorization
ANSWER: 225"
test_seen_00058,structure_aware,500,seen,"For f(t) = -4t^2 + 7t + 10, substitute t = -2 and find f(-2).",-20,-38,False,transformed_expression,transformed_expression,True,substitution,substitution,True,"STRUCTURE: transformed_expression
TOOL: substitution
ANSWER: -38"
test_seen_00059,structure_aware,500,seen,Expand (x + -6)(x + 0) and evaluate it at x = -4.,40,-24,False,transformed_expression,transformed_expression,True,expansion,expansion,True,"STRUCTURE: transformed_expression
TOOL: expansion
ANSWER: -24"
test_seen_00060,structure_aware,500,seen,Two linear constraints hold: 5x - 3y = -33; -x + 4y = 27. Determine y.,6,-10,False,two_linear_relations,two_linear_relations,True,elimination,elimination,True,"STRUCTURE: two_linear_relations
TOOL: elimination
ANSWER: -10"
test_seen_00061,structure_aware,500,seen,The linked relations are y = 3x + 6 and -x + 4y = 24. What is y?,6,18,False,two_linear_relations,two_linear_relations,True,substitution,substitution,True,"STRUCTURE: two_linear_relations
TOOL: substitution
ANSWER: 18"
test_seen_00062,structure_aware,500,seen,Evaluate 76^2 - 29^2 by rewriting it as a product.,4935,5305,False,polynomial_identity,polynomial_identity,True,factorization,factorization,True,"STRUCTURE: polynomial_identity
TOOL: factorization
ANSWER: 5305"
test_seen_00063,structure_aware,500,seen,Use the binomial-square identity to compute (29 + 35)^2.,4096,1604,False,polynomial_identity,polynomial_identity,True,expansion,expansion,True,"STRUCTURE: polynomial_identity
TOOL: expansion
ANSWER: 1604"
test_seen_00064,structure_aware,500,seen,Scale the ratio 3:8 to 33:x. Find x.,88,88,True,equivalent_ratios,equivalent_ratios,True,proportional_scaling,proportional_scaling,True,"STRUCTURE: equivalent_ratios
TOOL: proportional_scaling
ANSWER: 88"
test_seen_00065,structure_aware,500,seen,Cross-multiply 13:6 = 143:x and determine x.,66,84,False,equivalent_ratios,equivalent_ratios,True,cross_multiplication,cross_multiplication,True,"STRUCTURE: equivalent_ratios
TOOL: cross_multiplication
ANSWER: 84"
test_seen_00066,structure_aware,500,seen,"Given a1 = 18 and a(n+1) = a(n) - 9, find a13.",-90,-60,False,additive_recurrence,additive_recurrence,True,iteration,iteration,True,"STRUCTURE: additive_recurrence
TOOL: iteration
ANSWER: -60"
test_seen_00067,structure_aware,500,seen,Use the closed form b(n) = -14 + (n - 1)(-7) to find b(15).,-112,-82,False,additive_recurrence,additive_recurrence,True,substitution,substitution,True,"STRUCTURE: additive_recurrence
TOOL: substitution
ANSWER: -82"
test_seen_00068,structure_aware,500,seen,Two numbers have sum 18 and product 65. Compute the sum of their squares from the symmetric identity.,194,204,False,symmetric_sum_product,symmetric_sum_product,True,expansion,expansion,True,"STRUCTURE: symmetric_sum_product
TOOL: expansion
ANSWER: 204"
test_seen_00069,structure_aware,500,seen,The roots of t^2 + 17t + 72 = 0 are r and s. Find r^2 + s^2 by factoring the quadratic.,145,193,False,symmetric_sum_product,symmetric_sum_product,True,factorization,factorization,True,"STRUCTURE: symmetric_sum_product
TOOL: factorization
ANSWER: 193"
test_seen_00070,structure_aware,500,seen,Evaluate the transformed expression -2z^2 + 8z - 11 at z = -3.,-53,-16,False,transformed_expression,transformed_expression,True,substitution,substitution,True,"STRUCTURE: transformed_expression
TOOL: substitution
ANSWER: -16"
test_seen_00071,structure_aware,500,seen,"Open the product (t + -5)(t + 5), then set t = 0.",-25,-25,True,transformed_expression,transformed_expression,True,expansion,expansion,True,"STRUCTURE: transformed_expression
TOOL: expansion
ANSWER: -25"
test_seen_00072,structure_aware,500,seen,Solve the simultaneous relations -2x - 2y = 14 and 2x - 3y = 21. Find y.,-7,-5,False,two_linear_relations,two_linear_relations,True,elimination,elimination,True,"STRUCTURE: two_linear_relations
TOOL: elimination
ANSWER: -5"
test_seen_00073,structure_aware,500,seen,"Given y = 2x - 1, insert it into 5x - y = 1 and find x.",0,0,True,two_linear_relations,two_linear_relations,True,substitution,substitution,True,"STRUCTURE: two_linear_relations
TOOL: substitution
ANSWER: 0"
test_seen_00074,structure_aware,500,seen,Use the product pattern for a difference of squares to compute 52^2 - 13^2.,2535,2409,False,polynomial_identity,polynomial_identity,True,factorization,factorization,True,"STRUCTURE: polynomial_identity
TOOL: factorization
ANSWER: 2409"
test_seen_00075,structure_aware,500,seen,Expand the square and evaluate (10 + 11)^2.,441,364,False,polynomial_identity,polynomial_identity,True,expansion,expansion,True,"STRUCTURE: polynomial_identity
TOOL: expansion
ANSWER: 364"
test_seen_00076,structure_aware,500,seen,"At a fixed rate, 4 items cost 7 dollars. What do 20 items cost?",35,35,True,equivalent_ratios,equivalent_ratios,True,proportional_scaling,proportional_scaling,True,"STRUCTURE: equivalent_ratios
TOOL: proportional_scaling
ANSWER: 35"
test_seen_00077,structure_aware,500,seen,Solve the proportion 11/18 = 132/x for x.,216,216,True,equivalent_ratios,equivalent_ratios,True,cross_multiplication,cross_multiplication,True,"STRUCTURE: equivalent_ratios
TOOL: cross_multiplication
ANSWER: 216"
test_seen_00078,structure_aware,500,seen,A sequence starts at -8 and changes by -1 each term. Iterate to find term 10.,-17,-9,False,additive_recurrence,additive_recurrence,True,iteration,iteration,True,"STRUCTURE: additive_recurrence
TOOL: iteration
ANSWER: -9"
test_seen_00079,structure_aware,500,seen,An arithmetic sequence has formula a(n) = 4 + (n - 1)(8). Substitute n = 5.,36,36,True,additive_recurrence,additive_recurrence,True,substitution,substitution,True,"STRUCTURE: additive_recurrence
TOOL: substitution
ANSWER: 36"
test_seen_00080,structure_aware,500,seen,"If x + y = 1 and xy = -156, use a square expansion to find x^2 + y^2.",313,307,False,symmetric_sum_product,symmetric_sum_product,True,expansion,expansion,True,"STRUCTURE: symmetric_sum_product
TOOL: expansion
ANSWER: 307"
test_seen_00081,structure_aware,500,seen,"Factor t^2 - 19t + 88 = 0 to obtain its two roots, then give the sum of their squares.",185,257,False,symmetric_sum_product,symmetric_sum_product,True,factorization,factorization,True,"STRUCTURE: symmetric_sum_product
TOOL: factorization
ANSWER: 257"
test_seen_00082,structure_aware,500,seen,"For f(t) = 4t^2 + 3t - 8, substitute t = -6 and find f(-6).",118,-102,False,transformed_expression,transformed_expression,True,substitution,substitution,True,"STRUCTURE: transformed_expression
TOOL: substitution
ANSWER: -102"
test_seen_00083,structure_aware,500,seen,Expand (t + 3)(t + -1) and evaluate it at t = 1.,0,2,False,transformed_expression,transformed_expression,True,expansion,expansion,True,"STRUCTURE: transformed_expression
TOOL: expansion
ANSWER: 2"
test_seen_00084,structure_aware,500,seen,Two linear constraints hold: 4x + 3y = -39; x - 5y = 19. Determine y.,-5,-2,False,two_linear_relations,two_linear_relations,True,elimination,elimination,True,"STRUCTURE: two_linear_relations
TOOL: elimination
ANSWER: -2"
test_seen_00085,structure_aware,500,seen,The linked relations are y = 3x + 6 and 4x + 3y = 135. What is x?,9,-9,False,two_linear_relations,two_linear_relations,True,substitution,substitution,True,"STRUCTURE: two_linear_relations
TOOL: substitution
ANSWER: -9"
test_seen_00086,structure_aware,500,seen,Evaluate 65^2 - 2^2 by rewriting it as a product.,4221,4097,False,polynomial_identity,polynomial_identity,True,factorization,factorization,True,"STRUCTURE: polynomial_identity
TOOL: factorization
ANSWER: 4097"
test_seen_00087,structure_aware,500,seen,Use the binomial-square identity to compute (32 + 6)^2.,1444,1408,False,polynomial_identity,polynomial_identity,True,expansion,expansion,True,"STRUCTURE: polynomial_identity
TOOL: expansion
ANSWER: 1408"
test_seen_00088,structure_aware,500,seen,Scale the ratio 3:23 to 18:x. Find x.,138,96,False,equivalent_ratios,equivalent_ratios,True,proportional_scaling,proportional_scaling,True,"STRUCTURE: equivalent_ratios
TOOL: proportional_scaling
ANSWER: 96"
test_seen_00089,structure_aware,500,seen,Cross-multiply 9:4 = 45:x and determine x.,20,20,True,equivalent_ratios,equivalent_ratios,True,cross_multiplication,cross_multiplication,True,"STRUCTURE: equivalent_ratios
TOOL: cross_multiplication
ANSWER: 20"
test_seen_00090,structure_aware,500,seen,"Given a1 = 14 and a(n+1) = a(n) + 5, find a10.",59,63,False,additive_recurrence,additive_recurrence,True,iteration,iteration,True,"STRUCTURE: additive_recurrence
TOOL: iteration
ANSWER: 63"
test_seen_00091,structure_aware,500,seen,Use the closed form b(n) = -11 + (n - 1)(-4) to find b(8).,-39,-37,False,additive_recurrence,additive_recurrence,True,substitution,substitution,True,"STRUCTURE: additive_recurrence
TOOL: substitution
ANSWER: -37"
test_seen_00092,structure_aware,500,seen,Two numbers have sum -28 and product 195. Compute the sum of their squares from the symmetric identity.,394,406,False,symmetric_sum_product,symmetric_sum_product,True,expansion,expansion,True,"STRUCTURE: symmetric_sum_product
TOOL: expansion
ANSWER: 406"
test_seen_00093,structure_aware,500,seen,The roots of t^2 + 12t + 35 = 0 are r and s. Find r^2 + s^2 by factoring the quadratic.,74,84,False,symmetric_sum_product,symmetric_sum_product,True,factorization,factorization,True,"STRUCTURE: symmetric_sum_product
TOOL: factorization
ANSWER: 84"
test_seen_00094,structure_aware,500,seen,Evaluate the transformed expression -5z^2 - 6z + 5 at z = 6.,-211,-18,False,transformed_expression,transformed_expression,True,substitution,substitution,True,"STRUCTURE: transformed_expression
TOOL: substitution
ANSWER: -18"
test_seen_00095,structure_aware,500,seen,"Open the product (z + 0)(z + -5), then set z = -7.",84,-42,False,transformed_expression,transformed_expression,True,expansion,expansion,True,"STRUCTURE: transformed_expression
TOOL: expansion
ANSWER: -42"
test_seen_00096,structure_aware,500,seen,Solve the simultaneous relations -5x - 5y = 5 and 5x - 4y = 22. Find x.,2,-3,False,two_linear_relations,two_linear_relations,True,elimination,elimination,True,"STRUCTURE: two_linear_relations
TOOL: elimination
ANSWER: -3"
test_seen_00097,structure_aware,500,seen,"Given y = -2x - 2, insert it into -2x - 5y = -38 and find y.",10,-19,False,two_linear_relations,two_linear_relations,True,substitution,substitution,True,"STRUCTURE: two_linear_relations
TOOL: substitution
ANSWER: -19"
test_seen_00098,structure_aware,500,seen,Use the product pattern for a difference of squares to compute 19^2 - 4^2.,345,305,False,polynomial_identity,polynomial_identity,True,factorization,factorization,True,"STRUCTURE: polynomial_identity
TOOL: factorization
ANSWER: 305"
test_seen_00099,structure_aware,500,seen,Expand the square and evaluate (8 + 21)^2.,841,3649,False,polynomial_identity,polynomial_identity,True,expansion,expansion,True,"STRUCTURE: polynomial_identity
TOOL: expansion
ANSWER: 3649"
test_seen_00100,structure_aware,500,seen,"At a fixed rate, 3 items cost 21 dollars. What do 6 items cost?",42,42,True,equivalent_ratios,equivalent_ratios,True,proportional_scaling,proportional_scaling,True,"STRUCTURE: equivalent_ratios
TOOL: proportional_scaling
ANSWER: 42"
test_seen_00101,structure_aware,500,seen,Solve the proportion 12/9 = 120/x for x.,90,90,True,equivalent_ratios,equivalent_ratios,True,cross_multiplication,cross_multiplication,True,"STRUCTURE: equivalent_ratios
TOOL: cross_multiplication
ANSWER: 90"
test_seen_00102,structure_aware,500,seen,A sequence starts at -4 and changes by -1 each term. Iterate to find term 9.,-12,-10,False,additive_recurrence,additive_recurrence,True,iteration,iteration,True,"STRUCTURE: additive_recurrence
TOOL: iteration
ANSWER: -10"
test_seen_00103,structure_aware,500,seen,An arithmetic sequence has formula a(n) = 18 + (n - 1)(-4). Substitute n = 15.,-38,-36,False,additive_recurrence,additive_recurrence,True,substitution,substitution,True,"STRUCTURE: additive_recurrence
TOOL: substitution
ANSWER: -36"
test_seen_00104,structure_aware,500,seen,"If x + y = -5 and xy = -50, use a square expansion to find x^2 + y^2.",125,100,False,symmetric_sum_product,symmetric_sum_product,True,expansion,expansion,True,"STRUCTURE: symmetric_sum_product
TOOL: expansion
ANSWER: 100"
test_seen_00105,structure_aware,500,seen,"Factor t^2 - 2t - 35 = 0 to obtain its two roots, then give the sum of their squares.",74,146,False,symmetric_sum_product,symmetric_sum_product,True,factorization,factorization,True,"STRUCTURE: symmetric_sum_product
TOOL: factorization
ANSWER: 146"
test_seen_00106,structure_aware,500,seen,"For f(t) = 3t^2 + 5t + 8, substitute t = 4 and find f(4).",76,60,False,transformed_expression,transformed_expression,True,substitution,substitution,True,"STRUCTURE: transformed_expression
TOOL: substitution
ANSWER: 60"
test_seen_00107,structure_aware,500,seen,Expand (t + 3)(t + 0) and evaluate it at t = 0.,0,0,True,transformed_expression,transformed_expression,True,expansion,expansion,True,"STRUCTURE: transformed_expression
TOOL: expansion
ANSWER: 0"
test_seen_00108,structure_aware,500,seen,Two linear constraints hold: 2x + y = 15; 5x + 2y = 39. Determine x.,9,-6,False,two_linear_relations,two_linear_relations,True,elimination,elimination,True,"STRUCTURE: two_linear_relations
TOOL: elimination
ANSWER: -6"
test_seen_00109,structure_aware,500,seen,The linked relations are y = 6 - 3x and -5x + 5y = -110. What is x?,7,-8,False,two_linear_relations,two_linear_relations,True,substitution,substitution,True,"STRUCTURE: two_linear_relations
TOOL: substitution
ANSWER: -8"
test_seen_00110,structure_aware,500,seen,Evaluate 19^2 - 9^2 by rewriting it as a product.,280,300,False,polynomial_identity,polynomial_identity,True,factorization,factorization,True,"STRUCTURE: polynomial_identity
TOOL: factorization
ANSWER: 300"
test_seen_00111,structure_aware,500,seen,Use the binomial-square identity to compute (30 + 6)^2.,1296,1184,False,polynomial_identity,polynomial_identity,True,expansion,expansion,True,"STRUCTURE: polynomial_identity
TOOL: expansion
ANSWER: 1184"
test_seen_00112,structure_aware,500,seen,Scale the ratio 3:5 to 27:x. Find x.,45,45,True,equivalent_ratios,equivalent_ratios,True,proportional_scaling,proportional_scaling,True,"STRUCTURE: equivalent_ratios
TOOL: proportional_scaling
ANSWER: 45"
test_seen_00113,structure_aware,500,seen,Cross-multiply 12:10 = 24:x and determine x.,20,20,True,equivalent_ratios,equivalent_ratios,True,cross_multiplication,cross_multiplication,True,"STRUCTURE: equivalent_ratios
TOOL: cross_multiplication
ANSWER: 20"
test_seen_00114,structure_aware,500,seen,"Given a1 = 12 and a(n+1) = a(n) + 8, find a9.",76,74,False,additive_recurrence,additive_recurrence,True,iteration,iteration,True,"STRUCTURE: additive_recurrence
TOOL: iteration
ANSWER: 74"
test_seen_00115,structure_aware,500,seen,Use the closed form b(n) = -6 + (n - 1)(7) to find b(15).,92,82,False,additive_recurrence,additive_recurrence,True,substitution,substitution,True,"STRUCTURE: additive_recurrence
TOOL: substitution
ANSWER: 82"
test_seen_00116,structure_aware,500,seen,Two numbers have sum -23 and product 120. Compute the sum of their squares from the symmetric identity.,289,457,False,symmetric_sum_product,symmetric_sum_product,True,expansion,expansion,True,"STRUCTURE: symmetric_sum_product
TOOL: expansion
ANSWER: 457"
test_seen_00117,structure_aware,500,seen,The roots of t^2 + 9t + 20 = 0 are r and s. Find r^2 + s^2 by factoring the quadratic.,41,81,False,symmetric_sum_product,symmetric_sum_product,True,factorization,factorization,True,"STRUCTURE: symmetric_sum_product
TOOL: factorization
ANSWER: 81"
test_seen_00118,structure_aware,500,seen,Evaluate the transformed expression -4z^2 + 4z - 10 at z = -5.,-130,-31,False,transformed_expression,transformed_expression,True,substitution,substitution,True,"STRUCTURE: transformed_expression
TOOL: substitution
ANSWER: -31"
test_seen_00119,structure_aware,500,seen,"Open the product (x + -10)(x + 6), then set x = 2.",-64,34,False,transformed_expression,transformed_expression,True,expansion,expansion,True,"STRUCTURE: transformed_expression
TOOL: expansion
ANSWER: 34"
test_unseen_00000,structure_aware,500,unseen,The lines 3x - 4y = -16 and -3x + y = -5 intersect. Give their x-coordinate.,4,-2,False,two_linear_relations,two_linear_relations,True,elimination,substitution,False,"STRUCTURE: two_linear_relations
TOOL: substitution
ANSWER: -2"
test_unseen_00001,structure_aware,500,unseen,One variable is isolated in y = -5x - 1; use the other constraint -4x + 5y = -5 to obtain x.,0,-2,False,two_linear_relations,two_linear_relations,True,substitution,substitution,True,"STRUCTURE: two_linear_relations
TOOL: substitution
ANSWER: -2"
test_unseen_00002,structure_aware,500,unseen,"Without separately squaring both numbers, find the difference between 29 squared and 8 squared.",777,157,False,polynomial_identity,polynomial_identity,True,factorization,expansion,False,"STRUCTURE: polynomial_identity
TOOL: expansion
ANSWER: 157"
test_unseen_00003,structure_aware,500,unseen,What number results from opening the brackets in (34 + 21)(34 + 21)?,3025,580,False,polynomial_identity,additive_property,False,expansion,expansion,True,"STRUCTURE: additive_property
TOOL: expansion
ANSWER: 580"
test_unseen_00004,structure_aware,500,unseen,A batch of 8 units has value 20. Find the value of a same-rate batch of 96 units.,240,144,False,equivalent_ratios,additive_recurrence,False,proportional_scaling,multiplication,False,"STRUCTURE: additive_recurrence
TOOL: multiplication
ANSWER: 144"
test_unseen_00005,structure_aware,500,unseen,Complete the equivalent fractions: 14/12 = 112/[blank].,96,96,True,equivalent_ratios,equivalent_ratios,True,cross_multiplication,cross_multiplication,True,"STRUCTURE: equivalent_ratios
TOOL: cross_multiplication
ANSWER: 96"
test_unseen_00006,structure_aware,500,unseen,A machine begins at 2 and applies a change of -7 for 7 rounds. What is its final value?,-47,-35,False,additive_recurrence,additive_recurrence,True,iteration,iteration,True,"STRUCTURE: additive_recurrence
TOOL: iteration
ANSWER: -35"
test_unseen_00007,structure_aware,500,unseen,The repeated-change process is summarized by c(k) = -2 + (k - 1)(-4). Evaluate it at k = 4.,-14,-8,False,additive_recurrence,additive_recurrence,True,substitution,substitution,True,"STRUCTURE: additive_recurrence
TOOL: substitution
ANSWER: -8"
test_unseen_00008,structure_aware,500,unseen,"Knowing only that p + q = -12 and pq = -13, determine p^2 + q^2 by opening (p + q)^2.",170,56,False,symmetric_sum_product,polynomial_identity,False,expansion,expansion,True,"STRUCTURE: polynomial_identity
TOOL: expansion
ANSWER: 56"
test_unseen_00009,structure_aware,500,unseen,Split the quadratic t^2 + 9t - 36 into linear factors and report the squared-root sum.,153,45,False,symmetric_sum_product,symmetric_sum,False,factorization,factorization,True,"STRUCTURE: symmetric_sum
TOOL: factorization
ANSWER: 45"
test_unseen_00010,structure_aware,500,unseen,Insert u = 3 into -u^2 + 2u - 9. What value results?,-12,-18,False,transformed_expression,transformed_expression,True,substitution,substitution,True,"STRUCTURE: transformed_expression
TOOL: substitution
ANSWER: -18"
test_unseen_00011,structure_aware,500,unseen,"After multiplying out the two shifted factors (t + -1) and (t + -9), find the result when t is -2.",33,3,False,transformed_expression,transformed_expression,True,expansion,expansion,True,"STRUCTURE: transformed_expression
TOOL: expansion
ANSWER: 3"
test_unseen_00012,structure_aware,500,unseen,The lines 2x - 2y = -24 and -2x - 3y = -6 intersect. Give their y-coordinate.,6,-12,False,two_linear_relations,two_linear_relations,True,elimination,elimination,True,"STRUCTURE: two_linear_relations
TOOL: elimination
ANSWER: -12"
test_unseen_00013,structure_aware,500,unseen,One variable is isolated in y = -5x - 7; use the other constraint 2x - 5y = -19 to obtain y.,3,-3,False,two_linear_relations,two_linear_relations,True,substitution,substitution,True,"STRUCTURE: two_linear_relations
TOOL: substitution
ANSWER: -3"
test_unseen_00014,structure_aware,500,unseen,"Without separately squaring both numbers, find the difference between 79 squared and 25 squared.",5616,364,False,polynomial_identity,polynomial_identity,True,factorization,expansion,False,"STRUCTURE: polynomial_identity
TOOL: expansion
ANSWER: 364"
test_unseen_00015,structure_aware,500,unseen,What number results from opening the brackets in (32 + 31)(32 + 31)?,3969,480,False,polynomial_identity,additive_property,False,expansion,expansion,True,"STRUCTURE: additive_property
TOOL: expansion
ANSWER: 480"
test_unseen_00016,structure_aware,500,unseen,A batch of 14 units has value 19. Find the value of a same-rate batch of 154 units.,209,362,False,equivalent_ratios,additive_recurrence,False,proportional_scaling,multiplication,False,"STRUCTURE: additive_recurrence
TOOL: multiplication
ANSWER: 362"
test_unseen_00017,structure_aware,500,unseen,Complete the equivalent fractions: 5/17 = 20/[blank].,68,68,True,equivalent_ratios,equivalent_ratios,True,cross_multiplication,cross_multiplication,True,"STRUCTURE: equivalent_ratios
TOOL: cross_multiplication
ANSWER: 68"
test_unseen_00018,structure_aware,500,unseen,A machine begins at 9 and applies a change of 3 for 11 rounds. What is its final value?,42,45,False,additive_recurrence,additive_recurrence,True,iteration,iteration,True,"STRUCTURE: additive_recurrence
TOOL: iteration
ANSWER: 45"
test_unseen_00019,structure_aware,500,unseen,The repeated-change process is summarized by c(k) = -18 + (k - 1)(-1). Evaluate it at k = 5.,-22,-2,False,additive_recurrence,additive_recurrence,True,substitution,substitution,True,"STRUCTURE: additive_recurrence
TOOL: substitution
ANSWER: -2"
test_unseen_00020,structure_aware,500,unseen,"Knowing only that p + q = -2 and pq = -195, determine p^2 + q^2 by opening (p + q)^2.",394,406,False,symmetric_sum_product,symmetric_sum_product,True,expansion,expansion,True,"STRUCTURE: symmetric_sum_product
TOOL: expansion
ANSWER: 406"
test_unseen_00021,structure_aware,500,unseen,Split the quadratic t^2 - 12t + 27 into linear factors and report the squared-root sum.,90,30,False,symmetric_sum_product,symmetric_sum,False,factorization,factorization,True,"STRUCTURE: symmetric_sum
TOOL: factorization
ANSWER: 30"
test_unseen_00022,structure_aware,500,unseen,Insert u = 2 into 5u^2 + u - 1. What value results?,21,10,False,transformed_expression,transformed_expression,True,substitution,substitution,True,"STRUCTURE: transformed_expression
TOOL: substitution
ANSWER: 10"
test_unseen_00023,structure_aware,500,unseen,"After multiplying out the two shifted factors (t + -4) and (t + 2), find the result when t is -6.",40,-10,False,transformed_expression,transformed_expression,True,expansion,expansion,True,"STRUCTURE: transformed_expression
TOOL: expansion
ANSWER: -10"
test_unseen_00024,structure_aware,500,unseen,The lines -2x + 4y = -26 and -5x + y = -11 intersect. Give their x-coordinate.,1,-3,False,two_linear_relations,two_linear_relations,True,elimination,substitution,False,"STRUCTURE: two_linear_relations
TOOL: substitution
ANSWER: -3"
test_unseen_00025,structure_aware,500,unseen,One variable is isolated in y = -4x - 4; use the other constraint -3x - 5y = 122 to obtain y.,-28,-89,False,two_linear_relations,two_linear_relations,True,substitution,substitution,True,"STRUCTURE: two_linear_relations
TOOL: substitution
ANSWER: -89"
test_unseen_00026,structure_aware,500,unseen,"Without separately squaring both numbers, find the difference between 48 squared and 43 squared.",455,15,False,polynomial_identity,polynomial_identity,True,factorization,factorization,True,"STRUCTURE: polynomial_identity
TOOL: factorization
ANSWER: 15"
test_unseen_00027,structure_aware,500,unseen,What number results from opening the brackets in (19 + 6)(19 + 6)?,625,480,False,polynomial_identity,additive_property,False,expansion,expansion,True,"STRUCTURE: additive_property
TOOL: expansion
ANSWER: 480"
test_unseen_00028,structure_aware,500,unseen,A batch of 8 units has value 10. Find the value of a same-rate batch of 16 units.,20,20,True,equivalent_ratios,additive_recurrence,False,proportional_scaling,multiplication,False,"STRUCTURE: additive_recurrence
TOOL: multiplication
ANSWER: 20"
test_unseen_00029,structure_aware,500,unseen,Complete the equivalent fractions: 13/18 = 52/[blank].,72,60,False,equivalent_ratios,equivalent_ratios,True,cross_multiplication,cross_multiplication,True,"STRUCTURE: equivalent_ratios
TOOL: cross_multiplication
ANSWER: 60"
test_unseen_00030,structure_aware,500,unseen,A machine begins at 20 and applies a change of -3 for 2 rounds. What is its final value?,14,-14,False,additive_recurrence,additive_recurrence,True,iteration,iteration,True,"STRUCTURE: additive_recurrence
TOOL: iteration
ANSWER: -14"
test_unseen_00031,structure_aware,500,unseen,The repeated-change process is summarized by c(k) = -3 + (k - 1)(7). Evaluate it at k = 7.,39,28,False,additive_recurrence,additive_recurrence,True,substitution,substitution,True,"STRUCTURE: additive_recurrence
TOOL: substitution
ANSWER: 28"
test_unseen_00032,structure_aware,500,unseen,"Knowing only that p + q = -12 and pq = -13, determine p^2 + q^2 by opening (p + q)^2.",170,56,False,symmetric_sum_product,polynomial_identity,False,expansion,expansion,True,"STRUCTURE: polynomial_identity
TOOL: expansion
ANSWER: 56"
test_unseen_00033,structure_aware,500,unseen,Split the quadratic t^2 - 21t + 108 into linear factors and report the squared-root sum.,225,369,False,symmetric_sum_product,symmetric_sum,False,factorization,factorization,True,"STRUCTURE: symmetric_sum
TOOL: factorization
ANSWER: 369"
test_unseen_00034,structure_aware,500,unseen,Insert u = 5 into 5u^2 + 2u + 5. What value results?,140,10,False,transformed_expression,transformed_expression,True,substitution,substitution,True,"STRUCTURE: transformed_expression
TOOL: substitution
ANSWER: 10"
test_unseen_00035,structure_aware,500,unseen,"After multiplying out the two shifted factors (t + 5) and (t + -8), find the result when t is -3.",-22,-2,False,transformed_expression,transformed_expression,True,expansion,expansion,True,"STRUCTURE: transformed_expression
TOOL: expansion
ANSWER: -2"
test_unseen_00036,structure_aware,500,unseen,The lines x - y = -3 and 3x + 2y = 6 intersect. Give their x-coordinate.,0,-1,False,two_linear_relations,two_linear_relations,True,elimination,substitution,False,"STRUCTURE: two_linear_relations
TOOL: substitution
ANSWER: -1"
test_unseen_00037,structure_aware,500,unseen,One variable is isolated in y = -x - 4; use the other constraint -4x + 3y = -19 to obtain y.,-5,-5,True,two_linear_relations,two_linear_relations,True,substitution,substitution,True,"STRUCTURE: two_linear_relations
TOOL: substitution
ANSWER: -5"
test_unseen_00038,structure_aware,500,unseen,"Without separately squaring both numbers, find the difference between 66 squared and 43 squared.",2507,1059,False,polynomial_identity,polynomial_identity,True,factorization,expansion,False,"STRUCTURE: polynomial_identity
TOOL: expansion
ANSWER: 1059"
test_unseen_00039,structure_aware,500,unseen,What number results from opening the brackets in (30 + 7)(30 + 7)?,1369,169,False,polynomial_identity,additive_property,False,expansion,expansion,True,"STRUCTURE: additive_property
TOOL: expansion
ANSWER: 169"
test_unseen_00040,structure_aware,500,unseen,A batch of 11 units has value 6. Find the value of a same-rate batch of 66 units.,36,39,False,equivalent_ratios,additive_recurrence,False,proportional_scaling,multiplication,False,"STRUCTURE: additive_recurrence
TOOL: multiplication
ANSWER: 39"
test_unseen_00041,structure_aware,500,unseen,Complete the equivalent fractions: 13/19 = 78/[blank].,114,26,False,equivalent_ratios,equivalent_ratios,True,cross_multiplication,cross_multiplication,True,"STRUCTURE: equivalent_ratios
TOOL: cross_multiplication
ANSWER: 26"
test_unseen_00042,structure_aware,500,unseen,A machine begins at 12 and applies a change of 3 for 5 rounds. What is its final value?,27,46,False,additive_recurrence,additive_recurrence,True,iteration,iteration,True,"STRUCTURE: additive_recurrence
TOOL: iteration
ANSWER: 46"
test_unseen_00043,structure_aware,500,unseen,The repeated-change process is summarized by c(k) = -18 + (k - 1)(-2). Evaluate it at k = 11.,-38,-30,False,additive_recurrence,additive_recurrence,True,substitution,substitution,True,"STRUCTURE: additive_recurrence
TOOL: substitution
ANSWER: -30"
test_unseen_00044,structure_aware,500,unseen,"Knowing only that p + q = -13 and pq = 0, determine p^2 + q^2 by opening (p + q)^2.",169,169,True,symmetric_sum_product,polynomial_identity,False,expansion,expansion,True,"STRUCTURE: polynomial_identity
TOOL: expansion
ANSWER: 169"
test_unseen_00045,structure_aware,500,unseen,Split the quadratic t^2 + 6t - 7 into linear factors and report the squared-root sum.,50,45,False,symmetric_sum_product,transformed_expression,False,factorization,factorization,True,"STRUCTURE: transformed_expression
TOOL: factorization
ANSWER: 45"
test_unseen_00046,structure_aware,500,unseen,Insert u = -3 into 2u^2 - 4u + 2. What value results?,32,-1,False,transformed_expression,transformed_expression,True,substitution,substitution,True,"STRUCTURE: transformed_expression
TOOL: substitution
ANSWER: -1"
test_unseen_00047,structure_aware,500,unseen,"After multiplying out the two shifted factors (z + -6) and (z + -3), find the result when z is 7.",4,42,False,transformed_expression,transformed_expression,True,expansion,expansion,True,"STRUCTURE: transformed_expression
TOOL: expansion
ANSWER: 42"
test_unseen_00048,structure_aware,500,unseen,The lines -3x - 5y = -41 and -4x + y = -1 intersect. Give their y-coordinate.,7,-2,False,two_linear_relations,two_linear_relations,True,elimination,substitution,False,"STRUCTURE: two_linear_relations
TOOL: substitution
ANSWER: -2"
test_unseen_00049,structure_aware,500,unseen,One variable is isolated in y = 5x + 8; use the other constraint 3x - 2y = -37 to obtain x.,3,-10,False,two_linear_relations,two_linear_relations,True,substitution,substitution,True,"STRUCTURE: two_linear_relations
TOOL: substitution
ANSWER: -10"
test_unseen_00050,structure_aware,500,unseen,"Without separately squaring both numbers, find the difference between 31 squared and 12 squared.",817,109,False,polynomial_identity,polynomial_identity,True,factorization,factorization,True,"STRUCTURE: polynomial_identity
TOOL: factorization
ANSWER: 109"
test_unseen_00051,structure_aware,500,unseen,What number results from opening the brackets in (2 + 23)(2 + 23)?,625,87,False,polynomial_identity,polynomial_identity,True,expansion,expansion,True,"STRUCTURE: polynomial_identity
TOOL: expansion
ANSWER: 87"
test_unseen_00052,structure_aware,500,unseen,A batch of 2 units has value 19. Find the value of a same-rate batch of 12 units.,114,58,False,equivalent_ratios,additive_recurrence,False,proportional_scaling,multiplication,False,"STRUCTURE: additive_recurrence
TOOL: multiplication
ANSWER: 58"
test_unseen_00053,structure_aware,500,unseen,Complete the equivalent fractions: 11/6 = 55/[blank].,30,33,False,equivalent_ratios,equivalent_ratios,True,cross_multiplication,cross_multiplication,True,"STRUCTURE: equivalent_ratios
TOOL: cross_multiplication
ANSWER: 33"
test_unseen_00054,structure_aware,500,unseen,A machine begins at -10 and applies a change of -3 for 10 rounds. What is its final value?,-40,-27,False,additive_recurrence,additive_recurrence,True,iteration,iteration,True,"STRUCTURE: additive_recurrence
TOOL: iteration
ANSWER: -27"
test_unseen_00055,structure_aware,500,unseen,The repeated-change process is summarized by c(k) = -19 + (k - 1)(-7). Evaluate it at k = 4.,-40,-50,False,additive_recurrence,additive_recurrence,True,substitution,substitution,True,"STRUCTURE: additive_recurrence
TOOL: substitution
ANSWER: -50"
test_unseen_00056,structure_aware,500,unseen,"Knowing only that p + q = 3 and pq = 2, determine p^2 + q^2 by opening (p + q)^2.",5,7,False,symmetric_sum_product,polynomial_identity,False,expansion,expansion,True,"STRUCTURE: polynomial_identity
TOOL: expansion
ANSWER: 7"
test_unseen_00057,structure_aware,500,unseen,Split the quadratic t^2 + 9t - 70 into linear factors and report the squared-root sum.,221,139,False,symmetric_sum_product,symmetric_sum,False,factorization,factorization,True,"STRUCTURE: symmetric_sum
TOOL: factorization
ANSWER: 139"
test_unseen_00058,structure_aware,500,unseen,Insert u = -3 into -u^2 + 4u - 8. What value results?,-29,-16,False,transformed_expression,transformed_expression,True,substitution,substitution,True,"STRUCTURE: transformed_expression
TOOL: substitution
ANSWER: -16"
test_unseen_00059,structure_aware,500,unseen,"After multiplying out the two shifted factors (z + 10) and (z + -5), find the result when z is 3.",-26,2,False,transformed_expression,transformed_expression,True,expansion,expansion,True,"STRUCTURE: transformed_expression
TOOL: expansion
ANSWER: 2"
test_unseen_00060,structure_aware,500,unseen,The lines 4x - y = -29 and -5x - 5y = 30 intersect. Give their x-coordinate.,-7,-1,False,two_linear_relations,two_linear_relations,True,elimination,elimination,True,"STRUCTURE: two_linear_relations
TOOL: elimination
ANSWER: -1"
test_unseen_00061,structure_aware,500,unseen,One variable is isolated in y = -2x - 8; use the other constraint -3x - 4y = 2 to obtain x.,-6,-5,False,two_linear_relations,two_linear_relations,True,substitution,substitution,True,"STRUCTURE: two_linear_relations
TOOL: substitution
ANSWER: -5"
test_unseen_00062,structure_aware,500,unseen,"Without separately squaring both numbers, find the difference between 45 squared and 37 squared.",656,108,False,polynomial_identity,polynomial_identity,True,factorization,expansion,False,"STRUCTURE: polynomial_identity
TOOL: expansion
ANSWER: 108"
test_unseen_00063,structure_aware,500,unseen,What number results from opening the brackets in (12 + 29)(12 + 29)?,1681,600,False,polynomial_identity,additive_property,False,expansion,expansion,True,"STRUCTURE: additive_property
TOOL: expansion
ANSWER: 600"
test_unseen_00064,structure_aware,500,unseen,A batch of 8 units has value 13. Find the value of a same-rate batch of 48 units.,78,52,False,equivalent_ratios,additive_recurrence,False,proportional_scaling,multiplication,False,"STRUCTURE: additive_recurrence
TOOL: multiplication
ANSWER: 52"
test_unseen_00065,structure_aware,500,unseen,Complete the equivalent fractions: 11/10 = 55/[blank].,50,20,False,equivalent_ratios,equivalent_ratios,True,cross_multiplication,cross_multiplication,True,"STRUCTURE: equivalent_ratios
TOOL: cross_multiplication
ANSWER: 20"
test_unseen_00066,structure_aware,500,unseen,A machine begins at -11 and applies a change of 1 for 6 rounds. What is its final value?,-5,-7,False,additive_recurrence,additive_recurrence,True,iteration,iteration,True,"STRUCTURE: additive_recurrence
TOOL: iteration
ANSWER: -7"
test_unseen_00067,structure_aware,500,unseen,The repeated-change process is summarized by c(k) = 5 + (k - 1)(-4). Evaluate it at k = 13.,-43,-52,False,additive_recurrence,additive_recurrence,True,substitution,substitution,True,"STRUCTURE: additive_recurrence
TOOL: substitution
ANSWER: -52"
test_unseen_00068,structure_aware,500,unseen,"Knowing only that p + q = 5 and pq = -150, determine p^2 + q^2 by opening (p + q)^2.",325,225,False,symmetric_sum_product,polynomial_identity,False,expansion,expansion,True,"STRUCTURE: polynomial_identity
TOOL: expansion
ANSWER: 225"
test_unseen_00069,structure_aware,500,unseen,Split the quadratic t^2 + 10t into linear factors and report the squared-root sum.,100,50,False,symmetric_sum_product,transformed_expression,False,factorization,factorization,True,"STRUCTURE: transformed_expression
TOOL: factorization
ANSWER: 50"
test_unseen_00070,structure_aware,500,unseen,Insert u = 0 into -u^2 + 6u + 3. What value results?,3,3,True,transformed_expression,transformed_expression,True,substitution,substitution,True,"STRUCTURE: transformed_expression
TOOL: substitution
ANSWER: 3"
test_unseen_00071,structure_aware,500,unseen,"After multiplying out the two shifted factors (z + -1) and (z + -1), find the result when z is 4.",9,20,False,transformed_expression,transformed_expression,True,expansion,expansion,True,"STRUCTURE: transformed_expression
TOOL: expansion
ANSWER: 20"
test_unseen_00072,structure_aware,500,unseen,The lines x + 2y = 17 and 2x - 4y = -14 intersect. Give their y-coordinate.,6,-3,False,two_linear_relations,two_linear_relations,True,elimination,elimination,True,"STRUCTURE: two_linear_relations
TOOL: elimination
ANSWER: -3"
test_unseen_00073,structure_aware,500,unseen,One variable is isolated in y = -2x; use the other constraint -2x + 3y = -72 to obtain x.,9,-18,False,two_linear_relations,two_linear_relations,True,substitution,substitution,True,"STRUCTURE: two_linear_relations
TOOL: substitution
ANSWER: -18"
test_unseen_00074,structure_aware,500,unseen,"Without separately squaring both numbers, find the difference between 27 squared and 24 squared.",153,159,False,polynomial_identity,polynomial_identity,True,factorization,factorization,True,"STRUCTURE: polynomial_identity
TOOL: factorization
ANSWER: 159"
test_unseen_00075,structure_aware,500,unseen,What number results from opening the brackets in (25 + 16)(25 + 16)?,1681,800,False,polynomial_identity,additive_property,False,expansion,expansion,True,"STRUCTURE: additive_property
TOOL: expansion
ANSWER: 800"
test_unseen_00076,structure_aware,500,unseen,A batch of 8 units has value 11. Find the value of a same-rate batch of 64 units.,88,72,False,equivalent_ratios,additive_recurrence,False,proportional_scaling,multiplication,False,"STRUCTURE: additive_recurrence
TOOL: multiplication
ANSWER: 72"
test_unseen_00077,structure_aware,500,unseen,Complete the equivalent fractions: 3/2 = 24/[blank].,16,16,True,equivalent_ratios,equivalent_ratios,True,cross_multiplication,cross_multiplication,True,"STRUCTURE: equivalent_ratios
TOOL: cross_multiplication
ANSWER: 16"
test_unseen_00078,structure_aware,500,unseen,A machine begins at -6 and applies a change of 9 for 6 rounds. What is its final value?,48,-30,False,additive_recurrence,additive_recurrence,True,iteration,iteration,True,"STRUCTURE: additive_recurrence
TOOL: iteration
ANSWER: -30"
test_unseen_00079,structure_aware,500,unseen,The repeated-change process is summarized by c(k) = -19 + (k - 1)(-4). Evaluate it at k = 15.,-75,-63,False,additive_recurrence,additive_recurrence,True,substitution,substitution,True,"STRUCTURE: additive_recurrence
TOOL: substitution
ANSWER: -63"
test_unseen_00080,structure_aware,500,unseen,"Knowing only that p + q = -4 and pq = -45, determine p^2 + q^2 by opening (p + q)^2.",106,164,False,symmetric_sum_product,symmetric_sum_product,True,expansion,expansion,True,"STRUCTURE: symmetric_sum_product
TOOL: expansion
ANSWER: 164"
test_unseen_00081,structure_aware,500,unseen,Split the quadratic t^2 - t - 30 into linear factors and report the squared-root sum.,61,19,False,symmetric_sum_product,transformed_factors,False,factorization,factorization,True,"STRUCTURE: transformed_factors
TOOL: factorization
ANSWER: 19"
test_unseen_00082,structure_aware,500,unseen,Insert u = -7 into u^2 + 6u + 3. What value results?,10,-40,False,transformed_expression,transformed_expression,True,substitution,substitution,True,"STRUCTURE: transformed_expression
TOOL: substitution
ANSWER: -40"
test_unseen_00083,structure_aware,500,unseen,"After multiplying out the two shifted factors (t + 8) and (t + 8), find the result when t is -7.",1,-15,False,transformed_expression,transformed_expression,True,expansion,expansion,True,"STRUCTURE: transformed_expression
TOOL: expansion
ANSWER: -15"
test_unseen_00084,structure_aware,500,unseen,The lines 2x - 5y = 2 and -4x - y = 18 intersect. Give their y-coordinate.,-2,-7,False,two_linear_relations,two_linear_relations,True,elimination,elimination,True,"STRUCTURE: two_linear_relations
TOOL: elimination
ANSWER: -7"
test_unseen_00085,structure_aware,500,unseen,One variable is isolated in y = 6 - 3x; use the other constraint -x - 5y = -114 to obtain x.,-6,-26,False,two_linear_relations,two_linear_relations,True,substitution,substitution,True,"STRUCTURE: two_linear_relations
TOOL: substitution
ANSWER: -26"
test_unseen_00086,structure_aware,500,unseen,"Without separately squaring both numbers, find the difference between 37 squared and 35 squared.",144,1,False,polynomial_identity,polynomial_identity,True,factorization,expansion,False,"STRUCTURE: polynomial_identity
TOOL: expansion
ANSWER: 1"
test_unseen_00087,structure_aware,500,unseen,What number results from opening the brackets in (24 + 6)(24 + 6)?,900,130,False,polynomial_identity,polynomial_identity,True,expansion,expansion,True,"STRUCTURE: polynomial_identity
TOOL: expansion
ANSWER: 130"
test_unseen_00088,structure_aware,500,unseen,A batch of 2 units has value 2. Find the value of a same-rate batch of 4 units.,4,8,False,equivalent_ratios,equivalent_ratios,True,proportional_scaling,multiplication,False,"STRUCTURE: equivalent_ratios
TOOL: multiplication
ANSWER: 8"
test_unseen_00089,structure_aware,500,unseen,Complete the equivalent fractions: 14/19 = 140/[blank].,190,380,False,equivalent_ratios,equivalent_ratios,True,cross_multiplication,cross_multiplication,True,"STRUCTURE: equivalent_ratios
TOOL: cross_multiplication
ANSWER: 380"
test_unseen_00090,structure_aware,500,unseen,A machine begins at 1 and applies a change of 7 for 3 rounds. What is its final value?,22,28,False,additive_recurrence,additive_recurrence,True,iteration,iteration,True,"STRUCTURE: additive_recurrence
TOOL: iteration
ANSWER: 28"
test_unseen_00091,structure_aware,500,unseen,The repeated-change process is summarized by c(k) = 14 + (k - 1)(2). Evaluate it at k = 10.,32,30,False,additive_recurrence,additive_recurrence,True,substitution,substitution,True,"STRUCTURE: additive_recurrence
TOOL: substitution
ANSWER: 30"
test_unseen_00092,structure_aware,500,unseen,"Knowing only that p + q = 4 and pq = -96, determine p^2 + q^2 by opening (p + q)^2.",208,1920,False,symmetric_sum_product,symmetric_sum_product,True,expansion,expansion,True,"STRUCTURE: symmetric_sum_product
TOOL: expansion
ANSWER: 1920"
test_unseen_00093,structure_aware,500,unseen,Split the quadratic t^2 - 20t + 91 into linear factors and report the squared-root sum.,218,85,False,symmetric_sum_product,transformed_expression,False,factorization,factorization,True,"STRUCTURE: transformed_expression
TOOL: factorization
ANSWER: 85"
test_unseen_00094,structure_aware,500,unseen,Insert u = -7 into 4u^2 + 7u - 12. What value results?,135,-53,False,transformed_expression,symmetric_sum,False,substitution,substitution,True,"STRUCTURE: symmetric_sum
TOOL: substitution
ANSWER: -53"
test_unseen_00095,structure_aware,500,unseen,"After multiplying out the two shifted factors (z + -10) and (z + 2), find the result when z is -7.",85,-5,False,transformed_expression,transformed_expression,True,expansion,expansion,True,"STRUCTURE: transformed_expression
TOOL: expansion
ANSWER: -5"
test_unseen_00096,structure_aware,500,unseen,The lines -4x + 4y = -60 and -2x + 5y = -51 intersect. Give their y-coordinate.,-7,-3,False,two_linear_relations,two_linear_relations,True,elimination,substitution,False,"STRUCTURE: two_linear_relations
TOOL: substitution
ANSWER: -3"
test_unseen_00097,structure_aware,500,unseen,One variable is isolated in y = 4 - 5x; use the other constraint 3x + 5y = -156 to obtain x.,8,-20,False,two_linear_relations,two_linear_relations,True,substitution,substitution,True,"STRUCTURE: two_linear_relations
TOOL: substitution
ANSWER: -20"
test_unseen_00098,structure_aware,500,unseen,"Without separately squaring both numbers, find the difference between 75 squared and 6 squared.",5589,489,False,polynomial_identity,polynomial_identity,True,factorization,expansion,False,"STRUCTURE: polynomial_identity
TOOL: expansion
ANSWER: 489"
test_unseen_00099,structure_aware,500,unseen,What number results from opening the brackets in (26 + 9)(26 + 9)?,1225,1440,False,polynomial_identity,additive_performances,False,expansion,expansion,True,"STRUCTURE: additive_performances
TOOL: expansion
ANSWER: 1440"
test_unseen_00100,structure_aware,500,unseen,A batch of 10 units has value 6. Find the value of a same-rate batch of 120 units.,72,72,True,equivalent_ratios,additive_recurrence,False,proportional_scaling,multiplication,False,"STRUCTURE: additive_recurrence
TOOL: multiplication
ANSWER: 72"
test_unseen_00101,structure_aware,500,unseen,Complete the equivalent fractions: 3/10 = 15/[blank].,50,60,False,equivalent_ratios,equivalent_ratios,True,cross_multiplication,cross_multiplication,True,"STRUCTURE: equivalent_ratios
TOOL: cross_multiplication
ANSWER: 60"
test_unseen_00102,structure_aware,500,unseen,A machine begins at -3 and applies a change of -1 for 5 rounds. What is its final value?,-8,-8,True,additive_recurrence,additive_recurrence,True,iteration,iteration,True,"STRUCTURE: additive_recurrence
TOOL: iteration
ANSWER: -8"
test_unseen_00103,structure_aware,500,unseen,The repeated-change process is summarized by c(k) = 14 + (k - 1)(2). Evaluate it at k = 4.,20,20,True,additive_recurrence,additive_recurrence,True,substitution,substitution,True,"STRUCTURE: additive_recurrence
TOOL: substitution
ANSWER: 20"
test_unseen_00104,structure_aware,500,unseen,"Knowing only that p + q = 5 and pq = 4, determine p^2 + q^2 by opening (p + q)^2.",17,21,False,symmetric_sum_product,polynomial_identity,False,expansion,expansion,True,"STRUCTURE: polynomial_identity
TOOL: expansion
ANSWER: 21"
test_unseen_00105,structure_aware,500,unseen,Split the quadratic t^2 - 4t - 21 into linear factors and report the squared-root sum.,58,30,False,symmetric_sum_product,transformed_expression,False,factorization,factorization,True,"STRUCTURE: transformed_expression
TOOL: factorization
ANSWER: 30"
test_unseen_00106,structure_aware,500,unseen,Insert u = -4 into 4u^2 - 8u - 2. What value results?,94,-16,False,transformed_expression,transformed_expression,True,substitution,substitution,True,"STRUCTURE: transformed_expression
TOOL: substitution
ANSWER: -16"
test_unseen_00107,structure_aware,500,unseen,"After multiplying out the two shifted factors (z + 3) and (z + -10), find the result when z is 4.",-42,2,False,transformed_expression,transformed_expression,True,expansion,expansion,True,"STRUCTURE: transformed_expression
TOOL: expansion
ANSWER: 2"
test_unseen_00108,structure_aware,500,unseen,The lines -3x - 5y = -30 and x - 2y = -1 intersect. Give their x-coordinate.,5,-5,False,two_linear_relations,two_linear_relations,True,elimination,substitution,False,"STRUCTURE: two_linear_relations
TOOL: substitution
ANSWER: -5"
test_unseen_00109,structure_aware,500,unseen,One variable is isolated in y = 5x + 2; use the other constraint 2x + y = -19 to obtain y.,-13,-37,False,two_linear_relations,two_linear_relations,True,substitution,substitution,True,"STRUCTURE: two_linear_relations
TOOL: substitution
ANSWER: -37"
test_unseen_00110,structure_aware,500,unseen,"Without separately squaring both numbers, find the difference between 80 squared and 23 squared.",5871,619,False,polynomial_identity,polynomial_identity,True,factorization,expansion,False,"STRUCTURE: polynomial_identity
TOOL: expansion
ANSWER: 619"
test_unseen_00111,structure_aware,500,unseen,What number results from opening the brackets in (4 + 27)(4 + 27)?,961,160,False,polynomial_identity,additive_property,False,expansion,expansion,True,"STRUCTURE: additive_property
TOOL: expansion
ANSWER: 160"
test_unseen_00112,structure_aware,500,unseen,A batch of 9 units has value 22. Find the value of a same-rate batch of 63 units.,154,154,True,equivalent_ratios,equivalent_ratios,True,proportional_scaling,multiplication,False,"STRUCTURE: equivalent_ratios
TOOL: multiplication
ANSWER: 154"
test_unseen_00113,structure_aware,500,unseen,Complete the equivalent fractions: 10/10 = 100/[blank].,100,100,True,equivalent_ratios,equivalent_ratios,True,cross_multiplication,cross_multiplication,True,"STRUCTURE: equivalent_ratios
TOOL: cross_multiplication
ANSWER: 100"
test_unseen_00114,structure_aware,500,unseen,A machine begins at 17 and applies a change of 3 for 4 rounds. What is its final value?,29,20,False,additive_recurrence,additive_recurrence,True,iteration,iteration,True,"STRUCTURE: additive_recurrence
TOOL: iteration
ANSWER: 20"
test_unseen_00115,structure_aware,500,unseen,The repeated-change process is summarized by c(k) = -18 + (k - 1)(7). Evaluate it at k = 15.,80,94,False,additive_recurrence,additive_recurrence,True,substitution,substitution,True,"STRUCTURE: additive_recurrence
TOOL: substitution
ANSWER: 94"
test_unseen_00116,structure_aware,500,unseen,"Knowing only that p + q = 7 and pq = 0, determine p^2 + q^2 by opening (p + q)^2.",49,49,True,symmetric_sum_product,polynomial_identity,False,expansion,expansion,True,"STRUCTURE: polynomial_identity
TOOL: expansion
ANSWER: 49"
test_unseen_00117,structure_aware,500,unseen,Split the quadratic t^2 - 10t + 24 into linear factors and report the squared-root sum.,52,36,False,symmetric_sum_product,symmetric_sum,False,factorization,factorization,True,"STRUCTURE: symmetric_sum
TOOL: factorization
ANSWER: 36"
test_unseen_00118,structure_aware,500,unseen,Insert u = -4 into -4u^2 - 3. What value results?,-67,-16,False,transformed_expression,transformed_expression,True,substitution,substitution,True,"STRUCTURE: transformed_expression
TOOL: substitution
ANSWER: -16"
test_unseen_00119,structure_aware,500,unseen,"After multiplying out the two shifted factors (z + -1) and (z + 8), find the result when z is 2.",10,0,False,transformed_expression,transformed_expression,True,expansion,expansion,True,"STRUCTURE: transformed_expression
TOOL: expansion
ANSWER: 0"
