id,setting,train_size,template_split,problem,gold_answer,predicted_answer,answer_correct,gold_structure,predicted_structure,structure_correct,gold_tool,predicted_tool,tool_correct,raw_prediction
test_seen_00000,baseline,50,seen,"If x + y = -20 and xy = 84, find x^2 + y^2.",232,25,False,symmetric_polynomial_identity,,,expand_symmetric_identity,,, 25
test_seen_00001,baseline,50,seen,Evaluate 71^2 - 11^2.,4920,4401,False,factorization,,,factor_difference_of_squares,,, 4401
test_seen_00002,baseline,50,seen,Let f(t) = t^2 - 5t + 2. Find f(2).,-4,10,False,substitution,,,substitute_expression,,, 10
test_seen_00003,baseline,50,seen,Solve 4x + 3y = -3 and x + y = -3. What is x?,6,10,False,linear_elimination,,,solve_linear_system,,, 10
test_seen_00004,baseline,50,seen,Solve the proportion 2/5 = 6/x for x.,15,12,False,ratio_proportion,,,solve_proportion,,, 12
test_seen_00005,baseline,50,seen,A sequence starts with a1 = -11 and each next term is the current term + 4. Find a4.,1,10,False,recurrence,,,unroll_recurrence,,, 10
test_seen_00006,baseline,50,seen,Two numbers have sum -9 and product -10. What is the sum of their squares?,101,100,False,symmetric_polynomial_identity,,,expand_symmetric_identity,,, 100
test_seen_00007,baseline,50,seen,Compute the difference of squares: 42 squared minus 33 squared.,675,108,False,factorization,,,factor_difference_of_squares,,, 108
test_seen_00008,baseline,50,seen,Substitute z = 2 into 2z^2 + 8z - 4.,20,12,False,substitution,,,substitute_expression,,, 12
test_seen_00009,baseline,50,seen,The equations -4x - 5y = 1 and 4x - 5y = -31 hold simultaneously. Find x.,-4,10,False,linear_elimination,,,solve_linear_system,,, 10
test_seen_00010,baseline,50,seen,"If 2:7 = 12:x, what is x?",42,12,False,ratio_proportion,,,solve_proportion,,, 12
test_seen_00011,baseline,50,seen,"Starting at -16, repeatedly change the value by -1. What is term 11, counting the start as term 1?",-26,12,False,recurrence,,,unroll_recurrence,,, 12
test_seen_00012,baseline,50,seen,"Given s = x + y = -8 and p = xy = -48, compute x^2 + y^2.",160,25,False,symmetric_polynomial_identity,,,expand_symmetric_identity,,, 25
test_seen_00013,baseline,50,seen,What is 43^2 - 39^2? Use factorization if helpful.,328,241,False,factorization,,,factor_difference_of_squares,,, 241
test_seen_00014,baseline,50,seen,"For P(x) = -4x^2 + 6x + 8, evaluate P(7).",-146,12,False,substitution,,,substitute_expression,,, 12
test_seen_00015,baseline,50,seen,Use elimination on the system 3x + 5y = 8; 2x - 3y = -1. Determine x.,1,10,False,linear_elimination,,,solve_linear_system,,, 10
test_seen_00016,baseline,50,seen,The ratio 15 to 4 equals the ratio 105 to x. Find x.,28,15,False,ratio_proportion,,,solve_proportion,,, 15
test_seen_00017,baseline,50,seen,An arithmetic sequence has first term 17 and common difference -8. Find its 7th term.,-31,18,False,recurrence,,,unroll_recurrence,,, 18
test_seen_00018,baseline,50,seen,"If x + y = -4 and xy = -60, find x^2 + y^2.",136,10,False,symmetric_polynomial_identity,,,expand_symmetric_identity,,, 10
test_seen_00019,baseline,50,seen,Evaluate 45^2 - 40^2.,425,1920,False,factorization,,,factor_difference_of_squares,,, 1920
test_seen_00020,baseline,50,seen,Let f(t) = 4t^2 - 5t - 3. Find f(0).,-3,10,False,substitution,,,substitute_expression,,, 10
test_seen_00021,baseline,50,seen,Solve -5x + 2y = -2 and x + 4y = 18. What is x?,2,18,False,linear_elimination,,,solve_linear_system,,, 18
test_seen_00022,baseline,50,seen,Solve the proportion 7/6 = 84/x for x.,72,10,False,ratio_proportion,,,solve_proportion,,, 10
test_seen_00023,baseline,50,seen,A sequence starts with a1 = -11 and each next term is the current term - 7. Find a12.,-88,11,False,recurrence,,,unroll_recurrence,,, 11
test_seen_00024,baseline,50,seen,Two numbers have sum 4 and product -60. What is the sum of their squares?,136,120,False,symmetric_polynomial_identity,,,expand_symmetric_identity,,, 120
test_seen_00025,baseline,50,seen,Compute the difference of squares: 77 squared minus 8 squared.,5865,216,False,factorization,,,factor_difference_of_squares,,, 216
test_seen_00026,baseline,50,seen,Substitute z = -7 into 2z^2 + 6z + 6.,62,10,False,substitution,,,substitute_expression,,, 10
test_seen_00027,baseline,50,seen,The equations -4x - 4y = 56 and -3x - 5y = 60 hold simultaneously. Find y.,-9,10,False,linear_elimination,,,solve_linear_system,,, 10
test_seen_00028,baseline,50,seen,"If 3:19 = 27:x, what is x?",171,27,False,ratio_proportion,,,solve_proportion,,, 27
test_seen_00029,baseline,50,seen,"Starting at 9, repeatedly change the value by -1. What is term 8, counting the start as term 1?",2,10,False,recurrence,,,unroll_recurrence,,, 10
test_seen_00030,baseline,50,seen,"Given s = x + y = 27 and p = xy = 180, compute x^2 + y^2.",369,25,False,symmetric_polynomial_identity,,,expand_symmetric_identity,,, 25
test_seen_00031,baseline,50,seen,What is 32^2 - 26^2? Use factorization if helpful.,348,108,False,factorization,,,factor_difference_of_squares,,, 108
test_seen_00032,baseline,50,seen,"For P(x) = -5x^2 - 6x + 10, evaluate P(-4).",-46,12,False,substitution,,,substitute_expression,,, 12
test_seen_00033,baseline,50,seen,Use elimination on the system 5x + 4y = 3; x - y = 6. Determine y.,-3,10,False,linear_elimination,,,solve_linear_system,,, 10
test_seen_00034,baseline,50,seen,The ratio 14 to 12 equals the ratio 112 to x. Find x.,96,12,False,ratio_proportion,,,solve_proportion,,, 12
test_seen_00035,baseline,50,seen,An arithmetic sequence has first term -17 and common difference 3. Find its 5th term.,-5,18,False,recurrence,,,unroll_recurrence,,, 18
test_seen_00036,baseline,50,seen,"If x + y = -8 and xy = -20, find x^2 + y^2.",104,18,False,symmetric_polynomial_identity,,,expand_symmetric_identity,,, 18
test_seen_00037,baseline,50,seen,Evaluate 21^2 - 14^2.,245,1048,False,factorization,,,factor_difference_of_squares,,, 1048
test_seen_00038,baseline,50,seen,Let f(t) = -2t^2 + t - 5. Find f(-2).,-15,10,False,substitution,,,substitute_expression,,, 10
test_seen_00039,baseline,50,seen,Solve x + y = -6 and -2x - 5y = 21. What is y?,-3,12,False,linear_elimination,,,solve_linear_system,,, 12
test_seen_00040,baseline,50,seen,Solve the proportion 10/3 = 30/x for x.,9,15,False,ratio_proportion,,,solve_proportion,,, 15
test_seen_00041,baseline,50,seen,A sequence starts with a1 = -19 and each next term is the current term - 9. Find a11.,-109,19,False,recurrence,,,unroll_recurrence,,, 19
test_seen_00042,baseline,50,seen,Two numbers have sum 16 and product 48. What is the sum of their squares?,160,32,False,symmetric_polynomial_identity,,,expand_symmetric_identity,,, 32
test_seen_00043,baseline,50,seen,Compute the difference of squares: 67 squared minus 34 squared.,3333,212,False,factorization,,,factor_difference_of_squares,,, 212
test_seen_00044,baseline,50,seen,Substitute z = -2 into 4z^2 - 5z + 6.,32,12,False,substitution,,,substitute_expression,,, 12
test_seen_00045,baseline,50,seen,The equations -3x + 2y = -1 and x - 3y = 5 hold simultaneously. Find x.,-1,10,False,linear_elimination,,,solve_linear_system,,, 10
test_seen_00046,baseline,50,seen,"If 2:5 = 10:x, what is x?",25,10,False,ratio_proportion,,,solve_proportion,,, 10
test_seen_00047,baseline,50,seen,"Starting at 16, repeatedly change the value by -6. What is term 12, counting the start as term 1?",-50,12,False,recurrence,,,unroll_recurrence,,, 12
test_seen_00048,baseline,50,seen,"Given s = x + y = -11 and p = xy = 18, compute x^2 + y^2.",85,24,False,symmetric_polynomial_identity,,,expand_symmetric_identity,,, 24
test_seen_00049,baseline,50,seen,What is 54^2 - 26^2? Use factorization if helpful.,2240,192,False,factorization,,,factor_difference_of_squares,,, 192
test_seen_00050,baseline,50,seen,"For P(x) = -4x^2 - 8x - 7, evaluate P(-1).",-3,10,False,substitution,,,substitute_expression,,, 10
test_seen_00051,baseline,50,seen,Use elimination on the system 3x + 4y = -14; -3x - 2y = 16. Determine x.,-6,12,False,linear_elimination,,,solve_linear_system,,, 12
test_seen_00052,baseline,50,seen,The ratio 5 to 3 equals the ratio 15 to x. Find x.,9,15,False,ratio_proportion,,,solve_proportion,,, 15
test_seen_00053,baseline,50,seen,An arithmetic sequence has first term 10 and common difference -1. Find its 14th term.,-3,149,False,recurrence,,,unroll_recurrence,,, 149
test_seen_00054,baseline,50,seen,"If x + y = 7 and xy = -98, find x^2 + y^2.",245,25,False,symmetric_polynomial_identity,,,expand_symmetric_identity,,, 25
test_seen_00055,baseline,50,seen,Evaluate 48^2 - 43^2.,455,1924,False,factorization,,,factor_difference_of_squares,,, 1924
test_seen_00056,baseline,50,seen,Let f(t) = 3t^2 + 2t - 8. Find f(-2).,0,10,False,substitution,,,substitute_expression,,, 10
test_seen_00057,baseline,50,seen,Solve -2x + 2y = -14 and 5x - 3y = 17. What is y?,-9,12,False,linear_elimination,,,solve_linear_system,,, 12
test_seen_00058,baseline,50,seen,Solve the proportion 11/16 = 66/x for x.,96,16,False,ratio_proportion,,,solve_proportion,,, 16
test_seen_00059,baseline,50,seen,A sequence starts with a1 = 8 and each next term is the current term + 7. Find a7.,50,10,False,recurrence,,,unroll_recurrence,,, 10
test_seen_00060,baseline,50,seen,Two numbers have sum 29 and product 210. What is the sum of their squares?,421,140,False,symmetric_polynomial_identity,,,expand_symmetric_identity,,, 140
test_seen_00061,baseline,50,seen,Compute the difference of squares: 69 squared minus 37 squared.,3392,212,False,factorization,,,factor_difference_of_squares,,, 212
test_seen_00062,baseline,50,seen,Substitute z = -1 into 4z^2 + 5z + 11.,10,12,False,substitution,,,substitute_expression,,," 12

Problem: Solve for x: 2x^2 + 5x - 1 = 0.

Step 1: Simplify the quadratic equation.
Step 2: Solve for x.
Step 3: Solve for x.
Step 4: Solve for"
test_seen_00063,baseline,50,seen,The equations -4x - 2y = -46 and 4x + 5y = 73 hold simultaneously. Find x.,7,10,False,linear_elimination,,,solve_linear_system,,, 10
test_seen_00064,baseline,50,seen,"If 11:2 = 132:x, what is x?",24,132,False,ratio_proportion,,,solve_proportion,,, 132
test_seen_00065,baseline,50,seen,"Starting at -6, repeatedly change the value by -7. What is term 6, counting the start as term 1?",-41,12,False,recurrence,,,unroll_recurrence,,, 12
test_seen_00066,baseline,50,seen,"Given s = x + y = -5 and p = xy = -36, compute x^2 + y^2.",97,25,False,symmetric_polynomial_identity,,,expand_symmetric_identity,,, 25
test_seen_00067,baseline,50,seen,What is 39^2 - 35^2? Use factorization if helpful.,296,1969,False,factorization,,,factor_difference_of_squares,,, 1969
test_seen_00068,baseline,50,seen,"For P(x) = -x^2 - 3x + 3, evaluate P(0).",3,10,False,substitution,,,substitute_expression,,, 10
test_seen_00069,baseline,50,seen,Use elimination on the system -x + 2y = -4; -3x - 4y = -12. Determine y.,0,12,False,linear_elimination,,,solve_linear_system,,, 12
test_seen_00070,baseline,50,seen,The ratio 7 to 12 equals the ratio 49 to x. Find x.,84,12,False,ratio_proportion,,,solve_proportion,,, 12
test_seen_00071,baseline,50,seen,An arithmetic sequence has first term 4 and common difference -6. Find its 14th term.,-74,192,False,recurrence,,,unroll_recurrence,,, 192
test_seen_00072,baseline,50,seen,"If x + y = -6 and xy = 5, find x^2 + y^2.",26,21,False,symmetric_polynomial_identity,,,expand_symmetric_identity,,, 21
test_seen_00073,baseline,50,seen,Evaluate 46^2 - 15^2.,1891,1946,False,factorization,,,factor_difference_of_squares,,, 1946
test_seen_00074,baseline,50,seen,Let f(t) = 3t^2 - 3t - 1. Find f(-3).,35,10,False,substitution,,,substitute_expression,,, 10
test_seen_00075,baseline,50,seen,Solve 4x - y = 18 and 3x + 5y = 2. What is x?,4,18,False,linear_elimination,,,solve_linear_system,,, 18
test_seen_00076,baseline,50,seen,Solve the proportion 4/11 = 16/x for x.,44,16,False,ratio_proportion,,,solve_proportion,,, 16
test_seen_00077,baseline,50,seen,A sequence starts with a1 = -7 and each next term is the current term - 5. Find a5.,-27,10,False,recurrence,,,unroll_recurrence,,, 10
test_seen_00078,baseline,50,seen,Two numbers have sum 4 and product 3. What is the sum of their squares?,10,21,False,symmetric_polynomial_identity,,,expand_symmetric_identity,,, 21
test_seen_00079,baseline,50,seen,Compute the difference of squares: 48 squared minus 14 squared.,2108,196,False,factorization,,,factor_difference_of_squares,,, 196
test_seen_00080,baseline,50,seen,Substitute z = -5 into 3z^2 + 4z + 4.,59,10,False,substitution,,,substitute_expression,,, 10
test_seen_00081,baseline,50,seen,The equations x - y = 5 and 3x - y = 3 hold simultaneously. Find x.,-1,10,False,linear_elimination,,,solve_linear_system,,, 10
test_seen_00082,baseline,50,seen,"If 4:20 = 40:x, what is x?",200,10,False,ratio_proportion,,,solve_proportion,,, 10
test_seen_00083,baseline,50,seen,"Starting at -17, repeatedly change the value by 4. What is term 9, counting the start as term 1?",15,18,False,recurrence,,,unroll_recurrence,,, 18
test_seen_00084,baseline,50,seen,"Given s = x + y = 2 and p = xy = -3, compute x^2 + y^2.",10,10,True,symmetric_polynomial_identity,,,expand_symmetric_identity,,, 10
test_seen_00085,baseline,50,seen,What is 72^2 - 42^2? Use factorization if helpful.,3420,248,False,factorization,,,factor_difference_of_squares,,, 248
test_seen_00086,baseline,50,seen,"For P(x) = 4x^2 + 7x + 5, evaluate P(3).",62,10,False,substitution,,,substitute_expression,,, 10
test_seen_00087,baseline,50,seen,Use elimination on the system 5x + 2y = -48; 2x - 4y = 24. Determine y.,-9,12,False,linear_elimination,,,solve_linear_system,,, 12
test_seen_00088,baseline,50,seen,The ratio 3 to 8 equals the ratio 27 to x. Find x.,72,12,False,ratio_proportion,,,solve_proportion,,, 12
test_seen_00089,baseline,50,seen,An arithmetic sequence has first term 14 and common difference -7. Find its 9th term.,-42,169,False,recurrence,,,unroll_recurrence,,, 169
test_seen_00090,baseline,50,seen,"If x + y = -11 and xy = 0, find x^2 + y^2.",121,14,False,symmetric_polynomial_identity,,,expand_symmetric_identity,,, 14
test_seen_00091,baseline,50,seen,Evaluate 59^2 - 13^2.,3312,2416,False,factorization,,,factor_difference_of_squares,,, 2416
test_seen_00092,baseline,50,seen,Let f(t) = -5t^2 - 6t - 4. Find f(-2).,-12,10,False,substitution,,,substitute_expression,,, 10
test_seen_00093,baseline,50,seen,Solve -4x + y = 25 and 2x - 5y = 19. What is x?,-8,19,False,linear_elimination,,,solve_linear_system,,, 19
test_seen_00094,baseline,50,seen,Solve the proportion 12/4 = 60/x for x.,20,12,False,ratio_proportion,,,solve_proportion,,, 12
test_seen_00095,baseline,50,seen,A sequence starts with a1 = -8 and each next term is the current term - 6. Find a12.,-74,12,False,recurrence,,,unroll_recurrence,,, 12
test_seen_00096,baseline,50,seen,Two numbers have sum -17 and product 72. What is the sum of their squares?,145,108,False,symmetric_polynomial_identity,,,expand_symmetric_identity,,, 108
test_seen_00097,baseline,50,seen,Compute the difference of squares: 55 squared minus 4 squared.,3009,210,False,factorization,,,factor_difference_of_squares,,, 210
test_seen_00098,baseline,50,seen,Substitute z = -3 into -5z^2 - 5z - 9.,-39,12,False,substitution,,,substitute_expression,,, 12
test_seen_00099,baseline,50,seen,The equations 4x + 3y = -57 and 5x + 5y = -80 hold simultaneously. Find x.,-9,10,False,linear_elimination,,,solve_linear_system,,, 10
test_seen_00100,baseline,50,seen,"If 6:10 = 48:x, what is x?",80,12,False,ratio_proportion,,,solve_proportion,,, 12
test_seen_00101,baseline,50,seen,"Starting at -10, repeatedly change the value by -4. What is term 13, counting the start as term 1?",-58,13,False,recurrence,,,unroll_recurrence,,, 13
test_seen_00102,baseline,50,seen,"Given s = x + y = 2 and p = xy = -35, compute x^2 + y^2.",74,25,False,symmetric_polynomial_identity,,,expand_symmetric_identity,,, 25
test_seen_00103,baseline,50,seen,What is 70^2 - 33^2? Use factorization if helpful.,3811,2416,False,factorization,,,factor_difference_of_squares,,, 2416
test_seen_00104,baseline,50,seen,"For P(x) = 2x^2 + 5x + 9, evaluate P(-2).",7,10,False,substitution,,,substitute_expression,,, 10
test_seen_00105,baseline,50,seen,Use elimination on the system 4x - 2y = 16; 2x + y = 12. Determine y.,2,12,False,linear_elimination,,,solve_linear_system,,, 12
test_seen_00106,baseline,50,seen,The ratio 15 to 2 equals the ratio 150 to x. Find x.,20,15,False,ratio_proportion,,,solve_proportion,,, 15
test_seen_00107,baseline,50,seen,An arithmetic sequence has first term 8 and common difference -5. Find its 3th term.,-2,12,False,recurrence,,,unroll_recurrence,,, 12
test_seen_00108,baseline,50,seen,"If x + y = -27 and xy = 180, find x^2 + y^2.",369,180,False,symmetric_polynomial_identity,,,expand_symmetric_identity,,, 180
test_seen_00109,baseline,50,seen,Evaluate 76^2 - 43^2.,3927,3104,False,factorization,,,factor_difference_of_squares,,, 3104
test_seen_00110,baseline,50,seen,Let f(t) = 4t^2 + 4t - 5. Find f(0).,-5,10,False,substitution,,,substitute_expression,,, 10
test_seen_00111,baseline,50,seen,Solve -4x - 3y = 42 and -5x + 3y = 39. What is x?,-9,10,False,linear_elimination,,,solve_linear_system,,, 10
test_seen_00112,baseline,50,seen,Solve the proportion 2/4 = 10/x for x.,20,10,False,ratio_proportion,,,solve_proportion,,, 10
test_seen_00113,baseline,50,seen,A sequence starts with a1 = 15 and each next term is the current term - 6. Find a11.,-45,15,False,recurrence,,,unroll_recurrence,,, 15
test_seen_00114,baseline,50,seen,Two numbers have sum 12 and product -28. What is the sum of their squares?,200,18,False,symmetric_polynomial_identity,,,expand_symmetric_identity,,, 18
test_seen_00115,baseline,50,seen,Compute the difference of squares: 36 squared minus 34 squared.,140,108,False,factorization,,,factor_difference_of_squares,,, 108
test_seen_00116,baseline,50,seen,Substitute z = -3 into z^2 + 2z - 1.,2,10,False,substitution,,,substitute_expression,,, 10
test_seen_00117,baseline,50,seen,The equations -5x + 2y = -4 and -4x - 5y = -56 hold simultaneously. Find x.,4,12,False,linear_elimination,,,solve_linear_system,,, 12
test_seen_00118,baseline,50,seen,"If 2:2 = 16:x, what is x?",16,16,True,ratio_proportion,,,solve_proportion,,, 16
test_seen_00119,baseline,50,seen,"Starting at -4, repeatedly change the value by -1. What is term 11, counting the start as term 1?",-14,12,False,recurrence,,,unroll_recurrence,,, 12
test_unseen_00000,baseline,50,unseen,"Without solving for x and y, evaluate x^2 + y^2 when x + y = -1 and xy = -2.",5,10,False,symmetric_polynomial_identity,,,expand_symmetric_identity,,, 10
test_unseen_00001,baseline,50,unseen,"Using (u - v)(u + v), calculate 44^2 - 36^2.",640,1920,False,factorization,,,factor_difference_of_squares,,, 1920
test_unseen_00002,baseline,50,unseen,What number does -3u^2 + 4u - 5 produce when u is -3?,-44,10,False,substitution,,,substitute_expression,,, 10
test_unseen_00003,baseline,50,unseen,The lines -4x + 4y = 28 and -5x - 4y = 53 intersect. Give the x-coordinate.,-9,10,False,linear_elimination,,,solve_linear_system,,, 10
test_unseen_00004,baseline,50,unseen,"At a fixed rate, 14 items cost 18 dollars. What do 84 items cost?",108,180,False,ratio_proportion,,,solve_proportion,,," 180

Problem: The following is a list of exam scores in a class of 20 students. The scores are: 72, 85, 90, 78, 92, 88, 76, 95, 89"
test_unseen_00005,baseline,50,unseen,A machine begins at 17; after each round it changes its value by 4. What value appears after 8 updates?,49,18,False,recurrence,,,unroll_recurrence,,, 18
test_unseen_00006,baseline,50,unseen,The roots x and y of t^2 - (16)t + (63) = 0 are real. Find x^2 + y^2.,130,100,False,symmetric_polynomial_identity,,,expand_symmetric_identity,,, 100
test_unseen_00007,baseline,50,unseen,A square of side 44 is removed from a square of side 65. What area remains?,2289,108,False,factorization,,,factor_difference_of_squares,,, 108
test_unseen_00008,baseline,50,unseen,A rule maps q to q^2 - 6q - 2. Determine its output at q = 6.,-2,12,False,substitution,,,substitute_expression,,, 12
test_unseen_00009,baseline,50,unseen,Find the value of x satisfying both constraints: -4x + 3y = -12 and -4x + 4y = -16.,0,12,False,linear_elimination,,,solve_linear_system,,, 12
test_unseen_00010,baseline,50,unseen,Complete the equivalent fractions: 6/12 = 18/[blank].,36,18,False,ratio_proportion,,,solve_proportion,,, 18
test_unseen_00011,baseline,50,unseen,"Unroll b(n+1) = b(n) + 1, with b(1) = -18, to obtain b(8).",-11,18,False,recurrence,,,unroll_recurrence,,, 18
test_unseen_00012,baseline,50,unseen,"Without solving for x and y, evaluate x^2 + y^2 when x + y = -15 and xy = 36.",153,25,False,symmetric_polynomial_identity,,,expand_symmetric_identity,,, 25
test_unseen_00013,baseline,50,unseen,"Using (u - v)(u + v), calculate 39^2 - 14^2.",1325,1696,False,factorization,,,factor_difference_of_squares,,, 1696
test_unseen_00014,baseline,50,unseen,What number does 11 - 3u^2 produce when u is -4?,-37,10,False,substitution,,,substitute_expression,,, 10
test_unseen_00015,baseline,50,unseen,The lines 5x + 5y = -80 and x - 5y = 32 intersect. Give the y-coordinate.,-8,12,False,linear_elimination,,,solve_linear_system,,, 12
test_unseen_00016,baseline,50,unseen,"At a fixed rate, 7 items cost 17 dollars. What do 84 items cost?",204,170,False,ratio_proportion,,,solve_proportion,,, 170
test_unseen_00017,baseline,50,unseen,A machine begins at 17; after each round it changes its value by 6. What value appears after 14 updates?,101,18,False,recurrence,,,unroll_recurrence,,, 18
test_unseen_00018,baseline,50,unseen,The roots x and y of t^2 - (-9)t + (-22) = 0 are real. Find x^2 + y^2.,125,10,False,symmetric_polynomial_identity,,,expand_symmetric_identity,,, 10
test_unseen_00019,baseline,50,unseen,A square of side 16 is removed from a square of side 78. What area remains?,5828,188,False,factorization,,,factor_difference_of_squares,,, 188
test_unseen_00020,baseline,50,unseen,A rule maps q to 3q^2 + 3q + 7. Determine its output at q = 6.,133,10,False,substitution,,,substitute_expression,,," 10

Problem: Solve for x: 2x^2 + 5x - 12 = 0."
test_unseen_00021,baseline,50,unseen,Find the value of y satisfying both constraints: -3x - 5y = 29 and -2x - 5y = 21.,-1,10,False,linear_elimination,,,solve_linear_system,,, 10
test_unseen_00022,baseline,50,unseen,Complete the equivalent fractions: 7/20 = 35/[blank].,100,35,False,ratio_proportion,,,solve_proportion,,, 35
test_unseen_00023,baseline,50,unseen,"Unroll b(n+1) = b(n) + 4, with b(1) = -13, to obtain b(8).",15,132,False,recurrence,,,unroll_recurrence,,, 132
test_unseen_00024,baseline,50,unseen,"Without solving for x and y, evaluate x^2 + y^2 when x + y = -17 and xy = 60.",169,25,False,symmetric_polynomial_identity,,,expand_symmetric_identity,,, 25
test_unseen_00025,baseline,50,unseen,"Using (u - v)(u + v), calculate 24^2 - 16^2.",320,1080,False,factorization,,,factor_difference_of_squares,,, 1080
test_unseen_00026,baseline,50,unseen,What number does 2u^2 - 7u + 9 produce when u is 2?,3,10,False,substitution,,,substitute_expression,,, 10
test_unseen_00027,baseline,50,unseen,The lines -3x - 3y = 0 and 5x - 5y = 60 intersect. Give the y-coordinate.,-6,10,False,linear_elimination,,,solve_linear_system,,, 10
test_unseen_00028,baseline,50,unseen,"At a fixed rate, 3 items cost 2 dollars. What do 24 items cost?",16,24,False,ratio_proportion,,,solve_proportion,,, 24
test_unseen_00029,baseline,50,unseen,A machine begins at -9; after each round it changes its value by -1. What value appears after 13 updates?,-22,-10,False,recurrence,,,unroll_recurrence,,, -10
test_unseen_00030,baseline,50,unseen,The roots x and y of t^2 - (-3)t + (-54) = 0 are real. Find x^2 + y^2.,117,100,False,symmetric_polynomial_identity,,,expand_symmetric_identity,,, 100
test_unseen_00031,baseline,50,unseen,A square of side 5 is removed from a square of side 41. What area remains?,1656,100,False,factorization,,,factor_difference_of_squares,,, 100
test_unseen_00032,baseline,50,unseen,A rule maps q to 3q^2 - 10. Determine its output at q = 1.,-7,100,False,substitution,,,substitute_expression,,, 100
test_unseen_00033,baseline,50,unseen,Find the value of x satisfying both constraints: -x - 3y = -25 and -3x + 5y = 37.,1,10,False,linear_elimination,,,solve_linear_system,,, 10
test_unseen_00034,baseline,50,unseen,Complete the equivalent fractions: 3/16 = 24/[blank].,128,24,False,ratio_proportion,,,solve_proportion,,, 24
test_unseen_00035,baseline,50,unseen,"Unroll b(n+1) = b(n) + 3, with b(1) = 8, to obtain b(4).",17,120,False,recurrence,,,unroll_recurrence,,, 120
test_unseen_00036,baseline,50,unseen,"Without solving for x and y, evaluate x^2 + y^2 when x + y = 6 and xy = -91.",218,24,False,symmetric_polynomial_identity,,,expand_symmetric_identity,,, 24
test_unseen_00037,baseline,50,unseen,"Using (u - v)(u + v), calculate 47^2 - 38^2.",765,1942,False,factorization,,,factor_difference_of_squares,,, 1942
test_unseen_00038,baseline,50,unseen,What number does -u^2 + 8u - 1 produce when u is -4?,-49,10,False,substitution,,,substitute_expression,,, 10
test_unseen_00039,baseline,50,unseen,The lines 3x + 2y = -28 and -4x + 3y = 26 intersect. Give the y-coordinate.,-2,12,False,linear_elimination,,,solve_linear_system,,, 12
test_unseen_00040,baseline,50,unseen,"At a fixed rate, 15 items cost 15 dollars. What do 60 items cost?",60,150,False,ratio_proportion,,,solve_proportion,,, 150
test_unseen_00041,baseline,50,unseen,A machine begins at -4; after each round it changes its value by 6. What value appears after 4 updates?,20,12,False,recurrence,,,unroll_recurrence,,, 12
test_unseen_00042,baseline,50,unseen,The roots x and y of t^2 - (6)t + (-112) = 0 are real. Find x^2 + y^2.,260,100,False,symmetric_polynomial_identity,,,expand_symmetric_identity,,, 100
test_unseen_00043,baseline,50,unseen,A square of side 40 is removed from a square of side 64. What area remains?,2496,120,False,factorization,,,factor_difference_of_squares,,, 120
test_unseen_00044,baseline,50,unseen,A rule maps q to 4q^2 - 5q - 2. Determine its output at q = -2.,24,12,False,substitution,,,substitute_expression,,, 12
test_unseen_00045,baseline,50,unseen,Find the value of y satisfying both constraints: -5x - 4y = -10 and x + 5y = -19.,-5,19,False,linear_elimination,,,solve_linear_system,,, 19
test_unseen_00046,baseline,50,unseen,Complete the equivalent fractions: 8/20 = 96/[blank].,240,96,False,ratio_proportion,,,solve_proportion,,, 96
test_unseen_00047,baseline,50,unseen,"Unroll b(n+1) = b(n) + 8, with b(1) = 8, to obtain b(6).",48,120,False,recurrence,,,unroll_recurrence,,, 120
test_unseen_00048,baseline,50,unseen,"Without solving for x and y, evaluate x^2 + y^2 when x + y = -18 and xy = 80.",164,24,False,symmetric_polynomial_identity,,,expand_symmetric_identity,,, 24
test_unseen_00049,baseline,50,unseen,"Using (u - v)(u + v), calculate 12^2 - 11^2.",23,132,False,factorization,,,factor_difference_of_squares,,, 132
test_unseen_00050,baseline,50,unseen,What number does u^2 + u - 12 produce when u is 1?,-10,12,False,substitution,,,substitute_expression,,, 12
test_unseen_00051,baseline,50,unseen,The lines -3x - 2y = 19 and 3x - 5y = 16 intersect. Give the x-coordinate.,-3,16,False,linear_elimination,,,solve_linear_system,,, 16
test_unseen_00052,baseline,50,unseen,"At a fixed rate, 3 items cost 5 dollars. What do 24 items cost?",40,24,False,ratio_proportion,,,solve_proportion,,, 24
test_unseen_00053,baseline,50,unseen,A machine begins at 12; after each round it changes its value by 9. What value appears after 2 updates?,30,12,False,recurrence,,,unroll_recurrence,,, 12
test_unseen_00054,baseline,50,unseen,The roots x and y of t^2 - (18)t + (65) = 0 are real. Find x^2 + y^2.,194,100,False,symmetric_polynomial_identity,,,expand_symmetric_identity,,, 100
test_unseen_00055,baseline,50,unseen,A square of side 21 is removed from a square of side 47. What area remains?,1768,104,False,factorization,,,factor_difference_of_squares,,, 104
test_unseen_00056,baseline,50,unseen,A rule maps q to 8 - 3q^2. Determine its output at q = -5.,-67,10,False,substitution,,,substitute_expression,,, 10
test_unseen_00057,baseline,50,unseen,Find the value of x satisfying both constraints: 4x - y = -29 and -5x - 5y = 30.,-7,10,False,linear_elimination,,,solve_linear_system,,, 10
test_unseen_00058,baseline,50,unseen,Complete the equivalent fractions: 3/8 = 6/[blank].,16,6,False,ratio_proportion,,,solve_proportion,,, 6
test_unseen_00059,baseline,50,unseen,"Unroll b(n+1) = b(n) - 4, with b(1) = -16, to obtain b(5).",-32,120,False,recurrence,,,unroll_recurrence,,, 120
test_unseen_00060,baseline,50,unseen,"Without solving for x and y, evaluate x^2 + y^2 when x + y = -10 and xy = -24.",148,18,False,symmetric_polynomial_identity,,,expand_symmetric_identity,,, 18
test_unseen_00061,baseline,50,unseen,"Using (u - v)(u + v), calculate 67^2 - 12^2.",4345,3125,False,factorization,,,factor_difference_of_squares,,, 3125
test_unseen_00062,baseline,50,unseen,What number does -u^2 + 4u - 1 produce when u is -4?,-33,10,False,substitution,,,substitute_expression,,, 10
test_unseen_00063,baseline,50,unseen,The lines -3x - y = -26 and -x + y = -10 intersect. Give the x-coordinate.,9,10,False,linear_elimination,,,solve_linear_system,,, 10
test_unseen_00064,baseline,50,unseen,"At a fixed rate, 12 items cost 7 dollars. What do 108 items cost?",63,128,False,ratio_proportion,,,solve_proportion,,, 128
test_unseen_00065,baseline,50,unseen,A machine begins at -2; after each round it changes its value by -4. What value appears after 9 updates?,-38,10,False,recurrence,,,unroll_recurrence,,, 10
test_unseen_00066,baseline,50,unseen,The roots x and y of t^2 - (27)t + (182) = 0 are real. Find x^2 + y^2.,365,100,False,symmetric_polynomial_identity,,,expand_symmetric_identity,,, 100
test_unseen_00067,baseline,50,unseen,A square of side 33 is removed from a square of side 64. What area remains?,3007,108,False,factorization,,,factor_difference_of_squares,,, 108
test_unseen_00068,baseline,50,unseen,A rule maps q to -q^2 + q + 10. Determine its output at q = 2.,8,-10,False,substitution,,,substitute_expression,,, -10
test_unseen_00069,baseline,50,unseen,Find the value of y satisfying both constraints: x + 2y = 17 and 2x - 4y = -14.,6,10,False,linear_elimination,,,solve_linear_system,,, 10
test_unseen_00070,baseline,50,unseen,Complete the equivalent fractions: 11/8 = 66/[blank].,48,66,False,ratio_proportion,,,solve_proportion,,, 66
test_unseen_00071,baseline,50,unseen,"Unroll b(n+1) = b(n) - 2, with b(1) = 10, to obtain b(13).",-14,130,False,recurrence,,,unroll_recurrence,,, 130
test_unseen_00072,baseline,50,unseen,"Without solving for x and y, evaluate x^2 + y^2 when x + y = -18 and xy = 56.",212,25,False,symmetric_polynomial_identity,,,expand_symmetric_identity,,, 25
test_unseen_00073,baseline,50,unseen,"Using (u - v)(u + v), calculate 40^2 - 25^2.",975,1600,False,factorization,,,factor_difference_of_squares,,, 1600
test_unseen_00074,baseline,50,unseen,What number does 2u^2 + 5u - 3 produce when u is -7?,60,10,False,substitution,,,substitute_expression,,, 10
test_unseen_00075,baseline,50,unseen,The lines x - 4y = -33 and -5x - 2y = -11 intersect. Give the y-coordinate.,8,11,False,linear_elimination,,,solve_linear_system,,, 11
test_unseen_00076,baseline,50,unseen,"At a fixed rate, 2 items cost 7 dollars. What do 24 items cost?",84,24,False,ratio_proportion,,,solve_proportion,,, 24
test_unseen_00077,baseline,50,unseen,A machine begins at 0; after each round it changes its value by -3. What value appears after 12 updates?,-36,12,False,recurrence,,,unroll_recurrence,,, 12
test_unseen_00078,baseline,50,unseen,The roots x and y of t^2 - (12)t + (35) = 0 are real. Find x^2 + y^2.,74,100,False,symmetric_polynomial_identity,,,expand_symmetric_identity,,, 100
test_unseen_00079,baseline,50,unseen,A square of side 23 is removed from a square of side 52. What area remains?,2175,108,False,factorization,,,factor_difference_of_squares,,, 108
test_unseen_00080,baseline,50,unseen,A rule maps q to 3q^2 - 8q + 6. Determine its output at q = 2.,2,12,False,substitution,,,substitute_expression,,, 12
test_unseen_00081,baseline,50,unseen,Find the value of y satisfying both constraints: -3x + 5y = 24 and -2x + 4y = 16.,0,12,False,linear_elimination,,,solve_linear_system,,, 12
test_unseen_00082,baseline,50,unseen,Complete the equivalent fractions: 15/2 = 105/[blank].,14,105,False,ratio_proportion,,,solve_proportion,,, 105
test_unseen_00083,baseline,50,unseen,"Unroll b(n+1) = b(n) - 4, with b(1) = -17, to obtain b(15).",-73,15,False,recurrence,,,unroll_recurrence,,, 15
test_unseen_00084,baseline,50,unseen,"Without solving for x and y, evaluate x^2 + y^2 when x + y = -9 and xy = 18.",45,25,False,symmetric_polynomial_identity,,,expand_symmetric_identity,,, 25
test_unseen_00085,baseline,50,unseen,"Using (u - v)(u + v), calculate 30^2 - 9^2.",819,2704,False,factorization,,,factor_difference_of_squares,,, 2704
test_unseen_00086,baseline,50,unseen,What number does 3u^2 - 11 produce when u is 7?,136,10,False,substitution,,,substitute_expression,,, 10
test_unseen_00087,baseline,50,unseen,The lines 3x + 2y = 8 and -5x - 5y = -25 intersect. Give the x-coordinate.,-2,10,False,linear_elimination,,,solve_linear_system,,, 10
test_unseen_00088,baseline,50,unseen,"At a fixed rate, 8 items cost 2 dollars. What do 80 items cost?",20,80,False,ratio_proportion,,,solve_proportion,,, 80
test_unseen_00089,baseline,50,unseen,A machine begins at -13; after each round it changes its value by -7. What value appears after 14 updates?,-111,-13,False,recurrence,,,unroll_recurrence,,, -13
test_unseen_00090,baseline,50,unseen,The roots x and y of t^2 - (13)t + (36) = 0 are real. Find x^2 + y^2.,97,100,False,symmetric_polynomial_identity,,,expand_symmetric_identity,,, 100
test_unseen_00091,baseline,50,unseen,A square of side 16 is removed from a square of side 72. What area remains?,4928,184,False,factorization,,,factor_difference_of_squares,,, 184
test_unseen_00092,baseline,50,unseen,A rule maps q to 4q^2 - 7q. Determine its output at q = 0.,0,12,False,substitution,,,substitute_expression,,, 12
test_unseen_00093,baseline,50,unseen,Find the value of y satisfying both constraints: 5x - 2y = 31 and -4x + 3y = -15.,7,10,False,linear_elimination,,,solve_linear_system,,, 10
test_unseen_00094,baseline,50,unseen,Complete the equivalent fractions: 3/18 = 12/[blank].,72,12,False,ratio_proportion,,,solve_proportion,,, 12
test_unseen_00095,baseline,50,unseen,"Unroll b(n+1) = b(n) - 3, with b(1) = -14, to obtain b(7).",-32,14,False,recurrence,,,unroll_recurrence,,, 14
test_unseen_00096,baseline,50,unseen,"Without solving for x and y, evaluate x^2 + y^2 when x + y = -15 and xy = 56.",113,25,False,symmetric_polynomial_identity,,,expand_symmetric_identity,,, 25
test_unseen_00097,baseline,50,unseen,"Using (u - v)(u + v), calculate 58^2 - 36^2.",2068,2404,False,factorization,,,factor_difference_of_squares,,, 2404
test_unseen_00098,baseline,50,unseen,What number does -4u^2 + 8u produce when u is 4?,-32,12,False,substitution,,,substitute_expression,,, 12
test_unseen_00099,baseline,50,unseen,The lines 2x + y = 7 and -3x - 5y = 21 intersect. Give the y-coordinate.,-9,10,False,linear_elimination,,,solve_linear_system,,, 10
test_unseen_00100,baseline,50,unseen,"At a fixed rate, 5 items cost 8 dollars. What do 25 items cost?",40,25,False,ratio_proportion,,,solve_proportion,,, 25
test_unseen_00101,baseline,50,unseen,A machine begins at 7; after each round it changes its value by 2. What value appears after 7 updates?,21,10,False,recurrence,,,unroll_recurrence,,, 10
test_unseen_00102,baseline,50,unseen,The roots x and y of t^2 - (10)t + (-24) = 0 are real. Find x^2 + y^2.,148,100,False,symmetric_polynomial_identity,,,expand_symmetric_identity,,, 100
test_unseen_00103,baseline,50,unseen,A square of side 23 is removed from a square of side 80. What area remains?,5871,108,False,factorization,,,factor_difference_of_squares,,, 108
test_unseen_00104,baseline,50,unseen,A rule maps q to -5q^2 + 4q - 2. Determine its output at q = 0.,-2,-100,False,substitution,,,substitute_expression,,, -100
test_unseen_00105,baseline,50,unseen,Find the value of x satisfying both constraints: -5x + 2y = -24 and 2x + 4y = 48.,8,10,False,linear_elimination,,,solve_linear_system,,, 10
test_unseen_00106,baseline,50,unseen,Complete the equivalent fractions: 6/11 = 30/[blank].,55,30,False,ratio_proportion,,,solve_proportion,,, 30
test_unseen_00107,baseline,50,unseen,"Unroll b(n+1) = b(n) + 1, with b(1) = 16, to obtain b(12).",27,162,False,recurrence,,,unroll_recurrence,,," 162

Problem: Solve for x: 2x^2 + 5x - 1 = 0."
test_unseen_00108,baseline,50,unseen,"Without solving for x and y, evaluate x^2 + y^2 when x + y = 15 and xy = 14.",197,25,False,symmetric_polynomial_identity,,,expand_symmetric_identity,,, 25
test_unseen_00109,baseline,50,unseen,"Using (u - v)(u + v), calculate 74^2 - 15^2.",5251,4024,False,factorization,,,factor_difference_of_squares,,, 4024
test_unseen_00110,baseline,50,unseen,What number does -5u^2 - 6u - 6 produce when u is 0?,-6,10,False,substitution,,,substitute_expression,,, 10
test_unseen_00111,baseline,50,unseen,The lines -3x - y = 2 and -5x - 5y = 10 intersect. Give the x-coordinate.,0,10,False,linear_elimination,,,solve_linear_system,,, 10
test_unseen_00112,baseline,50,unseen,"At a fixed rate, 8 items cost 17 dollars. What do 80 items cost?",170,170,True,ratio_proportion,,,solve_proportion,,, 170
test_unseen_00113,baseline,50,unseen,A machine begins at 18; after each round it changes its value by -2. What value appears after 5 updates?,8,18,False,recurrence,,,unroll_recurrence,,, 18
test_unseen_00114,baseline,50,unseen,The roots x and y of t^2 - (9)t + (14) = 0 are real. Find x^2 + y^2.,53,10,False,symmetric_polynomial_identity,,,expand_symmetric_identity,,, 10
test_unseen_00115,baseline,50,unseen,A square of side 14 is removed from a square of side 77. What area remains?,5733,142,False,factorization,,,factor_difference_of_squares,,, 142
test_unseen_00116,baseline,50,unseen,A rule maps q to -q^2 + 2q - 8. Determine its output at q = 7.,-43,-12,False,substitution,,,substitute_expression,,, -12
test_unseen_00117,baseline,50,unseen,Find the value of y satisfying both constraints: 5x + 3y = 15 and 4x + y = 12.,0,15,False,linear_elimination,,,solve_linear_system,,, 15
test_unseen_00118,baseline,50,unseen,Complete the equivalent fractions: 10/3 = 70/[blank].,21,70,False,ratio_proportion,,,solve_proportion,,, 70
test_unseen_00119,baseline,50,unseen,"Unroll b(n+1) = b(n) - 1, with b(1) = -16, to obtain b(3).",-18,12,False,recurrence,,,unroll_recurrence,,, 12
test_seen_00000,oracle,50,seen,"If x + y = -20 and xy = 84, find x^2 + y^2.",232,25,False,symmetric_polynomial_identity,,,expand_symmetric_identity,,, 25
test_seen_00001,oracle,50,seen,Evaluate 71^2 - 11^2.,4920,4369,False,factorization,,,factor_difference_of_squares,,, 4369
test_seen_00002,oracle,50,seen,Let f(t) = t^2 - 5t + 2. Find f(2).,-4,10,False,substitution,,,substitute_expression,,, 10
test_seen_00003,oracle,50,seen,Solve 4x + 3y = -3 and x + y = -3. What is x?,6,10,False,linear_elimination,,,solve_linear_system,,, 10
test_seen_00004,oracle,50,seen,Solve the proportion 2/5 = 6/x for x.,15,12,False,ratio_proportion,,,solve_proportion,,, 12
test_seen_00005,oracle,50,seen,A sequence starts with a1 = -11 and each next term is the current term + 4. Find a4.,1,10,False,recurrence,,,unroll_recurrence,,, 10
test_seen_00006,oracle,50,seen,Two numbers have sum -9 and product -10. What is the sum of their squares?,101,10,False,symmetric_polynomial_identity,,,expand_symmetric_identity,,, 10
test_seen_00007,oracle,50,seen,Compute the difference of squares: 42 squared minus 33 squared.,675,216,False,factorization,,,factor_difference_of_squares,,, 216
test_seen_00008,oracle,50,seen,Substitute z = 2 into 2z^2 + 8z - 4.,20,20,True,substitution,,,substitute_expression,,, 20
test_seen_00009,oracle,50,seen,The equations -4x - 5y = 1 and 4x - 5y = -31 hold simultaneously. Find x.,-4,10,False,linear_elimination,,,solve_linear_system,,, 10
test_seen_00010,oracle,50,seen,"If 2:7 = 12:x, what is x?",42,12,False,ratio_proportion,,,solve_proportion,,, 12
test_seen_00011,oracle,50,seen,"Starting at -16, repeatedly change the value by -1. What is term 11, counting the start as term 1?",-26,16,False,recurrence,,,unroll_recurrence,,, 16
test_seen_00012,oracle,50,seen,"Given s = x + y = -8 and p = xy = -48, compute x^2 + y^2.",160,25,False,symmetric_polynomial_identity,,,expand_symmetric_identity,,, 25
test_seen_00013,oracle,50,seen,What is 43^2 - 39^2? Use factorization if helpful.,328,249,False,factorization,,,factor_difference_of_squares,,, 249
test_seen_00014,oracle,50,seen,"For P(x) = -4x^2 + 6x + 8, evaluate P(7).",-146,12,False,substitution,,,substitute_expression,,, 12
test_seen_00015,oracle,50,seen,Use elimination on the system 3x + 5y = 8; 2x - 3y = -1. Determine x.,1,10,False,linear_elimination,,,solve_linear_system,,, 10
test_seen_00016,oracle,50,seen,The ratio 15 to 4 equals the ratio 105 to x. Find x.,28,105,False,ratio_proportion,,,solve_proportion,,, 105
test_seen_00017,oracle,50,seen,An arithmetic sequence has first term 17 and common difference -8. Find its 7th term.,-31,18,False,recurrence,,,unroll_recurrence,,, 18
test_seen_00018,oracle,50,seen,"If x + y = -4 and xy = -60, find x^2 + y^2.",136,25,False,symmetric_polynomial_identity,,,expand_symmetric_identity,,, 25
test_seen_00019,oracle,50,seen,Evaluate 45^2 - 40^2.,425,1920,False,factorization,,,factor_difference_of_squares,,, 1920
test_seen_00020,oracle,50,seen,Let f(t) = 4t^2 - 5t - 3. Find f(0).,-3,10,False,substitution,,,substitute_expression,,, 10
test_seen_00021,oracle,50,seen,Solve -5x + 2y = -2 and x + 4y = 18. What is x?,2,18,False,linear_elimination,,,solve_linear_system,,, 18
test_seen_00022,oracle,50,seen,Solve the proportion 7/6 = 84/x for x.,72,12,False,ratio_proportion,,,solve_proportion,,, 12
test_seen_00023,oracle,50,seen,A sequence starts with a1 = -11 and each next term is the current term - 7. Find a12.,-88,12,False,recurrence,,,unroll_recurrence,,, 12
test_seen_00024,oracle,50,seen,Two numbers have sum 4 and product -60. What is the sum of their squares?,136,16,False,symmetric_polynomial_identity,,,expand_symmetric_identity,,, 16
test_seen_00025,oracle,50,seen,Compute the difference of squares: 77 squared minus 8 squared.,5865,216,False,factorization,,,factor_difference_of_squares,,, 216
test_seen_00026,oracle,50,seen,Substitute z = -7 into 2z^2 + 6z + 6.,62,20,False,substitution,,,substitute_expression,,, 20
test_seen_00027,oracle,50,seen,The equations -4x - 4y = 56 and -3x - 5y = 60 hold simultaneously. Find y.,-9,10,False,linear_elimination,,,solve_linear_system,,, 10
test_seen_00028,oracle,50,seen,"If 3:19 = 27:x, what is x?",171,12,False,ratio_proportion,,,solve_proportion,,," 10

Problem: 12:12 = 12:x, what is x?
Structure: ratio_proportion
Tool: solve_proportion
Answer: 12

Problem: 12:12 = 12:x, what is x"
test_seen_00029,oracle,50,seen,"Starting at 9, repeatedly change the value by -1. What is term 8, counting the start as term 1?",2,10,False,recurrence,,,unroll_recurrence,,, 10
test_seen_00030,oracle,50,seen,"Given s = x + y = 27 and p = xy = 180, compute x^2 + y^2.",369,256,False,symmetric_polynomial_identity,,,expand_symmetric_identity,,, 256
test_seen_00031,oracle,50,seen,What is 32^2 - 26^2? Use factorization if helpful.,348,184,False,factorization,,,factor_difference_of_squares,,, 184
test_seen_00032,oracle,50,seen,"For P(x) = -5x^2 - 6x + 10, evaluate P(-4).",-46,10,False,substitution,,,substitute_expression,,, 10
test_seen_00033,oracle,50,seen,Use elimination on the system 5x + 4y = 3; x - y = 6. Determine y.,-3,10,False,linear_elimination,,,solve_linear_system,,, 10
test_seen_00034,oracle,50,seen,The ratio 14 to 12 equals the ratio 112 to x. Find x.,96,12,False,ratio_proportion,,,solve_proportion,,, 12
test_seen_00035,oracle,50,seen,An arithmetic sequence has first term -17 and common difference 3. Find its 5th term.,-5,18,False,recurrence,,,unroll_recurrence,,, 18
test_seen_00036,oracle,50,seen,"If x + y = -8 and xy = -20, find x^2 + y^2.",104,18,False,symmetric_polynomial_identity,,,expand_symmetric_identity,,, 18
test_seen_00037,oracle,50,seen,Evaluate 21^2 - 14^2.,245,1048576,False,factorization,,,factor_difference_of_squares,,, 1048576
test_seen_00038,oracle,50,seen,Let f(t) = -2t^2 + t - 5. Find f(-2).,-15,-10,False,substitution,,,substitute_expression,,, -10
test_seen_00039,oracle,50,seen,Solve x + y = -6 and -2x - 5y = 21. What is y?,-3,10,False,linear_elimination,,,solve_linear_system,,, 10
test_seen_00040,oracle,50,seen,Solve the proportion 10/3 = 30/x for x.,9,10/3,False,ratio_proportion,,,solve_proportion,,, 10/3
test_seen_00041,oracle,50,seen,A sequence starts with a1 = -19 and each next term is the current term - 9. Find a11.,-109,19,False,recurrence,,,unroll_recurrence,,, 19
test_seen_00042,oracle,50,seen,Two numbers have sum 16 and product 48. What is the sum of their squares?,160,24,False,symmetric_polynomial_identity,,,expand_symmetric_identity,,, 24
test_seen_00043,oracle,50,seen,Compute the difference of squares: 67 squared minus 34 squared.,3333,216,False,factorization,,,factor_difference_of_squares,,, 216
test_seen_00044,oracle,50,seen,Substitute z = -2 into 4z^2 - 5z + 6.,32,24,False,substitution,,,substitute_expression,,, 24
test_seen_00045,oracle,50,seen,The equations -3x + 2y = -1 and x - 3y = 5 hold simultaneously. Find x.,-1,10,False,linear_elimination,,,solve_linear_system,,, 10
test_seen_00046,oracle,50,seen,"If 2:5 = 10:x, what is x?",25,10,False,ratio_proportion,,,solve_proportion,,, 10
test_seen_00047,oracle,50,seen,"Starting at 16, repeatedly change the value by -6. What is term 12, counting the start as term 1?",-50,12,False,recurrence,,,unroll_recurrence,,, 12
test_seen_00048,oracle,50,seen,"Given s = x + y = -11 and p = xy = 18, compute x^2 + y^2.",85,18,False,symmetric_polynomial_identity,,,expand_symmetric_identity,,, 18
test_seen_00049,oracle,50,seen,What is 54^2 - 26^2? Use factorization if helpful.,2240,1920,False,factorization,,,factor_difference_of_squares,,, 1920
test_seen_00050,oracle,50,seen,"For P(x) = -4x^2 - 8x - 7, evaluate P(-1).",-3,10,False,substitution,,,substitute_expression,,, 10
test_seen_00051,oracle,50,seen,Use elimination on the system 3x + 4y = -14; -3x - 2y = 16. Determine x.,-6,12,False,linear_elimination,,,solve_linear_system,,, 12
test_seen_00052,oracle,50,seen,The ratio 5 to 3 equals the ratio 15 to x. Find x.,9,15,False,ratio_proportion,,,solve_proportion,,, 15
test_seen_00053,oracle,50,seen,An arithmetic sequence has first term 10 and common difference -1. Find its 14th term.,-3,14,False,recurrence,,,unroll_recurrence,,, 14
test_seen_00054,oracle,50,seen,"If x + y = 7 and xy = -98, find x^2 + y^2.",245,25,False,symmetric_polynomial_identity,,,expand_symmetric_identity,,, 25
test_seen_00055,oracle,50,seen,Evaluate 48^2 - 43^2.,455,2164,False,factorization,,,factor_difference_of_squares,,, 2164
test_seen_00056,oracle,50,seen,Let f(t) = 3t^2 + 2t - 8. Find f(-2).,0,10,False,substitution,,,substitute_expression,,, 10
test_seen_00057,oracle,50,seen,Solve -2x + 2y = -14 and 5x - 3y = 17. What is y?,-9,17,False,linear_elimination,,,solve_linear_system,,, 17
test_seen_00058,oracle,50,seen,Solve the proportion 11/16 = 66/x for x.,96,16,False,ratio_proportion,,,solve_proportion,,, 16
test_seen_00059,oracle,50,seen,A sequence starts with a1 = 8 and each next term is the current term + 7. Find a7.,50,10,False,recurrence,,,unroll_recurrence,,, 10
test_seen_00060,oracle,50,seen,Two numbers have sum 29 and product 210. What is the sum of their squares?,421,140,False,symmetric_polynomial_identity,,,expand_symmetric_identity,,, 140
test_seen_00061,oracle,50,seen,Compute the difference of squares: 69 squared minus 37 squared.,3392,216,False,factorization,,,factor_difference_of_squares,,, 216
test_seen_00062,oracle,50,seen,Substitute z = -1 into 4z^2 + 5z + 11.,10,123,False,substitution,,,substitute_expression,,, 123
test_seen_00063,oracle,50,seen,The equations -4x - 2y = -46 and 4x + 5y = 73 hold simultaneously. Find x.,7,10,False,linear_elimination,,,solve_linear_system,,, 10
test_seen_00064,oracle,50,seen,"If 11:2 = 132:x, what is x?",24,132,False,ratio_proportion,,,solve_proportion,,, 132
test_seen_00065,oracle,50,seen,"Starting at -6, repeatedly change the value by -7. What is term 6, counting the start as term 1?",-41,10,False,recurrence,,,unroll_recurrence,,, 10
test_seen_00066,oracle,50,seen,"Given s = x + y = -5 and p = xy = -36, compute x^2 + y^2.",97,25,False,symmetric_polynomial_identity,,,expand_symmetric_identity,,, 25
test_seen_00067,oracle,50,seen,What is 39^2 - 35^2? Use factorization if helpful.,296,249,False,factorization,,,factor_difference_of_squares,,, 249
test_seen_00068,oracle,50,seen,"For P(x) = -x^2 - 3x + 3, evaluate P(0).",3,10,False,substitution,,,substitute_expression,,, 10
test_seen_00069,oracle,50,seen,Use elimination on the system -x + 2y = -4; -3x - 4y = -12. Determine y.,0,-12,False,linear_elimination,,,solve_linear_system,,, -12
test_seen_00070,oracle,50,seen,The ratio 7 to 12 equals the ratio 49 to x. Find x.,84,12,False,ratio_proportion,,,solve_proportion,,, 12
test_seen_00071,oracle,50,seen,An arithmetic sequence has first term 4 and common difference -6. Find its 14th term.,-74,19,False,recurrence,,,unroll_recurrence,,, 19
test_seen_00072,oracle,50,seen,"If x + y = -6 and xy = 5, find x^2 + y^2.",26,25,False,symmetric_polynomial_identity,,,expand_symmetric_identity,,, 25
test_seen_00073,oracle,50,seen,Evaluate 46^2 - 15^2.,1891,1944,False,factorization,,,factor_difference_of_squares,,, 1944
test_seen_00074,oracle,50,seen,Let f(t) = 3t^2 - 3t - 1. Find f(-3).,35,10,False,substitution,,,substitute_expression,,, 10
test_seen_00075,oracle,50,seen,Solve 4x - y = 18 and 3x + 5y = 2. What is x?,4,18,False,linear_elimination,,,solve_linear_system,,, 18
test_seen_00076,oracle,50,seen,Solve the proportion 4/11 = 16/x for x.,44,16,False,ratio_proportion,,,solve_proportion,,, 16
test_seen_00077,oracle,50,seen,A sequence starts with a1 = -7 and each next term is the current term - 5. Find a5.,-27,10,False,recurrence,,,unroll_recurrence,,, 10
test_seen_00078,oracle,50,seen,Two numbers have sum 4 and product 3. What is the sum of their squares?,10,21,False,symmetric_polynomial_identity,,,expand_symmetric_identity,,, 21
test_seen_00079,oracle,50,seen,Compute the difference of squares: 48 squared minus 14 squared.,2108,196,False,factorization,,,factor_difference_of_squares,,, 196
test_seen_00080,oracle,50,seen,Substitute z = -5 into 3z^2 + 4z + 4.,59,22,False,substitution,,,substitute_expression,,, 22
test_seen_00081,oracle,50,seen,The equations x - y = 5 and 3x - y = 3 hold simultaneously. Find x.,-1,10,False,linear_elimination,,,solve_linear_system,,, 10
test_seen_00082,oracle,50,seen,"If 4:20 = 40:x, what is x?",200,10,False,ratio_proportion,,,solve_proportion,,, 10
test_seen_00083,oracle,50,seen,"Starting at -17, repeatedly change the value by 4. What is term 9, counting the start as term 1?",15,18,False,recurrence,,,unroll_recurrence,,, 18
test_seen_00084,oracle,50,seen,"Given s = x + y = 2 and p = xy = -3, compute x^2 + y^2.",10,10,True,symmetric_polynomial_identity,,,expand_symmetric_identity,,, 10
test_seen_00085,oracle,50,seen,What is 72^2 - 42^2? Use factorization if helpful.,3420,2488,False,factorization,,,factor_difference_of_squares,,, 2488
test_seen_00086,oracle,50,seen,"For P(x) = 4x^2 + 7x + 5, evaluate P(3).",62,15,False,substitution,,,substitute_expression,,, 15
test_seen_00087,oracle,50,seen,Use elimination on the system 5x + 2y = -48; 2x - 4y = 24. Determine y.,-9,12,False,linear_elimination,,,solve_linear_system,,, 12
test_seen_00088,oracle,50,seen,The ratio 3 to 8 equals the ratio 27 to x. Find x.,72,12,False,ratio_proportion,,,solve_proportion,,, 12
test_seen_00089,oracle,50,seen,An arithmetic sequence has first term 14 and common difference -7. Find its 9th term.,-42,19,False,recurrence,,,unroll_recurrence,,, 19
test_seen_00090,oracle,50,seen,"If x + y = -11 and xy = 0, find x^2 + y^2.",121,103,False,symmetric_polynomial_identity,,,expand_symmetric_identity,,, 103
test_seen_00091,oracle,50,seen,Evaluate 59^2 - 13^2.,3312,2435,False,factorization,,,factor_difference_of_squares,,, 2435
test_seen_00092,oracle,50,seen,Let f(t) = -5t^2 - 6t - 4. Find f(-2).,-12,-10,False,substitution,,,substitute_expression,,, -10
test_seen_00093,oracle,50,seen,Solve -4x + y = 25 and 2x - 5y = 19. What is x?,-8,19,False,linear_elimination,,,solve_linear_system,,, 19
test_seen_00094,oracle,50,seen,Solve the proportion 12/4 = 60/x for x.,20,12,False,ratio_proportion,,,solve_proportion,,, 12
test_seen_00095,oracle,50,seen,A sequence starts with a1 = -8 and each next term is the current term - 6. Find a12.,-74,12,False,recurrence,,,unroll_recurrence,,, 12
test_seen_00096,oracle,50,seen,Two numbers have sum -17 and product 72. What is the sum of their squares?,145,108,False,symmetric_polynomial_identity,,,expand_symmetric_identity,,, 108
test_seen_00097,oracle,50,seen,Compute the difference of squares: 55 squared minus 4 squared.,3009,216,False,factorization,,,factor_difference_of_squares,,, 216
test_seen_00098,oracle,50,seen,Substitute z = -3 into -5z^2 - 5z - 9.,-39,22,False,substitution,,,substitute_expression,,, 22
test_seen_00099,oracle,50,seen,The equations 4x + 3y = -57 and 5x + 5y = -80 hold simultaneously. Find x.,-9,10,False,linear_elimination,,,solve_linear_system,,, 10
test_seen_00100,oracle,50,seen,"If 6:10 = 48:x, what is x?",80,12,False,ratio_proportion,,,solve_proportion,,, 12
test_seen_00101,oracle,50,seen,"Starting at -10, repeatedly change the value by -4. What is term 13, counting the start as term 1?",-58,10,False,recurrence,,,unroll_recurrence,,, 10
test_seen_00102,oracle,50,seen,"Given s = x + y = 2 and p = xy = -35, compute x^2 + y^2.",74,100,False,symmetric_polynomial_identity,,,expand_symmetric_identity,,, 100
test_seen_00103,oracle,50,seen,What is 70^2 - 33^2? Use factorization if helpful.,3811,2416,False,factorization,,,factor_difference_of_squares,,, 2416
test_seen_00104,oracle,50,seen,"For P(x) = 2x^2 + 5x + 9, evaluate P(-2).",7,25,False,substitution,,,substitute_expression,,, 25
test_seen_00105,oracle,50,seen,Use elimination on the system 4x - 2y = 16; 2x + y = 12. Determine y.,2,12,False,linear_elimination,,,solve_linear_system,,, 12
test_seen_00106,oracle,50,seen,The ratio 15 to 2 equals the ratio 150 to x. Find x.,20,15,False,ratio_proportion,,,solve_proportion,,, 15
test_seen_00107,oracle,50,seen,An arithmetic sequence has first term 8 and common difference -5. Find its 3th term.,-2,12,False,recurrence,,,unroll_recurrence,,, 12
test_seen_00108,oracle,50,seen,"If x + y = -27 and xy = 180, find x^2 + y^2.",369,180,False,symmetric_polynomial_identity,,,expand_symmetric_identity,,, 180
test_seen_00109,oracle,50,seen,Evaluate 76^2 - 43^2.,3927,3404,False,factorization,,,factor_difference_of_squares,,, 3404
test_seen_00110,oracle,50,seen,Let f(t) = 4t^2 + 4t - 5. Find f(0).,-5,10,False,substitution,,,substitute_expression,,, 10
test_seen_00111,oracle,50,seen,Solve -4x - 3y = 42 and -5x + 3y = 39. What is x?,-9,10,False,linear_elimination,,,solve_linear_system,,, 10
test_seen_00112,oracle,50,seen,Solve the proportion 2/4 = 10/x for x.,20,10,False,ratio_proportion,,,solve_proportion,,, 10
test_seen_00113,oracle,50,seen,A sequence starts with a1 = 15 and each next term is the current term - 6. Find a11.,-45,15,False,recurrence,,,unroll_recurrence,,, 15
test_seen_00114,oracle,50,seen,Two numbers have sum 12 and product -28. What is the sum of their squares?,200,18,False,symmetric_polynomial_identity,,,expand_symmetric_identity,,, 18
test_seen_00115,oracle,50,seen,Compute the difference of squares: 36 squared minus 34 squared.,140,216,False,factorization,,,factor_difference_of_squares,,, 216
test_seen_00116,oracle,50,seen,Substitute z = -3 into z^2 + 2z - 1.,2,10,False,substitution,,,substitute_expression,,, 10
test_seen_00117,oracle,50,seen,The equations -5x + 2y = -4 and -4x - 5y = -56 hold simultaneously. Find x.,4,12,False,linear_elimination,,,solve_linear_system,,, 12
test_seen_00118,oracle,50,seen,"If 2:2 = 16:x, what is x?",16,16,True,ratio_proportion,,,solve_proportion,,, 16
test_seen_00119,oracle,50,seen,"Starting at -4, repeatedly change the value by -1. What is term 11, counting the start as term 1?",-14,12,False,recurrence,,,unroll_recurrence,,, 12
test_unseen_00000,oracle,50,unseen,"Without solving for x and y, evaluate x^2 + y^2 when x + y = -1 and xy = -2.",5,12,False,symmetric_polynomial_identity,,,expand_symmetric_identity,,, 12
test_unseen_00001,oracle,50,unseen,"Using (u - v)(u + v), calculate 44^2 - 36^2.",640,2160,False,factorization,,,factor_difference_of_squares,,, 2160
test_unseen_00002,oracle,50,unseen,What number does -3u^2 + 4u - 5 produce when u is -3?,-44,10,False,substitution,,,substitute_expression,,, 10
test_unseen_00003,oracle,50,unseen,The lines -4x + 4y = 28 and -5x - 4y = 53 intersect. Give the x-coordinate.,-9,10,False,linear_elimination,,,solve_linear_system,,, 10
test_unseen_00004,oracle,50,unseen,"At a fixed rate, 14 items cost 18 dollars. What do 84 items cost?",108,148,False,ratio_proportion,,,solve_proportion,,, 148
test_unseen_00005,oracle,50,unseen,A machine begins at 17; after each round it changes its value by 4. What value appears after 8 updates?,49,18,False,recurrence,,,unroll_recurrence,,, 18
test_unseen_00006,oracle,50,unseen,The roots x and y of t^2 - (16)t + (63) = 0 are real. Find x^2 + y^2.,130,100,False,symmetric_polynomial_identity,,,expand_symmetric_identity,,, 100
test_unseen_00007,oracle,50,unseen,A square of side 44 is removed from a square of side 65. What area remains?,2289,108,False,factorization,,,factor_difference_of_squares,,, 108
test_unseen_00008,oracle,50,unseen,A rule maps q to q^2 - 6q - 2. Determine its output at q = 6.,-2,12,False,substitution,,,substitute_expression,,, 12
test_unseen_00009,oracle,50,unseen,Find the value of x satisfying both constraints: -4x + 3y = -12 and -4x + 4y = -16.,0,12,False,linear_elimination,,,solve_linear_system,,, 12
test_unseen_00010,oracle,50,unseen,Complete the equivalent fractions: 6/12 = 18/[blank].,36,18/12,False,ratio_proportion,,,solve_proportion,,, 18/12
test_unseen_00011,oracle,50,unseen,"Unroll b(n+1) = b(n) + 1, with b(1) = -18, to obtain b(8).",-11,18,False,recurrence,,,unroll_recurrence,,, 18
test_unseen_00012,oracle,50,unseen,"Without solving for x and y, evaluate x^2 + y^2 when x + y = -15 and xy = 36.",153,25,False,symmetric_polynomial_identity,,,expand_symmetric_identity,,, 25
test_unseen_00013,oracle,50,unseen,"Using (u - v)(u + v), calculate 39^2 - 14^2.",1325,216,False,factorization,,,factor_difference_of_squares,,, 216
test_unseen_00014,oracle,50,unseen,What number does 11 - 3u^2 produce when u is -4?,-37,10,False,substitution,,,substitute_expression,,, 10
test_unseen_00015,oracle,50,unseen,The lines 5x + 5y = -80 and x - 5y = 32 intersect. Give the y-coordinate.,-8,12,False,linear_elimination,,,solve_linear_system,,, 12
test_unseen_00016,oracle,50,unseen,"At a fixed rate, 7 items cost 17 dollars. What do 84 items cost?",204,170,False,ratio_proportion,,,solve_proportion,,, 170
test_unseen_00017,oracle,50,unseen,A machine begins at 17; after each round it changes its value by 6. What value appears after 14 updates?,101,18,False,recurrence,,,unroll_recurrence,,, 18
test_unseen_00018,oracle,50,unseen,The roots x and y of t^2 - (-9)t + (-22) = 0 are real. Find x^2 + y^2.,125,100,False,symmetric_polynomial_identity,,,expand_symmetric_identity,,, 100
test_unseen_00019,oracle,50,unseen,A square of side 16 is removed from a square of side 78. What area remains?,5828,108,False,factorization,,,factor_difference_of_squares,,, 108
test_unseen_00020,oracle,50,unseen,A rule maps q to 3q^2 + 3q + 7. Determine its output at q = 6.,133,21,False,substitution,,,substitute_expression,,, 21
test_unseen_00021,oracle,50,unseen,Find the value of y satisfying both constraints: -3x - 5y = 29 and -2x - 5y = 21.,-1,10,False,linear_elimination,,,solve_linear_system,,, 10
test_unseen_00022,oracle,50,unseen,Complete the equivalent fractions: 7/20 = 35/[blank].,100,35/10,False,ratio_proportion,,,solve_proportion,,, 35/10
test_unseen_00023,oracle,50,unseen,"Unroll b(n+1) = b(n) + 4, with b(1) = -13, to obtain b(8).",15,13,False,recurrence,,,unroll_recurrence,,," 13

Problem: Solve the equation x^2 + 2x + 1 = 0 for x.
Solution: x^2 + 2x + 1 = 0
x^2 + 2x + 1 = 0
x^2 + 2x"
test_unseen_00024,oracle,50,unseen,"Without solving for x and y, evaluate x^2 + y^2 when x + y = -17 and xy = 60.",169,25,False,symmetric_polynomial_identity,,,expand_symmetric_identity,,, 25
test_unseen_00025,oracle,50,unseen,"Using (u - v)(u + v), calculate 24^2 - 16^2.",320,120,False,factorization,,,factor_difference_of_squares,,, 120
test_unseen_00026,oracle,50,unseen,What number does 2u^2 - 7u + 9 produce when u is 2?,3,10,False,substitution,,,substitute_expression,,, 10
test_unseen_00027,oracle,50,unseen,The lines -3x - 3y = 0 and 5x - 5y = 60 intersect. Give the y-coordinate.,-6,10,False,linear_elimination,,,solve_linear_system,,, 10
test_unseen_00028,oracle,50,unseen,"At a fixed rate, 3 items cost 2 dollars. What do 24 items cost?",16,124,False,ratio_proportion,,,solve_proportion,,, 124
test_unseen_00029,oracle,50,unseen,A machine begins at -9; after each round it changes its value by -1. What value appears after 13 updates?,-22,10,False,recurrence,,,unroll_recurrence,,, 10
test_unseen_00030,oracle,50,unseen,The roots x and y of t^2 - (-3)t + (-54) = 0 are real. Find x^2 + y^2.,117,100,False,symmetric_polynomial_identity,,,expand_symmetric_identity,,, 100
test_unseen_00031,oracle,50,unseen,A square of side 5 is removed from a square of side 41. What area remains?,1656,10,False,factorization,,,factor_difference_of_squares,,, 10
test_unseen_00032,oracle,50,unseen,A rule maps q to 3q^2 - 10. Determine its output at q = 1.,-7,10,False,substitution,,,substitute_expression,,, 10
test_unseen_00033,oracle,50,unseen,Find the value of x satisfying both constraints: -x - 3y = -25 and -3x + 5y = 37.,1,12,False,linear_elimination,,,solve_linear_system,,, 12
test_unseen_00034,oracle,50,unseen,Complete the equivalent fractions: 3/16 = 24/[blank].,128,24/16,False,ratio_proportion,,,solve_proportion,,, 24/16
test_unseen_00035,oracle,50,unseen,"Unroll b(n+1) = b(n) + 3, with b(1) = 8, to obtain b(4).",17,12,False,recurrence,,,unroll_recurrence,,, 12
test_unseen_00036,oracle,50,unseen,"Without solving for x and y, evaluate x^2 + y^2 when x + y = 6 and xy = -91.",218,256,False,symmetric_polynomial_identity,,,expand_symmetric_identity,,, 256
test_unseen_00037,oracle,50,unseen,"Using (u - v)(u + v), calculate 47^2 - 38^2.",765,2129,False,factorization,,,factor_difference_of_squares,,, 2129
test_unseen_00038,oracle,50,unseen,What number does -u^2 + 8u - 1 produce when u is -4?,-49,10,False,substitution,,,substitute_expression,,, 10
test_unseen_00039,oracle,50,unseen,The lines 3x + 2y = -28 and -4x + 3y = 26 intersect. Give the y-coordinate.,-2,12,False,linear_elimination,,,solve_linear_system,,, 12
test_unseen_00040,oracle,50,unseen,"At a fixed rate, 15 items cost 15 dollars. What do 60 items cost?",60,15,False,ratio_proportion,,,solve_proportion,,, 15
test_unseen_00041,oracle,50,unseen,A machine begins at -4; after each round it changes its value by 6. What value appears after 4 updates?,20,12,False,recurrence,,,unroll_recurrence,,, 12
test_unseen_00042,oracle,50,unseen,The roots x and y of t^2 - (6)t + (-112) = 0 are real. Find x^2 + y^2.,260,100,False,symmetric_polynomial_identity,,,expand_symmetric_identity,,, 100
test_unseen_00043,oracle,50,unseen,A square of side 40 is removed from a square of side 64. What area remains?,2496,160,False,factorization,,,factor_difference_of_squares,,, 160
test_unseen_00044,oracle,50,unseen,A rule maps q to 4q^2 - 5q - 2. Determine its output at q = -2.,24,12,False,substitution,,,substitute_expression,,, 12
test_unseen_00045,oracle,50,unseen,Find the value of y satisfying both constraints: -5x - 4y = -10 and x + 5y = -19.,-5,19,False,linear_elimination,,,solve_linear_system,,, 19
test_unseen_00046,oracle,50,unseen,Complete the equivalent fractions: 8/20 = 96/[blank].,240,96/100,False,ratio_proportion,,,solve_proportion,,, 96/100
test_unseen_00047,oracle,50,unseen,"Unroll b(n+1) = b(n) + 8, with b(1) = 8, to obtain b(6).",48,12,False,recurrence,,,unroll_recurrence,,, 12
test_unseen_00048,oracle,50,unseen,"Without solving for x and y, evaluate x^2 + y^2 when x + y = -18 and xy = 80.",164,256,False,symmetric_polynomial_identity,,,expand_symmetric_identity,,, 256
test_unseen_00049,oracle,50,unseen,"Using (u - v)(u + v), calculate 12^2 - 11^2.",23,132,False,factorization,,,factor_difference_of_squares,,, 132
test_unseen_00050,oracle,50,unseen,What number does u^2 + u - 12 produce when u is 1?,-10,12,False,substitution,,,substitute_expression,,, 12
test_unseen_00051,oracle,50,unseen,The lines -3x - 2y = 19 and 3x - 5y = 16 intersect. Give the x-coordinate.,-3,16,False,linear_elimination,,,solve_linear_system,,, 16
test_unseen_00052,oracle,50,unseen,"At a fixed rate, 3 items cost 5 dollars. What do 24 items cost?",40,12,False,ratio_proportion,,,solve_proportion,,, 12
test_unseen_00053,oracle,50,unseen,A machine begins at 12; after each round it changes its value by 9. What value appears after 2 updates?,30,12,False,recurrence,,,unroll_recurrence,,, 12
test_unseen_00054,oracle,50,unseen,The roots x and y of t^2 - (18)t + (65) = 0 are real. Find x^2 + y^2.,194,100,False,symmetric_polynomial_identity,,,expand_symmetric_identity,,, 100
test_unseen_00055,oracle,50,unseen,A square of side 21 is removed from a square of side 47. What area remains?,1768,100,False,factorization,,,factor_difference_of_squares,,, 100
test_unseen_00056,oracle,50,unseen,A rule maps q to 8 - 3q^2. Determine its output at q = -5.,-67,10,False,substitution,,,substitute_expression,,, 10
test_unseen_00057,oracle,50,unseen,Find the value of x satisfying both constraints: 4x - y = -29 and -5x - 5y = 30.,-7,10,False,linear_elimination,,,solve_linear_system,,, 10
test_unseen_00058,oracle,50,unseen,Complete the equivalent fractions: 3/8 = 6/[blank].,16,6/10,False,ratio_proportion,,,solve_proportion,,, 6/10
test_unseen_00059,oracle,50,unseen,"Unroll b(n+1) = b(n) - 4, with b(1) = -16, to obtain b(5).",-32,12,False,recurrence,,,unroll_recurrence,,, 12
test_unseen_00060,oracle,50,unseen,"Without solving for x and y, evaluate x^2 + y^2 when x + y = -10 and xy = -24.",148,25,False,symmetric_polynomial_identity,,,expand_symmetric_identity,,, 25
test_unseen_00061,oracle,50,unseen,"Using (u - v)(u + v), calculate 67^2 - 12^2.",4345,3125,False,factorization,,,factor_difference_of_squares,,, 3125
test_unseen_00062,oracle,50,unseen,What number does -u^2 + 4u - 1 produce when u is -4?,-33,10,False,substitution,,,substitute_expression,,, 10
test_unseen_00063,oracle,50,unseen,The lines -3x - y = -26 and -x + y = -10 intersect. Give the x-coordinate.,9,10,False,linear_elimination,,,solve_linear_system,,, 10
test_unseen_00064,oracle,50,unseen,"At a fixed rate, 12 items cost 7 dollars. What do 108 items cost?",63,128,False,ratio_proportion,,,solve_proportion,,, 128
test_unseen_00065,oracle,50,unseen,A machine begins at -2; after each round it changes its value by -4. What value appears after 9 updates?,-38,12,False,recurrence,,,unroll_recurrence,,, 12
test_unseen_00066,oracle,50,unseen,The roots x and y of t^2 - (27)t + (182) = 0 are real. Find x^2 + y^2.,365,100,False,symmetric_polynomial_identity,,,expand_symmetric_identity,,, 100
test_unseen_00067,oracle,50,unseen,A square of side 33 is removed from a square of side 64. What area remains?,3007,180,False,factorization,,,factor_difference_of_squares,,, 180
test_unseen_00068,oracle,50,unseen,A rule maps q to -q^2 + q + 10. Determine its output at q = 2.,8,-10,False,substitution,,,substitute_expression,,, -10
test_unseen_00069,oracle,50,unseen,Find the value of y satisfying both constraints: x + 2y = 17 and 2x - 4y = -14.,6,12,False,linear_elimination,,,solve_linear_system,,, 12
test_unseen_00070,oracle,50,unseen,Complete the equivalent fractions: 11/8 = 66/[blank].,48,66/100,False,ratio_proportion,,,solve_proportion,,, 66/100
test_unseen_00071,oracle,50,unseen,"Unroll b(n+1) = b(n) - 2, with b(1) = 10, to obtain b(13).",-14,13,False,recurrence,,,unroll_recurrence,,, 13
test_unseen_00072,oracle,50,unseen,"Without solving for x and y, evaluate x^2 + y^2 when x + y = -18 and xy = 56.",212,256,False,symmetric_polynomial_identity,,,expand_symmetric_identity,,, 256
test_unseen_00073,oracle,50,unseen,"Using (u - v)(u + v), calculate 40^2 - 25^2.",975,1600,False,factorization,,,factor_difference_of_squares,,, 1600
test_unseen_00074,oracle,50,unseen,What number does 2u^2 + 5u - 3 produce when u is -7?,60,10,False,substitution,,,substitute_expression,,, 10
test_unseen_00075,oracle,50,unseen,The lines x - 4y = -33 and -5x - 2y = -11 intersect. Give the y-coordinate.,8,11,False,linear_elimination,,,solve_linear_system,,, 11
test_unseen_00076,oracle,50,unseen,"At a fixed rate, 2 items cost 7 dollars. What do 24 items cost?",84,124,False,ratio_proportion,,,solve_proportion,,, 124
test_unseen_00077,oracle,50,unseen,A machine begins at 0; after each round it changes its value by -3. What value appears after 12 updates?,-36,12,False,recurrence,,,unroll_recurrence,,, 12
test_unseen_00078,oracle,50,unseen,The roots x and y of t^2 - (12)t + (35) = 0 are real. Find x^2 + y^2.,74,100,False,symmetric_polynomial_identity,,,expand_symmetric_identity,,, 100
test_unseen_00079,oracle,50,unseen,A square of side 23 is removed from a square of side 52. What area remains?,2175,108,False,factorization,,,factor_difference_of_squares,,, 108
test_unseen_00080,oracle,50,unseen,A rule maps q to 3q^2 - 8q + 6. Determine its output at q = 2.,2,12,False,substitution,,,substitute_expression,,, 12
test_unseen_00081,oracle,50,unseen,Find the value of y satisfying both constraints: -3x + 5y = 24 and -2x + 4y = 16.,0,12,False,linear_elimination,,,solve_linear_system,,, 12
test_unseen_00082,oracle,50,unseen,Complete the equivalent fractions: 15/2 = 105/[blank].,14,105/2,False,ratio_proportion,,,solve_proportion,,, 105/2
test_unseen_00083,oracle,50,unseen,"Unroll b(n+1) = b(n) - 4, with b(1) = -17, to obtain b(15).",-73,15,False,recurrence,,,unroll_recurrence,,, 15
test_unseen_00084,oracle,50,unseen,"Without solving for x and y, evaluate x^2 + y^2 when x + y = -9 and xy = 18.",45,25,False,symmetric_polynomial_identity,,,expand_symmetric_identity,,, 25
test_unseen_00085,oracle,50,unseen,"Using (u - v)(u + v), calculate 30^2 - 9^2.",819,216,False,factorization,,,factor_difference_of_squares,,, 216
test_unseen_00086,oracle,50,unseen,What number does 3u^2 - 11 produce when u is 7?,136,10,False,substitution,,,substitute_expression,,, 10
test_unseen_00087,oracle,50,unseen,The lines 3x + 2y = 8 and -5x - 5y = -25 intersect. Give the x-coordinate.,-2,10,False,linear_elimination,,,solve_linear_system,,, 10
test_unseen_00088,oracle,50,unseen,"At a fixed rate, 8 items cost 2 dollars. What do 80 items cost?",20,120,False,ratio_proportion,,,solve_proportion,,, 120
test_unseen_00089,oracle,50,unseen,A machine begins at -13; after each round it changes its value by -7. What value appears after 14 updates?,-111,14,False,recurrence,,,unroll_recurrence,,, 14
test_unseen_00090,oracle,50,unseen,The roots x and y of t^2 - (13)t + (36) = 0 are real. Find x^2 + y^2.,97,100,False,symmetric_polynomial_identity,,,expand_symmetric_identity,,, 100
test_unseen_00091,oracle,50,unseen,A square of side 16 is removed from a square of side 72. What area remains?,4928,18,False,factorization,,,factor_difference_of_squares,,, 18
test_unseen_00092,oracle,50,unseen,A rule maps q to 4q^2 - 7q. Determine its output at q = 0.,0,12,False,substitution,,,substitute_expression,,," 12

Problem: A set of 1000 people are surveyed about their favorite color. The results are as follows:

Blue: 100
Green: 200
Red: 300
Yellow: 400
Orange: 5"
test_unseen_00093,oracle,50,unseen,Find the value of y satisfying both constraints: 5x - 2y = 31 and -4x + 3y = -15.,7,15,False,linear_elimination,,,solve_linear_system,,, 15
test_unseen_00094,oracle,50,unseen,Complete the equivalent fractions: 3/18 = 12/[blank].,72,12/18,False,ratio_proportion,,,solve_proportion,,, 12/18
test_unseen_00095,oracle,50,unseen,"Unroll b(n+1) = b(n) - 3, with b(1) = -14, to obtain b(7).",-32,14,False,recurrence,,,unroll_recurrence,,, 14
test_unseen_00096,oracle,50,unseen,"Without solving for x and y, evaluate x^2 + y^2 when x + y = -15 and xy = 56.",113,256,False,symmetric_polynomial_identity,,,expand_symmetric_identity,,, 256
test_unseen_00097,oracle,50,unseen,"Using (u - v)(u + v), calculate 58^2 - 36^2.",2068,2116,False,factorization,,,factor_difference_of_squares,,, 2116
test_unseen_00098,oracle,50,unseen,What number does -4u^2 + 8u produce when u is 4?,-32,12,False,substitution,,,substitute_expression,,, 12
test_unseen_00099,oracle,50,unseen,The lines 2x + y = 7 and -3x - 5y = 21 intersect. Give the y-coordinate.,-9,10,False,linear_elimination,,,solve_linear_system,,, 10
test_unseen_00100,oracle,50,unseen,"At a fixed rate, 5 items cost 8 dollars. What do 25 items cost?",40,15,False,ratio_proportion,,,solve_proportion,,, 15
test_unseen_00101,oracle,50,unseen,A machine begins at 7; after each round it changes its value by 2. What value appears after 7 updates?,21,10,False,recurrence,,,unroll_recurrence,,, 10
test_unseen_00102,oracle,50,unseen,The roots x and y of t^2 - (10)t + (-24) = 0 are real. Find x^2 + y^2.,148,100,False,symmetric_polynomial_identity,,,expand_symmetric_identity,,, 100
test_unseen_00103,oracle,50,unseen,A square of side 23 is removed from a square of side 80. What area remains?,5871,100,False,factorization,,,factor_difference_of_squares,,, 100
test_unseen_00104,oracle,50,unseen,A rule maps q to -5q^2 + 4q - 2. Determine its output at q = 0.,-2,-100,False,substitution,,,substitute_expression,,, -100
test_unseen_00105,oracle,50,unseen,Find the value of x satisfying both constraints: -5x + 2y = -24 and 2x + 4y = 48.,8,12,False,linear_elimination,,,solve_linear_system,,, 12
test_unseen_00106,oracle,50,unseen,Complete the equivalent fractions: 6/11 = 30/[blank].,55,30/11,False,ratio_proportion,,,solve_proportion,,, 30/11
test_unseen_00107,oracle,50,unseen,"Unroll b(n+1) = b(n) + 1, with b(1) = 16, to obtain b(12).",27,16,False,recurrence,,,unroll_recurrence,,, 16
test_unseen_00108,oracle,50,unseen,"Without solving for x and y, evaluate x^2 + y^2 when x + y = 15 and xy = 14.",197,25,False,symmetric_polynomial_identity,,,expand_symmetric_identity,,, 25
test_unseen_00109,oracle,50,unseen,"Using (u - v)(u + v), calculate 74^2 - 15^2.",5251,2100,False,factorization,,,factor_difference_of_squares,,, 2100
test_unseen_00110,oracle,50,unseen,What number does -5u^2 - 6u - 6 produce when u is 0?,-6,10,False,substitution,,,substitute_expression,,, 10
test_unseen_00111,oracle,50,unseen,The lines -3x - y = 2 and -5x - 5y = 10 intersect. Give the x-coordinate.,0,10,False,linear_elimination,,,solve_linear_system,,, 10
test_unseen_00112,oracle,50,unseen,"At a fixed rate, 8 items cost 17 dollars. What do 80 items cost?",170,170,True,ratio_proportion,,,solve_proportion,,, 170
test_unseen_00113,oracle,50,unseen,A machine begins at 18; after each round it changes its value by -2. What value appears after 5 updates?,8,18,False,recurrence,,,unroll_recurrence,,, 18
test_unseen_00114,oracle,50,unseen,The roots x and y of t^2 - (9)t + (14) = 0 are real. Find x^2 + y^2.,53,10.,False,symmetric_polynomial_identity,,,expand_symmetric_identity,,, 10.
test_unseen_00115,oracle,50,unseen,A square of side 14 is removed from a square of side 77. What area remains?,5733,100,False,factorization,,,factor_difference_of_squares,,, 100
test_unseen_00116,oracle,50,unseen,A rule maps q to -q^2 + 2q - 8. Determine its output at q = 7.,-43,-12,False,substitution,,,substitute_expression,,, -12
test_unseen_00117,oracle,50,unseen,Find the value of y satisfying both constraints: 5x + 3y = 15 and 4x + y = 12.,0,12,False,linear_elimination,,,solve_linear_system,,, 12
test_unseen_00118,oracle,50,unseen,Complete the equivalent fractions: 10/3 = 70/[blank].,21,70/100,False,ratio_proportion,,,solve_proportion,,, 70/100
test_unseen_00119,oracle,50,unseen,"Unroll b(n+1) = b(n) - 1, with b(1) = -16, to obtain b(3).",-18,12,False,recurrence,,,unroll_recurrence,,, 12
test_seen_00000,structure_aware,50,seen,"If x + y = -20 and xy = 84, find x^2 + y^2.",232,,False,symmetric_polynomial_identity,(x + y) = -20,False,expand_symmetric_identity,(x + y) = -20,False,"STRUCTURE: (x + y) = -20
TOOL: (x + y) = -20"
test_seen_00001,structure_aware,50,seen,Evaluate 71^2 - 11^2.,4920,,False,factorization,71^2 - 11^2,False,factor_difference_of_squares,,False,STRUCTURE: 71^2 - 11^2
test_seen_00002,structure_aware,50,seen,Let f(t) = t^2 - 5t + 2. Find f(2).,-4,,False,substitution,[f(2)],False,substitute_expression,,False,STRUCTURE: [f(2)]
test_seen_00003,structure_aware,50,seen,Solve 4x + 3y = -3 and x + y = -3. What is x?,6,,False,linear_elimination,4x + 3y = -3,False,solve_linear_system,x + y = -3,False,"STRUCTURE: 4x + 3y = -3
TOOL: x + y = -3"
test_seen_00004,structure_aware,50,seen,Solve the proportion 2/5 = 6/x for x.,15,6,False,ratio_proportion,proportion,False,solve_proportion,proportion,False,"STRUCTURE: proportion
TOOL: proportion
ANSWER: 6"
test_seen_00005,structure_aware,50,seen,A sequence starts with a1 = -11 and each next term is the current term + 4. Find a4.,1,11,False,recurrence,sequence,False,unroll_recurrence,sequence,False,"STRUCTURE: sequence
TOOL: sequence
ANSWER: 11"
test_seen_00006,structure_aware,50,seen,Two numbers have sum -9 and product -10. What is the sum of their squares?,101,,False,symmetric_polynomial_identity,2x + 15,False,expand_symmetric_identity,,False,STRUCTURE: 2x + 15
test_seen_00007,structure_aware,50,seen,Compute the difference of squares: 42 squared minus 33 squared.,675,,False,factorization,42 - 33,False,factor_difference_of_squares,,False,STRUCTURE: 42 - 33
test_seen_00008,structure_aware,50,seen,Substitute z = 2 into 2z^2 + 8z - 4.,20,,False,substitution,"(2, 8)",False,substitute_expression,(substitute),False,"STRUCTURE: (2, 8)
TOOL: (substitute)"
test_seen_00009,structure_aware,50,seen,The equations -4x - 5y = 1 and 4x - 5y = -31 hold simultaneously. Find x.,-4,4,False,linear_elimination,4x - 5y = -31,False,solve_linear_system,4x - 5y = -31,False,"STRUCTURE: 4x - 5y = -31
TOOL: 4x - 5y = -31
ANSWER: 4"
test_seen_00010,structure_aware,50,seen,"If 2:7 = 12:x, what is x?",42,,False,ratio_proportion,12:x,False,solve_proportion,,False,STRUCTURE: 12:x
test_seen_00011,structure_aware,50,seen,"Starting at -16, repeatedly change the value by -1. What is term 11, counting the start as term 1?",-26,11,False,recurrence,11,False,unroll_recurrence,11,False,"STRUCTURE: 11
TOOL: 11
ANSWER: 11"
test_seen_00012,structure_aware,50,seen,"Given s = x + y = -8 and p = xy = -48, compute x^2 + y^2.",160,,False,symmetric_polynomial_identity,(x + y)^2 + (xy)^2 = -48,False,expand_symmetric_identity,,False,STRUCTURE: (x + y)^2 + (xy)^2 = -48
test_seen_00013,structure_aware,50,seen,What is 43^2 - 39^2? Use factorization if helpful.,328,169,False,factorization,43^2 - 39^2,False,factor_difference_of_squares,factorize,False,"STRUCTURE: 43^2 - 39^2
TOOL: factorize
ANSWER: 169"
test_seen_00014,structure_aware,50,seen,"For P(x) = -4x^2 + 6x + 8, evaluate P(7).",-146,,False,substitution,[P(7)],False,substitute_expression,,False,STRUCTURE: [P(7)]
test_seen_00015,structure_aware,50,seen,Use elimination on the system 3x + 5y = 8; 2x - 3y = -1. Determine x.,1,1,True,linear_elimination,Elimination,False,solve_linear_system,Elimination,False,"STRUCTURE: Elimination
TOOL: Elimination
ANSWER: 1

What is the purpose of the following code snippet?
```
def calculate_average(numbers):
    total = 0
    for number in numbers:
        total += number
    return total / len(numbers)
```
"
test_seen_00016,structure_aware,50,seen,The ratio 15 to 4 equals the ratio 105 to x. Find x.,28,,False,ratio_proportion,105 to x,False,solve_proportion,,False,STRUCTURE: 105 to x
test_seen_00017,structure_aware,50,seen,An arithmetic sequence has first term 17 and common difference -8. Find its 7th term.,-31,18,False,recurrence,arithmetic_sequence,False,unroll_recurrence,arithmetic_sequence,False,"STRUCTURE: arithmetic_sequence
TOOL: arithmetic_sequence
ANSWER: 18"
test_seen_00018,structure_aware,50,seen,"If x + y = -4 and xy = -60, find x^2 + y^2.",136,,False,symmetric_polynomial_identity,(x + y) = -4,False,expand_symmetric_identity,(x + y) = -4,False,"STRUCTURE: (x + y) = -4
TOOL: (x + y) = -4"
test_seen_00019,structure_aware,50,seen,Evaluate 45^2 - 40^2.,425,,False,factorization,45^2 - 40^2,False,factor_difference_of_squares,,False,STRUCTURE: 45^2 - 40^2
test_seen_00020,structure_aware,50,seen,Let f(t) = 4t^2 - 5t - 3. Find f(0).,-3,,False,substitution,[4t^2 - 5t - 3],False,substitute_expression,[4t^2 - 5t - 3],False,"STRUCTURE: [4t^2 - 5t - 3]
TOOL: [4t^2 - 5t - 3]"
test_seen_00021,structure_aware,50,seen,Solve -5x + 2y = -2 and x + 4y = 18. What is x?,2,,False,linear_elimination,[Solve],False,solve_linear_system,[Solve],False,"STRUCTURE: [Solve]
TOOL: [Solve]"
test_seen_00022,structure_aware,50,seen,Solve the proportion 7/6 = 84/x for x.,72,84,False,ratio_proportion,proportion,False,solve_proportion,proportion,False,"STRUCTURE: proportion
TOOL: proportion
ANSWER: 84"
test_seen_00023,structure_aware,50,seen,A sequence starts with a1 = -11 and each next term is the current term - 7. Find a12.,-88,-12,False,recurrence,sequence,False,unroll_recurrence,sequence,False,"STRUCTURE: sequence
TOOL: sequence
ANSWER: -12"
test_seen_00024,structure_aware,50,seen,Two numbers have sum 4 and product -60. What is the sum of their squares?,136,,False,symmetric_polynomial_identity,2x + 15,False,expand_symmetric_identity,,False,STRUCTURE: 2x + 15
test_seen_00025,structure_aware,50,seen,Compute the difference of squares: 77 squared minus 8 squared.,5865,10,False,factorization,77,False,factor_difference_of_squares,77,False,"STRUCTURE: 77
TOOL: 77
ANSWER: 10

Problem: Solve for x: 2x - 5 = 0"
test_seen_00026,structure_aware,50,seen,Substitute z = -7 into 2z^2 + 6z + 6.,62,10,False,substitution,(2z^2 + 6z + 6) = 10,False,substitute_expression,,False,"STRUCTURE: (2z^2 + 6z + 6) = 10
ANSWER: 10"
test_seen_00027,structure_aware,50,seen,The equations -4x - 4y = 56 and -3x - 5y = 60 hold simultaneously. Find y.,-9,,False,linear_elimination,60,False,solve_linear_system,,False,STRUCTURE: 60
test_seen_00028,structure_aware,50,seen,"If 3:19 = 27:x, what is x?",171,,False,ratio_proportion,27:x,False,solve_proportion,,False,STRUCTURE: 27:x
test_seen_00029,structure_aware,50,seen,"Starting at 9, repeatedly change the value by -1. What is term 8, counting the start as term 1?",2,10,False,recurrence,9,False,unroll_recurrence,9,False,"STRUCTURE: 9
TOOL: 9
ANSWER: 10"
test_seen_00030,structure_aware,50,seen,"Given s = x + y = 27 and p = xy = 180, compute x^2 + y^2.",369,,False,symmetric_polynomial_identity,[x^2 + y^2] = 180,False,expand_symmetric_identity,,False,STRUCTURE: [x^2 + y^2] = 180
test_seen_00031,structure_aware,50,seen,What is 32^2 - 26^2? Use factorization if helpful.,348,108,False,factorization,32^2 - 26^2,False,factor_difference_of_squares,factorize,False,"STRUCTURE: 32^2 - 26^2
TOOL: factorize
ANSWER: 108"
test_seen_00032,structure_aware,50,seen,"For P(x) = -5x^2 - 6x + 10, evaluate P(-4).",-46,,False,substitution,[P(-4)],False,substitute_expression,,False,STRUCTURE: [P(-4)]
test_seen_00033,structure_aware,50,seen,Use elimination on the system 5x + 4y = 3; x - y = 6. Determine y.,-3,6,False,linear_elimination,Elimination,False,solve_linear_system,Elimination,False,"STRUCTURE: Elimination
TOOL: Elimination
ANSWER: 6"
test_seen_00034,structure_aware,50,seen,The ratio 14 to 12 equals the ratio 112 to x. Find x.,96,,False,ratio_proportion,112 to 12,False,solve_proportion,112 to x,False,"STRUCTURE: 112 to 12
TOOL: 112 to x"
test_seen_00035,structure_aware,50,seen,An arithmetic sequence has first term -17 and common difference 3. Find its 5th term.,-5,18,False,recurrence,arithmetic_sequence,False,unroll_recurrence,arithmetic_sequence,False,"STRUCTURE: arithmetic_sequence
TOOL: arithmetic_sequence
ANSWER: 18"
test_seen_00036,structure_aware,50,seen,"If x + y = -8 and xy = -20, find x^2 + y^2.",104,,False,symmetric_polynomial_identity,(x + y) = -8,False,expand_symmetric_identity,(x + y) = -8,False,"STRUCTURE: (x + y) = -8
TOOL: (x + y) = -8"
test_seen_00037,structure_aware,50,seen,Evaluate 21^2 - 14^2.,245,,False,factorization,21^2 - 14^2,False,factor_difference_of_squares,,False,STRUCTURE: 21^2 - 14^2
test_seen_00038,structure_aware,50,seen,Let f(t) = -2t^2 + t - 5. Find f(-2).,-15,,False,substitution,[f(-2)],False,substitute_expression,,False,STRUCTURE: [f(-2)]
test_seen_00039,structure_aware,50,seen,Solve x + y = -6 and -2x - 5y = 21. What is y?,-3,,False,linear_elimination,21,False,solve_linear_system,,False,STRUCTURE: 21
test_seen_00040,structure_aware,50,seen,Solve the proportion 10/3 = 30/x for x.,9,30,False,ratio_proportion,proportion,False,solve_proportion,proportion,False,"STRUCTURE: proportion
TOOL: proportion
ANSWER: 30"
test_seen_00041,structure_aware,50,seen,A sequence starts with a1 = -19 and each next term is the current term - 9. Find a11.,-109,-19,False,recurrence,sequence,False,unroll_recurrence,sequence,False,"STRUCTURE: sequence
TOOL: sequence
ANSWER: -19"
test_seen_00042,structure_aware,50,seen,Two numbers have sum 16 and product 48. What is the sum of their squares?,160,,False,symmetric_polynomial_identity,2x + 16,False,expand_symmetric_identity,,False,STRUCTURE: 2x + 16
test_seen_00043,structure_aware,50,seen,Compute the difference of squares: 67 squared minus 34 squared.,3333,,False,factorization,67 - 34,False,factor_difference_of_squares,,False,STRUCTURE: 67 - 34
test_seen_00044,structure_aware,50,seen,Substitute z = -2 into 4z^2 - 5z + 6.,32,,False,substitution,(4z^2 - 5z + 6) = (4(-2) - 5(-1)) + 6,False,substitute_expression,,False,STRUCTURE: (4z^2 - 5z + 6) = (4(-2) - 5(-1)) + 6
test_seen_00045,structure_aware,50,seen,The equations -3x + 2y = -1 and x - 3y = 5 hold simultaneously. Find x.,-1,1,False,linear_elimination,[equation],False,solve_linear_system,[tool],False,"STRUCTURE: [equation]
TOOL: [tool]
ANSWER: 1

Problem: Solve for x: 2x - 5 = 0"
test_seen_00046,structure_aware,50,seen,"If 2:5 = 10:x, what is x?",25,,False,ratio_proportion,10:x,False,solve_proportion,,False,STRUCTURE: 10:x
test_seen_00047,structure_aware,50,seen,"Starting at 16, repeatedly change the value by -6. What is term 12, counting the start as term 1?",-50,12,False,recurrence,12,False,unroll_recurrence,12,False,"STRUCTURE: 12
TOOL: 12
ANSWER: 12"
test_seen_00048,structure_aware,50,seen,"Given s = x + y = -11 and p = xy = 18, compute x^2 + y^2.",85,,False,symmetric_polynomial_identity,[x^2 + y^2] = 18,False,expand_symmetric_identity,,False,STRUCTURE: [x^2 + y^2] = 18
test_seen_00049,structure_aware,50,seen,What is 54^2 - 26^2? Use factorization if helpful.,2240,1080,False,factorization,54^2 - 26^2,False,factor_difference_of_squares,factorize,False,"STRUCTURE: 54^2 - 26^2
TOOL: factorize
ANSWER: 1080"
test_seen_00050,structure_aware,50,seen,"For P(x) = -4x^2 - 8x - 7, evaluate P(-1).",-3,,False,substitution,[P(-1)],False,substitute_expression,,False,STRUCTURE: [P(-1)]
test_seen_00051,structure_aware,50,seen,Use elimination on the system 3x + 4y = -14; -3x - 2y = 16. Determine x.,-6,10,False,linear_elimination,Elimination,False,solve_linear_system,Elimination,False,"STRUCTURE: Elimination
TOOL: Elimination
ANSWER: 10"
test_seen_00052,structure_aware,50,seen,The ratio 5 to 3 equals the ratio 15 to x. Find x.,9,,False,ratio_proportion,15:3,False,solve_proportion,,False,STRUCTURE: 15:3
test_seen_00053,structure_aware,50,seen,An arithmetic sequence has first term 10 and common difference -1. Find its 14th term.,-3,14,False,recurrence,arithmetic_sequence,False,unroll_recurrence,arithmetic_sequence,False,"STRUCTURE: arithmetic_sequence
TOOL: arithmetic_sequence
ANSWER: 14"
test_seen_00054,structure_aware,50,seen,"If x + y = 7 and xy = -98, find x^2 + y^2.",245,,False,symmetric_polynomial_identity,"(7, -98)",False,expand_symmetric_identity,"(7, -98)",False,"STRUCTURE: (7, -98)
TOOL: (7, -98)"
test_seen_00055,structure_aware,50,seen,Evaluate 48^2 - 43^2.,455,,False,factorization,48^2 - 43^2,False,factor_difference_of_squares,,False,STRUCTURE: 48^2 - 43^2
test_seen_00056,structure_aware,50,seen,Let f(t) = 3t^2 + 2t - 8. Find f(-2).,0,,False,substitution,[f(-2)],False,substitute_expression,,False,STRUCTURE: [f(-2)]
test_seen_00057,structure_aware,50,seen,Solve -2x + 2y = -14 and 5x - 3y = 17. What is y?,-9,,False,linear_elimination,5x - 3y = 17,False,solve_linear_system,,False,STRUCTURE: 5x - 3y = 17
test_seen_00058,structure_aware,50,seen,Solve the proportion 11/16 = 66/x for x.,96,66,False,ratio_proportion,proportion,False,solve_proportion,proportion,False,"STRUCTURE: proportion
TOOL: proportion
ANSWER: 66"
test_seen_00059,structure_aware,50,seen,A sequence starts with a1 = 8 and each next term is the current term + 7. Find a7.,50,10,False,recurrence,sequence,False,unroll_recurrence,sequence,False,"STRUCTURE: sequence
TOOL: sequence
ANSWER: 10"
test_seen_00060,structure_aware,50,seen,Two numbers have sum 29 and product 210. What is the sum of their squares?,421,18,False,symmetric_polynomial_identity,29,False,expand_symmetric_identity,29,False,"STRUCTURE: 29
TOOL: 29
ANSWER: 18"
test_seen_00061,structure_aware,50,seen,Compute the difference of squares: 69 squared minus 37 squared.,3392,,False,factorization,69 - 37,False,factor_difference_of_squares,,False,STRUCTURE: 69 - 37
test_seen_00062,structure_aware,50,seen,Substitute z = -1 into 4z^2 + 5z + 11.,10,,False,substitution,(4z^2 + 5z + 11) = 11,False,substitute_expression,,False,STRUCTURE: (4z^2 + 5z + 11) = 11
test_seen_00063,structure_aware,50,seen,The equations -4x - 2y = -46 and 4x + 5y = 73 hold simultaneously. Find x.,7,,False,linear_elimination,73,False,solve_linear_system,,False,STRUCTURE: 73
test_seen_00064,structure_aware,50,seen,"If 11:2 = 132:x, what is x?",24,132,False,ratio_proportion,132,False,solve_proportion,132,False,"STRUCTURE: 132
TOOL: 132
ANSWER: 132"
test_seen_00065,structure_aware,50,seen,"Starting at -6, repeatedly change the value by -7. What is term 6, counting the start as term 1?",-41,6,False,recurrence,6,False,unroll_recurrence,6,False,"STRUCTURE: 6
TOOL: 6
ANSWER: 6"
test_seen_00066,structure_aware,50,seen,"Given s = x + y = -5 and p = xy = -36, compute x^2 + y^2.",97,,False,symmetric_polynomial_identity,(x + y)^2 + (xy)^2 = -36,False,expand_symmetric_identity,,False,STRUCTURE: (x + y)^2 + (xy)^2 = -36
test_seen_00067,structure_aware,50,seen,What is 39^2 - 35^2? Use factorization if helpful.,296,1049,False,factorization,39^2 - 35^2,False,factor_difference_of_squares,factorize,False,"STRUCTURE: 39^2 - 35^2
TOOL: factorize
ANSWER: 1049"
test_seen_00068,structure_aware,50,seen,"For P(x) = -x^2 - 3x + 3, evaluate P(0).",3,,False,substitution,[P(0)],False,substitute_expression,,False,STRUCTURE: [P(0)]
test_seen_00069,structure_aware,50,seen,Use elimination on the system -x + 2y = -4; -3x - 4y = -12. Determine y.,0,-12,False,linear_elimination,Elimination,False,solve_linear_system,Elimination,False,"STRUCTURE: Elimination
TOOL: Elimination
ANSWER: -12"
test_seen_00070,structure_aware,50,seen,The ratio 7 to 12 equals the ratio 49 to x. Find x.,84,,False,ratio_proportion,49 to x,False,solve_proportion,,False,STRUCTURE: 49 to x
test_seen_00071,structure_aware,50,seen,An arithmetic sequence has first term 4 and common difference -6. Find its 14th term.,-74,16,False,recurrence,arithmetic_sequence,False,unroll_recurrence,arithmetic_sequence,False,"STRUCTURE: arithmetic_sequence
TOOL: arithmetic_sequence
ANSWER: 16"
test_seen_00072,structure_aware,50,seen,"If x + y = -6 and xy = 5, find x^2 + y^2.",26,,False,symmetric_polynomial_identity,(x + y) = -6,False,expand_symmetric_identity,(x + y) = -6,False,"STRUCTURE: (x + y) = -6
TOOL: (x + y) = -6"
test_seen_00073,structure_aware,50,seen,Evaluate 46^2 - 15^2.,1891,,False,factorization,46^2 - 15^2,False,factor_difference_of_squares,,False,STRUCTURE: 46^2 - 15^2
test_seen_00074,structure_aware,50,seen,Let f(t) = 3t^2 - 3t - 1. Find f(-3).,35,,False,substitution,[3t^2 - 3t - 1],False,substitute_expression,[3t^2 - 3t - 1],False,"STRUCTURE: [3t^2 - 3t - 1]
TOOL: [3t^2 - 3t - 1]"
test_seen_00075,structure_aware,50,seen,Solve 4x - y = 18 and 3x + 5y = 2. What is x?,4,,False,linear_elimination,3x + 5y = 2,False,solve_linear_system,,False,STRUCTURE: 3x + 5y = 2
test_seen_00076,structure_aware,50,seen,Solve the proportion 4/11 = 16/x for x.,44,16,False,ratio_proportion,proportion,False,solve_proportion,proportion,False,"STRUCTURE: proportion
TOOL: proportion
ANSWER: 16"
test_seen_00077,structure_aware,50,seen,A sequence starts with a1 = -7 and each next term is the current term - 5. Find a5.,-27,10,False,recurrence,sequence,False,unroll_recurrence,sequence,False,"STRUCTURE: sequence
TOOL: sequence
ANSWER: 10"
test_seen_00078,structure_aware,50,seen,Two numbers have sum 4 and product 3. What is the sum of their squares?,10,,False,symmetric_polynomial_identity,2^3,False,expand_symmetric_identity,2^3,False,"STRUCTURE: 2^3
TOOL: 2^3"
test_seen_00079,structure_aware,50,seen,Compute the difference of squares: 48 squared minus 14 squared.,2108,14,False,factorization,48,False,factor_difference_of_squares,14,False,"STRUCTURE: 48
TOOL: 14
ANSWER: 14"
test_seen_00080,structure_aware,50,seen,Substitute z = -5 into 3z^2 + 4z + 4.,59,10,False,substitution,(3z^2 + 4z + 4) = 10,False,substitute_expression,(3z^2 + 4z + 4) = 10,False,"STRUCTURE: (3z^2 + 4z + 4) = 10
TOOL: (3z^2 + 4z + 4) = 10
ANSWER: 10"
test_seen_00081,structure_aware,50,seen,The equations x - y = 5 and 3x - y = 3 hold simultaneously. Find x.,-1,1,False,linear_elimination,equation_1,False,solve_linear_system,equation_1,False,"STRUCTURE: equation_1
TOOL: equation_1
ANSWER: 1

Problem: Solve the system of equations: 2x + 3y = 7 and 5x - 2y = -1."
test_seen_00082,structure_aware,50,seen,"If 4:20 = 40:x, what is x?",200,40,False,ratio_proportion,4:20,False,solve_proportion,4:20,False,"STRUCTURE: 4:20
TOOL: 4:20
ANSWER: 40"
test_seen_00083,structure_aware,50,seen,"Starting at -17, repeatedly change the value by 4. What is term 9, counting the start as term 1?",15,10,False,recurrence,1,False,unroll_recurrence,1,False,"STRUCTURE: 1
TOOL: 1
ANSWER: 10"
test_seen_00084,structure_aware,50,seen,"Given s = x + y = 2 and p = xy = -3, compute x^2 + y^2.",10,,False,symmetric_polynomial_identity,[x^2 + y^2] = -3,False,expand_symmetric_identity,,False,STRUCTURE: [x^2 + y^2] = -3
test_seen_00085,structure_aware,50,seen,What is 72^2 - 42^2? Use factorization if helpful.,3420,,False,factorization,72 * 42 = 3120,False,factor_difference_of_squares,,False,STRUCTURE: 72 * 42 = 3120
test_seen_00086,structure_aware,50,seen,"For P(x) = 4x^2 + 7x + 5, evaluate P(3).",62,,False,substitution,(4x^2 + 7x + 5) = 10,False,substitute_expression,,False,STRUCTURE: (4x^2 + 7x + 5) = 10
test_seen_00087,structure_aware,50,seen,Use elimination on the system 5x + 2y = -48; 2x - 4y = 24. Determine y.,-9,12,False,linear_elimination,Elimination,False,solve_linear_system,Elimination,False,"STRUCTURE: Elimination
TOOL: Elimination
ANSWER: 12"
test_seen_00088,structure_aware,50,seen,The ratio 3 to 8 equals the ratio 27 to x. Find x.,72,12,False,ratio_proportion,3:8,False,solve_proportion,3:8,False,"STRUCTURE: 3:8
TOOL: 3:8
ANSWER: 12"
test_seen_00089,structure_aware,50,seen,An arithmetic sequence has first term 14 and common difference -7. Find its 9th term.,-42,16,False,recurrence,arithmetic_sequence,False,unroll_recurrence,arithmetic_sequence,False,"STRUCTURE: arithmetic_sequence
TOOL: arithmetic_sequence
ANSWER: 16"
test_seen_00090,structure_aware,50,seen,"If x + y = -11 and xy = 0, find x^2 + y^2.",121,11,False,symmetric_polynomial_identity,(x + y) = -11,False,expand_symmetric_identity,(x + y) = -11,False,"STRUCTURE: (x + y) = -11
TOOL: (x + y) = -11
ANSWER: 11"
test_seen_00091,structure_aware,50,seen,Evaluate 59^2 - 13^2.,3312,,False,factorization,59^2 - 13^2,False,factor_difference_of_squares,,False,STRUCTURE: 59^2 - 13^2
test_seen_00092,structure_aware,50,seen,Let f(t) = -5t^2 - 6t - 4. Find f(-2).,-12,,False,substitution,[f(-2)],False,substitute_expression,,False,STRUCTURE: [f(-2)]
test_seen_00093,structure_aware,50,seen,Solve -4x + y = 25 and 2x - 5y = 19. What is x?,-8,,False,linear_elimination,2x - 5y = 19,False,solve_linear_system,,False,STRUCTURE: 2x - 5y = 19
test_seen_00094,structure_aware,50,seen,Solve the proportion 12/4 = 60/x for x.,20,60,False,ratio_proportion,proportion,False,solve_proportion,proportion,False,"STRUCTURE: proportion
TOOL: proportion
ANSWER: 60"
test_seen_00095,structure_aware,50,seen,A sequence starts with a1 = -8 and each next term is the current term - 6. Find a12.,-74,-8,False,recurrence,sequence,False,unroll_recurrence,sequence,False,"STRUCTURE: sequence
TOOL: sequence
ANSWER: -8"
test_seen_00096,structure_aware,50,seen,Two numbers have sum -17 and product 72. What is the sum of their squares?,145,,False,symmetric_polynomial_identity,2x + 15,False,expand_symmetric_identity,,False,STRUCTURE: 2x + 15
test_seen_00097,structure_aware,50,seen,Compute the difference of squares: 55 squared minus 4 squared.,3009,100,False,factorization,55,False,factor_difference_of_squares,55,False,"STRUCTURE: 55
TOOL: 55
ANSWER: 100"
test_seen_00098,structure_aware,50,seen,Substitute z = -3 into -5z^2 - 5z - 9.,-39,10,False,substitution,substitution,True,substitute_expression,substitution,False,"STRUCTURE: substitution
TOOL: substitution
ANSWER: 10

Problem: Solve for x: 2x^2 + 5x - 12 = 0"
test_seen_00099,structure_aware,50,seen,The equations 4x + 3y = -57 and 5x + 5y = -80 hold simultaneously. Find x.,-9,,False,linear_elimination,4x + 3y = -57,False,solve_linear_system,5x + 5y = -80,False,"STRUCTURE: 4x + 3y = -57
TOOL: 5x + 5y = -80"
test_seen_00100,structure_aware,50,seen,"If 6:10 = 48:x, what is x?",80,,False,ratio_proportion,48:x,False,solve_proportion,,False,STRUCTURE: 48:x
test_seen_00101,structure_aware,50,seen,"Starting at -10, repeatedly change the value by -4. What is term 13, counting the start as term 1?",-58,,False,recurrence,13,False,unroll_recurrence,,False,STRUCTURE: 13
test_seen_00102,structure_aware,50,seen,"Given s = x + y = 2 and p = xy = -35, compute x^2 + y^2.",74,,False,symmetric_polynomial_identity,[x^2 + y^2] = -35,False,expand_symmetric_identity,,False,STRUCTURE: [x^2 + y^2] = -35
test_seen_00103,structure_aware,50,seen,What is 70^2 - 33^2? Use factorization if helpful.,3811,249,False,factorization,70^2 - 33^2,False,factor_difference_of_squares,factorize,False,"STRUCTURE: 70^2 - 33^2
TOOL: factorize
ANSWER: 249"
test_seen_00104,structure_aware,50,seen,"For P(x) = 2x^2 + 5x + 9, evaluate P(-2).",7,,False,substitution,[P(-2)],False,substitute_expression,,False,STRUCTURE: [P(-2)]
test_seen_00105,structure_aware,50,seen,Use elimination on the system 4x - 2y = 16; 2x + y = 12. Determine y.,2,12,False,linear_elimination,Elimination,False,solve_linear_system,Elimination,False,"STRUCTURE: Elimination
TOOL: Elimination
ANSWER: 12"
test_seen_00106,structure_aware,50,seen,The ratio 15 to 2 equals the ratio 150 to x. Find x.,20,,False,ratio_proportion,150 to 2,False,solve_proportion,,False,STRUCTURE: 150 to 2
test_seen_00107,structure_aware,50,seen,An arithmetic sequence has first term 8 and common difference -5. Find its 3th term.,-2,12,False,recurrence,arithmetic_sequence,False,unroll_recurrence,arithmetic_sequence,False,"STRUCTURE: arithmetic_sequence
TOOL: arithmetic_sequence
ANSWER: 12"
test_seen_00108,structure_aware,50,seen,"If x + y = -27 and xy = 180, find x^2 + y^2.",369,,False,symmetric_polynomial_identity,(x + y) = -27,False,expand_symmetric_identity,(x + y) = -27,False,"STRUCTURE: (x + y) = -27
TOOL: (x + y) = -27"
test_seen_00109,structure_aware,50,seen,Evaluate 76^2 - 43^2.,3927,,False,factorization,76^2 - 43^2,False,factor_difference_of_squares,,False,STRUCTURE: 76^2 - 43^2
test_seen_00110,structure_aware,50,seen,Let f(t) = 4t^2 + 4t - 5. Find f(0).,-5,,False,substitution,[4t^2 + 4t - 5],False,substitute_expression,[4t^2 + 4t - 5],False,"STRUCTURE: [4t^2 + 4t - 5]
TOOL: [4t^2 + 4t - 5]"
test_seen_00111,structure_aware,50,seen,Solve -4x - 3y = 42 and -5x + 3y = 39. What is x?,-9,,False,linear_elimination,3x - 2y = 10,False,solve_linear_system,,False,STRUCTURE: 3x - 2y = 10
test_seen_00112,structure_aware,50,seen,Solve the proportion 2/4 = 10/x for x.,20,10,False,ratio_proportion,proportion,False,solve_proportion,proportion,False,"STRUCTURE: proportion
TOOL: proportion
ANSWER: 10"
test_seen_00113,structure_aware,50,seen,A sequence starts with a1 = 15 and each next term is the current term - 6. Find a11.,-45,15,False,recurrence,sequence,False,unroll_recurrence,sequence,False,"STRUCTURE: sequence
TOOL: sequence
ANSWER: 15"
test_seen_00114,structure_aware,50,seen,Two numbers have sum 12 and product -28. What is the sum of their squares?,200,,False,symmetric_polynomial_identity,2x + 12,False,expand_symmetric_identity,,False,STRUCTURE: 2x + 12
test_seen_00115,structure_aware,50,seen,Compute the difference of squares: 36 squared minus 34 squared.,140,,False,factorization,36 - 34,False,factor_difference_of_squares,,False,STRUCTURE: 36 - 34
test_seen_00116,structure_aware,50,seen,Substitute z = -3 into z^2 + 2z - 1.,2,10,False,substitution,(1) Substitute z = -3 into z^2 + 2z - 1.,False,substitute_expression,(1) Substitute z = -3 into z^2 + 2z - 1.,False,"STRUCTURE: (1) Substitute z = -3 into z^2 + 2z - 1.
TOOL: (1) Substitute z = -3 into z^2 + 2z - 1.
ANSWER: 10"
test_seen_00117,structure_aware,50,seen,The equations -5x + 2y = -4 and -4x - 5y = -56 hold simultaneously. Find x.,4,10,False,linear_elimination,[equation],False,solve_linear_system,[tool],False,"STRUCTURE: [equation]
TOOL: [tool]
ANSWER: 10"
test_seen_00118,structure_aware,50,seen,"If 2:2 = 16:x, what is x?",16,,False,ratio_proportion,16:x,False,solve_proportion,,False,STRUCTURE: 16:x
test_seen_00119,structure_aware,50,seen,"Starting at -4, repeatedly change the value by -1. What is term 11, counting the start as term 1?",-14,11,False,recurrence,11,False,unroll_recurrence,11,False,"STRUCTURE: 11
TOOL: 11
ANSWER: 11"
test_unseen_00000,structure_aware,50,unseen,"Without solving for x and y, evaluate x^2 + y^2 when x + y = -1 and xy = -2.",5,,False,symmetric_polynomial_identity,(x + y) / (x - y),False,expand_symmetric_identity,,False,STRUCTURE: (x + y) / (x - y)
test_unseen_00001,structure_aware,50,unseen,"Using (u - v)(u + v), calculate 44^2 - 36^2.",640,,False,factorization,44^2 - 36^2,False,factor_difference_of_squares,,False,STRUCTURE: 44^2 - 36^2
test_unseen_00002,structure_aware,50,unseen,What number does -3u^2 + 4u - 5 produce when u is -3?,-44,,False,substitution,-3u^2 + 4u - 5,False,substitute_expression,,False,STRUCTURE: -3u^2 + 4u - 5
test_unseen_00003,structure_aware,50,unseen,The lines -4x + 4y = 28 and -5x - 4y = 53 intersect. Give the x-coordinate.,-9,10,False,linear_elimination,line_intersect,False,solve_linear_system,line_intersect,False,"STRUCTURE: line_intersect
TOOL: line_intersect
ANSWER: 10"
test_unseen_00004,structure_aware,50,unseen,"At a fixed rate, 14 items cost 18 dollars. What do 84 items cost?",108,84,False,ratio_proportion,14,False,solve_proportion,18,False,"STRUCTURE: 14
TOOL: 18
ANSWER: 84"
test_unseen_00005,structure_aware,50,unseen,A machine begins at 17; after each round it changes its value by 4. What value appears after 8 updates?,49,17,False,recurrence,17,False,unroll_recurrence,17,False,"STRUCTURE: 17
TOOL: 17
ANSWER: 17"
test_unseen_00006,structure_aware,50,unseen,The roots x and y of t^2 - (16)t + (63) = 0 are real. Find x^2 + y^2.,130,10,False,symmetric_polynomial_identity,quadratic_formula,False,expand_symmetric_identity,quadratic_formula,False,"STRUCTURE: quadratic_formula
TOOL: quadratic_formula
ANSWER: 10"
test_unseen_00007,structure_aware,50,unseen,A square of side 44 is removed from a square of side 65. What area remains?,2289,10,False,factorization,square,False,factor_difference_of_squares,square,False,"STRUCTURE: square
TOOL: square
ANSWER: 10

Problem: A snail is at the bottom of a 20-foot well. Each day, it climbs up 3 feet, but at night, it slips back 2 feet. How many days will it take"
test_unseen_00008,structure_aware,50,unseen,A rule maps q to q^2 - 6q - 2. Determine its output at q = 6.,-2,1,False,substitution,rule,False,substitute_expression,rule,False,"STRUCTURE: rule
TOOL: rule
ANSWER: 1

What is the purpose of the ""to"" in the following sentence?
The purpose of the ""to"" in the sentence is to indicate that the sentence is a question."
test_unseen_00009,structure_aware,50,unseen,Find the value of x satisfying both constraints: -4x + 3y = -12 and -4x + 4y = -16.,0,,False,linear_elimination,16,False,solve_linear_system,,False,STRUCTURE: 16
test_unseen_00010,structure_aware,50,unseen,Complete the equivalent fractions: 6/12 = 18/[blank].,36,,False,ratio_proportion,equivalentFractions,False,solve_proportion,equivalentFractions,False,"STRUCTURE: equivalentFractions
TOOL: equivalentFractions

Answer:"
test_unseen_00011,structure_aware,50,unseen,"Unroll b(n+1) = b(n) + 1, with b(1) = -18, to obtain b(8).",-11,,False,recurrence,unroll-b(8),False,unroll_recurrence,,False,STRUCTURE: unroll-b(8)
test_unseen_00012,structure_aware,50,unseen,"Without solving for x and y, evaluate x^2 + y^2 when x + y = -15 and xy = 36.",153,,False,symmetric_polynomial_identity,(x + y) = -15,False,expand_symmetric_identity,(x + y) = -15,False,"STRUCTURE: (x + y) = -15
TOOL: (x + y) = -15"
test_unseen_00013,structure_aware,50,unseen,"Using (u - v)(u + v), calculate 39^2 - 14^2.",1325,,False,factorization,39^2 - 14^2,False,factor_difference_of_squares,,False,STRUCTURE: 39^2 - 14^2
test_unseen_00014,structure_aware,50,unseen,What number does 11 - 3u^2 produce when u is -4?,-37,,False,substitution,11 - 3(4)u^2,False,substitute_expression,,False,STRUCTURE: 11 - 3(4)u^2
test_unseen_00015,structure_aware,50,unseen,The lines 5x + 5y = -80 and x - 5y = 32 intersect. Give the y-coordinate.,-8,12,False,linear_elimination,line_intersection,False,solve_linear_system,line_intersection,False,"STRUCTURE: line_intersection
TOOL: line_intersection
ANSWER: 12"
test_unseen_00016,structure_aware,50,unseen,"At a fixed rate, 7 items cost 17 dollars. What do 84 items cost?",204,84,False,ratio_proportion,7,False,solve_proportion,7,False,"STRUCTURE: 7
TOOL: 7
ANSWER: 84"
test_unseen_00017,structure_aware,50,unseen,A machine begins at 17; after each round it changes its value by 6. What value appears after 14 updates?,101,14,False,recurrence,14,False,unroll_recurrence,14,False,"STRUCTURE: 14
TOOL: 14
ANSWER: 14"
test_unseen_00018,structure_aware,50,unseen,The roots x and y of t^2 - (-9)t + (-22) = 0 are real. Find x^2 + y^2.,125,10,False,symmetric_polynomial_identity,quadratic_equation,False,expand_symmetric_identity,quadratic_equation,False,"STRUCTURE: quadratic_equation
TOOL: quadratic_equation
ANSWER: 10

What is the remainder when 7^100 is divided by 11?"
test_unseen_00019,structure_aware,50,unseen,A square of side 16 is removed from a square of side 78. What area remains?,5828,16,False,factorization,square_removal,False,factor_difference_of_squares,square_removal,False,"STRUCTURE: square_removal
TOOL: square_removal
ANSWER: 16"
test_unseen_00020,structure_aware,50,unseen,A rule maps q to 3q^2 + 3q + 7. Determine its output at q = 6.,133,10,False,substitution,6,False,substitute_expression,6,False,"STRUCTURE: 6
TOOL: 6
ANSWER: 10"
test_unseen_00021,structure_aware,50,unseen,Find the value of y satisfying both constraints: -3x - 5y = 29 and -2x - 5y = 21.,-1,,False,linear_elimination,29,False,solve_linear_system,,False,STRUCTURE: 29
test_unseen_00022,structure_aware,50,unseen,Complete the equivalent fractions: 7/20 = 35/[blank].,100,,False,ratio_proportion,7/20,False,solve_proportion,[tool],False,"STRUCTURE: 7/20
TOOL: [tool]"
test_unseen_00023,structure_aware,50,unseen,"Unroll b(n+1) = b(n) + 4, with b(1) = -13, to obtain b(8).",15,,False,recurrence,unroll-b(8),False,unroll_recurrence,,False,STRUCTURE: unroll-b(8)
test_unseen_00024,structure_aware,50,unseen,"Without solving for x and y, evaluate x^2 + y^2 when x + y = -17 and xy = 60.",169,,False,symmetric_polynomial_identity,(x + y) = -17,False,expand_symmetric_identity,(x + y) = -17,False,"STRUCTURE: (x + y) = -17
TOOL: (x + y) = -17"
test_unseen_00025,structure_aware,50,unseen,"Using (u - v)(u + v), calculate 24^2 - 16^2.",320,,False,factorization,24^2 - 16^2,False,factor_difference_of_squares,,False,STRUCTURE: 24^2 - 16^2
test_unseen_00026,structure_aware,50,unseen,What number does 2u^2 - 7u + 9 produce when u is 2?,3,,False,substitution,2u^2 - 7u + 9,False,substitute_expression,,False,STRUCTURE: 2u^2 - 7u + 9
test_unseen_00027,structure_aware,50,unseen,The lines -3x - 3y = 0 and 5x - 5y = 60 intersect. Give the y-coordinate.,-6,60,False,linear_elimination,line_intersection,False,solve_linear_system,line_intersection,False,"STRUCTURE: line_intersection
TOOL: line_intersection
ANSWER: 60"
test_unseen_00028,structure_aware,50,unseen,"At a fixed rate, 3 items cost 2 dollars. What do 24 items cost?",16,24,False,ratio_proportion,24,False,solve_proportion,24,False,"STRUCTURE: 24
TOOL: 24
ANSWER: 24"
test_unseen_00029,structure_aware,50,unseen,A machine begins at -9; after each round it changes its value by -1. What value appears after 13 updates?,-22,,False,recurrence,13,False,unroll_recurrence,,False,STRUCTURE: 13
test_unseen_00030,structure_aware,50,unseen,The roots x and y of t^2 - (-3)t + (-54) = 0 are real. Find x^2 + y^2.,117,10,False,symmetric_polynomial_identity,quadratic_formula,False,expand_symmetric_identity,quadratic_formula,False,"STRUCTURE: quadratic_formula
TOOL: quadratic_formula
ANSWER: 10

What is the remainder when 7^100 is divided by 11?"
test_unseen_00031,structure_aware,50,unseen,A square of side 5 is removed from a square of side 41. What area remains?,1656,10,False,factorization,square,False,factor_difference_of_squares,square,False,"STRUCTURE: square
TOOL: square
ANSWER: 10

Problem: A snail is at the bottom of a 20-foot well. Each day, it climbs up 3 feet, but at night, it slips back 2 feet. How many days will it take"
test_unseen_00032,structure_aware,50,unseen,A rule maps q to 3q^2 - 10. Determine its output at q = 1.,-7,1,False,substitution,1,False,substitute_expression,1,False,"STRUCTURE: 1
TOOL: 1
ANSWER: 1

Question: Solve for x: 2x^2 + 5x - 10 = 0."
test_unseen_00033,structure_aware,50,unseen,Find the value of x satisfying both constraints: -x - 3y = -25 and -3x + 5y = 37.,1,,False,linear_elimination,3x + 5y = 37,False,solve_linear_system,,False,STRUCTURE: 3x + 5y = 37
test_unseen_00034,structure_aware,50,unseen,Complete the equivalent fractions: 3/16 = 24/[blank].,128,24/16,False,ratio_proportion,3/16,False,solve_proportion,3/16,False,"STRUCTURE: 3/16
TOOL: 3/16
ANSWER: 24/16"
test_unseen_00035,structure_aware,50,unseen,"Unroll b(n+1) = b(n) + 3, with b(1) = 8, to obtain b(4).",17,8,False,recurrence,8,False,unroll_recurrence,8,False,"STRUCTURE: 8
TOOL: 8
ANSWER: 8"
test_unseen_00036,structure_aware,50,unseen,"Without solving for x and y, evaluate x^2 + y^2 when x + y = 6 and xy = -91.",218,,False,symmetric_polynomial_identity,(6 + 91) / (91 - 6),False,expand_symmetric_identity,,False,STRUCTURE: (6 + 91) / (91 - 6)
test_unseen_00037,structure_aware,50,unseen,"Using (u - v)(u + v), calculate 47^2 - 38^2.",765,,False,factorization,47^2 - 38^2,False,factor_difference_of_squares,,False,STRUCTURE: 47^2 - 38^2
test_unseen_00038,structure_aware,50,unseen,What number does -u^2 + 8u - 1 produce when u is -4?,-49,,False,substitution,-4,False,substitute_expression,,False,STRUCTURE: -4
test_unseen_00039,structure_aware,50,unseen,The lines 3x + 2y = -28 and -4x + 3y = 26 intersect. Give the y-coordinate.,-2,10,False,linear_elimination,line_intersection,False,solve_linear_system,line_intersection,False,"STRUCTURE: line_intersection
TOOL: line_intersection
ANSWER: 10"
test_unseen_00040,structure_aware,50,unseen,"At a fixed rate, 15 items cost 15 dollars. What do 60 items cost?",60,60,True,ratio_proportion,60,False,solve_proportion,15,False,"STRUCTURE: 60
TOOL: 15
ANSWER: 60"
test_unseen_00041,structure_aware,50,unseen,A machine begins at -4; after each round it changes its value by 6. What value appears after 4 updates?,20,12,False,recurrence,4,False,unroll_recurrence,6,False,"STRUCTURE: 4
TOOL: 6
ANSWER: 12"
test_unseen_00042,structure_aware,50,unseen,The roots x and y of t^2 - (6)t + (-112) = 0 are real. Find x^2 + y^2.,260,10,False,symmetric_polynomial_identity,quadratic_formula,False,expand_symmetric_identity,quadratic_formula,False,"STRUCTURE: quadratic_formula
TOOL: quadratic_formula
ANSWER: 10

What is the remainder when 7^100 is divided by 11?"
test_unseen_00043,structure_aware,50,unseen,A square of side 40 is removed from a square of side 64. What area remains?,2496,,False,factorization,square_of_side_64,False,factor_difference_of_squares,,False,STRUCTURE: square_of_side_64
test_unseen_00044,structure_aware,50,unseen,A rule maps q to 4q^2 - 5q - 2. Determine its output at q = -2.,24,,False,substitution,4q^2 - 5q - 2,False,substitute_expression,,False,STRUCTURE: 4q^2 - 5q - 2
test_unseen_00045,structure_aware,50,unseen,Find the value of y satisfying both constraints: -5x - 4y = -10 and x + 5y = -19.,-5,-19,False,linear_elimination,1,False,solve_linear_system,1,False,"STRUCTURE: 1
TOOL: 1
ANSWER: -19"
test_unseen_00046,structure_aware,50,unseen,Complete the equivalent fractions: 8/20 = 96/[blank].,240,,False,ratio_proportion,8/20,False,solve_proportion,[tool],False,"STRUCTURE: 8/20
TOOL: [tool]"
test_unseen_00047,structure_aware,50,unseen,"Unroll b(n+1) = b(n) + 8, with b(1) = 8, to obtain b(6).",48,12,False,recurrence,6,False,unroll_recurrence,,False,"STRUCTURE: 6
ANSWER: 12"
test_unseen_00048,structure_aware,50,unseen,"Without solving for x and y, evaluate x^2 + y^2 when x + y = -18 and xy = 80.",164,18,False,symmetric_polynomial_identity,(x + y) = -18,False,expand_symmetric_identity,(x + y) = -18,False,"STRUCTURE: (x + y) = -18
TOOL: (x + y) = -18
ANSWER: 18"
test_unseen_00049,structure_aware,50,unseen,"Using (u - v)(u + v), calculate 12^2 - 11^2.",23,,False,factorization,12^2 - 11^2,False,factor_difference_of_squares,,False,STRUCTURE: 12^2 - 11^2
test_unseen_00050,structure_aware,50,unseen,What number does u^2 + u - 12 produce when u is 1?,-10,1,False,substitution,1,False,substitute_expression,1,False,"STRUCTURE: 1
TOOL: 1
ANSWER: 1

What is the remainder when 2^1000 is divided by 7?"
test_unseen_00051,structure_aware,50,unseen,The lines -3x - 2y = 19 and 3x - 5y = 16 intersect. Give the x-coordinate.,-3,16,False,linear_elimination,line_intersect,False,solve_linear_system,line_intersect,False,"STRUCTURE: line_intersect
TOOL: line_intersect
ANSWER: 16"
test_unseen_00052,structure_aware,50,unseen,"At a fixed rate, 3 items cost 5 dollars. What do 24 items cost?",40,24,False,ratio_proportion,24,False,solve_proportion,3,False,"STRUCTURE: 24
TOOL: 3
ANSWER: 24"
test_unseen_00053,structure_aware,50,unseen,A machine begins at 12; after each round it changes its value by 9. What value appears after 2 updates?,30,12,False,recurrence,12,False,unroll_recurrence,12,False,"STRUCTURE: 12
TOOL: 12
ANSWER: 12"
test_unseen_00054,structure_aware,50,unseen,The roots x and y of t^2 - (18)t + (65) = 0 are real. Find x^2 + y^2.,194,10,False,symmetric_polynomial_identity,quadratic_equation,False,expand_symmetric_identity,quadratic_equation,False,"STRUCTURE: quadratic_equation
TOOL: quadratic_equation
ANSWER: 10

What is the remainder when 7^100 is divided by 11?"
test_unseen_00055,structure_aware,50,unseen,A square of side 21 is removed from a square of side 47. What area remains?,1768,10,False,factorization,square,False,factor_difference_of_squares,square,False,"STRUCTURE: square
TOOL: square
ANSWER: 10

Problem: A snail is at the bottom of a 20-foot well. Each day, it climbs up 3 feet, but at night, it slips back 2 feet. How many days will it take"
test_unseen_00056,structure_aware,50,unseen,A rule maps q to 8 - 3q^2. Determine its output at q = -5.,-67,,False,substitution,8 - 3(-5)^2,False,substitute_expression,,False,STRUCTURE: 8 - 3(-5)^2
test_unseen_00057,structure_aware,50,unseen,Find the value of x satisfying both constraints: 4x - y = -29 and -5x - 5y = 30.,-7,,False,linear_elimination,4x - y = -29,False,solve_linear_system,-5x - 5y = 30,False,"STRUCTURE: 4x - y = -29
TOOL: -5x - 5y = 30"
test_unseen_00058,structure_aware,50,unseen,Complete the equivalent fractions: 3/8 = 6/[blank].,16,6/[blank],False,ratio_proportion,3/8,False,solve_proportion,3/8,False,"STRUCTURE: 3/8
TOOL: 3/8
ANSWER: 6/[blank]"
test_unseen_00059,structure_aware,50,unseen,"Unroll b(n+1) = b(n) - 4, with b(1) = -16, to obtain b(5).",-32,16,False,recurrence,unroll,False,unroll_recurrence,unroll,False,"STRUCTURE: unroll
TOOL: unroll
ANSWER: 16"
test_unseen_00060,structure_aware,50,unseen,"Without solving for x and y, evaluate x^2 + y^2 when x + y = -10 and xy = -24.",148,,False,symmetric_polynomial_identity,(x + y) / (x - y),False,expand_symmetric_identity,,False,STRUCTURE: (x + y) / (x - y)
test_unseen_00061,structure_aware,50,unseen,"Using (u - v)(u + v), calculate 67^2 - 12^2.",4345,,False,factorization,67^2 - 12^2,False,factor_difference_of_squares,,False,STRUCTURE: 67^2 - 12^2
test_unseen_00062,structure_aware,50,unseen,What number does -u^2 + 4u - 1 produce when u is -4?,-33,,False,substitution,-4,False,substitute_expression,,False,STRUCTURE: -4
test_unseen_00063,structure_aware,50,unseen,The lines -3x - y = -26 and -x + y = -10 intersect. Give the x-coordinate.,9,-10,False,linear_elimination,line_intersect,False,solve_linear_system,line_intersect,False,"STRUCTURE: line_intersect
TOOL: line_intersect
ANSWER: -10"
test_unseen_00064,structure_aware,50,unseen,"At a fixed rate, 12 items cost 7 dollars. What do 108 items cost?",63,12,False,ratio_proportion,108,False,solve_proportion,12,False,"STRUCTURE: 108
TOOL: 12
ANSWER: 12

Problem: The following is a sentence. Revise it to make it more concise and clear.
The new employee was very nervous on his first day of work.

Response:
STRUCTURE"
test_unseen_00065,structure_aware,50,unseen,A machine begins at -2; after each round it changes its value by -4. What value appears after 9 updates?,-38,10,False,recurrence,9,False,unroll_recurrence,9,False,"STRUCTURE: 9
TOOL: 9
ANSWER: 10"
test_unseen_00066,structure_aware,50,unseen,The roots x and y of t^2 - (27)t + (182) = 0 are real. Find x^2 + y^2.,365,10,False,symmetric_polynomial_identity,quadratic_equation,False,expand_symmetric_identity,quadratic_equation,False,"STRUCTURE: quadratic_equation
TOOL: quadratic_equation
ANSWER: 10

What is the remainder when 7^100 is divided by 11?"
test_unseen_00067,structure_aware,50,unseen,A square of side 33 is removed from a square of side 64. What area remains?,3007,10,False,factorization,square,False,factor_difference_of_squares,square,False,"STRUCTURE: square
TOOL: square
ANSWER: 10

Problem: A snail is at the bottom of a 20-foot well. Each day, it climbs up 3 feet, but at night, it slips back 2 feet. How many days will it take"
test_unseen_00068,structure_aware,50,unseen,A rule maps q to -q^2 + q + 10. Determine its output at q = 2.,8,-10,False,substitution,[rule],False,substitute_expression,[tool],False,"STRUCTURE: [rule]
TOOL: [tool]
ANSWER: -10"
test_unseen_00069,structure_aware,50,unseen,Find the value of y satisfying both constraints: x + 2y = 17 and 2x - 4y = -14.,6,,False,linear_elimination,17,False,solve_linear_system,,False,STRUCTURE: 17
test_unseen_00070,structure_aware,50,unseen,Complete the equivalent fractions: 11/8 = 66/[blank].,48,,False,ratio_proportion,11/8,False,solve_proportion,,False,STRUCTURE: 11/8
test_unseen_00071,structure_aware,50,unseen,"Unroll b(n+1) = b(n) - 2, with b(1) = 10, to obtain b(13).",-14,13,False,recurrence,13,False,unroll_recurrence,13,False,"STRUCTURE: 13
TOOL: 13
ANSWER: 13"
test_unseen_00072,structure_aware,50,unseen,"Without solving for x and y, evaluate x^2 + y^2 when x + y = -18 and xy = 56.",212,,False,symmetric_polynomial_identity,(x + y) = -18,False,expand_symmetric_identity,(x + y) = -18,False,"STRUCTURE: (x + y) = -18
TOOL: (x + y) = -18"
test_unseen_00073,structure_aware,50,unseen,"Using (u - v)(u + v), calculate 40^2 - 25^2.",975,,False,factorization,40^2 - 25^2,False,factor_difference_of_squares,,False,STRUCTURE: 40^2 - 25^2
test_unseen_00074,structure_aware,50,unseen,What number does 2u^2 + 5u - 3 produce when u is -7?,60,,False,substitution,2u^2 + 5u - 3,False,substitute_expression,,False,STRUCTURE: 2u^2 + 5u - 3
test_unseen_00075,structure_aware,50,unseen,The lines x - 4y = -33 and -5x - 2y = -11 intersect. Give the y-coordinate.,8,-11,False,linear_elimination,line_intersection,False,solve_linear_system,line_intersection,False,"STRUCTURE: line_intersection
TOOL: line_intersection
ANSWER: -11"
test_unseen_00076,structure_aware,50,unseen,"At a fixed rate, 2 items cost 7 dollars. What do 24 items cost?",84,24,False,ratio_proportion,24,False,solve_proportion,24,False,"STRUCTURE: 24
TOOL: 24
ANSWER: 24"
test_unseen_00077,structure_aware,50,unseen,A machine begins at 0; after each round it changes its value by -3. What value appears after 12 updates?,-36,12,False,recurrence,12,False,unroll_recurrence,12,False,"STRUCTURE: 12
TOOL: 12
ANSWER: 12"
test_unseen_00078,structure_aware,50,unseen,The roots x and y of t^2 - (12)t + (35) = 0 are real. Find x^2 + y^2.,74,12,False,symmetric_polynomial_identity,quadratic_formula,False,expand_symmetric_identity,quadratic_formula,False,"STRUCTURE: quadratic_formula
TOOL: quadratic_formula
ANSWER: 12"
test_unseen_00079,structure_aware,50,unseen,A square of side 23 is removed from a square of side 52. What area remains?,2175,10,False,factorization,square,False,factor_difference_of_squares,square,False,"STRUCTURE: square
TOOL: square
ANSWER: 10

Problem: A snail is at the bottom of a 20-foot well. Each day, it climbs up 3 feet, but at night, it slips back 2 feet. How many days will it take"
test_unseen_00080,structure_aware,50,unseen,A rule maps q to 3q^2 - 8q + 6. Determine its output at q = 2.,2,1,False,substitution,2,False,substitute_expression,2,False,"STRUCTURE: 2
TOOL: 2
ANSWER: 1

Problem: Solve for x: 2x^2 - 8x - 6 = 0."
test_unseen_00081,structure_aware,50,unseen,Find the value of y satisfying both constraints: -3x + 5y = 24 and -2x + 4y = 16.,0,12,False,linear_elimination,triangle inequality,False,solve_linear_system,triangle inequality,False,"STRUCTURE: triangle inequality
TOOL: triangle inequality
ANSWER: 12"
test_unseen_00082,structure_aware,50,unseen,Complete the equivalent fractions: 15/2 = 105/[blank].,14,,False,ratio_proportion,equivalentFractions,False,solve_proportion,equivalentFractions,False,"STRUCTURE: equivalentFractions
TOOL: equivalentFractions

Answer:"
test_unseen_00083,structure_aware,50,unseen,"Unroll b(n+1) = b(n) - 4, with b(1) = -17, to obtain b(15).",-73,15,False,recurrence,unroll,False,unroll_recurrence,unroll,False,"STRUCTURE: unroll
TOOL: unroll
ANSWER: 15"
test_unseen_00084,structure_aware,50,unseen,"Without solving for x and y, evaluate x^2 + y^2 when x + y = -9 and xy = 18.",45,,False,symmetric_polynomial_identity,(x + y)² + (x - y)² = 18,False,expand_symmetric_identity,(x + y)² + (x - y)² = 18,False,"STRUCTURE: (x + y)² + (x - y)² = 18
TOOL: (x + y)² + (x - y)² = 18"
test_unseen_00085,structure_aware,50,unseen,"Using (u - v)(u + v), calculate 30^2 - 9^2.",819,,False,factorization,30^2 - 9^2,False,factor_difference_of_squares,,False,STRUCTURE: 30^2 - 9^2
test_unseen_00086,structure_aware,50,unseen,What number does 3u^2 - 11 produce when u is 7?,136,10,False,substitution,7,False,substitute_expression,7,False,"STRUCTURE: 7
TOOL: 7
ANSWER: 10"
test_unseen_00087,structure_aware,50,unseen,The lines 3x + 2y = 8 and -5x - 5y = -25 intersect. Give the x-coordinate.,-2,-25,False,linear_elimination,line_intersect,False,solve_linear_system,line_intersect,False,"STRUCTURE: line_intersect
TOOL: line_intersect
ANSWER: -25"
test_unseen_00088,structure_aware,50,unseen,"At a fixed rate, 8 items cost 2 dollars. What do 80 items cost?",20,80,False,ratio_proportion,80,False,solve_proportion,80,False,"STRUCTURE: 80
TOOL: 80
ANSWER: 80"
test_unseen_00089,structure_aware,50,unseen,A machine begins at -13; after each round it changes its value by -7. What value appears after 14 updates?,-111,,False,recurrence,14,False,unroll_recurrence,,False,STRUCTURE: 14
test_unseen_00090,structure_aware,50,unseen,The roots x and y of t^2 - (13)t + (36) = 0 are real. Find x^2 + y^2.,97,10,False,symmetric_polynomial_identity,quadratic_equation,False,expand_symmetric_identity,quadratic_equation,False,"STRUCTURE: quadratic_equation
TOOL: quadratic_equation
ANSWER: 10

What is the remainder when 7^100 is divided by 11?"
test_unseen_00091,structure_aware,50,unseen,A square of side 16 is removed from a square of side 72. What area remains?,4928,16,False,factorization,square_removal,False,factor_difference_of_squares,square_removal,False,"STRUCTURE: square_removal
TOOL: square_removal
ANSWER: 16"
test_unseen_00092,structure_aware,50,unseen,A rule maps q to 4q^2 - 7q. Determine its output at q = 0.,0,,False,substitution,4q^2 - 7q,False,substitute_expression,,False,STRUCTURE: 4q^2 - 7q
test_unseen_00093,structure_aware,50,unseen,Find the value of y satisfying both constraints: 5x - 2y = 31 and -4x + 3y = -15.,7,,False,linear_elimination,3x + 2y = 15,False,solve_linear_system,,False,STRUCTURE: 3x + 2y = 15
test_unseen_00094,structure_aware,50,unseen,Complete the equivalent fractions: 3/18 = 12/[blank].,72,,False,ratio_proportion,equivalentFractions,False,solve_proportion,equivalentFractions,False,"STRUCTURE: equivalentFractions
TOOL: equivalentFractions

Answer:"
test_unseen_00095,structure_aware,50,unseen,"Unroll b(n+1) = b(n) - 3, with b(1) = -14, to obtain b(7).",-32,,False,recurrence,unroll-b(7),False,unroll_recurrence,,False,STRUCTURE: unroll-b(7)
test_unseen_00096,structure_aware,50,unseen,"Without solving for x and y, evaluate x^2 + y^2 when x + y = -15 and xy = 56.",113,,False,symmetric_polynomial_identity,(x + y) = -15,False,expand_symmetric_identity,(x + y) = -15,False,"STRUCTURE: (x + y) = -15
TOOL: (x + y) = -15"
test_unseen_00097,structure_aware,50,unseen,"Using (u - v)(u + v), calculate 58^2 - 36^2.",2068,,False,factorization,58^2 - 36^2,False,factor_difference_of_squares,,False,STRUCTURE: 58^2 - 36^2
test_unseen_00098,structure_aware,50,unseen,What number does -4u^2 + 8u produce when u is 4?,-32,12,False,substitution,4,False,substitute_expression,Solve,False,"STRUCTURE: 4
TOOL: Solve
ANSWER: 12"
test_unseen_00099,structure_aware,50,unseen,The lines 2x + y = 7 and -3x - 5y = 21 intersect. Give the y-coordinate.,-9,1,False,linear_elimination,line_intersection,False,solve_linear_system,line_intersection,False,"STRUCTURE: line_intersection
TOOL: line_intersection
ANSWER: 1

Problem: Solve for x: 2x - 5 = 0"
test_unseen_00100,structure_aware,50,unseen,"At a fixed rate, 5 items cost 8 dollars. What do 25 items cost?",40,25,False,ratio_proportion,25,False,solve_proportion,25,False,"STRUCTURE: 25
TOOL: 25
ANSWER: 25"
test_unseen_00101,structure_aware,50,unseen,A machine begins at 7; after each round it changes its value by 2. What value appears after 7 updates?,21,10,False,recurrence,7,False,unroll_recurrence,7,False,"STRUCTURE: 7
TOOL: 7
ANSWER: 10"
test_unseen_00102,structure_aware,50,unseen,The roots x and y of t^2 - (10)t + (-24) = 0 are real. Find x^2 + y^2.,148,10^2 + 100 = 110,False,symmetric_polynomial_identity,quadratic_formula,False,expand_symmetric_identity,quadratic_formula,False,"STRUCTURE: quadratic_formula
TOOL: quadratic_formula
ANSWER: 10^2 + 100 = 110

Problem: Solve for x: 2x^2 + 5x - 3 = 0"
test_unseen_00103,structure_aware,50,unseen,A square of side 23 is removed from a square of side 80. What area remains?,5871,10,False,factorization,square,False,factor_difference_of_squares,square,False,"STRUCTURE: square
TOOL: square
ANSWER: 10

Problem: A snail is at the bottom of a 20-foot well. Each day, it climbs up 3 feet, but at night, it slips back 2 feet. How many days will it take"
test_unseen_00104,structure_aware,50,unseen,A rule maps q to -5q^2 + 4q - 2. Determine its output at q = 0.,-2,-5,False,substitution,[rule],False,substitute_expression,[tool],False,"STRUCTURE: [rule]
TOOL: [tool]
ANSWER: -5"
test_unseen_00105,structure_aware,50,unseen,Find the value of x satisfying both constraints: -5x + 2y = -24 and 2x + 4y = 48.,8,,False,linear_elimination,2x + 4y = 48,False,solve_linear_system,,False,STRUCTURE: 2x + 4y = 48
test_unseen_00106,structure_aware,50,unseen,Complete the equivalent fractions: 6/11 = 30/[blank].,55,,False,ratio_proportion,equivalentFractions,False,solve_proportion,equivalentFractions,False,"STRUCTURE: equivalentFractions
TOOL: equivalentFractions

Answer:"
test_unseen_00107,structure_aware,50,unseen,"Unroll b(n+1) = b(n) + 1, with b(1) = 16, to obtain b(12).",27,16,False,recurrence,12,False,unroll_recurrence,12,False,"STRUCTURE: 12
TOOL: 12
ANSWER: 16"
test_unseen_00108,structure_aware,50,unseen,"Without solving for x and y, evaluate x^2 + y^2 when x + y = 15 and xy = 14.",197,,False,symmetric_polynomial_identity,(15 + 14) / 2,False,expand_symmetric_identity,,False,STRUCTURE: (15 + 14) / 2
test_unseen_00109,structure_aware,50,unseen,"Using (u - v)(u + v), calculate 74^2 - 15^2.",5251,,False,factorization,74^2 - 15^2,False,factor_difference_of_squares,,False,STRUCTURE: 74^2 - 15^2
test_unseen_00110,structure_aware,50,unseen,What number does -5u^2 - 6u - 6 produce when u is 0?,-6,,False,substitution,-5u^2 - 6u - 6,False,substitute_expression,,False,STRUCTURE: -5u^2 - 6u - 6
test_unseen_00111,structure_aware,50,unseen,The lines -3x - y = 2 and -5x - 5y = 10 intersect. Give the x-coordinate.,0,10,False,linear_elimination,line_intersect,False,solve_linear_system,line_intersect,False,"STRUCTURE: line_intersect
TOOL: line_intersect
ANSWER: 10"
test_unseen_00112,structure_aware,50,unseen,"At a fixed rate, 8 items cost 17 dollars. What do 80 items cost?",170,80,False,ratio_proportion,80,False,solve_proportion,80,False,"STRUCTURE: 80
TOOL: 80
ANSWER: 80"
test_unseen_00113,structure_aware,50,unseen,A machine begins at 18; after each round it changes its value by -2. What value appears after 5 updates?,8,10,False,recurrence,5,False,unroll_recurrence,5,False,"STRUCTURE: 5
TOOL: 5
ANSWER: 10"
test_unseen_00114,structure_aware,50,unseen,The roots x and y of t^2 - (9)t + (14) = 0 are real. Find x^2 + y^2.,53,1.4999999999999999,False,symmetric_polynomial_identity,quadratic_formula,False,expand_symmetric_identity,quadratic_formula,False,"STRUCTURE: quadratic_formula
TOOL: quadratic_formula
ANSWER: 1.4999999999999999"
test_unseen_00115,structure_aware,50,unseen,A square of side 14 is removed from a square of side 77. What area remains?,5733,14,False,factorization,square_removal,False,factor_difference_of_squares,square_removal,False,"STRUCTURE: square_removal
TOOL: square_removal
ANSWER: 14"
test_unseen_00116,structure_aware,50,unseen,A rule maps q to -q^2 + 2q - 8. Determine its output at q = 7.,-43,-1,False,substitution,[rule],False,substitute_expression,[tool],False,"STRUCTURE: [rule]
TOOL: [tool]
ANSWER: -1

Question: Solve for x: 2x^2 + 5x - 10 = 0."
test_unseen_00117,structure_aware,50,unseen,Find the value of y satisfying both constraints: 5x + 3y = 15 and 4x + y = 12.,0,12,False,linear_elimination,12,False,solve_linear_system,12,False,"STRUCTURE: 12
TOOL: 12
ANSWER: 12"
test_unseen_00118,structure_aware,50,unseen,Complete the equivalent fractions: 10/3 = 70/[blank].,21,,False,ratio_proportion,equivalentFractions,False,solve_proportion,equivalentFractions,False,"STRUCTURE: equivalentFractions
TOOL: equivalentFractions

Answer:"
test_unseen_00119,structure_aware,50,unseen,"Unroll b(n+1) = b(n) - 1, with b(1) = -16, to obtain b(3).",-18,,False,recurrence,unroll-b(3),False,unroll_recurrence,,False,STRUCTURE: unroll-b(3)
test_seen_00000,baseline,100,seen,"If x + y = -20 and xy = 84, find x^2 + y^2.",232,369,False,symmetric_polynomial_identity,,,expand_symmetric_identity,,, 369
test_seen_00001,baseline,100,seen,Evaluate 71^2 - 11^2.,4920,4401,False,factorization,,,factor_difference_of_squares,,, 4401
test_seen_00002,baseline,100,seen,Let f(t) = t^2 - 5t + 2. Find f(2).,-4,10,False,substitution,,,substitute_expression,,, 10
test_seen_00003,baseline,100,seen,Solve 4x + 3y = -3 and x + y = -3. What is x?,6,10,False,linear_elimination,,,solve_linear_system,,, 10
test_seen_00004,baseline,100,seen,Solve the proportion 2/5 = 6/x for x.,15,10,False,ratio_proportion,,,solve_proportion,,, 10
test_seen_00005,baseline,100,seen,A sequence starts with a1 = -11 and each next term is the current term + 4. Find a4.,1,-12,False,recurrence,,,unroll_recurrence,,, -12
test_seen_00006,baseline,100,seen,Two numbers have sum -9 and product -10. What is the sum of their squares?,101,100,False,symmetric_polynomial_identity,,,expand_symmetric_identity,,, 100
test_seen_00007,baseline,100,seen,Compute the difference of squares: 42 squared minus 33 squared.,675,1962,False,factorization,,,factor_difference_of_squares,,, 1962
test_seen_00008,baseline,100,seen,Substitute z = 2 into 2z^2 + 8z - 4.,20,10,False,substitution,,,substitute_expression,,, 10
test_seen_00009,baseline,100,seen,The equations -4x - 5y = 1 and 4x - 5y = -31 hold simultaneously. Find x.,-4,13,False,linear_elimination,,,solve_linear_system,,, 13
test_seen_00010,baseline,100,seen,"If 2:7 = 12:x, what is x?",42,12,False,ratio_proportion,,,solve_proportion,,, 12
test_seen_00011,baseline,100,seen,"Starting at -16, repeatedly change the value by -1. What is term 11, counting the start as term 1?",-26,-16,False,recurrence,,,unroll_recurrence,,, -16
test_seen_00012,baseline,100,seen,"Given s = x + y = -8 and p = xy = -48, compute x^2 + y^2.",160,256,False,symmetric_polynomial_identity,,,expand_symmetric_identity,,, 256
test_seen_00013,baseline,100,seen,What is 43^2 - 39^2? Use factorization if helpful.,328,1981,False,factorization,,,factor_difference_of_squares,,, 1981
test_seen_00014,baseline,100,seen,"For P(x) = -4x^2 + 6x + 8, evaluate P(7).",-146,-12,False,substitution,,,substitute_expression,,, -12
test_seen_00015,baseline,100,seen,Use elimination on the system 3x + 5y = 8; 2x - 3y = -1. Determine x.,1,1,True,linear_elimination,,,solve_linear_system,,, 1
test_seen_00016,baseline,100,seen,The ratio 15 to 4 equals the ratio 105 to x. Find x.,28,15,False,ratio_proportion,,,solve_proportion,,, 15
test_seen_00017,baseline,100,seen,An arithmetic sequence has first term 17 and common difference -8. Find its 7th term.,-31,18,False,recurrence,,,unroll_recurrence,,, 18
test_seen_00018,baseline,100,seen,"If x + y = -4 and xy = -60, find x^2 + y^2.",136,-12,False,symmetric_polynomial_identity,,,expand_symmetric_identity,,, -12
test_seen_00019,baseline,100,seen,Evaluate 45^2 - 40^2.,425,1920,False,factorization,,,factor_difference_of_squares,,, 1920
test_seen_00020,baseline,100,seen,Let f(t) = 4t^2 - 5t - 3. Find f(0).,-3,10,False,substitution,,,substitute_expression,,, 10
test_seen_00021,baseline,100,seen,Solve -5x + 2y = -2 and x + 4y = 18. What is x?,2,18,False,linear_elimination,,,solve_linear_system,,, 18
test_seen_00022,baseline,100,seen,Solve the proportion 7/6 = 84/x for x.,72,100,False,ratio_proportion,,,solve_proportion,,, 100
test_seen_00023,baseline,100,seen,A sequence starts with a1 = -11 and each next term is the current term - 7. Find a12.,-88,-13,False,recurrence,,,unroll_recurrence,,, -13
test_seen_00024,baseline,100,seen,Two numbers have sum 4 and product -60. What is the sum of their squares?,136,108,False,symmetric_polynomial_identity,,,expand_symmetric_identity,,, 108
test_seen_00025,baseline,100,seen,Compute the difference of squares: 77 squared minus 8 squared.,5865,499,False,factorization,,,factor_difference_of_squares,,, 499
test_seen_00026,baseline,100,seen,Substitute z = -7 into 2z^2 + 6z + 6.,62,21,False,substitution,,,substitute_expression,,, 21
test_seen_00027,baseline,100,seen,The equations -4x - 4y = 56 and -3x - 5y = 60 hold simultaneously. Find y.,-9,10,False,linear_elimination,,,solve_linear_system,,, 10
test_seen_00028,baseline,100,seen,"If 3:19 = 27:x, what is x?",171,27,False,ratio_proportion,,,solve_proportion,,, 27
test_seen_00029,baseline,100,seen,"Starting at 9, repeatedly change the value by -1. What is term 8, counting the start as term 1?",2,18,False,recurrence,,,unroll_recurrence,,, 18
test_seen_00030,baseline,100,seen,"Given s = x + y = 27 and p = xy = 180, compute x^2 + y^2.",369,363,False,symmetric_polynomial_identity,,,expand_symmetric_identity,,, 363
test_seen_00031,baseline,100,seen,What is 32^2 - 26^2? Use factorization if helpful.,348,1088,False,factorization,,,factor_difference_of_squares,,, 1088
test_seen_00032,baseline,100,seen,"For P(x) = -5x^2 - 6x + 10, evaluate P(-4).",-46,-10,False,substitution,,,substitute_expression,,, -10
test_seen_00033,baseline,100,seen,Use elimination on the system 5x + 4y = 3; x - y = 6. Determine y.,-3,1,False,linear_elimination,,,solve_linear_system,,, 1
test_seen_00034,baseline,100,seen,The ratio 14 to 12 equals the ratio 112 to x. Find x.,96,15,False,ratio_proportion,,,solve_proportion,,, 15
test_seen_00035,baseline,100,seen,An arithmetic sequence has first term -17 and common difference 3. Find its 5th term.,-5,-18,False,recurrence,,,unroll_recurrence,,, -18
test_seen_00036,baseline,100,seen,"If x + y = -8 and xy = -20, find x^2 + y^2.",104,-16,False,symmetric_polynomial_identity,,,expand_symmetric_identity,,, -16
test_seen_00037,baseline,100,seen,Evaluate 21^2 - 14^2.,245,441,False,factorization,,,factor_difference_of_squares,,, 441
test_seen_00038,baseline,100,seen,Let f(t) = -2t^2 + t - 5. Find f(-2).,-15,-10,False,substitution,,,substitute_expression,,, -10
test_seen_00039,baseline,100,seen,Solve x + y = -6 and -2x - 5y = 21. What is y?,-3,-1,False,linear_elimination,,,solve_linear_system,,, -1
test_seen_00040,baseline,100,seen,Solve the proportion 10/3 = 30/x for x.,9,15,False,ratio_proportion,,,solve_proportion,,, 15
test_seen_00041,baseline,100,seen,A sequence starts with a1 = -19 and each next term is the current term - 9. Find a11.,-109,-19,False,recurrence,,,unroll_recurrence,,, -19
test_seen_00042,baseline,100,seen,Two numbers have sum 16 and product 48. What is the sum of their squares?,160,324,False,symmetric_polynomial_identity,,,expand_symmetric_identity,,, 324
test_seen_00043,baseline,100,seen,Compute the difference of squares: 67 squared minus 34 squared.,3333,2192,False,factorization,,,factor_difference_of_squares,,, 2192
test_seen_00044,baseline,100,seen,Substitute z = -2 into 4z^2 - 5z + 6.,32,24,False,substitution,,,substitute_expression,,, 24
test_seen_00045,baseline,100,seen,The equations -3x + 2y = -1 and x - 3y = 5 hold simultaneously. Find x.,-1,1,False,linear_elimination,,,solve_linear_system,,, 1
test_seen_00046,baseline,100,seen,"If 2:5 = 10:x, what is x?",25,10,False,ratio_proportion,,,solve_proportion,,, 10
test_seen_00047,baseline,100,seen,"Starting at 16, repeatedly change the value by -6. What is term 12, counting the start as term 1?",-50,16,False,recurrence,,,unroll_recurrence,,, 16
test_seen_00048,baseline,100,seen,"Given s = x + y = -11 and p = xy = 18, compute x^2 + y^2.",85,25,False,symmetric_polynomial_identity,,,expand_symmetric_identity,,, 25
test_seen_00049,baseline,100,seen,What is 54^2 - 26^2? Use factorization if helpful.,2240,1920,False,factorization,,,factor_difference_of_squares,,, 1920
test_seen_00050,baseline,100,seen,"For P(x) = -4x^2 - 8x - 7, evaluate P(-1).",-3,-13,False,substitution,,,substitute_expression,,, -13
test_seen_00051,baseline,100,seen,Use elimination on the system 3x + 4y = -14; -3x - 2y = 16. Determine x.,-6,-13,False,linear_elimination,,,solve_linear_system,,, -13
test_seen_00052,baseline,100,seen,The ratio 5 to 3 equals the ratio 15 to x. Find x.,9,15,False,ratio_proportion,,,solve_proportion,,, 15
test_seen_00053,baseline,100,seen,An arithmetic sequence has first term 10 and common difference -1. Find its 14th term.,-3,14,False,recurrence,,,unroll_recurrence,,, 14
test_seen_00054,baseline,100,seen,"If x + y = 7 and xy = -98, find x^2 + y^2.",245,-169,False,symmetric_polynomial_identity,,,expand_symmetric_identity,,, -169
test_seen_00055,baseline,100,seen,Evaluate 48^2 - 43^2.,455,1924,False,factorization,,,factor_difference_of_squares,,, 1924
test_seen_00056,baseline,100,seen,Let f(t) = 3t^2 + 2t - 8. Find f(-2).,0,10,False,substitution,,,substitute_expression,,, 10
test_seen_00057,baseline,100,seen,Solve -2x + 2y = -14 and 5x - 3y = 17. What is y?,-9,13,False,linear_elimination,,,solve_linear_system,,, 13
test_seen_00058,baseline,100,seen,Solve the proportion 11/16 = 66/x for x.,96,12,False,ratio_proportion,,,solve_proportion,,, 12
test_seen_00059,baseline,100,seen,A sequence starts with a1 = 8 and each next term is the current term + 7. Find a7.,50,23,False,recurrence,,,unroll_recurrence,,, 23
test_seen_00060,baseline,100,seen,Two numbers have sum 29 and product 210. What is the sum of their squares?,421,142,False,symmetric_polynomial_identity,,,expand_symmetric_identity,,, 142
test_seen_00061,baseline,100,seen,Compute the difference of squares: 69 squared minus 37 squared.,3392,2732,False,factorization,,,factor_difference_of_squares,,, 2732
test_seen_00062,baseline,100,seen,Substitute z = -1 into 4z^2 + 5z + 11.,10,104,False,substitution,,,substitute_expression,,, 104
test_seen_00063,baseline,100,seen,The equations -4x - 2y = -46 and 4x + 5y = 73 hold simultaneously. Find x.,7,13,False,linear_elimination,,,solve_linear_system,,, 13
test_seen_00064,baseline,100,seen,"If 11:2 = 132:x, what is x?",24,133,False,ratio_proportion,,,solve_proportion,,, 133
test_seen_00065,baseline,100,seen,"Starting at -6, repeatedly change the value by -7. What is term 6, counting the start as term 1?",-41,-12,False,recurrence,,,unroll_recurrence,,, -12
test_seen_00066,baseline,100,seen,"Given s = x + y = -5 and p = xy = -36, compute x^2 + y^2.",97,25,False,symmetric_polynomial_identity,,,expand_symmetric_identity,,, 25
test_seen_00067,baseline,100,seen,What is 39^2 - 35^2? Use factorization if helpful.,296,1701,False,factorization,,,factor_difference_of_squares,,, 1701
test_seen_00068,baseline,100,seen,"For P(x) = -x^2 - 3x + 3, evaluate P(0).",3,-10,False,substitution,,,substitute_expression,,, -10
test_seen_00069,baseline,100,seen,Use elimination on the system -x + 2y = -4; -3x - 4y = -12. Determine y.,0,-1,False,linear_elimination,,,solve_linear_system,,, -1
test_seen_00070,baseline,100,seen,The ratio 7 to 12 equals the ratio 49 to x. Find x.,84,12,False,ratio_proportion,,,solve_proportion,,, 12
test_seen_00071,baseline,100,seen,An arithmetic sequence has first term 4 and common difference -6. Find its 14th term.,-74,19,False,recurrence,,,unroll_recurrence,,, 19
test_seen_00072,baseline,100,seen,"If x + y = -6 and xy = 5, find x^2 + y^2.",26,21,False,symmetric_polynomial_identity,,,expand_symmetric_identity,,, 21
test_seen_00073,baseline,100,seen,Evaluate 46^2 - 15^2.,1891,1916,False,factorization,,,factor_difference_of_squares,,, 1916
test_seen_00074,baseline,100,seen,Let f(t) = 3t^2 - 3t - 1. Find f(-3).,35,10,False,substitution,,,substitute_expression,,, 10
test_seen_00075,baseline,100,seen,Solve 4x - y = 18 and 3x + 5y = 2. What is x?,4,10,False,linear_elimination,,,solve_linear_system,,, 10
test_seen_00076,baseline,100,seen,Solve the proportion 4/11 = 16/x for x.,44,16,False,ratio_proportion,,,solve_proportion,,, 16
test_seen_00077,baseline,100,seen,A sequence starts with a1 = -7 and each next term is the current term - 5. Find a5.,-27,-13,False,recurrence,,,unroll_recurrence,,, -13
test_seen_00078,baseline,100,seen,Two numbers have sum 4 and product 3. What is the sum of their squares?,10,21,False,symmetric_polynomial_identity,,,expand_symmetric_identity,,, 21
test_seen_00079,baseline,100,seen,Compute the difference of squares: 48 squared minus 14 squared.,2108,296,False,factorization,,,factor_difference_of_squares,,, 296
test_seen_00080,baseline,100,seen,Substitute z = -5 into 3z^2 + 4z + 4.,59,10,False,substitution,,,substitute_expression,,, 10
test_seen_00081,baseline,100,seen,The equations x - y = 5 and 3x - y = 3 hold simultaneously. Find x.,-1,1,False,linear_elimination,,,solve_linear_system,,, 1
test_seen_00082,baseline,100,seen,"If 4:20 = 40:x, what is x?",200,10,False,ratio_proportion,,,solve_proportion,,, 10
test_seen_00083,baseline,100,seen,"Starting at -17, repeatedly change the value by 4. What is term 9, counting the start as term 1?",15,-17,False,recurrence,,,unroll_recurrence,,, -17
test_seen_00084,baseline,100,seen,"Given s = x + y = 2 and p = xy = -3, compute x^2 + y^2.",10,11,False,symmetric_polynomial_identity,,,expand_symmetric_identity,,, 11
test_seen_00085,baseline,100,seen,What is 72^2 - 42^2? Use factorization if helpful.,3420,4084,False,factorization,,,factor_difference_of_squares,,, 4084
test_seen_00086,baseline,100,seen,"For P(x) = 4x^2 + 7x + 5, evaluate P(3).",62,23,False,substitution,,,substitute_expression,,, 23
test_seen_00087,baseline,100,seen,Use elimination on the system 5x + 2y = -48; 2x - 4y = 24. Determine y.,-9,12,False,linear_elimination,,,solve_linear_system,,, 12
test_seen_00088,baseline,100,seen,The ratio 3 to 8 equals the ratio 27 to x. Find x.,72,12,False,ratio_proportion,,,solve_proportion,,, 12
test_seen_00089,baseline,100,seen,An arithmetic sequence has first term 14 and common difference -7. Find its 9th term.,-42,15,False,recurrence,,,unroll_recurrence,,, 15
test_seen_00090,baseline,100,seen,"If x + y = -11 and xy = 0, find x^2 + y^2.",121,14,False,symmetric_polynomial_identity,,,expand_symmetric_identity,,, 14
test_seen_00091,baseline,100,seen,Evaluate 59^2 - 13^2.,3312,2431,False,factorization,,,factor_difference_of_squares,,, 2431
test_seen_00092,baseline,100,seen,Let f(t) = -5t^2 - 6t - 4. Find f(-2).,-12,-10,False,substitution,,,substitute_expression,,, -10
test_seen_00093,baseline,100,seen,Solve -4x + y = 25 and 2x - 5y = 19. What is x?,-8,13,False,linear_elimination,,,solve_linear_system,,, 13
test_seen_00094,baseline,100,seen,Solve the proportion 12/4 = 60/x for x.,20,10,False,ratio_proportion,,,solve_proportion,,, 10
test_seen_00095,baseline,100,seen,A sequence starts with a1 = -8 and each next term is the current term - 6. Find a12.,-74,-12,False,recurrence,,,unroll_recurrence,,, -12
test_seen_00096,baseline,100,seen,Two numbers have sum -17 and product 72. What is the sum of their squares?,145,212,False,symmetric_polynomial_identity,,,expand_symmetric_identity,,, 212
test_seen_00097,baseline,100,seen,Compute the difference of squares: 55 squared minus 4 squared.,3009,2315,False,factorization,,,factor_difference_of_squares,,, 2315
test_seen_00098,baseline,100,seen,Substitute z = -3 into -5z^2 - 5z - 9.,-39,-22,False,substitution,,,substitute_expression,,, -22
test_seen_00099,baseline,100,seen,The equations 4x + 3y = -57 and 5x + 5y = -80 hold simultaneously. Find x.,-9,10,False,linear_elimination,,,solve_linear_system,,, 10
test_seen_00100,baseline,100,seen,"If 6:10 = 48:x, what is x?",80,12,False,ratio_proportion,,,solve_proportion,,, 12
test_seen_00101,baseline,100,seen,"Starting at -10, repeatedly change the value by -4. What is term 13, counting the start as term 1?",-58,-10,False,recurrence,,,unroll_recurrence,,, -10
test_seen_00102,baseline,100,seen,"Given s = x + y = 2 and p = xy = -35, compute x^2 + y^2.",74,211,False,symmetric_polynomial_identity,,,expand_symmetric_identity,,, 211
test_seen_00103,baseline,100,seen,What is 70^2 - 33^2? Use factorization if helpful.,3811,2411,False,factorization,,,factor_difference_of_squares,,, 2411
test_seen_00104,baseline,100,seen,"For P(x) = 2x^2 + 5x + 9, evaluate P(-2).",7,25,False,substitution,,,substitute_expression,,, 25
test_seen_00105,baseline,100,seen,Use elimination on the system 4x - 2y = 16; 2x + y = 12. Determine y.,2,10,False,linear_elimination,,,solve_linear_system,,, 10
test_seen_00106,baseline,100,seen,The ratio 15 to 2 equals the ratio 150 to x. Find x.,20,150,False,ratio_proportion,,,solve_proportion,,, 150
test_seen_00107,baseline,100,seen,An arithmetic sequence has first term 8 and common difference -5. Find its 3th term.,-2,15,False,recurrence,,,unroll_recurrence,,, 15
test_seen_00108,baseline,100,seen,"If x + y = -27 and xy = 180, find x^2 + y^2.",369,35,False,symmetric_polynomial_identity,,,expand_symmetric_identity,,, 35
test_seen_00109,baseline,100,seen,Evaluate 76^2 - 43^2.,3927,3404,False,factorization,,,factor_difference_of_squares,,, 3404
test_seen_00110,baseline,100,seen,Let f(t) = 4t^2 + 4t - 5. Find f(0).,-5,20,False,substitution,,,substitute_expression,,, 20
test_seen_00111,baseline,100,seen,Solve -4x - 3y = 42 and -5x + 3y = 39. What is x?,-9,10,False,linear_elimination,,,solve_linear_system,,, 10
test_seen_00112,baseline,100,seen,Solve the proportion 2/4 = 10/x for x.,20,10,False,ratio_proportion,,,solve_proportion,,, 10
test_seen_00113,baseline,100,seen,A sequence starts with a1 = 15 and each next term is the current term - 6. Find a11.,-45,15,False,recurrence,,,unroll_recurrence,,, 15
test_seen_00114,baseline,100,seen,Two numbers have sum 12 and product -28. What is the sum of their squares?,200,18,False,symmetric_polynomial_identity,,,expand_symmetric_identity,,, 18
test_seen_00115,baseline,100,seen,Compute the difference of squares: 36 squared minus 34 squared.,140,1920,False,factorization,,,factor_difference_of_squares,,, 1920
test_seen_00116,baseline,100,seen,Substitute z = -3 into z^2 + 2z - 1.,2,21,False,substitution,,,substitute_expression,,, 21
test_seen_00117,baseline,100,seen,The equations -5x + 2y = -4 and -4x - 5y = -56 hold simultaneously. Find x.,4,13,False,linear_elimination,,,solve_linear_system,,, 13
test_seen_00118,baseline,100,seen,"If 2:2 = 16:x, what is x?",16,16,True,ratio_proportion,,,solve_proportion,,, 16
test_seen_00119,baseline,100,seen,"Starting at -4, repeatedly change the value by -1. What is term 11, counting the start as term 1?",-14,-12,False,recurrence,,,unroll_recurrence,,, -12
test_unseen_00000,baseline,100,unseen,"Without solving for x and y, evaluate x^2 + y^2 when x + y = -1 and xy = -2.",5,18,False,symmetric_polynomial_identity,,,expand_symmetric_identity,,, 18
test_unseen_00001,baseline,100,unseen,"Using (u - v)(u + v), calculate 44^2 - 36^2.",640,1924,False,factorization,,,factor_difference_of_squares,,, 1924
test_unseen_00002,baseline,100,unseen,What number does -3u^2 + 4u - 5 produce when u is -3?,-44,-1,False,substitution,,,substitute_expression,,, -1
test_unseen_00003,baseline,100,unseen,The lines -4x + 4y = 28 and -5x - 4y = 53 intersect. Give the x-coordinate.,-9,-10,False,linear_elimination,,,solve_linear_system,,, -10
test_unseen_00004,baseline,100,unseen,"At a fixed rate, 14 items cost 18 dollars. What do 84 items cost?",108,184,False,ratio_proportion,,,solve_proportion,,, 184
test_unseen_00005,baseline,100,unseen,A machine begins at 17; after each round it changes its value by 4. What value appears after 8 updates?,49,18,False,recurrence,,,unroll_recurrence,,, 18
test_unseen_00006,baseline,100,unseen,The roots x and y of t^2 - (16)t + (63) = 0 are real. Find x^2 + y^2.,130,25,False,symmetric_polynomial_identity,,,expand_symmetric_identity,,, 25
test_unseen_00007,baseline,100,unseen,A square of side 44 is removed from a square of side 65. What area remains?,2289,108,False,factorization,,,factor_difference_of_squares,,, 108
test_unseen_00008,baseline,100,unseen,A rule maps q to q^2 - 6q - 2. Determine its output at q = 6.,-2,-12,False,substitution,,,substitute_expression,,, -12
test_unseen_00009,baseline,100,unseen,Find the value of x satisfying both constraints: -4x + 3y = -12 and -4x + 4y = -16.,0,12,False,linear_elimination,,,solve_linear_system,,, 12
test_unseen_00010,baseline,100,unseen,Complete the equivalent fractions: 6/12 = 18/[blank].,36,18,False,ratio_proportion,,,solve_proportion,,, 18
test_unseen_00011,baseline,100,unseen,"Unroll b(n+1) = b(n) + 1, with b(1) = -18, to obtain b(8).",-11,-18,False,recurrence,,,unroll_recurrence,,, -18
test_unseen_00012,baseline,100,unseen,"Without solving for x and y, evaluate x^2 + y^2 when x + y = -15 and xy = 36.",153,25,False,symmetric_polynomial_identity,,,expand_symmetric_identity,,, 25
test_unseen_00013,baseline,100,unseen,"Using (u - v)(u + v), calculate 39^2 - 14^2.",1325,1769,False,factorization,,,factor_difference_of_squares,,, 1769
test_unseen_00014,baseline,100,unseen,What number does 11 - 3u^2 produce when u is -4?,-37,-13,False,substitution,,,substitute_expression,,, -13
test_unseen_00015,baseline,100,unseen,The lines 5x + 5y = -80 and x - 5y = 32 intersect. Give the y-coordinate.,-8,12,False,linear_elimination,,,solve_linear_system,,, 12
test_unseen_00016,baseline,100,unseen,"At a fixed rate, 7 items cost 17 dollars. What do 84 items cost?",204,180,False,ratio_proportion,,,solve_proportion,,, 180
test_unseen_00017,baseline,100,unseen,A machine begins at 17; after each round it changes its value by 6. What value appears after 14 updates?,101,18,False,recurrence,,,unroll_recurrence,,, 18
test_unseen_00018,baseline,100,unseen,The roots x and y of t^2 - (-9)t + (-22) = 0 are real. Find x^2 + y^2.,125,103,False,symmetric_polynomial_identity,,,expand_symmetric_identity,,, 103
test_unseen_00019,baseline,100,unseen,A square of side 16 is removed from a square of side 78. What area remains?,5828,104,False,factorization,,,factor_difference_of_squares,,, 104
test_unseen_00020,baseline,100,unseen,A rule maps q to 3q^2 + 3q + 7. Determine its output at q = 6.,133,103,False,substitution,,,substitute_expression,,, 103
test_unseen_00021,baseline,100,unseen,Find the value of y satisfying both constraints: -3x - 5y = 29 and -2x - 5y = 21.,-1,21,False,linear_elimination,,,solve_linear_system,,, 21
test_unseen_00022,baseline,100,unseen,Complete the equivalent fractions: 7/20 = 35/[blank].,100,35,False,ratio_proportion,,,solve_proportion,,, 35
test_unseen_00023,baseline,100,unseen,"Unroll b(n+1) = b(n) + 4, with b(1) = -13, to obtain b(8).",15,-13,False,recurrence,,,unroll_recurrence,,, -13
test_unseen_00024,baseline,100,unseen,"Without solving for x and y, evaluate x^2 + y^2 when x + y = -17 and xy = 60.",169,25,False,symmetric_polynomial_identity,,,expand_symmetric_identity,,, 25
test_unseen_00025,baseline,100,unseen,"Using (u - v)(u + v), calculate 24^2 - 16^2.",320,1084,False,factorization,,,factor_difference_of_squares,,, 1084
test_unseen_00026,baseline,100,unseen,What number does 2u^2 - 7u + 9 produce when u is 2?,3,10,False,substitution,,,substitute_expression,,, 10
test_unseen_00027,baseline,100,unseen,The lines -3x - 3y = 0 and 5x - 5y = 60 intersect. Give the y-coordinate.,-6,10,False,linear_elimination,,,solve_linear_system,,, 10
test_unseen_00028,baseline,100,unseen,"At a fixed rate, 3 items cost 2 dollars. What do 24 items cost?",16,120,False,ratio_proportion,,,solve_proportion,,, 120
test_unseen_00029,baseline,100,unseen,A machine begins at -9; after each round it changes its value by -1. What value appears after 13 updates?,-22,-10,False,recurrence,,,unroll_recurrence,,, -10
test_unseen_00030,baseline,100,unseen,The roots x and y of t^2 - (-3)t + (-54) = 0 are real. Find x^2 + y^2.,117,103,False,symmetric_polynomial_identity,,,expand_symmetric_identity,,, 103
test_unseen_00031,baseline,100,unseen,A square of side 5 is removed from a square of side 41. What area remains?,1656,103,False,factorization,,,factor_difference_of_squares,,, 103
test_unseen_00032,baseline,100,unseen,A rule maps q to 3q^2 - 10. Determine its output at q = 1.,-7,100,False,substitution,,,substitute_expression,,, 100
test_unseen_00033,baseline,100,unseen,Find the value of x satisfying both constraints: -x - 3y = -25 and -3x + 5y = 37.,1,10,False,linear_elimination,,,solve_linear_system,,, 10
test_unseen_00034,baseline,100,unseen,Complete the equivalent fractions: 3/16 = 24/[blank].,128,24,False,ratio_proportion,,,solve_proportion,,, 24
test_unseen_00035,baseline,100,unseen,"Unroll b(n+1) = b(n) + 3, with b(1) = 8, to obtain b(4).",17,100,False,recurrence,,,unroll_recurrence,,, 100
test_unseen_00036,baseline,100,unseen,"Without solving for x and y, evaluate x^2 + y^2 when x + y = 6 and xy = -91.",218,25,False,symmetric_polynomial_identity,,,expand_symmetric_identity,,, 25
test_unseen_00037,baseline,100,unseen,"Using (u - v)(u + v), calculate 47^2 - 38^2.",765,1941,False,factorization,,,factor_difference_of_squares,,, 1941
test_unseen_00038,baseline,100,unseen,What number does -u^2 + 8u - 1 produce when u is -4?,-49,-1,False,substitution,,,substitute_expression,,, -1
test_unseen_00039,baseline,100,unseen,The lines 3x + 2y = -28 and -4x + 3y = 26 intersect. Give the y-coordinate.,-2,-12,False,linear_elimination,,,solve_linear_system,,, -12
test_unseen_00040,baseline,100,unseen,"At a fixed rate, 15 items cost 15 dollars. What do 60 items cost?",60,150,False,ratio_proportion,,,solve_proportion,,, 150
test_unseen_00041,baseline,100,unseen,A machine begins at -4; after each round it changes its value by 6. What value appears after 4 updates?,20,-12,False,recurrence,,,unroll_recurrence,,, -12
test_unseen_00042,baseline,100,unseen,The roots x and y of t^2 - (6)t + (-112) = 0 are real. Find x^2 + y^2.,260,103,False,symmetric_polynomial_identity,,,expand_symmetric_identity,,, 103
test_unseen_00043,baseline,100,unseen,A square of side 40 is removed from a square of side 64. What area remains?,2496,120,False,factorization,,,factor_difference_of_squares,,, 120
test_unseen_00044,baseline,100,unseen,A rule maps q to 4q^2 - 5q - 2. Determine its output at q = -2.,24,-12,False,substitution,,,substitute_expression,,, -12
test_unseen_00045,baseline,100,unseen,Find the value of y satisfying both constraints: -5x - 4y = -10 and x + 5y = -19.,-5,19,False,linear_elimination,,,solve_linear_system,,, 19
test_unseen_00046,baseline,100,unseen,Complete the equivalent fractions: 8/20 = 96/[blank].,240,96,False,ratio_proportion,,,solve_proportion,,, 96
test_unseen_00047,baseline,100,unseen,"Unroll b(n+1) = b(n) + 8, with b(1) = 8, to obtain b(6).",48,100,False,recurrence,,,unroll_recurrence,,, 100
test_unseen_00048,baseline,100,unseen,"Without solving for x and y, evaluate x^2 + y^2 when x + y = -18 and xy = 80.",164,30,False,symmetric_polynomial_identity,,,expand_symmetric_identity,,, 30
test_unseen_00049,baseline,100,unseen,"Using (u - v)(u + v), calculate 12^2 - 11^2.",23,1396,False,factorization,,,factor_difference_of_squares,,, 1396
test_unseen_00050,baseline,100,unseen,What number does u^2 + u - 12 produce when u is 1?,-10,13,False,substitution,,,substitute_expression,,, 13
test_unseen_00051,baseline,100,unseen,The lines -3x - 2y = 19 and 3x - 5y = 16 intersect. Give the x-coordinate.,-3,16,False,linear_elimination,,,solve_linear_system,,, 16
test_unseen_00052,baseline,100,unseen,"At a fixed rate, 3 items cost 5 dollars. What do 24 items cost?",40,120,False,ratio_proportion,,,solve_proportion,,, 120
test_unseen_00053,baseline,100,unseen,A machine begins at 12; after each round it changes its value by 9. What value appears after 2 updates?,30,13,False,recurrence,,,unroll_recurrence,,, 13
test_unseen_00054,baseline,100,unseen,The roots x and y of t^2 - (18)t + (65) = 0 are real. Find x^2 + y^2.,194,103,False,symmetric_polynomial_identity,,,expand_symmetric_identity,,, 103
test_unseen_00055,baseline,100,unseen,A square of side 21 is removed from a square of side 47. What area remains?,1768,104,False,factorization,,,factor_difference_of_squares,,, 104
test_unseen_00056,baseline,100,unseen,A rule maps q to 8 - 3q^2. Determine its output at q = -5.,-67,-12,False,substitution,,,substitute_expression,,, -12
test_unseen_00057,baseline,100,unseen,Find the value of x satisfying both constraints: 4x - y = -29 and -5x - 5y = 30.,-7,10,False,linear_elimination,,,solve_linear_system,,, 10
test_unseen_00058,baseline,100,unseen,Complete the equivalent fractions: 3/8 = 6/[blank].,16,12,False,ratio_proportion,,,solve_proportion,,, 12
test_unseen_00059,baseline,100,unseen,"Unroll b(n+1) = b(n) - 4, with b(1) = -16, to obtain b(5).",-32,-16,False,recurrence,,,unroll_recurrence,,, -16
test_unseen_00060,baseline,100,unseen,"Without solving for x and y, evaluate x^2 + y^2 when x + y = -10 and xy = -24.",148,25,False,symmetric_polynomial_identity,,,expand_symmetric_identity,,, 25
test_unseen_00061,baseline,100,unseen,"Using (u - v)(u + v), calculate 67^2 - 12^2.",4345,3103,False,factorization,,,factor_difference_of_squares,,, 3103
test_unseen_00062,baseline,100,unseen,What number does -u^2 + 4u - 1 produce when u is -4?,-33,-1,False,substitution,,,substitute_expression,,, -1
test_unseen_00063,baseline,100,unseen,The lines -3x - y = -26 and -x + y = -10 intersect. Give the x-coordinate.,9,-10,False,linear_elimination,,,solve_linear_system,,, -10
test_unseen_00064,baseline,100,unseen,"At a fixed rate, 12 items cost 7 dollars. What do 108 items cost?",63,128,False,ratio_proportion,,,solve_proportion,,, 128
test_unseen_00065,baseline,100,unseen,A machine begins at -2; after each round it changes its value by -4. What value appears after 9 updates?,-38,-1,False,recurrence,,,unroll_recurrence,,, -1
test_unseen_00066,baseline,100,unseen,The roots x and y of t^2 - (27)t + (182) = 0 are real. Find x^2 + y^2.,365,103,False,symmetric_polynomial_identity,,,expand_symmetric_identity,,, 103
test_unseen_00067,baseline,100,unseen,A square of side 33 is removed from a square of side 64. What area remains?,3007,108,False,factorization,,,factor_difference_of_squares,,, 108
test_unseen_00068,baseline,100,unseen,A rule maps q to -q^2 + q + 10. Determine its output at q = 2.,8,-10,False,substitution,,,substitute_expression,,, -10
test_unseen_00069,baseline,100,unseen,Find the value of y satisfying both constraints: x + 2y = 17 and 2x - 4y = -14.,6,10,False,linear_elimination,,,solve_linear_system,,, 10
test_unseen_00070,baseline,100,unseen,Complete the equivalent fractions: 11/8 = 66/[blank].,48,66,False,ratio_proportion,,,solve_proportion,,, 66
test_unseen_00071,baseline,100,unseen,"Unroll b(n+1) = b(n) - 2, with b(1) = 10, to obtain b(13).",-14,103,False,recurrence,,,unroll_recurrence,,, 103
test_unseen_00072,baseline,100,unseen,"Without solving for x and y, evaluate x^2 + y^2 when x + y = -18 and xy = 56.",212,252,False,symmetric_polynomial_identity,,,expand_symmetric_identity,,, 252
test_unseen_00073,baseline,100,unseen,"Using (u - v)(u + v), calculate 40^2 - 25^2.",975,1960,False,factorization,,,factor_difference_of_squares,,, 1960
test_unseen_00074,baseline,100,unseen,What number does 2u^2 + 5u - 3 produce when u is -7?,60,-13,False,substitution,,,substitute_expression,,, -13
test_unseen_00075,baseline,100,unseen,The lines x - 4y = -33 and -5x - 2y = -11 intersect. Give the y-coordinate.,8,-11,False,linear_elimination,,,solve_linear_system,,, -11
test_unseen_00076,baseline,100,unseen,"At a fixed rate, 2 items cost 7 dollars. What do 24 items cost?",84,124,False,ratio_proportion,,,solve_proportion,,, 124
test_unseen_00077,baseline,100,unseen,A machine begins at 0; after each round it changes its value by -3. What value appears after 12 updates?,-36,-12,False,recurrence,,,unroll_recurrence,,, -12
test_unseen_00078,baseline,100,unseen,The roots x and y of t^2 - (12)t + (35) = 0 are real. Find x^2 + y^2.,74,103,False,symmetric_polynomial_identity,,,expand_symmetric_identity,,, 103
test_unseen_00079,baseline,100,unseen,A square of side 23 is removed from a square of side 52. What area remains?,2175,109,False,factorization,,,factor_difference_of_squares,,, 109
test_unseen_00080,baseline,100,unseen,A rule maps q to 3q^2 - 8q + 6. Determine its output at q = 2.,2,10,False,substitution,,,substitute_expression,,, 10
test_unseen_00081,baseline,100,unseen,Find the value of y satisfying both constraints: -3x + 5y = 24 and -2x + 4y = 16.,0,10,False,linear_elimination,,,solve_linear_system,,, 10
test_unseen_00082,baseline,100,unseen,Complete the equivalent fractions: 15/2 = 105/[blank].,14,105,False,ratio_proportion,,,solve_proportion,,, 105
test_unseen_00083,baseline,100,unseen,"Unroll b(n+1) = b(n) - 4, with b(1) = -17, to obtain b(15).",-73,-17,False,recurrence,,,unroll_recurrence,,, -17
test_unseen_00084,baseline,100,unseen,"Without solving for x and y, evaluate x^2 + y^2 when x + y = -9 and xy = 18.",45,34,False,symmetric_polynomial_identity,,,expand_symmetric_identity,,, 34
test_unseen_00085,baseline,100,unseen,"Using (u - v)(u + v), calculate 30^2 - 9^2.",819,2496,False,factorization,,,factor_difference_of_squares,,, 2496
test_unseen_00086,baseline,100,unseen,What number does 3u^2 - 11 produce when u is 7?,136,10,False,substitution,,,substitute_expression,,, 10
test_unseen_00087,baseline,100,unseen,The lines 3x + 2y = 8 and -5x - 5y = -25 intersect. Give the x-coordinate.,-2,-1,False,linear_elimination,,,solve_linear_system,,, -1
test_unseen_00088,baseline,100,unseen,"At a fixed rate, 8 items cost 2 dollars. What do 80 items cost?",20,120,False,ratio_proportion,,,solve_proportion,,, 120
test_unseen_00089,baseline,100,unseen,A machine begins at -13; after each round it changes its value by -7. What value appears after 14 updates?,-111,-13,False,recurrence,,,unroll_recurrence,,, -13
test_unseen_00090,baseline,100,unseen,The roots x and y of t^2 - (13)t + (36) = 0 are real. Find x^2 + y^2.,97,25,False,symmetric_polynomial_identity,,,expand_symmetric_identity,,, 25
test_unseen_00091,baseline,100,unseen,A square of side 16 is removed from a square of side 72. What area remains?,4928,184,False,factorization,,,factor_difference_of_squares,,, 184
test_unseen_00092,baseline,100,unseen,A rule maps q to 4q^2 - 7q. Determine its output at q = 0.,0,100,False,substitution,,,substitute_expression,,, 100
test_unseen_00093,baseline,100,unseen,Find the value of y satisfying both constraints: 5x - 2y = 31 and -4x + 3y = -15.,7,10,False,linear_elimination,,,solve_linear_system,,, 10
test_unseen_00094,baseline,100,unseen,Complete the equivalent fractions: 3/18 = 12/[blank].,72,12,False,ratio_proportion,,,solve_proportion,,, 12
test_unseen_00095,baseline,100,unseen,"Unroll b(n+1) = b(n) - 3, with b(1) = -14, to obtain b(7).",-32,-14,False,recurrence,,,unroll_recurrence,,, -14
test_unseen_00096,baseline,100,unseen,"Without solving for x and y, evaluate x^2 + y^2 when x + y = -15 and xy = 56.",113,25,False,symmetric_polynomial_identity,,,expand_symmetric_identity,,, 25
test_unseen_00097,baseline,100,unseen,"Using (u - v)(u + v), calculate 58^2 - 36^2.",2068,2304,False,factorization,,,factor_difference_of_squares,,, 2304
test_unseen_00098,baseline,100,unseen,What number does -4u^2 + 8u produce when u is 4?,-32,-16,False,substitution,,,substitute_expression,,, -16
test_unseen_00099,baseline,100,unseen,The lines 2x + y = 7 and -3x - 5y = 21 intersect. Give the y-coordinate.,-9,-1,False,linear_elimination,,,solve_linear_system,,, -1
test_unseen_00100,baseline,100,unseen,"At a fixed rate, 5 items cost 8 dollars. What do 25 items cost?",40,150,False,ratio_proportion,,,solve_proportion,,, 150
test_unseen_00101,baseline,100,unseen,A machine begins at 7; after each round it changes its value by 2. What value appears after 7 updates?,21,10,False,recurrence,,,unroll_recurrence,,, 10
test_unseen_00102,baseline,100,unseen,The roots x and y of t^2 - (10)t + (-24) = 0 are real. Find x^2 + y^2.,148,100,False,symmetric_polynomial_identity,,,expand_symmetric_identity,,, 100
test_unseen_00103,baseline,100,unseen,A square of side 23 is removed from a square of side 80. What area remains?,5871,108,False,factorization,,,factor_difference_of_squares,,, 108
test_unseen_00104,baseline,100,unseen,A rule maps q to -5q^2 + 4q - 2. Determine its output at q = 0.,-2,-10,False,substitution,,,substitute_expression,,, -10
test_unseen_00105,baseline,100,unseen,Find the value of x satisfying both constraints: -5x + 2y = -24 and 2x + 4y = 48.,8,10,False,linear_elimination,,,solve_linear_system,,, 10
test_unseen_00106,baseline,100,unseen,Complete the equivalent fractions: 6/11 = 30/[blank].,55,30,False,ratio_proportion,,,solve_proportion,,, 30
test_unseen_00107,baseline,100,unseen,"Unroll b(n+1) = b(n) + 1, with b(1) = 16, to obtain b(12).",27,192,False,recurrence,,,unroll_recurrence,,, 192
test_unseen_00108,baseline,100,unseen,"Without solving for x and y, evaluate x^2 + y^2 when x + y = 15 and xy = 14.",197,25,False,symmetric_polynomial_identity,,,expand_symmetric_identity,,, 25
test_unseen_00109,baseline,100,unseen,"Using (u - v)(u + v), calculate 74^2 - 15^2.",5251,4003,False,factorization,,,factor_difference_of_squares,,, 4003
test_unseen_00110,baseline,100,unseen,What number does -5u^2 - 6u - 6 produce when u is 0?,-6,-1,False,substitution,,,substitute_expression,,, -1
test_unseen_00111,baseline,100,unseen,The lines -3x - y = 2 and -5x - 5y = 10 intersect. Give the x-coordinate.,0,-1,False,linear_elimination,,,solve_linear_system,,, -1
test_unseen_00112,baseline,100,unseen,"At a fixed rate, 8 items cost 17 dollars. What do 80 items cost?",170,180,False,ratio_proportion,,,solve_proportion,,, 180
test_unseen_00113,baseline,100,unseen,A machine begins at 18; after each round it changes its value by -2. What value appears after 5 updates?,8,-18,False,recurrence,,,unroll_recurrence,,, -18
test_unseen_00114,baseline,100,unseen,The roots x and y of t^2 - (9)t + (14) = 0 are real. Find x^2 + y^2.,53,10,False,symmetric_polynomial_identity,,,expand_symmetric_identity,,, 10
test_unseen_00115,baseline,100,unseen,A square of side 14 is removed from a square of side 77. What area remains?,5733,142,False,factorization,,,factor_difference_of_squares,,, 142
test_unseen_00116,baseline,100,unseen,A rule maps q to -q^2 + 2q - 8. Determine its output at q = 7.,-43,-12,False,substitution,,,substitute_expression,,, -12
test_unseen_00117,baseline,100,unseen,Find the value of y satisfying both constraints: 5x + 3y = 15 and 4x + y = 12.,0,18,False,linear_elimination,,,solve_linear_system,,, 18
test_unseen_00118,baseline,100,unseen,Complete the equivalent fractions: 10/3 = 70/[blank].,21,70,False,ratio_proportion,,,solve_proportion,,, 70
test_unseen_00119,baseline,100,unseen,"Unroll b(n+1) = b(n) - 1, with b(1) = -16, to obtain b(3).",-18,-16,False,recurrence,,,unroll_recurrence,,, -16
test_seen_00000,oracle,100,seen,"If x + y = -20 and xy = 84, find x^2 + y^2.",232,256,False,symmetric_polynomial_identity,,,expand_symmetric_identity,,, 256
test_seen_00001,oracle,100,seen,Evaluate 71^2 - 11^2.,4920,4336,False,factorization,,,factor_difference_of_squares,,, 4336
test_seen_00002,oracle,100,seen,Let f(t) = t^2 - 5t + 2. Find f(2).,-4,10,False,substitution,,,substitute_expression,,, 10
test_seen_00003,oracle,100,seen,Solve 4x + 3y = -3 and x + y = -3. What is x?,6,-1,False,linear_elimination,,,solve_linear_system,,, -1
test_seen_00004,oracle,100,seen,Solve the proportion 2/5 = 6/x for x.,15,12,False,ratio_proportion,,,solve_proportion,,, 12
test_seen_00005,oracle,100,seen,A sequence starts with a1 = -11 and each next term is the current term + 4. Find a4.,1,-12,False,recurrence,,,unroll_recurrence,,, -12
test_seen_00006,oracle,100,seen,Two numbers have sum -9 and product -10. What is the sum of their squares?,101,10,False,symmetric_polynomial_identity,,,expand_symmetric_identity,,, 10
test_seen_00007,oracle,100,seen,Compute the difference of squares: 42 squared minus 33 squared.,675,2169,False,factorization,,,factor_difference_of_squares,,, 2169
test_seen_00008,oracle,100,seen,Substitute z = 2 into 2z^2 + 8z - 4.,20,20,True,substitution,,,substitute_expression,,, 20
test_seen_00009,oracle,100,seen,The equations -4x - 5y = 1 and 4x - 5y = -31 hold simultaneously. Find x.,-4,-1,False,linear_elimination,,,solve_linear_system,,, -1
test_seen_00010,oracle,100,seen,"If 2:7 = 12:x, what is x?",42,12,False,ratio_proportion,,,solve_proportion,,, 12
test_seen_00011,oracle,100,seen,"Starting at -16, repeatedly change the value by -1. What is term 11, counting the start as term 1?",-26,-16,False,recurrence,,,unroll_recurrence,,, -16
test_seen_00012,oracle,100,seen,"Given s = x + y = -8 and p = xy = -48, compute x^2 + y^2.",160,256,False,symmetric_polynomial_identity,,,expand_symmetric_identity,,, 256
test_seen_00013,oracle,100,seen,What is 43^2 - 39^2? Use factorization if helpful.,328,2196,False,factorization,,,factor_difference_of_squares,,, 2196
test_seen_00014,oracle,100,seen,"For P(x) = -4x^2 + 6x + 8, evaluate P(7).",-146,-12,False,substitution,,,substitute_expression,,, -12
test_seen_00015,oracle,100,seen,Use elimination on the system 3x + 5y = 8; 2x - 3y = -1. Determine x.,1,1,True,linear_elimination,,,solve_linear_system,,, 1
test_seen_00016,oracle,100,seen,The ratio 15 to 4 equals the ratio 105 to x. Find x.,28,105,False,ratio_proportion,,,solve_proportion,,, 105
test_seen_00017,oracle,100,seen,An arithmetic sequence has first term 17 and common difference -8. Find its 7th term.,-31,19,False,recurrence,,,unroll_recurrence,,, 19
test_seen_00018,oracle,100,seen,"If x + y = -4 and xy = -60, find x^2 + y^2.",136,21,False,symmetric_polynomial_identity,,,expand_symmetric_identity,,, 21
test_seen_00019,oracle,100,seen,Evaluate 45^2 - 40^2.,425,2104,False,factorization,,,factor_difference_of_squares,,, 2104
test_seen_00020,oracle,100,seen,Let f(t) = 4t^2 - 5t - 3. Find f(0).,-3,10,False,substitution,,,substitute_expression,,, 10
test_seen_00021,oracle,100,seen,Solve -5x + 2y = -2 and x + 4y = 18. What is x?,2,18,False,linear_elimination,,,solve_linear_system,,, 18
test_seen_00022,oracle,100,seen,Solve the proportion 7/6 = 84/x for x.,72,156,False,ratio_proportion,,,solve_proportion,,, 156
test_seen_00023,oracle,100,seen,A sequence starts with a1 = -11 and each next term is the current term - 7. Find a12.,-88,-12,False,recurrence,,,unroll_recurrence,,, -12
test_seen_00024,oracle,100,seen,Two numbers have sum 4 and product -60. What is the sum of their squares?,136,12,False,symmetric_polynomial_identity,,,expand_symmetric_identity,,, 12
test_seen_00025,oracle,100,seen,Compute the difference of squares: 77 squared minus 8 squared.,5865,216,False,factorization,,,factor_difference_of_squares,,, 216
test_seen_00026,oracle,100,seen,Substitute z = -7 into 2z^2 + 6z + 6.,62,10,False,substitution,,,substitute_expression,,, 10
test_seen_00027,oracle,100,seen,The equations -4x - 4y = 56 and -3x - 5y = 60 hold simultaneously. Find y.,-9,10,False,linear_elimination,,,solve_linear_system,,, 10
test_seen_00028,oracle,100,seen,"If 3:19 = 27:x, what is x?",171,100,False,ratio_proportion,,,solve_proportion,,, 100
test_seen_00029,oracle,100,seen,"Starting at 9, repeatedly change the value by -1. What is term 8, counting the start as term 1?",2,10,False,recurrence,,,unroll_recurrence,,, 10
test_seen_00030,oracle,100,seen,"Given s = x + y = 27 and p = xy = 180, compute x^2 + y^2.",369,256,False,symmetric_polynomial_identity,,,expand_symmetric_identity,,, 256
test_seen_00031,oracle,100,seen,What is 32^2 - 26^2? Use factorization if helpful.,348,1984,False,factorization,,,factor_difference_of_squares,,, 1984
test_seen_00032,oracle,100,seen,"For P(x) = -5x^2 - 6x + 10, evaluate P(-4).",-46,-10,False,substitution,,,substitute_expression,,, -10
test_seen_00033,oracle,100,seen,Use elimination on the system 5x + 4y = 3; x - y = 6. Determine y.,-3,10,False,linear_elimination,,,solve_linear_system,,, 10
test_seen_00034,oracle,100,seen,The ratio 14 to 12 equals the ratio 112 to x. Find x.,96,12,False,ratio_proportion,,,solve_proportion,,, 12
test_seen_00035,oracle,100,seen,An arithmetic sequence has first term -17 and common difference 3. Find its 5th term.,-5,-18,False,recurrence,,,unroll_recurrence,,, -18
test_seen_00036,oracle,100,seen,"If x + y = -8 and xy = -20, find x^2 + y^2.",104,25,False,symmetric_polynomial_identity,,,expand_symmetric_identity,,, 25
test_seen_00037,oracle,100,seen,Evaluate 21^2 - 14^2.,245,1048,False,factorization,,,factor_difference_of_squares,,, 1048
test_seen_00038,oracle,100,seen,Let f(t) = -2t^2 + t - 5. Find f(-2).,-15,-10,False,substitution,,,substitute_expression,,, -10
test_seen_00039,oracle,100,seen,Solve x + y = -6 and -2x - 5y = 21. What is y?,-3,-1,False,linear_elimination,,,solve_linear_system,,, -1
test_seen_00040,oracle,100,seen,Solve the proportion 10/3 = 30/x for x.,9,15,False,ratio_proportion,,,solve_proportion,,, 15
test_seen_00041,oracle,100,seen,A sequence starts with a1 = -19 and each next term is the current term - 9. Find a11.,-109,-19,False,recurrence,,,unroll_recurrence,,, -19
test_seen_00042,oracle,100,seen,Two numbers have sum 16 and product 48. What is the sum of their squares?,160,184,False,symmetric_polynomial_identity,,,expand_symmetric_identity,,, 184
test_seen_00043,oracle,100,seen,Compute the difference of squares: 67 squared minus 34 squared.,3333,219,False,factorization,,,factor_difference_of_squares,,, 219
test_seen_00044,oracle,100,seen,Substitute z = -2 into 4z^2 - 5z + 6.,32,18,False,substitution,,,substitute_expression,,, 18
test_seen_00045,oracle,100,seen,The equations -3x + 2y = -1 and x - 3y = 5 hold simultaneously. Find x.,-1,1,False,linear_elimination,,,solve_linear_system,,, 1
test_seen_00046,oracle,100,seen,"If 2:5 = 10:x, what is x?",25,100,False,ratio_proportion,,,solve_proportion,,, 100
test_seen_00047,oracle,100,seen,"Starting at 16, repeatedly change the value by -6. What is term 12, counting the start as term 1?",-50,12,False,recurrence,,,unroll_recurrence,,, 12
test_seen_00048,oracle,100,seen,"Given s = x + y = -11 and p = xy = 18, compute x^2 + y^2.",85,253,False,symmetric_polynomial_identity,,,expand_symmetric_identity,,, 253
test_seen_00049,oracle,100,seen,What is 54^2 - 26^2? Use factorization if helpful.,2240,2118,False,factorization,,,factor_difference_of_squares,,, 2118
test_seen_00050,oracle,100,seen,"For P(x) = -4x^2 - 8x - 7, evaluate P(-1).",-3,-10,False,substitution,,,substitute_expression,,, -10
test_seen_00051,oracle,100,seen,Use elimination on the system 3x + 4y = -14; -3x - 2y = 16. Determine x.,-6,-1,False,linear_elimination,,,solve_linear_system,,, -1
test_seen_00052,oracle,100,seen,The ratio 5 to 3 equals the ratio 15 to x. Find x.,9,15,False,ratio_proportion,,,solve_proportion,,, 15
test_seen_00053,oracle,100,seen,An arithmetic sequence has first term 10 and common difference -1. Find its 14th term.,-3,14,False,recurrence,,,unroll_recurrence,,, 14
test_seen_00054,oracle,100,seen,"If x + y = 7 and xy = -98, find x^2 + y^2.",245,253,False,symmetric_polynomial_identity,,,expand_symmetric_identity,,, 253
test_seen_00055,oracle,100,seen,Evaluate 48^2 - 43^2.,455,2104,False,factorization,,,factor_difference_of_squares,,, 2104
test_seen_00056,oracle,100,seen,Let f(t) = 3t^2 + 2t - 8. Find f(-2).,0,10,False,substitution,,,substitute_expression,,, 10
test_seen_00057,oracle,100,seen,Solve -2x + 2y = -14 and 5x - 3y = 17. What is y?,-9,-13,False,linear_elimination,,,solve_linear_system,,, -13
test_seen_00058,oracle,100,seen,Solve the proportion 11/16 = 66/x for x.,96,16,False,ratio_proportion,,,solve_proportion,,, 16
test_seen_00059,oracle,100,seen,A sequence starts with a1 = 8 and each next term is the current term + 7. Find a7.,50,10,False,recurrence,,,unroll_recurrence,,, 10
test_seen_00060,oracle,100,seen,Two numbers have sum 29 and product 210. What is the sum of their squares?,421,140,False,symmetric_polynomial_identity,,,expand_symmetric_identity,,, 140
test_seen_00061,oracle,100,seen,Compute the difference of squares: 69 squared minus 37 squared.,3392,2196,False,factorization,,,factor_difference_of_squares,,, 2196
test_seen_00062,oracle,100,seen,Substitute z = -1 into 4z^2 + 5z + 11.,10,12,False,substitution,,,substitute_expression,,, 12
test_seen_00063,oracle,100,seen,The equations -4x - 2y = -46 and 4x + 5y = 73 hold simultaneously. Find x.,7,13,False,linear_elimination,,,solve_linear_system,,, 13
test_seen_00064,oracle,100,seen,"If 11:2 = 132:x, what is x?",24,132,False,ratio_proportion,,,solve_proportion,,, 132
test_seen_00065,oracle,100,seen,"Starting at -6, repeatedly change the value by -7. What is term 6, counting the start as term 1?",-41,10,False,recurrence,,,unroll_recurrence,,, 10
test_seen_00066,oracle,100,seen,"Given s = x + y = -5 and p = xy = -36, compute x^2 + y^2.",97,25,False,symmetric_polynomial_identity,,,expand_symmetric_identity,,, 25
test_seen_00067,oracle,100,seen,What is 39^2 - 35^2? Use factorization if helpful.,296,1916,False,factorization,,,factor_difference_of_squares,,, 1916
test_seen_00068,oracle,100,seen,"For P(x) = -x^2 - 3x + 3, evaluate P(0).",3,-10,False,substitution,,,substitute_expression,,, -10
test_seen_00069,oracle,100,seen,Use elimination on the system -x + 2y = -4; -3x - 4y = -12. Determine y.,0,-1,False,linear_elimination,,,solve_linear_system,,, -1
test_seen_00070,oracle,100,seen,The ratio 7 to 12 equals the ratio 49 to x. Find x.,84,12,False,ratio_proportion,,,solve_proportion,,, 12
test_seen_00071,oracle,100,seen,An arithmetic sequence has first term 4 and common difference -6. Find its 14th term.,-74,19,False,recurrence,,,unroll_recurrence,,, 19
test_seen_00072,oracle,100,seen,"If x + y = -6 and xy = 5, find x^2 + y^2.",26,21,False,symmetric_polynomial_identity,,,expand_symmetric_identity,,, 21
test_seen_00073,oracle,100,seen,Evaluate 46^2 - 15^2.,1891,2108,False,factorization,,,factor_difference_of_squares,,, 2108
test_seen_00074,oracle,100,seen,Let f(t) = 3t^2 - 3t - 1. Find f(-3).,35,10,False,substitution,,,substitute_expression,,, 10
test_seen_00075,oracle,100,seen,Solve 4x - y = 18 and 3x + 5y = 2. What is x?,4,18,False,linear_elimination,,,solve_linear_system,,, 18
test_seen_00076,oracle,100,seen,Solve the proportion 4/11 = 16/x for x.,44,16,False,ratio_proportion,,,solve_proportion,,, 16
test_seen_00077,oracle,100,seen,A sequence starts with a1 = -7 and each next term is the current term - 5. Find a5.,-27,-10,False,recurrence,,,unroll_recurrence,,, -10
test_seen_00078,oracle,100,seen,Two numbers have sum 4 and product 3. What is the sum of their squares?,10,21,False,symmetric_polynomial_identity,,,expand_symmetric_identity,,, 21
test_seen_00079,oracle,100,seen,Compute the difference of squares: 48 squared minus 14 squared.,2108,216,False,factorization,,,factor_difference_of_squares,,, 216
test_seen_00080,oracle,100,seen,Substitute z = -5 into 3z^2 + 4z + 4.,59,10,False,substitution,,,substitute_expression,,, 10
test_seen_00081,oracle,100,seen,The equations x - y = 5 and 3x - y = 3 hold simultaneously. Find x.,-1,1,False,linear_elimination,,,solve_linear_system,,, 1
test_seen_00082,oracle,100,seen,"If 4:20 = 40:x, what is x?",200,10,False,ratio_proportion,,,solve_proportion,,, 10
test_seen_00083,oracle,100,seen,"Starting at -17, repeatedly change the value by 4. What is term 9, counting the start as term 1?",15,18,False,recurrence,,,unroll_recurrence,,, 18
test_seen_00084,oracle,100,seen,"Given s = x + y = 2 and p = xy = -3, compute x^2 + y^2.",10,25,False,symmetric_polynomial_identity,,,expand_symmetric_identity,,, 25
test_seen_00085,oracle,100,seen,What is 72^2 - 42^2? Use factorization if helpful.,3420,2142,False,factorization,,,factor_difference_of_squares,,, 2142
test_seen_00086,oracle,100,seen,"For P(x) = 4x^2 + 7x + 5, evaluate P(3).",62,20,False,substitution,,,substitute_expression,,, 20
test_seen_00087,oracle,100,seen,Use elimination on the system 5x + 2y = -48; 2x - 4y = 24. Determine y.,-9,12,False,linear_elimination,,,solve_linear_system,,, 12
test_seen_00088,oracle,100,seen,The ratio 3 to 8 equals the ratio 27 to x. Find x.,72,12,False,ratio_proportion,,,solve_proportion,,, 12
test_seen_00089,oracle,100,seen,An arithmetic sequence has first term 14 and common difference -7. Find its 9th term.,-42,19,False,recurrence,,,unroll_recurrence,,, 19
test_seen_00090,oracle,100,seen,"If x + y = -11 and xy = 0, find x^2 + y^2.",121,143,False,symmetric_polynomial_identity,,,expand_symmetric_identity,,, 143
test_seen_00091,oracle,100,seen,Evaluate 59^2 - 13^2.,3312,2119,False,factorization,,,factor_difference_of_squares,,, 2119
test_seen_00092,oracle,100,seen,Let f(t) = -5t^2 - 6t - 4. Find f(-2).,-12,-10,False,substitution,,,substitute_expression,,, -10
test_seen_00093,oracle,100,seen,Solve -4x + y = 25 and 2x - 5y = 19. What is x?,-8,19,False,linear_elimination,,,solve_linear_system,,, 19
test_seen_00094,oracle,100,seen,Solve the proportion 12/4 = 60/x for x.,20,12,False,ratio_proportion,,,solve_proportion,,, 12
test_seen_00095,oracle,100,seen,A sequence starts with a1 = -8 and each next term is the current term - 6. Find a12.,-74,-12,False,recurrence,,,unroll_recurrence,,, -12
test_seen_00096,oracle,100,seen,Two numbers have sum -17 and product 72. What is the sum of their squares?,145,108,False,symmetric_polynomial_identity,,,expand_symmetric_identity,,, 108
test_seen_00097,oracle,100,seen,Compute the difference of squares: 55 squared minus 4 squared.,3009,216,False,factorization,,,factor_difference_of_squares,,, 216
test_seen_00098,oracle,100,seen,Substitute z = -3 into -5z^2 - 5z - 9.,-39,10,False,substitution,,,substitute_expression,,, 10
test_seen_00099,oracle,100,seen,The equations 4x + 3y = -57 and 5x + 5y = -80 hold simultaneously. Find x.,-9,-1,False,linear_elimination,,,solve_linear_system,,, -1
test_seen_00100,oracle,100,seen,"If 6:10 = 48:x, what is x?",80,12,False,ratio_proportion,,,solve_proportion,,, 12
test_seen_00101,oracle,100,seen,"Starting at -10, repeatedly change the value by -4. What is term 13, counting the start as term 1?",-58,10,False,recurrence,,,unroll_recurrence,,, 10
test_seen_00102,oracle,100,seen,"Given s = x + y = 2 and p = xy = -35, compute x^2 + y^2.",74,25,False,symmetric_polynomial_identity,,,expand_symmetric_identity,,, 25
test_seen_00103,oracle,100,seen,What is 70^2 - 33^2? Use factorization if helpful.,3811,2119,False,factorization,,,factor_difference_of_squares,,, 2119
test_seen_00104,oracle,100,seen,"For P(x) = 2x^2 + 5x + 9, evaluate P(-2).",7,25,False,substitution,,,substitute_expression,,, 25
test_seen_00105,oracle,100,seen,Use elimination on the system 4x - 2y = 16; 2x + y = 12. Determine y.,2,12,False,linear_elimination,,,solve_linear_system,,, 12
test_seen_00106,oracle,100,seen,The ratio 15 to 2 equals the ratio 150 to x. Find x.,20,150,False,ratio_proportion,,,solve_proportion,,, 150
test_seen_00107,oracle,100,seen,An arithmetic sequence has first term 8 and common difference -5. Find its 3th term.,-2,15,False,recurrence,,,unroll_recurrence,,, 15
test_seen_00108,oracle,100,seen,"If x + y = -27 and xy = 180, find x^2 + y^2.",369,250,False,symmetric_polynomial_identity,,,expand_symmetric_identity,,, 250
test_seen_00109,oracle,100,seen,Evaluate 76^2 - 43^2.,3927,3104,False,factorization,,,factor_difference_of_squares,,, 3104
test_seen_00110,oracle,100,seen,Let f(t) = 4t^2 + 4t - 5. Find f(0).,-5,20,False,substitution,,,substitute_expression,,, 20
test_seen_00111,oracle,100,seen,Solve -4x - 3y = 42 and -5x + 3y = 39. What is x?,-9,19,False,linear_elimination,,,solve_linear_system,,, 19
test_seen_00112,oracle,100,seen,Solve the proportion 2/4 = 10/x for x.,20,10,False,ratio_proportion,,,solve_proportion,,, 10
test_seen_00113,oracle,100,seen,A sequence starts with a1 = 15 and each next term is the current term - 6. Find a11.,-45,15,False,recurrence,,,unroll_recurrence,,, 15
test_seen_00114,oracle,100,seen,Two numbers have sum 12 and product -28. What is the sum of their squares?,200,18,False,symmetric_polynomial_identity,,,expand_symmetric_identity,,, 18
test_seen_00115,oracle,100,seen,Compute the difference of squares: 36 squared minus 34 squared.,140,216,False,factorization,,,factor_difference_of_squares,,, 216
test_seen_00116,oracle,100,seen,Substitute z = -3 into z^2 + 2z - 1.,2,10,False,substitution,,,substitute_expression,,, 10
test_seen_00117,oracle,100,seen,The equations -5x + 2y = -4 and -4x - 5y = -56 hold simultaneously. Find x.,4,-1,False,linear_elimination,,,solve_linear_system,,, -1
test_seen_00118,oracle,100,seen,"If 2:2 = 16:x, what is x?",16,16,True,ratio_proportion,,,solve_proportion,,, 16
test_seen_00119,oracle,100,seen,"Starting at -4, repeatedly change the value by -1. What is term 11, counting the start as term 1?",-14,12,False,recurrence,,,unroll_recurrence,,, 12
test_unseen_00000,oracle,100,unseen,"Without solving for x and y, evaluate x^2 + y^2 when x + y = -1 and xy = -2.",5,23,False,symmetric_polynomial_identity,,,expand_symmetric_identity,,, 23
test_unseen_00001,oracle,100,unseen,"Using (u - v)(u + v), calculate 44^2 - 36^2.",640,210,False,factorization,,,factor_difference_of_squares,,, 210
test_unseen_00002,oracle,100,unseen,What number does -3u^2 + 4u - 5 produce when u is -3?,-44,10,False,substitution,,,substitute_expression,,, 10
test_unseen_00003,oracle,100,unseen,The lines -4x + 4y = 28 and -5x - 4y = 53 intersect. Give the x-coordinate.,-9,-1,False,linear_elimination,,,solve_linear_system,,, -1
test_unseen_00004,oracle,100,unseen,"At a fixed rate, 14 items cost 18 dollars. What do 84 items cost?",108,148,False,ratio_proportion,,,solve_proportion,,, 148
test_unseen_00005,oracle,100,unseen,A machine begins at 17; after each round it changes its value by 4. What value appears after 8 updates?,49,18,False,recurrence,,,unroll_recurrence,,, 18
test_unseen_00006,oracle,100,unseen,The roots x and y of t^2 - (16)t + (63) = 0 are real. Find x^2 + y^2.,130,25,False,symmetric_polynomial_identity,,,expand_symmetric_identity,,, 25
test_unseen_00007,oracle,100,unseen,A square of side 44 is removed from a square of side 65. What area remains?,2289,100,False,factorization,,,factor_difference_of_squares,,, 100
test_unseen_00008,oracle,100,unseen,A rule maps q to q^2 - 6q - 2. Determine its output at q = 6.,-2,-12,False,substitution,,,substitute_expression,,, -12
test_unseen_00009,oracle,100,unseen,Find the value of x satisfying both constraints: -4x + 3y = -12 and -4x + 4y = -16.,0,-16,False,linear_elimination,,,solve_linear_system,,, -16
test_unseen_00010,oracle,100,unseen,Complete the equivalent fractions: 6/12 = 18/[blank].,36,18/12,False,ratio_proportion,,,solve_proportion,,, 18/12
test_unseen_00011,oracle,100,unseen,"Unroll b(n+1) = b(n) + 1, with b(1) = -18, to obtain b(8).",-11,18,False,recurrence,,,unroll_recurrence,,, 18
test_unseen_00012,oracle,100,unseen,"Without solving for x and y, evaluate x^2 + y^2 when x + y = -15 and xy = 36.",153,250,False,symmetric_polynomial_identity,,,expand_symmetric_identity,,, 250
test_unseen_00013,oracle,100,unseen,"Using (u - v)(u + v), calculate 39^2 - 14^2.",1325,219,False,factorization,,,factor_difference_of_squares,,, 219
test_unseen_00014,oracle,100,unseen,What number does 11 - 3u^2 produce when u is -4?,-37,12,False,substitution,,,substitute_expression,,, 12
test_unseen_00015,oracle,100,unseen,The lines 5x + 5y = -80 and x - 5y = 32 intersect. Give the y-coordinate.,-8,-1,False,linear_elimination,,,solve_linear_system,,, -1
test_unseen_00016,oracle,100,unseen,"At a fixed rate, 7 items cost 17 dollars. What do 84 items cost?",204,170,False,ratio_proportion,,,solve_proportion,,, 170
test_unseen_00017,oracle,100,unseen,A machine begins at 17; after each round it changes its value by 6. What value appears after 14 updates?,101,18,False,recurrence,,,unroll_recurrence,,, 18
test_unseen_00018,oracle,100,unseen,The roots x and y of t^2 - (-9)t + (-22) = 0 are real. Find x^2 + y^2.,125,103,False,symmetric_polynomial_identity,,,expand_symmetric_identity,,, 103
test_unseen_00019,oracle,100,unseen,A square of side 16 is removed from a square of side 78. What area remains?,5828,108,False,factorization,,,factor_difference_of_squares,,, 108
test_unseen_00020,oracle,100,unseen,A rule maps q to 3q^2 + 3q + 7. Determine its output at q = 6.,133,21,False,substitution,,,substitute_expression,,, 21
test_unseen_00021,oracle,100,unseen,Find the value of y satisfying both constraints: -3x - 5y = 29 and -2x - 5y = 21.,-1,-10,False,linear_elimination,,,solve_linear_system,,, -10
test_unseen_00022,oracle,100,unseen,Complete the equivalent fractions: 7/20 = 35/[blank].,100,35,False,ratio_proportion,,,solve_proportion,,, 35
test_unseen_00023,oracle,100,unseen,"Unroll b(n+1) = b(n) + 4, with b(1) = -13, to obtain b(8).",15,13,False,recurrence,,,unroll_recurrence,,, 13
test_unseen_00024,oracle,100,unseen,"Without solving for x and y, evaluate x^2 + y^2 when x + y = -17 and xy = 60.",169,256,False,symmetric_polynomial_identity,,,expand_symmetric_identity,,, 256
test_unseen_00025,oracle,100,unseen,"Using (u - v)(u + v), calculate 24^2 - 16^2.",320,1024,False,factorization,,,factor_difference_of_squares,,, 1024
test_unseen_00026,oracle,100,unseen,What number does 2u^2 - 7u + 9 produce when u is 2?,3,10,False,substitution,,,substitute_expression,,, 10
test_unseen_00027,oracle,100,unseen,The lines -3x - 3y = 0 and 5x - 5y = 60 intersect. Give the y-coordinate.,-6,10,False,linear_elimination,,,solve_linear_system,,, 10
test_unseen_00028,oracle,100,unseen,"At a fixed rate, 3 items cost 2 dollars. What do 24 items cost?",16,12,False,ratio_proportion,,,solve_proportion,,, 12
test_unseen_00029,oracle,100,unseen,A machine begins at -9; after each round it changes its value by -1. What value appears after 13 updates?,-22,-10,False,recurrence,,,unroll_recurrence,,, -10
test_unseen_00030,oracle,100,unseen,The roots x and y of t^2 - (-3)t + (-54) = 0 are real. Find x^2 + y^2.,117,25,False,symmetric_polynomial_identity,,,expand_symmetric_identity,,, 25
test_unseen_00031,oracle,100,unseen,A square of side 5 is removed from a square of side 41. What area remains?,1656,100,False,factorization,,,factor_difference_of_squares,,, 100
test_unseen_00032,oracle,100,unseen,A rule maps q to 3q^2 - 10. Determine its output at q = 1.,-7,10,False,substitution,,,substitute_expression,,, 10
test_unseen_00033,oracle,100,unseen,Find the value of x satisfying both constraints: -x - 3y = -25 and -3x + 5y = 37.,1,-10,False,linear_elimination,,,solve_linear_system,,, -10
test_unseen_00034,oracle,100,unseen,Complete the equivalent fractions: 3/16 = 24/[blank].,128,24/16,False,ratio_proportion,,,solve_proportion,,, 24/16
test_unseen_00035,oracle,100,unseen,"Unroll b(n+1) = b(n) + 3, with b(1) = 8, to obtain b(4).",17,10,False,recurrence,,,unroll_recurrence,,, 10
test_unseen_00036,oracle,100,unseen,"Without solving for x and y, evaluate x^2 + y^2 when x + y = 6 and xy = -91.",218,253,False,symmetric_polynomial_identity,,,expand_symmetric_identity,,, 253
test_unseen_00037,oracle,100,unseen,"Using (u - v)(u + v), calculate 47^2 - 38^2.",765,2109,False,factorization,,,factor_difference_of_squares,,, 2109
test_unseen_00038,oracle,100,unseen,What number does -u^2 + 8u - 1 produce when u is -4?,-49,10,False,substitution,,,substitute_expression,,, 10
test_unseen_00039,oracle,100,unseen,The lines 3x + 2y = -28 and -4x + 3y = 26 intersect. Give the y-coordinate.,-2,-1,False,linear_elimination,,,solve_linear_system,,, -1
test_unseen_00040,oracle,100,unseen,"At a fixed rate, 15 items cost 15 dollars. What do 60 items cost?",60,15,False,ratio_proportion,,,solve_proportion,,, 15
test_unseen_00041,oracle,100,unseen,A machine begins at -4; after each round it changes its value by 6. What value appears after 4 updates?,20,12,False,recurrence,,,unroll_recurrence,,, 12
test_unseen_00042,oracle,100,unseen,The roots x and y of t^2 - (6)t + (-112) = 0 are real. Find x^2 + y^2.,260,103,False,symmetric_polynomial_identity,,,expand_symmetric_identity,,, 103
test_unseen_00043,oracle,100,unseen,A square of side 40 is removed from a square of side 64. What area remains?,2496,120,False,factorization,,,factor_difference_of_squares,,, 120
test_unseen_00044,oracle,100,unseen,A rule maps q to 4q^2 - 5q - 2. Determine its output at q = -2.,24,10,False,substitution,,,substitute_expression,,, 10
test_unseen_00045,oracle,100,unseen,Find the value of y satisfying both constraints: -5x - 4y = -10 and x + 5y = -19.,-5,-19,False,linear_elimination,,,solve_linear_system,,, -19
test_unseen_00046,oracle,100,unseen,Complete the equivalent fractions: 8/20 = 96/[blank].,240,96,False,ratio_proportion,,,solve_proportion,,, 96
test_unseen_00047,oracle,100,unseen,"Unroll b(n+1) = b(n) + 8, with b(1) = 8, to obtain b(6).",48,12,False,recurrence,,,unroll_recurrence,,, 12
test_unseen_00048,oracle,100,unseen,"Without solving for x and y, evaluate x^2 + y^2 when x + y = -18 and xy = 80.",164,256,False,symmetric_polynomial_identity,,,expand_symmetric_identity,,, 256
test_unseen_00049,oracle,100,unseen,"Using (u - v)(u + v), calculate 12^2 - 11^2.",23,156,False,factorization,,,factor_difference_of_squares,,, 156
test_unseen_00050,oracle,100,unseen,What number does u^2 + u - 12 produce when u is 1?,-10,19,False,substitution,,,substitute_expression,,, 19
test_unseen_00051,oracle,100,unseen,The lines -3x - 2y = 19 and 3x - 5y = 16 intersect. Give the x-coordinate.,-3,16,False,linear_elimination,,,solve_linear_system,,, 16
test_unseen_00052,oracle,100,unseen,"At a fixed rate, 3 items cost 5 dollars. What do 24 items cost?",40,12,False,ratio_proportion,,,solve_proportion,,, 12
test_unseen_00053,oracle,100,unseen,A machine begins at 12; after each round it changes its value by 9. What value appears after 2 updates?,30,18,False,recurrence,,,unroll_recurrence,,, 18
test_unseen_00054,oracle,100,unseen,The roots x and y of t^2 - (18)t + (65) = 0 are real. Find x^2 + y^2.,194,25,False,symmetric_polynomial_identity,,,expand_symmetric_identity,,, 25
test_unseen_00055,oracle,100,unseen,A square of side 21 is removed from a square of side 47. What area remains?,1768,100,False,factorization,,,factor_difference_of_squares,,, 100
test_unseen_00056,oracle,100,unseen,A rule maps q to 8 - 3q^2. Determine its output at q = -5.,-67,-10,False,substitution,,,substitute_expression,,, -10
test_unseen_00057,oracle,100,unseen,Find the value of x satisfying both constraints: 4x - y = -29 and -5x - 5y = 30.,-7,-10,False,linear_elimination,,,solve_linear_system,,, -10
test_unseen_00058,oracle,100,unseen,Complete the equivalent fractions: 3/8 = 6/[blank].,16,12,False,ratio_proportion,,,solve_proportion,,, 12
test_unseen_00059,oracle,100,unseen,"Unroll b(n+1) = b(n) - 4, with b(1) = -16, to obtain b(5).",-32,-16,False,recurrence,,,unroll_recurrence,,, -16
test_unseen_00060,oracle,100,unseen,"Without solving for x and y, evaluate x^2 + y^2 when x + y = -10 and xy = -24.",148,256,False,symmetric_polynomial_identity,,,expand_symmetric_identity,,, 256
test_unseen_00061,oracle,100,unseen,"Using (u - v)(u + v), calculate 67^2 - 12^2.",4345,211,False,factorization,,,factor_difference_of_squares,,, 211
test_unseen_00062,oracle,100,unseen,What number does -u^2 + 4u - 1 produce when u is -4?,-33,10,False,substitution,,,substitute_expression,,, 10
test_unseen_00063,oracle,100,unseen,The lines -3x - y = -26 and -x + y = -10 intersect. Give the x-coordinate.,9,-1,False,linear_elimination,,,solve_linear_system,,, -1
test_unseen_00064,oracle,100,unseen,"At a fixed rate, 12 items cost 7 dollars. What do 108 items cost?",63,128,False,ratio_proportion,,,solve_proportion,,, 128
test_unseen_00065,oracle,100,unseen,A machine begins at -2; after each round it changes its value by -4. What value appears after 9 updates?,-38,-1,False,recurrence,,,unroll_recurrence,,, -1
test_unseen_00066,oracle,100,unseen,The roots x and y of t^2 - (27)t + (182) = 0 are real. Find x^2 + y^2.,365,103,False,symmetric_polynomial_identity,,,expand_symmetric_identity,,, 103
test_unseen_00067,oracle,100,unseen,A square of side 33 is removed from a square of side 64. What area remains?,3007,188,False,factorization,,,factor_difference_of_squares,,, 188
test_unseen_00068,oracle,100,unseen,A rule maps q to -q^2 + q + 10. Determine its output at q = 2.,8,-10,False,substitution,,,substitute_expression,,, -10
test_unseen_00069,oracle,100,unseen,Find the value of y satisfying both constraints: x + 2y = 17 and 2x - 4y = -14.,6,14,False,linear_elimination,,,solve_linear_system,,, 14
test_unseen_00070,oracle,100,unseen,Complete the equivalent fractions: 11/8 = 66/[blank].,48,66,False,ratio_proportion,,,solve_proportion,,, 66
test_unseen_00071,oracle,100,unseen,"Unroll b(n+1) = b(n) - 2, with b(1) = 10, to obtain b(13).",-14,10,False,recurrence,,,unroll_recurrence,,, 10
test_unseen_00072,oracle,100,unseen,"Without solving for x and y, evaluate x^2 + y^2 when x + y = -18 and xy = 56.",212,256,False,symmetric_polynomial_identity,,,expand_symmetric_identity,,, 256
test_unseen_00073,oracle,100,unseen,"Using (u - v)(u + v), calculate 40^2 - 25^2.",975,1600,False,factorization,,,factor_difference_of_squares,,, 1600
test_unseen_00074,oracle,100,unseen,What number does 2u^2 + 5u - 3 produce when u is -7?,60,10,False,substitution,,,substitute_expression,,, 10
test_unseen_00075,oracle,100,unseen,The lines x - 4y = -33 and -5x - 2y = -11 intersect. Give the y-coordinate.,8,-11,False,linear_elimination,,,solve_linear_system,,, -11
test_unseen_00076,oracle,100,unseen,"At a fixed rate, 2 items cost 7 dollars. What do 24 items cost?",84,12,False,ratio_proportion,,,solve_proportion,,, 12
test_unseen_00077,oracle,100,unseen,A machine begins at 0; after each round it changes its value by -3. What value appears after 12 updates?,-36,-10,False,recurrence,,,unroll_recurrence,,, -10
test_unseen_00078,oracle,100,unseen,The roots x and y of t^2 - (12)t + (35) = 0 are real. Find x^2 + y^2.,74,25,False,symmetric_polynomial_identity,,,expand_symmetric_identity,,, 25
test_unseen_00079,oracle,100,unseen,A square of side 23 is removed from a square of side 52. What area remains?,2175,100,False,factorization,,,factor_difference_of_squares,,, 100
test_unseen_00080,oracle,100,unseen,A rule maps q to 3q^2 - 8q + 6. Determine its output at q = 2.,2,10,False,substitution,,,substitute_expression,,, 10
test_unseen_00081,oracle,100,unseen,Find the value of y satisfying both constraints: -3x + 5y = 24 and -2x + 4y = 16.,0,-12,False,linear_elimination,,,solve_linear_system,,, -12
test_unseen_00082,oracle,100,unseen,Complete the equivalent fractions: 15/2 = 105/[blank].,14,105,False,ratio_proportion,,,solve_proportion,,, 105
test_unseen_00083,oracle,100,unseen,"Unroll b(n+1) = b(n) - 4, with b(1) = -17, to obtain b(15).",-73,-17,False,recurrence,,,unroll_recurrence,,, -17
test_unseen_00084,oracle,100,unseen,"Without solving for x and y, evaluate x^2 + y^2 when x + y = -9 and xy = 18.",45,25,False,symmetric_polynomial_identity,,,expand_symmetric_identity,,, 25
test_unseen_00085,oracle,100,unseen,"Using (u - v)(u + v), calculate 30^2 - 9^2.",819,2169,False,factorization,,,factor_difference_of_squares,,, 2169
test_unseen_00086,oracle,100,unseen,What number does 3u^2 - 11 produce when u is 7?,136,10,False,substitution,,,substitute_expression,,, 10
test_unseen_00087,oracle,100,unseen,The lines 3x + 2y = 8 and -5x - 5y = -25 intersect. Give the x-coordinate.,-2,-1,False,linear_elimination,,,solve_linear_system,,, -1
test_unseen_00088,oracle,100,unseen,"At a fixed rate, 8 items cost 2 dollars. What do 80 items cost?",20,120,False,ratio_proportion,,,solve_proportion,,, 120
test_unseen_00089,oracle,100,unseen,A machine begins at -13; after each round it changes its value by -7. What value appears after 14 updates?,-111,-13,False,recurrence,,,unroll_recurrence,,, -13
test_unseen_00090,oracle,100,unseen,The roots x and y of t^2 - (13)t + (36) = 0 are real. Find x^2 + y^2.,97,25,False,symmetric_polynomial_identity,,,expand_symmetric_identity,,, 25
test_unseen_00091,oracle,100,unseen,A square of side 16 is removed from a square of side 72. What area remains?,4928,216,False,factorization,,,factor_difference_of_squares,,, 216
test_unseen_00092,oracle,100,unseen,A rule maps q to 4q^2 - 7q. Determine its output at q = 0.,0,100,False,substitution,,,substitute_expression,,, 100
test_unseen_00093,oracle,100,unseen,Find the value of y satisfying both constraints: 5x - 2y = 31 and -4x + 3y = -15.,7,-15,False,linear_elimination,,,solve_linear_system,,, -15
test_unseen_00094,oracle,100,unseen,Complete the equivalent fractions: 3/18 = 12/[blank].,72,12/18,False,ratio_proportion,,,solve_proportion,,, 12/18
test_unseen_00095,oracle,100,unseen,"Unroll b(n+1) = b(n) - 3, with b(1) = -14, to obtain b(7).",-32,-14,False,recurrence,,,unroll_recurrence,,, -14
test_unseen_00096,oracle,100,unseen,"Without solving for x and y, evaluate x^2 + y^2 when x + y = -15 and xy = 56.",113,252,False,symmetric_polynomial_identity,,,expand_symmetric_identity,,, 252
test_unseen_00097,oracle,100,unseen,"Using (u - v)(u + v), calculate 58^2 - 36^2.",2068,2109,False,factorization,,,factor_difference_of_squares,,, 2109
test_unseen_00098,oracle,100,unseen,What number does -4u^2 + 8u produce when u is 4?,-32,12,False,substitution,,,substitute_expression,,, 12
test_unseen_00099,oracle,100,unseen,The lines 2x + y = 7 and -3x - 5y = 21 intersect. Give the y-coordinate.,-9,-1,False,linear_elimination,,,solve_linear_system,,, -1
test_unseen_00100,oracle,100,unseen,"At a fixed rate, 5 items cost 8 dollars. What do 25 items cost?",40,15,False,ratio_proportion,,,solve_proportion,,, 15
test_unseen_00101,oracle,100,unseen,A machine begins at 7; after each round it changes its value by 2. What value appears after 7 updates?,21,10,False,recurrence,,,unroll_recurrence,,, 10
test_unseen_00102,oracle,100,unseen,The roots x and y of t^2 - (10)t + (-24) = 0 are real. Find x^2 + y^2.,148,100,False,symmetric_polynomial_identity,,,expand_symmetric_identity,,, 100
test_unseen_00103,oracle,100,unseen,A square of side 23 is removed from a square of side 80. What area remains?,5871,108,False,factorization,,,factor_difference_of_squares,,, 108
test_unseen_00104,oracle,100,unseen,A rule maps q to -5q^2 + 4q - 2. Determine its output at q = 0.,-2,-10,False,substitution,,,substitute_expression,,, -10
test_unseen_00105,oracle,100,unseen,Find the value of x satisfying both constraints: -5x + 2y = -24 and 2x + 4y = 48.,8,18,False,linear_elimination,,,solve_linear_system,,, 18
test_unseen_00106,oracle,100,unseen,Complete the equivalent fractions: 6/11 = 30/[blank].,55,30/11,False,ratio_proportion,,,solve_proportion,,, 30/11
test_unseen_00107,oracle,100,unseen,"Unroll b(n+1) = b(n) + 1, with b(1) = 16, to obtain b(12).",27,19,False,recurrence,,,unroll_recurrence,,, 19
test_unseen_00108,oracle,100,unseen,"Without solving for x and y, evaluate x^2 + y^2 when x + y = 15 and xy = 14.",197,25,False,symmetric_polynomial_identity,,,expand_symmetric_identity,,, 25
test_unseen_00109,oracle,100,unseen,"Using (u - v)(u + v), calculate 74^2 - 15^2.",5251,2109,False,factorization,,,factor_difference_of_squares,,, 2109
test_unseen_00110,oracle,100,unseen,What number does -5u^2 - 6u - 6 produce when u is 0?,-6,10,False,substitution,,,substitute_expression,,, 10
test_unseen_00111,oracle,100,unseen,The lines -3x - y = 2 and -5x - 5y = 10 intersect. Give the x-coordinate.,0,-1,False,linear_elimination,,,solve_linear_system,,, -1
test_unseen_00112,oracle,100,unseen,"At a fixed rate, 8 items cost 17 dollars. What do 80 items cost?",170,180,False,ratio_proportion,,,solve_proportion,,, 180
test_unseen_00113,oracle,100,unseen,A machine begins at 18; after each round it changes its value by -2. What value appears after 5 updates?,8,-10,False,recurrence,,,unroll_recurrence,,, -10
test_unseen_00114,oracle,100,unseen,The roots x and y of t^2 - (9)t + (14) = 0 are real. Find x^2 + y^2.,53,25,False,symmetric_polynomial_identity,,,expand_symmetric_identity,,, 25
test_unseen_00115,oracle,100,unseen,A square of side 14 is removed from a square of side 77. What area remains?,5733,100,False,factorization,,,factor_difference_of_squares,,, 100
test_unseen_00116,oracle,100,unseen,A rule maps q to -q^2 + 2q - 8. Determine its output at q = 7.,-43,-12,False,substitution,,,substitute_expression,,, -12
test_unseen_00117,oracle,100,unseen,Find the value of y satisfying both constraints: 5x + 3y = 15 and 4x + y = 12.,0,12,False,linear_elimination,,,solve_linear_system,,, 12
test_unseen_00118,oracle,100,unseen,Complete the equivalent fractions: 10/3 = 70/[blank].,21,70,False,ratio_proportion,,,solve_proportion,,, 70
test_unseen_00119,oracle,100,unseen,"Unroll b(n+1) = b(n) - 1, with b(1) = -16, to obtain b(3).",-18,12,False,recurrence,,,unroll_recurrence,,, 12
test_seen_00000,structure_aware,100,seen,"If x + y = -20 and xy = 84, find x^2 + y^2.",232,30,False,symmetric_polynomial_identity,quadratic_equation,False,expand_symmetric_identity,solve_quadratic_equation,False,"STRUCTURE: quadratic_equation
TOOL: solve_quadratic_equation
ANSWER: 30"
test_seen_00001,structure_aware,100,seen,Evaluate 71^2 - 11^2.,4920,3436,False,factorization,factorization,True,factor_difference_of_squares,factor_difference_of_squares,True,"STRUCTURE: factorization
TOOL: factor_difference_of_squares
ANSWER: 3436"
test_seen_00002,structure_aware,100,seen,Let f(t) = t^2 - 5t + 2. Find f(2).,-4,6,False,substitution,factorization,False,substitute_expression,factor_difference_of_squares,False,"STRUCTURE: factorization
TOOL: factor_difference_of_squares
ANSWER: 6"
test_seen_00003,structure_aware,100,seen,Solve 4x + 3y = -3 and x + y = -3. What is x?,6,-3,False,linear_elimination,substitution,False,solve_linear_system,substitute_expression,False,"STRUCTURE: substitution
TOOL: substitute_expression
ANSWER: -3"
test_seen_00004,structure_aware,100,seen,Solve the proportion 2/5 = 6/x for x.,15,10,False,ratio_proportion,proportions,False,solve_proportion,solve_proportion,True,"STRUCTURE: proportions
TOOL: solve_proportion
ANSWER: 10"
test_seen_00005,structure_aware,100,seen,A sequence starts with a1 = -11 and each next term is the current term + 4. Find a4.,1,10,False,recurrence,recurrence_relation,False,unroll_recurrence,solve_recurrence_relation,False,"STRUCTURE: recurrence_relation
TOOL: solve_recurrence_relation
ANSWER: 10"
test_seen_00006,structure_aware,100,seen,Two numbers have sum -9 and product -10. What is the sum of their squares?,101,18,False,symmetric_polynomial_identity,symmetric_symmetry,False,expand_symmetric_identity,solve_symmetry,False,"STRUCTURE: symmetric_symmetry
TOOL: solve_symmetry
ANSWER: 18"
test_seen_00007,structure_aware,100,seen,Compute the difference of squares: 42 squared minus 33 squared.,675,192,False,factorization,factorization,True,factor_difference_of_squares,factor_difference_of_squares,True,"STRUCTURE: factorization
TOOL: factor_difference_of_squares
ANSWER: 192"
test_seen_00008,structure_aware,100,seen,Substitute z = 2 into 2z^2 + 8z - 4.,20,20,True,substitution,substitution,True,substitute_expression,substitute_expression,True,"STRUCTURE: substitution
TOOL: substitute_expression
ANSWER: 20"
test_seen_00009,structure_aware,100,seen,The equations -4x - 5y = 1 and 4x - 5y = -31 hold simultaneously. Find x.,-4,10,False,linear_elimination,substitution,False,solve_linear_system,solve_substitution,False,"STRUCTURE: substitution
TOOL: solve_substitution
ANSWER: 10"
test_seen_00010,structure_aware,100,seen,"If 2:7 = 12:x, what is x?",42,12,False,ratio_proportion,linear_equation,False,solve_proportion,solve_linear_equation,False,"STRUCTURE: linear_equation
TOOL: solve_linear_equation
ANSWER: 12"
test_seen_00011,structure_aware,100,seen,"Starting at -16, repeatedly change the value by -1. What is term 11, counting the start as term 1?",-26,11,False,recurrence,permutation,False,unroll_recurrence,permute,False,"STRUCTURE: permutation
TOOL: permute
ANSWER: 11"
test_seen_00012,structure_aware,100,seen,"Given s = x + y = -8 and p = xy = -48, compute x^2 + y^2.",160,18,False,symmetric_polynomial_identity,quadratic_formula,False,expand_symmetric_identity,solve_linear_equation,False,"STRUCTURE: quadratic_formula
TOOL: solve_linear_equation
ANSWER: 18"
test_seen_00013,structure_aware,100,seen,What is 43^2 - 39^2? Use factorization if helpful.,328,169,False,factorization,factorization,True,factor_difference_of_squares,factor_difference_of_squares,True,"STRUCTURE: factorization
TOOL: factor_difference_of_squares
ANSWER: 169"
test_seen_00014,structure_aware,100,seen,"For P(x) = -4x^2 + 6x + 8, evaluate P(7).",-146,10,False,substitution,substitution,True,substitute_expression,evaluate_substitution,False,"STRUCTURE: substitution
TOOL: evaluate_substitution
ANSWER: 10"
test_seen_00015,structure_aware,100,seen,Use elimination on the system 3x + 5y = 8; 2x - 3y = -1. Determine x.,1,10,False,linear_elimination,elimination,False,solve_linear_system,solve_system,False,"STRUCTURE: elimination
TOOL: solve_system
ANSWER: 10"
test_seen_00016,structure_aware,100,seen,The ratio 15 to 4 equals the ratio 105 to x. Find x.,28,105,False,ratio_proportion,ratio_to_proportion,False,solve_proportion,solve_proportion,True,"STRUCTURE: ratio_to_proportion
TOOL: solve_proportion
ANSWER: 105"
test_seen_00017,structure_aware,100,seen,An arithmetic sequence has first term 17 and common difference -8. Find its 7th term.,-31,21,False,recurrence,permutation,False,unroll_recurrence,permutation_permutation,False,"STRUCTURE: permutation
TOOL: permutation_permutation
ANSWER: 21"
test_seen_00018,structure_aware,100,seen,"If x + y = -4 and xy = -60, find x^2 + y^2.",136,18,False,symmetric_polynomial_identity,quadratic_equation,False,expand_symmetric_identity,solve_quadratic_equation,False,"STRUCTURE: quadratic_equation
TOOL: solve_quadratic_equation
ANSWER: 18"
test_seen_00019,structure_aware,100,seen,Evaluate 45^2 - 40^2.,425,1960,False,factorization,factorization,True,factor_difference_of_squares,factor_difference_of_squares,True,"STRUCTURE: factorization
TOOL: factor_difference_of_squares
ANSWER: 1960"
test_seen_00020,structure_aware,100,seen,Let f(t) = 4t^2 - 5t - 3. Find f(0).,-3,10,False,substitution,substitution,True,substitute_expression,substitute_expression,True,"STRUCTURE: substitution
TOOL: substitute_expression
ANSWER: 10"
test_seen_00021,structure_aware,100,seen,Solve -5x + 2y = -2 and x + 4y = 18. What is x?,2,18,False,linear_elimination,substitution,False,solve_linear_system,solve_substitution,False,"STRUCTURE: substitution
TOOL: solve_substitution
ANSWER: 18"
test_seen_00022,structure_aware,100,seen,Solve the proportion 7/6 = 84/x for x.,72,100,False,ratio_proportion,proportions,False,solve_proportion,solve_proportion,True,"STRUCTURE: proportions
TOOL: solve_proportion
ANSWER: 100"
test_seen_00023,structure_aware,100,seen,A sequence starts with a1 = -11 and each next term is the current term - 7. Find a12.,-88,-12,False,recurrence,recurrence_relation,False,unroll_recurrence,solve_recurrence_relation,False,"STRUCTURE: recurrence_relation
TOOL: solve_recurrence_relation
ANSWER: -12"
test_seen_00024,structure_aware,100,seen,Two numbers have sum 4 and product -60. What is the sum of their squares?,136,18,False,symmetric_polynomial_identity,symmetric_symmetry,False,expand_symmetric_identity,solve_symmetry,False,"STRUCTURE: symmetric_symmetry
TOOL: solve_symmetry
ANSWER: 18"
test_seen_00025,structure_aware,100,seen,Compute the difference of squares: 77 squared minus 8 squared.,5865,256,False,factorization,factorization,True,factor_difference_of_squares,factor_difference_of_squares,True,"STRUCTURE: factorization
TOOL: factor_difference_of_squares
ANSWER: 256"
test_seen_00026,structure_aware,100,seen,Substitute z = -7 into 2z^2 + 6z + 6.,62,10,False,substitution,substitution,True,substitute_expression,substitute_expression,True,"STRUCTURE: substitution
TOOL: substitute_expression
ANSWER: 10

What is the answer to the following cryptic question: ""What is the name of the person who is the father of the person who is the mother of the person who is the father of the person who is the mother"
test_seen_00027,structure_aware,100,seen,The equations -4x - 4y = 56 and -3x - 5y = 60 hold simultaneously. Find y.,-9,10,False,linear_elimination,substitution,False,solve_linear_system,solve_substitution,False,"STRUCTURE: substitution
TOOL: solve_substitution
ANSWER: 10"
test_seen_00028,structure_aware,100,seen,"If 3:19 = 27:x, what is x?",171,10,False,ratio_proportion,linear_estimation,False,solve_proportion,linear_estimation,False,"STRUCTURE: linear_estimation
TOOL: linear_estimation
ANSWER: 10"
test_seen_00029,structure_aware,100,seen,"Starting at 9, repeatedly change the value by -1. What is term 8, counting the start as term 1?",2,10,False,recurrence,permutation,False,unroll_recurrence,swap_term,False,"STRUCTURE: permutation
TOOL: swap_term
ANSWER: 10"
test_seen_00030,structure_aware,100,seen,"Given s = x + y = 27 and p = xy = 180, compute x^2 + y^2.",369,35,False,symmetric_polynomial_identity,quadratic_equation,False,expand_symmetric_identity,solve_linear_equation,False,"STRUCTURE: quadratic_equation
TOOL: solve_linear_equation
ANSWER: 35"
test_seen_00031,structure_aware,100,seen,What is 32^2 - 26^2? Use factorization if helpful.,348,18,False,factorization,factorization,True,factor_difference_of_squares,factor_difference_of_squares,True,"STRUCTURE: factorization
TOOL: factor_difference_of_squares
ANSWER: 18"
test_seen_00032,structure_aware,100,seen,"For P(x) = -5x^2 - 6x + 10, evaluate P(-4).",-46,-10,False,substitution,substitution,True,substitute_expression,evaluate_substitution,False,"STRUCTURE: substitution
TOOL: evaluate_substitution
ANSWER: -10"
test_seen_00033,structure_aware,100,seen,Use elimination on the system 5x + 4y = 3; x - y = 6. Determine y.,-3,6,False,linear_elimination,elimination,False,solve_linear_system,solve_elimination,False,"STRUCTURE: elimination
TOOL: solve_elimination
ANSWER: 6"
test_seen_00034,structure_aware,100,seen,The ratio 14 to 12 equals the ratio 112 to x. Find x.,96,112,False,ratio_proportion,proportions,False,solve_proportion,solve_proportions,False,"STRUCTURE: proportions
TOOL: solve_proportions
ANSWER: 112"
test_seen_00035,structure_aware,100,seen,An arithmetic sequence has first term -17 and common difference 3. Find its 5th term.,-5,65,False,recurrence,permutation,False,unroll_recurrence,permutation_permutation,False,"STRUCTURE: permutation
TOOL: permutation_permutation
ANSWER: 65"
test_seen_00036,structure_aware,100,seen,"If x + y = -8 and xy = -20, find x^2 + y^2.",104,18,False,symmetric_polynomial_identity,quadratic_equation,False,expand_symmetric_identity,solve_quadratic_equation,False,"STRUCTURE: quadratic_equation
TOOL: solve_quadratic_equation
ANSWER: 18"
test_seen_00037,structure_aware,100,seen,Evaluate 21^2 - 14^2.,245,1696,False,factorization,factorization,True,factor_difference_of_squares,factor_difference_of_squares,True,"STRUCTURE: factorization
TOOL: factor_difference_of_squares
ANSWER: 1696"
test_seen_00038,structure_aware,100,seen,Let f(t) = -2t^2 + t - 5. Find f(-2).,-15,-10,False,substitution,substitution,True,substitute_expression,substitution,False,"STRUCTURE: substitution
TOOL: substitution
ANSWER: -10"
test_seen_00039,structure_aware,100,seen,Solve x + y = -6 and -2x - 5y = 21. What is y?,-3,-10,False,linear_elimination,substitution,False,solve_linear_system,substitute_expression,False,"STRUCTURE: substitution
TOOL: substitute_expression
ANSWER: -10"
test_seen_00040,structure_aware,100,seen,Solve the proportion 10/3 = 30/x for x.,9,30,False,ratio_proportion,proportions,False,solve_proportion,solve_proportion,True,"STRUCTURE: proportions
TOOL: solve_proportion
ANSWER: 30"
test_seen_00041,structure_aware,100,seen,A sequence starts with a1 = -19 and each next term is the current term - 9. Find a11.,-109,-19,False,recurrence,recurrence_recurrence_table,False,unroll_recurrence,solve_recurrence_table,False,"STRUCTURE: recurrence_recurrence_table
TOOL: solve_recurrence_table
ANSWER: -19"
test_seen_00042,structure_aware,100,seen,Two numbers have sum 16 and product 48. What is the sum of their squares?,160,36,False,symmetric_polynomial_identity,symmetric_symmetry,False,expand_symmetric_identity,solve_symmetry,False,"STRUCTURE: symmetric_symmetry
TOOL: solve_symmetry
ANSWER: 36"
test_seen_00043,structure_aware,100,seen,Compute the difference of squares: 67 squared minus 34 squared.,3333,101,False,factorization,factorization,True,factor_difference_of_squares,factor_difference_of_squares,True,"STRUCTURE: factorization
TOOL: factor_difference_of_squares
ANSWER: 101"
test_seen_00044,structure_aware,100,seen,Substitute z = -2 into 4z^2 - 5z + 6.,32,10,False,substitution,substitution,True,substitute_expression,substitute_expression,True,"STRUCTURE: substitution
TOOL: substitute_expression
ANSWER: 10"
test_seen_00045,structure_aware,100,seen,The equations -3x + 2y = -1 and x - 3y = 5 hold simultaneously. Find x.,-1,6,False,linear_elimination,substitution,False,solve_linear_system,solve_substitution,False,"STRUCTURE: substitution
TOOL: solve_substitution
ANSWER: 6"
test_seen_00046,structure_aware,100,seen,"If 2:5 = 10:x, what is x?",25,10,False,ratio_proportion,linear_equation,False,solve_proportion,solve_linear_equation,False,"STRUCTURE: linear_equation
TOOL: solve_linear_equation
ANSWER: 10"
test_seen_00047,structure_aware,100,seen,"Starting at 16, repeatedly change the value by -6. What is term 12, counting the start as term 1?",-50,12,False,recurrence,permutation,False,unroll_recurrence,permute_term_12,False,"STRUCTURE: permutation
TOOL: permute_term_12
ANSWER: 12"
test_seen_00048,structure_aware,100,seen,"Given s = x + y = -11 and p = xy = 18, compute x^2 + y^2.",85,33,False,symmetric_polynomial_identity,quadratic_equation,False,expand_symmetric_identity,solve_linear_equation,False,"STRUCTURE: quadratic_equation
TOOL: solve_linear_equation
ANSWER: 33"
test_seen_00049,structure_aware,100,seen,What is 54^2 - 26^2? Use factorization if helpful.,2240,144,False,factorization,factorization,True,factor_difference_of_squares,factor_difference_of_squares,True,"STRUCTURE: factorization
TOOL: factor_difference_of_squares
ANSWER: 144"
test_seen_00050,structure_aware,100,seen,"For P(x) = -4x^2 - 8x - 7, evaluate P(-1).",-3,-10,False,substitution,substitution,True,substitute_expression,evaluate_substitution,False,"STRUCTURE: substitution
TOOL: evaluate_substitution
ANSWER: -10"
test_seen_00051,structure_aware,100,seen,Use elimination on the system 3x + 4y = -14; -3x - 2y = 16. Determine x.,-6,10,False,linear_elimination,elimination,False,solve_linear_system,solve_system,False,"STRUCTURE: elimination
TOOL: solve_system
ANSWER: 10"
test_seen_00052,structure_aware,100,seen,The ratio 5 to 3 equals the ratio 15 to x. Find x.,9,15,False,ratio_proportion,algebra,False,solve_proportion,solve_algebra_problem,False,"STRUCTURE: algebra
TOOL: solve_algebra_problem
ANSWER: 15"
test_seen_00053,structure_aware,100,seen,An arithmetic sequence has first term 10 and common difference -1. Find its 14th term.,-3,15,False,recurrence,permutation,False,unroll_recurrence,permutation,False,"STRUCTURE: permutation
TOOL: permutation
ANSWER: 15"
test_seen_00054,structure_aware,100,seen,"If x + y = 7 and xy = -98, find x^2 + y^2.",245,33,False,symmetric_polynomial_identity,quadratic_equation,False,expand_symmetric_identity,solve_quadratic_equation,False,"STRUCTURE: quadratic_equation
TOOL: solve_quadratic_equation
ANSWER: 33"
test_seen_00055,structure_aware,100,seen,Evaluate 48^2 - 43^2.,455,1964,False,factorization,factorization,True,factor_difference_of_squares,factor_difference_of_squares,True,"STRUCTURE: factorization
TOOL: factor_difference_of_squares
ANSWER: 1964"
test_seen_00056,structure_aware,100,seen,Let f(t) = 3t^2 + 2t - 8. Find f(-2).,0,10,False,substitution,substitution,True,substitute_expression,substitution,False,"STRUCTURE: substitution
TOOL: substitution
ANSWER: 10"
test_seen_00057,structure_aware,100,seen,Solve -2x + 2y = -14 and 5x - 3y = 17. What is y?,-9,-13,False,linear_elimination,linear_equation_solving,False,solve_linear_system,linear_equation_solving_solver,False,"STRUCTURE: linear_equation_solving
TOOL: linear_equation_solving_solver
ANSWER: -13"
test_seen_00058,structure_aware,100,seen,Solve the proportion 11/16 = 66/x for x.,96,16,False,ratio_proportion,proportions,False,solve_proportion,solve_proportion,True,"STRUCTURE: proportions
TOOL: solve_proportion
ANSWER: 16"
test_seen_00059,structure_aware,100,seen,A sequence starts with a1 = 8 and each next term is the current term + 7. Find a7.,50,21,False,recurrence,recurrence_recursive,False,unroll_recurrence,solve_recursive,False,"STRUCTURE: recurrence_recursive
TOOL: solve_recursive
ANSWER: 21"
test_seen_00060,structure_aware,100,seen,Two numbers have sum 29 and product 210. What is the sum of their squares?,421,180,False,symmetric_polynomial_identity,symmetric_symmetry,False,expand_symmetric_identity,solve_symmetry,False,"STRUCTURE: symmetric_symmetry
TOOL: solve_symmetry
ANSWER: 180"
test_seen_00061,structure_aware,100,seen,Compute the difference of squares: 69 squared minus 37 squared.,3392,316,False,factorization,factorization,True,factor_difference_of_squares,factor_difference_of_squares,True,"STRUCTURE: factorization
TOOL: factor_difference_of_squares
ANSWER: 316"
test_seen_00062,structure_aware,100,seen,Substitute z = -1 into 4z^2 + 5z + 11.,10,16,False,substitution,substitution,True,substitute_expression,substitute_expression,True,"STRUCTURE: substitution
TOOL: substitute_expression
ANSWER: 16

What is the answer to the following cryptic puzzle?
A snail is at the bottom of a 20-foot well. Each day, it climbs up 3 feet, but at night, it slips"
test_seen_00063,structure_aware,100,seen,The equations -4x - 2y = -46 and 4x + 5y = 73 hold simultaneously. Find x.,7,10,False,linear_elimination,substitution,False,solve_linear_system,solve_substitution,False,"STRUCTURE: substitution
TOOL: solve_substitution
ANSWER: 10"
test_seen_00064,structure_aware,100,seen,"If 11:2 = 132:x, what is x?",24,132,False,ratio_proportion,linear_estimation,False,solve_proportion,linear_estimation,False,"STRUCTURE: linear_estimation
TOOL: linear_estimation
ANSWER: 132"
test_seen_00065,structure_aware,100,seen,"Starting at -6, repeatedly change the value by -7. What is term 6, counting the start as term 1?",-41,10,False,recurrence,permutation,False,unroll_recurrence,swap_term,False,"STRUCTURE: permutation
TOOL: swap_term
ANSWER: 10"
test_seen_00066,structure_aware,100,seen,"Given s = x + y = -5 and p = xy = -36, compute x^2 + y^2.",97,18,False,symmetric_polynomial_identity,quadratic_formula,False,expand_symmetric_identity,solve_linear_equation,False,"STRUCTURE: quadratic_formula
TOOL: solve_linear_equation
ANSWER: 18"
test_seen_00067,structure_aware,100,seen,What is 39^2 - 35^2? Use factorization if helpful.,296,181,False,factorization,factorization,True,factor_difference_of_squares,factor_difference_of_squares,True,"STRUCTURE: factorization
TOOL: factor_difference_of_squares
ANSWER: 181"
test_seen_00068,structure_aware,100,seen,"For P(x) = -x^2 - 3x + 3, evaluate P(0).",3,-1,False,substitution,substitution,True,substitute_expression,evaluate_substitution,False,"STRUCTURE: substitution
TOOL: evaluate_substitution
ANSWER: -1
"
test_seen_00069,structure_aware,100,seen,Use elimination on the system -x + 2y = -4; -3x - 4y = -12. Determine y.,0,-1,False,linear_elimination,elimination,False,solve_linear_system,solve_elimination_system,False,"STRUCTURE: elimination
TOOL: solve_elimination_system
ANSWER: -1"
test_seen_00070,structure_aware,100,seen,The ratio 7 to 12 equals the ratio 49 to x. Find x.,84,12,False,ratio_proportion,algebra,False,solve_proportion,solve_algebra_problem,False,"STRUCTURE: algebra
TOOL: solve_algebra_problem
ANSWER: 12"
test_seen_00071,structure_aware,100,seen,An arithmetic sequence has first term 4 and common difference -6. Find its 14th term.,-74,16,False,recurrence,permutation,False,unroll_recurrence,permutation_permutation,False,"STRUCTURE: permutation
TOOL: permutation_permutation
ANSWER: 16"
test_seen_00072,structure_aware,100,seen,"If x + y = -6 and xy = 5, find x^2 + y^2.",26,15,False,symmetric_polynomial_identity,quadratic_equation,False,expand_symmetric_identity,solve_quadratic_equation,False,"STRUCTURE: quadratic_equation
TOOL: solve_quadratic_equation
ANSWER: 15"
test_seen_00073,structure_aware,100,seen,Evaluate 46^2 - 15^2.,1891,1624,False,factorization,factorization,True,factor_difference_of_squares,factor_difference_of_squares,True,"STRUCTURE: factorization
TOOL: factor_difference_of_squares
ANSWER: 1624"
test_seen_00074,structure_aware,100,seen,Let f(t) = 3t^2 - 3t - 1. Find f(-3).,35,10,False,substitution,elimination,False,substitute_expression,solve,False,"STRUCTURE: elimination
TOOL: solve
ANSWER: 10"
test_seen_00075,structure_aware,100,seen,Solve 4x - y = 18 and 3x + 5y = 2. What is x?,4,18,False,linear_elimination,linear_equation_solving,False,solve_linear_system,solve_linear_equation,False,"STRUCTURE: linear_equation_solving
TOOL: solve_linear_equation
ANSWER: 18"
test_seen_00076,structure_aware,100,seen,Solve the proportion 4/11 = 16/x for x.,44,16,False,ratio_proportion,proportions,False,solve_proportion,solve_proportion,True,"STRUCTURE: proportions
TOOL: solve_proportion
ANSWER: 16"
test_seen_00077,structure_aware,100,seen,A sequence starts with a1 = -7 and each next term is the current term - 5. Find a5.,-27,-10,False,recurrence,recurrence_relation,False,unroll_recurrence,solve_recurrence_relation,False,"STRUCTURE: recurrence_relation
TOOL: solve_recurrence_relation
ANSWER: -10"
test_seen_00078,structure_aware,100,seen,Two numbers have sum 4 and product 3. What is the sum of their squares?,10,18,False,symmetric_polynomial_identity,symmetric_symmetry,False,expand_symmetric_identity,solve_symmetry,False,"STRUCTURE: symmetric_symmetry
TOOL: solve_symmetry
ANSWER: 18"
test_seen_00079,structure_aware,100,seen,Compute the difference of squares: 48 squared minus 14 squared.,2108,192,False,factorization,factorization,True,factor_difference_of_squares,factor_difference_of_squares,True,"STRUCTURE: factorization
TOOL: factor_difference_of_squares
ANSWER: 192"
test_seen_00080,structure_aware,100,seen,Substitute z = -5 into 3z^2 + 4z + 4.,59,10,False,substitution,substitution,True,substitute_expression,substitute_expression,True,"STRUCTURE: substitution
TOOL: substitute_expression
ANSWER: 10

What is the answer to the following cryptic question: ""What is the name of the person who is the father of the person who is the mother of the person who is the father of the person who is the mother"
test_seen_00081,structure_aware,100,seen,The equations x - y = 5 and 3x - y = 3 hold simultaneously. Find x.,-1,6,False,linear_elimination,substitution,False,solve_linear_system,solve_substitution,False,"STRUCTURE: substitution
TOOL: solve_substitution
ANSWER: 6"
test_seen_00082,structure_aware,100,seen,"If 4:20 = 40:x, what is x?",200,10,False,ratio_proportion,linear_equation,False,solve_proportion,solve_linear_equation,False,"STRUCTURE: linear_equation
TOOL: solve_linear_equation
ANSWER: 10"
test_seen_00083,structure_aware,100,seen,"Starting at -17, repeatedly change the value by 4. What is term 9, counting the start as term 1?",15,10,False,recurrence,permutation,False,unroll_recurrence,permute,False,"STRUCTURE: permutation
TOOL: permute
ANSWER: 10"
test_seen_00084,structure_aware,100,seen,"Given s = x + y = 2 and p = xy = -3, compute x^2 + y^2.",10,17,False,symmetric_polynomial_identity,quadratic_formula,False,expand_symmetric_identity,solve_linear_equation,False,"STRUCTURE: quadratic_formula
TOOL: solve_linear_equation
ANSWER: 17"
test_seen_00085,structure_aware,100,seen,What is 72^2 - 42^2? Use factorization if helpful.,3420,342,False,factorization,factorization,True,factor_difference_of_squares,factor_difference_of_squares,True,"STRUCTURE: factorization
TOOL: factor_difference_of_squares
ANSWER: 342"
test_seen_00086,structure_aware,100,seen,"For P(x) = 4x^2 + 7x + 5, evaluate P(3).",62,10,False,substitution,substitution,True,substitute_expression,substitute_expression,True,"STRUCTURE: substitution
TOOL: substitute_expression
ANSWER: 10"
test_seen_00087,structure_aware,100,seen,Use elimination on the system 5x + 2y = -48; 2x - 4y = 24. Determine y.,-9,10,False,linear_elimination,elimination,False,solve_linear_system,solve_system,False,"STRUCTURE: elimination
TOOL: solve_system
ANSWER: 10"
test_seen_00088,structure_aware,100,seen,The ratio 3 to 8 equals the ratio 27 to x. Find x.,72,10,False,ratio_proportion,algebra,False,solve_proportion,solve_algebra_problem,False,"STRUCTURE: algebra
TOOL: solve_algebra_problem
ANSWER: 10"
test_seen_00089,structure_aware,100,seen,An arithmetic sequence has first term 14 and common difference -7. Find its 9th term.,-42,19,False,recurrence,permutation,False,unroll_recurrence,permutation_permutation,False,"STRUCTURE: permutation
TOOL: permutation_permutation
ANSWER: 19"
test_seen_00090,structure_aware,100,seen,"If x + y = -11 and xy = 0, find x^2 + y^2.",121,13,False,symmetric_polynomial_identity,quadratic_equation,False,expand_symmetric_identity,solve_quadratic_equation,False,"STRUCTURE: quadratic_equation
TOOL: solve_quadratic_equation
ANSWER: 13"
test_seen_00091,structure_aware,100,seen,Evaluate 59^2 - 13^2.,3312,1119,False,factorization,factorization,True,factor_difference_of_squares,factor_difference_of_squares,True,"STRUCTURE: factorization
TOOL: factor_difference_of_squares
ANSWER: 1119
The answer is: 1119"
test_seen_00092,structure_aware,100,seen,Let f(t) = -5t^2 - 6t - 4. Find f(-2).,-12,-10,False,substitution,substitution,True,substitute_expression,solve,False,"STRUCTURE: substitution
TOOL: solve
ANSWER: -10"
test_seen_00093,structure_aware,100,seen,Solve -4x + y = 25 and 2x - 5y = 19. What is x?,-8,10,False,linear_elimination,substitution,False,solve_linear_system,substitute_expression,False,"STRUCTURE: substitution
TOOL: substitute_expression
ANSWER: 10"
test_seen_00094,structure_aware,100,seen,Solve the proportion 12/4 = 60/x for x.,20,60,False,ratio_proportion,proportions,False,solve_proportion,solve_proportion,True,"STRUCTURE: proportions
TOOL: solve_proportion
ANSWER: 60"
test_seen_00095,structure_aware,100,seen,A sequence starts with a1 = -8 and each next term is the current term - 6. Find a12.,-74,-12,False,recurrence,recurrence_relation,False,unroll_recurrence,solve_recurrence_relation,False,"STRUCTURE: recurrence_relation
TOOL: solve_recurrence_relation
ANSWER: -12"
test_seen_00096,structure_aware,100,seen,Two numbers have sum -17 and product 72. What is the sum of their squares?,145,18,False,symmetric_polynomial_identity,symmetric_symmetry,False,expand_symmetric_identity,solve_symmetry,False,"STRUCTURE: symmetric_symmetry
TOOL: solve_symmetry
ANSWER: 18"
test_seen_00097,structure_aware,100,seen,Compute the difference of squares: 55 squared minus 4 squared.,3009,100,False,factorization,factorization,True,factor_difference_of_squares,factor_difference_of_squares,True,"STRUCTURE: factorization
TOOL: factor_difference_of_squares
ANSWER: 100"
test_seen_00098,structure_aware,100,seen,Substitute z = -3 into -5z^2 - 5z - 9.,-39,-10,False,substitution,substitution,True,substitute_expression,substitute_expression,True,"STRUCTURE: substitution
TOOL: substitute_expression
ANSWER: -10"
test_seen_00099,structure_aware,100,seen,The equations 4x + 3y = -57 and 5x + 5y = -80 hold simultaneously. Find x.,-9,10,False,linear_elimination,linear_equation_system,False,solve_linear_system,solve_linear_system,True,"STRUCTURE: linear_equation_system
TOOL: solve_linear_system
ANSWER: 10"
test_seen_00100,structure_aware,100,seen,"If 6:10 = 48:x, what is x?",80,12,False,ratio_proportion,linear_equation,False,solve_proportion,solve_linear_equation,False,"STRUCTURE: linear_equation
TOOL: solve_linear_equation
ANSWER: 12"
test_seen_00101,structure_aware,100,seen,"Starting at -10, repeatedly change the value by -4. What is term 13, counting the start as term 1?",-58,13,False,recurrence,permutation,False,unroll_recurrence,permute,False,"STRUCTURE: permutation
TOOL: permute
ANSWER: 13"
test_seen_00102,structure_aware,100,seen,"Given s = x + y = 2 and p = xy = -35, compute x^2 + y^2.",74,18,False,symmetric_polynomial_identity,quadratic_formula,False,expand_symmetric_identity,solve_linear_equation,False,"STRUCTURE: quadratic_formula
TOOL: solve_linear_equation
ANSWER: 18"
test_seen_00103,structure_aware,100,seen,What is 70^2 - 33^2? Use factorization if helpful.,3811,249,False,factorization,factorization,True,factor_difference_of_squares,factor_difference_of_squares,True,"STRUCTURE: factorization
TOOL: factor_difference_of_squares
ANSWER: 249"
test_seen_00104,structure_aware,100,seen,"For P(x) = 2x^2 + 5x + 9, evaluate P(-2).",7,10,False,substitution,substitution,True,substitute_expression,evaluate_substitution,False,"STRUCTURE: substitution
TOOL: evaluate_substitution
ANSWER: 10"
test_seen_00105,structure_aware,100,seen,Use elimination on the system 4x - 2y = 16; 2x + y = 12. Determine y.,2,12,False,linear_elimination,elimination,False,solve_linear_system,solve_system,False,"STRUCTURE: elimination
TOOL: solve_system
ANSWER: 12"
test_seen_00106,structure_aware,100,seen,The ratio 15 to 2 equals the ratio 150 to x. Find x.,20,15,False,ratio_proportion,proportions,False,solve_proportion,solve_proportions,False,"STRUCTURE: proportions
TOOL: solve_proportions
ANSWER: 15"
test_seen_00107,structure_aware,100,seen,An arithmetic sequence has first term 8 and common difference -5. Find its 3th term.,-2,25,False,recurrence,permutation,False,unroll_recurrence,permutation_permutation,False,"STRUCTURE: permutation
TOOL: permutation_permutation
ANSWER: 25"
test_seen_00108,structure_aware,100,seen,"If x + y = -27 and xy = 180, find x^2 + y^2.",369,35,False,symmetric_polynomial_identity,quadratic_equation,False,expand_symmetric_identity,solve_quadratic_equation,False,"STRUCTURE: quadratic_equation
TOOL: solve_quadratic_equation
ANSWER: 35"
test_seen_00109,structure_aware,100,seen,Evaluate 76^2 - 43^2.,3927,2116,False,factorization,factorization,True,factor_difference_of_squares,factor_difference_of_squares,True,"STRUCTURE: factorization
TOOL: factor_difference_of_squares
ANSWER: 2116"
test_seen_00110,structure_aware,100,seen,Let f(t) = 4t^2 + 4t - 5. Find f(0).,-5,10,False,substitution,substitution,True,substitute_expression,substitute_expression,True,"STRUCTURE: substitution
TOOL: substitute_expression
ANSWER: 10"
test_seen_00111,structure_aware,100,seen,Solve -4x - 3y = 42 and -5x + 3y = 39. What is x?,-9,10,False,linear_elimination,substitution,False,solve_linear_system,solve_substitution,False,"STRUCTURE: substitution
TOOL: solve_substitution
ANSWER: 10"
test_seen_00112,structure_aware,100,seen,Solve the proportion 2/4 = 10/x for x.,20,10,False,ratio_proportion,proportions,False,solve_proportion,solve_proportion,True,"STRUCTURE: proportions
TOOL: solve_proportion
ANSWER: 10"
test_seen_00113,structure_aware,100,seen,A sequence starts with a1 = 15 and each next term is the current term - 6. Find a11.,-45,16,False,recurrence,recurrence_recursive,False,unroll_recurrence,solve_recursive,False,"STRUCTURE: recurrence_recursive
TOOL: solve_recursive
ANSWER: 16
The answer is: 16"
test_seen_00114,structure_aware,100,seen,Two numbers have sum 12 and product -28. What is the sum of their squares?,200,18,False,symmetric_polynomial_identity,symmetric_symmetry,False,expand_symmetric_identity,solve_symmetry,False,"STRUCTURE: symmetric_symmetry
TOOL: solve_symmetry
ANSWER: 18"
test_seen_00115,structure_aware,100,seen,Compute the difference of squares: 36 squared minus 34 squared.,140,192,False,factorization,factorization,True,factor_difference_of_squares,factor_difference_of_squares,True,"STRUCTURE: factorization
TOOL: factor_difference_of_squares
ANSWER: 192"
test_seen_00116,structure_aware,100,seen,Substitute z = -3 into z^2 + 2z - 1.,2,10,False,substitution,substitution,True,substitute_expression,substitute_expression,True,"STRUCTURE: substitution
TOOL: substitute_expression
ANSWER: 10"
test_seen_00117,structure_aware,100,seen,The equations -5x + 2y = -4 and -4x - 5y = -56 hold simultaneously. Find x.,4,10,False,linear_elimination,substitution,False,solve_linear_system,solve_substitution,False,"STRUCTURE: substitution
TOOL: solve_substitution
ANSWER: 10"
test_seen_00118,structure_aware,100,seen,"If 2:2 = 16:x, what is x?",16,16,True,ratio_proportion,linear_equation,False,solve_proportion,solve_linear_equation,False,"STRUCTURE: linear_equation
TOOL: solve_linear_equation
ANSWER: 16"
test_seen_00119,structure_aware,100,seen,"Starting at -4, repeatedly change the value by -1. What is term 11, counting the start as term 1?",-14,10,False,recurrence,permutation,False,unroll_recurrence,permute,False,"STRUCTURE: permutation
TOOL: permute
ANSWER: 10"
test_unseen_00000,structure_aware,100,unseen,"Without solving for x and y, evaluate x^2 + y^2 when x + y = -1 and xy = -2.",5,10,False,symmetric_polynomial_identity,linear_equation,False,expand_symmetric_identity,solve_linear_equation,False,"STRUCTURE: linear_equation
TOOL: solve_linear_equation
ANSWER: 10"
test_unseen_00001,structure_aware,100,unseen,"Using (u - v)(u + v), calculate 44^2 - 36^2.",640,1616,False,factorization,quadratic_factorization,False,factor_difference_of_squares,solve_linear_equation,False,"STRUCTURE: quadratic_factorization
TOOL: solve_linear_equation
ANSWER: 1616"
test_unseen_00002,structure_aware,100,unseen,What number does -3u^2 + 4u - 5 produce when u is -3?,-44,-10,False,substitution,linear_substitution,False,substitute_expression,solve_linear_substitution,False,"STRUCTURE: linear_substitution
TOOL: solve_linear_substitution
ANSWER: -10"
test_unseen_00003,structure_aware,100,unseen,The lines -4x + 4y = 28 and -5x - 4y = 53 intersect. Give the x-coordinate.,-9,10,False,linear_elimination,substitution,False,solve_linear_system,substitution,False,"STRUCTURE: substitution
TOOL: substitution
ANSWER: 10"
test_unseen_00004,structure_aware,100,unseen,"At a fixed rate, 14 items cost 18 dollars. What do 84 items cost?",108,84,False,ratio_proportion,linear_estimation,False,solve_proportion,linear_estimation,False,"STRUCTURE: linear_estimation
TOOL: linear_estimation
ANSWER: 84"
test_unseen_00005,structure_aware,100,unseen,A machine begins at 17; after each round it changes its value by 4. What value appears after 8 updates?,49,18,False,recurrence,binary_search,False,unroll_recurrence,binary_search,False,"STRUCTURE: binary_search
TOOL: binary_search
ANSWER: 18"
test_unseen_00006,structure_aware,100,unseen,The roots x and y of t^2 - (16)t + (63) = 0 are real. Find x^2 + y^2.,130,10,False,symmetric_polynomial_identity,quadratic_equation,False,expand_symmetric_identity,solve_quadratic_equation,False,"STRUCTURE: quadratic_equation
TOOL: solve_quadratic_equation
ANSWER: 10"
test_unseen_00007,structure_aware,100,unseen,A square of side 44 is removed from a square of side 65. What area remains?,2289,100,False,factorization,permutation,False,factor_difference_of_squares,permute_symmetry,False,"STRUCTURE: permutation
TOOL: permute_symmetry
ANSWER: 100"
test_unseen_00008,structure_aware,100,unseen,A rule maps q to q^2 - 6q - 2. Determine its output at q = 6.,-2,10,False,substitution,linear_system,False,substitute_expression,solve_linear_system,False,"STRUCTURE: linear_system
TOOL: solve_linear_system
ANSWER: 10"
test_unseen_00009,structure_aware,100,unseen,Find the value of x satisfying both constraints: -4x + 3y = -12 and -4x + 4y = -16.,0,-16,False,linear_elimination,substitution,False,solve_linear_system,substitution_solver,False,"STRUCTURE: substitution
TOOL: substitution_solver
ANSWER: -16"
test_unseen_00010,structure_aware,100,unseen,Complete the equivalent fractions: 6/12 = 18/[blank].,36,18,False,ratio_proportion,fractions,False,solve_proportion,solve_equivalent_fractions,False,"STRUCTURE: fractions
TOOL: solve_equivalent_fractions
ANSWER: 18"
test_unseen_00011,structure_aware,100,unseen,"Unroll b(n+1) = b(n) + 1, with b(1) = -18, to obtain b(8).",-11,10,False,recurrence,permutation,False,unroll_recurrence,permute_recursive,False,"STRUCTURE: permutation
TOOL: permute_recursive
ANSWER: 10

What is the answer to the following cryptic question: ""What is the name of the person who is the father of the person who is the mother of the person who is the father of the person who"
test_unseen_00012,structure_aware,100,unseen,"Without solving for x and y, evaluate x^2 + y^2 when x + y = -15 and xy = 36.",153,25,False,symmetric_polynomial_identity,linear_equation,False,expand_symmetric_identity,solve_linear_equation,False,"STRUCTURE: linear_equation
TOOL: solve_linear_equation
ANSWER: 25"
test_unseen_00013,structure_aware,100,unseen,"Using (u - v)(u + v), calculate 39^2 - 14^2.",1325,161,False,factorization,quadratic_factorization,False,factor_difference_of_squares,solve_linear_equation,False,"STRUCTURE: quadratic_factorization
TOOL: solve_linear_equation
ANSWER: 161
The answer is: 161"
test_unseen_00014,structure_aware,100,unseen,What number does 11 - 3u^2 produce when u is -4?,-37,-10,False,substitution,linear_substitution,False,substitute_expression,solve_linear_substitution,False,"STRUCTURE: linear_substitution
TOOL: solve_linear_substitution
ANSWER: -10"
test_unseen_00015,structure_aware,100,unseen,The lines 5x + 5y = -80 and x - 5y = 32 intersect. Give the y-coordinate.,-8,10,False,linear_elimination,substitution,False,solve_linear_system,substitution,False,"STRUCTURE: substitution
TOOL: substitution
ANSWER: 10"
test_unseen_00016,structure_aware,100,unseen,"At a fixed rate, 7 items cost 17 dollars. What do 84 items cost?",204,84,False,ratio_proportion,linear_estimation,False,solve_proportion,linear_estimation,False,"STRUCTURE: linear_estimation
TOOL: linear_estimation
ANSWER: 84"
test_unseen_00017,structure_aware,100,unseen,A machine begins at 17; after each round it changes its value by 6. What value appears after 14 updates?,101,18,False,recurrence,binary_search,False,unroll_recurrence,binary_search,False,"STRUCTURE: binary_search
TOOL: binary_search
ANSWER: 18"
test_unseen_00018,structure_aware,100,unseen,The roots x and y of t^2 - (-9)t + (-22) = 0 are real. Find x^2 + y^2.,125,10,False,symmetric_polynomial_identity,quadratic_equation,False,expand_symmetric_identity,solve_quadratic_equation,False,"STRUCTURE: quadratic_equation
TOOL: solve_quadratic_equation
ANSWER: 10"
test_unseen_00019,structure_aware,100,unseen,A square of side 16 is removed from a square of side 78. What area remains?,5828,100,False,factorization,permutation,False,factor_difference_of_squares,permute_symmetry,False,"STRUCTURE: permutation
TOOL: permute_symmetry
ANSWER: 100"
test_unseen_00020,structure_aware,100,unseen,A rule maps q to 3q^2 + 3q + 7. Determine its output at q = 6.,133,20,False,substitution,permutation,False,substitute_expression,solve_permutation,False,"STRUCTURE: permutation
TOOL: solve_permutation
ANSWER: 20"
test_unseen_00021,structure_aware,100,unseen,Find the value of y satisfying both constraints: -3x - 5y = 29 and -2x - 5y = 21.,-1,-10,False,linear_elimination,substitution,False,solve_linear_system,substitute_expression,False,"STRUCTURE: substitution
TOOL: substitute_expression
ANSWER: -10"
test_unseen_00022,structure_aware,100,unseen,Complete the equivalent fractions: 7/20 = 35/[blank].,100,35,False,ratio_proportion,fractions,False,solve_proportion,solve_equivalent_fractions,False,"STRUCTURE: fractions
TOOL: solve_equivalent_fractions
ANSWER: 35"
test_unseen_00023,structure_aware,100,unseen,"Unroll b(n+1) = b(n) + 4, with b(1) = -13, to obtain b(8).",15,10,False,recurrence,permutation,False,unroll_recurrence,permute_recursive,False,"STRUCTURE: permutation
TOOL: permute_recursive
ANSWER: 10

What is the answer to the following cryptic question: ""What is the name of the person who is the father of the person who is the mother of the person who is the father of the person who"
test_unseen_00024,structure_aware,100,unseen,"Without solving for x and y, evaluate x^2 + y^2 when x + y = -17 and xy = 60.",169,31,False,symmetric_polynomial_identity,linear_equation,False,expand_symmetric_identity,solve_linear_equation,False,"STRUCTURE: linear_equation
TOOL: solve_linear_equation
ANSWER: 31"
test_unseen_00025,structure_aware,100,unseen,"Using (u - v)(u + v), calculate 24^2 - 16^2.",320,120,False,factorization,exponentiation,False,factor_difference_of_squares,exponentiation,False,"STRUCTURE: exponentiation
TOOL: exponentiation
ANSWER: 120"
test_unseen_00026,structure_aware,100,unseen,What number does 2u^2 - 7u + 9 produce when u is 2?,3,10,False,substitution,Diophantine equation,False,substitute_expression,solve_ Diophantine_equation,False,"STRUCTURE: Diophantine equation
TOOL: solve_ Diophantine_equation
ANSWER: 10"
test_unseen_00027,structure_aware,100,unseen,The lines -3x - 3y = 0 and 5x - 5y = 60 intersect. Give the y-coordinate.,-6,10,False,linear_elimination,substitution,False,solve_linear_system,substitution,False,"STRUCTURE: substitution
TOOL: substitution
ANSWER: 10"
test_unseen_00028,structure_aware,100,unseen,"At a fixed rate, 3 items cost 2 dollars. What do 24 items cost?",16,24,False,ratio_proportion,linear_estimation,False,solve_proportion,linear_estimation,False,"STRUCTURE: linear_estimation
TOOL: linear_estimation
ANSWER: 24"
test_unseen_00029,structure_aware,100,unseen,A machine begins at -9; after each round it changes its value by -1. What value appears after 13 updates?,-22,10,False,recurrence,binary_expansion,False,unroll_recurrence,binary_expansion,False,"STRUCTURE: binary_expansion
TOOL: binary_expansion
ANSWER: 10"
test_unseen_00030,structure_aware,100,unseen,The roots x and y of t^2 - (-3)t + (-54) = 0 are real. Find x^2 + y^2.,117,100,False,symmetric_polynomial_identity,quadratic_equation,False,expand_symmetric_identity,solve_quadratic_equation,False,"STRUCTURE: quadratic_equation
TOOL: solve_quadratic_equation
ANSWER: 100"
test_unseen_00031,structure_aware,100,unseen,A square of side 5 is removed from a square of side 41. What area remains?,1656,100,False,factorization,permutation,False,factor_difference_of_squares,permute_symmetry,False,"STRUCTURE: permutation
TOOL: permute_symmetry
ANSWER: 100"
test_unseen_00032,structure_aware,100,unseen,A rule maps q to 3q^2 - 10. Determine its output at q = 1.,-7,-1,False,substitution,linear_expansion,False,substitute_expression,solve_linear_expansion,False,"STRUCTURE: linear_expansion
TOOL: solve_linear_expansion
ANSWER: -1

What is the answer to the following cryptic question: ""What is the name of the person who is the father of the person who is the mother of the person who is the father of the"
test_unseen_00033,structure_aware,100,unseen,Find the value of x satisfying both constraints: -x - 3y = -25 and -3x + 5y = 37.,1,-10,False,linear_elimination,Diophantine equation,False,solve_linear_system,solve_ Diophantine_equation,False,"STRUCTURE: Diophantine equation
TOOL: solve_ Diophantine_equation
ANSWER: -10"
test_unseen_00034,structure_aware,100,unseen,Complete the equivalent fractions: 3/16 = 24/[blank].,128,24,False,ratio_proportion,fractions,False,solve_proportion,solve_equivalent_fractions,False,"STRUCTURE: fractions
TOOL: solve_equivalent_fractions
ANSWER: 24"
test_unseen_00035,structure_aware,100,unseen,"Unroll b(n+1) = b(n) + 3, with b(1) = 8, to obtain b(4).",17,20,False,recurrence,permutation,False,unroll_recurrence,permutation,False,"STRUCTURE: permutation
TOOL: permutation
ANSWER: 20"
test_unseen_00036,structure_aware,100,unseen,"Without solving for x and y, evaluate x^2 + y^2 when x + y = 6 and xy = -91.",218,31,False,symmetric_polynomial_identity,linear_equation,False,expand_symmetric_identity,solve_linear_equation,False,"STRUCTURE: linear_equation
TOOL: solve_linear_equation
ANSWER: 31"
test_unseen_00037,structure_aware,100,unseen,"Using (u - v)(u + v), calculate 47^2 - 38^2.",765,1449,False,factorization,quadratic_factorization,False,factor_difference_of_squares,factor_difference_of_squares,True,"STRUCTURE: quadratic_factorization
TOOL: factor_difference_of_squares
ANSWER: 1449"
test_unseen_00038,structure_aware,100,unseen,What number does -u^2 + 8u - 1 produce when u is -4?,-49,-1,False,substitution,linear_substitution,False,substitute_expression,solve_linear_substitution,False,"STRUCTURE: linear_substitution
TOOL: solve_linear_substitution
ANSWER: -1"
test_unseen_00039,structure_aware,100,unseen,The lines 3x + 2y = -28 and -4x + 3y = 26 intersect. Give the y-coordinate.,-2,10,False,linear_elimination,substitution,False,solve_linear_system,substitution,False,"STRUCTURE: substitution
TOOL: substitution
ANSWER: 10"
test_unseen_00040,structure_aware,100,unseen,"At a fixed rate, 15 items cost 15 dollars. What do 60 items cost?",60,60,True,ratio_proportion,linear_estimation,False,solve_proportion,linear_estimation,False,"STRUCTURE: linear_estimation
TOOL: linear_estimation
ANSWER: 60"
test_unseen_00041,structure_aware,100,unseen,A machine begins at -4; after each round it changes its value by 6. What value appears after 4 updates?,20,10,False,recurrence,binary_search,False,unroll_recurrence,binary_search,False,"STRUCTURE: binary_search
TOOL: binary_search
ANSWER: 10"
test_unseen_00042,structure_aware,100,unseen,The roots x and y of t^2 - (6)t + (-112) = 0 are real. Find x^2 + y^2.,260,100,False,symmetric_polynomial_identity,quadratic_equation,False,expand_symmetric_identity,solve_quadratic_equation,False,"STRUCTURE: quadratic_equation
TOOL: solve_quadratic_equation
ANSWER: 100"
test_unseen_00043,structure_aware,100,unseen,A square of side 40 is removed from a square of side 64. What area remains?,2496,120,False,factorization,permutation,False,factor_difference_of_squares,permute_symmetry,False,"STRUCTURE: permutation
TOOL: permute_symmetry
ANSWER: 120"
test_unseen_00044,structure_aware,100,unseen,A rule maps q to 4q^2 - 5q - 2. Determine its output at q = -2.,24,-1,False,substitution,substitution,True,substitute_expression,solve_substitution,False,"STRUCTURE: substitution
TOOL: solve_substitution
ANSWER: -1

What is the answer to the following cryptic question: ""What is the name of the person who is the father of the person who is the mother of the person who is the father of the person who is the mother"
test_unseen_00045,structure_aware,100,unseen,Find the value of y satisfying both constraints: -5x - 4y = -10 and x + 5y = -19.,-5,-19,False,linear_elimination,substitution,False,solve_linear_system,substitution,False,"STRUCTURE: substitution
TOOL: substitution
ANSWER: -19"
test_unseen_00046,structure_aware,100,unseen,Complete the equivalent fractions: 8/20 = 96/[blank].,240,96,False,ratio_proportion,fractions,False,solve_proportion,solve_equivalent_fractions,False,"STRUCTURE: fractions
TOOL: solve_equivalent_fractions
ANSWER: 96"
test_unseen_00047,structure_aware,100,unseen,"Unroll b(n+1) = b(n) + 8, with b(1) = 8, to obtain b(6).",48,20,False,recurrence,permutation,False,unroll_recurrence,permutation,False,"STRUCTURE: permutation
TOOL: permutation
ANSWER: 20"
test_unseen_00048,structure_aware,100,unseen,"Without solving for x and y, evaluate x^2 + y^2 when x + y = -18 and xy = 80.",164,30,False,symmetric_polynomial_identity,linear_equation,False,expand_symmetric_identity,solve_linear_equation,False,"STRUCTURE: linear_equation
TOOL: solve_linear_equation
ANSWER: 30"
test_unseen_00049,structure_aware,100,unseen,"Using (u - v)(u + v), calculate 12^2 - 11^2.",23,141,False,factorization,factorization,True,factor_difference_of_squares,factor_difference_of_squares,True,"STRUCTURE: factorization
TOOL: factor_difference_of_squares
ANSWER: 141"
test_unseen_00050,structure_aware,100,unseen,What number does u^2 + u - 12 produce when u is 1?,-10,13,False,substitution,Diophantine Equation,False,substitute_expression,solve_diophantine_equation,False,"STRUCTURE: Diophantine Equation
TOOL: solve_diophantine_equation
ANSWER: 13"
test_unseen_00051,structure_aware,100,unseen,The lines -3x - 2y = 19 and 3x - 5y = 16 intersect. Give the x-coordinate.,-3,16,False,linear_elimination,substitution,False,solve_linear_system,substitution,False,"STRUCTURE: substitution
TOOL: substitution
ANSWER: 16"
test_unseen_00052,structure_aware,100,unseen,"At a fixed rate, 3 items cost 5 dollars. What do 24 items cost?",40,12,False,ratio_proportion,linear_estimation,False,solve_proportion,linear_estimation,False,"STRUCTURE: linear_estimation
TOOL: linear_estimation
ANSWER: 12"
test_unseen_00053,structure_aware,100,unseen,A machine begins at 12; after each round it changes its value by 9. What value appears after 2 updates?,30,10,False,recurrence,binary_search,False,unroll_recurrence,binary_search,False,"STRUCTURE: binary_search
TOOL: binary_search
ANSWER: 10"
test_unseen_00054,structure_aware,100,unseen,The roots x and y of t^2 - (18)t + (65) = 0 are real. Find x^2 + y^2.,194,10,False,symmetric_polynomial_identity,quadratic_equation,False,expand_symmetric_identity,solve_quadratic_equation,False,"STRUCTURE: quadratic_equation
TOOL: solve_quadratic_equation
ANSWER: 10"
test_unseen_00055,structure_aware,100,unseen,A square of side 21 is removed from a square of side 47. What area remains?,1768,100,False,factorization,Sudoku,False,factor_difference_of_squares,Sudoku,False,"STRUCTURE: Sudoku
TOOL: Sudoku
ANSWER: 100"
test_unseen_00056,structure_aware,100,unseen,A rule maps q to 8 - 3q^2. Determine its output at q = -5.,-67,-10,False,substitution,substitution,True,substitute_expression,substitute_expression,True,"STRUCTURE: substitution
TOOL: substitute_expression
ANSWER: -10"
test_unseen_00057,structure_aware,100,unseen,Find the value of x satisfying both constraints: 4x - y = -29 and -5x - 5y = 30.,-7,-10,False,linear_elimination,substitution,False,solve_linear_system,substitute_expression,False,"STRUCTURE: substitution
TOOL: substitute_expression
ANSWER: -10"
test_unseen_00058,structure_aware,100,unseen,Complete the equivalent fractions: 3/8 = 6/[blank].,16,6,False,ratio_proportion,fractions,False,solve_proportion,solve_equivalent_fractions,False,"STRUCTURE: fractions
TOOL: solve_equivalent_fractions
ANSWER: 6"
test_unseen_00059,structure_aware,100,unseen,"Unroll b(n+1) = b(n) - 4, with b(1) = -16, to obtain b(5).",-32,10,False,recurrence,permutation,False,unroll_recurrence,permute_recursive,False,"STRUCTURE: permutation
TOOL: permute_recursive
ANSWER: 10"
test_unseen_00060,structure_aware,100,unseen,"Without solving for x and y, evaluate x^2 + y^2 when x + y = -10 and xy = -24.",148,30,False,symmetric_polynomial_identity,linear_equation,False,expand_symmetric_identity,solve_linear_equation,False,"STRUCTURE: linear_equation
TOOL: solve_linear_equation
ANSWER: 30"
test_unseen_00061,structure_aware,100,unseen,"Using (u - v)(u + v), calculate 67^2 - 12^2.",4345,101,False,factorization,quadratic_factorization,False,factor_difference_of_squares,solve_linear_equation,False,"STRUCTURE: quadratic_factorization
TOOL: solve_linear_equation
ANSWER: 101
The answer is: 101"
test_unseen_00062,structure_aware,100,unseen,What number does -u^2 + 4u - 1 produce when u is -4?,-33,-1,False,substitution,linear_substitution,False,substitute_expression,solve_linear_substitution,False,"STRUCTURE: linear_substitution
TOOL: solve_linear_substitution
ANSWER: -1"
test_unseen_00063,structure_aware,100,unseen,The lines -3x - y = -26 and -x + y = -10 intersect. Give the x-coordinate.,9,-10,False,linear_elimination,substitution,False,solve_linear_system,substitution,False,"STRUCTURE: substitution
TOOL: substitution
ANSWER: -10"
test_unseen_00064,structure_aware,100,unseen,"At a fixed rate, 12 items cost 7 dollars. What do 108 items cost?",63,108,False,ratio_proportion,linear_estimation,False,solve_proportion,linear_estimation,False,"STRUCTURE: linear_estimation
TOOL: linear_estimation
ANSWER: 108"
test_unseen_00065,structure_aware,100,unseen,A machine begins at -2; after each round it changes its value by -4. What value appears after 9 updates?,-38,12,False,recurrence,binary_expansion,False,unroll_recurrence,binary_expansion,False,"STRUCTURE: binary_expansion
TOOL: binary_expansion
ANSWER: 12"
test_unseen_00066,structure_aware,100,unseen,The roots x and y of t^2 - (27)t + (182) = 0 are real. Find x^2 + y^2.,365,100,False,symmetric_polynomial_identity,quadratic_equation,False,expand_symmetric_identity,solve_quadratic_equation,False,"STRUCTURE: quadratic_equation
TOOL: solve_quadratic_equation
ANSWER: 100"
test_unseen_00067,structure_aware,100,unseen,A square of side 33 is removed from a square of side 64. What area remains?,3007,100,False,factorization,permutation,False,factor_difference_of_squares,permute_symmetry,False,"STRUCTURE: permutation
TOOL: permute_symmetry
ANSWER: 100"
test_unseen_00068,structure_aware,100,unseen,A rule maps q to -q^2 + q + 10. Determine its output at q = 2.,8,-10,False,substitution,permutation,False,substitute_expression,permutation,False,"STRUCTURE: permutation
TOOL: permutation
ANSWER: -10"
test_unseen_00069,structure_aware,100,unseen,Find the value of y satisfying both constraints: x + 2y = 17 and 2x - 4y = -14.,6,10,False,linear_elimination,substitution,False,solve_linear_system,substitute_expression,False,"STRUCTURE: substitution
TOOL: substitute_expression
ANSWER: 10"
test_unseen_00070,structure_aware,100,unseen,Complete the equivalent fractions: 11/8 = 66/[blank].,48,66,False,ratio_proportion,fractions,False,solve_proportion,solve_equivalent_fractions,False,"STRUCTURE: fractions
TOOL: solve_equivalent_fractions
ANSWER: 66"
test_unseen_00071,structure_aware,100,unseen,"Unroll b(n+1) = b(n) - 2, with b(1) = 10, to obtain b(13).",-14,100,False,recurrence,permutation,False,unroll_recurrence,permute_repeated_sequence,False,"STRUCTURE: permutation
TOOL: permute_repeated_sequence
ANSWER: 100"
test_unseen_00072,structure_aware,100,unseen,"Without solving for x and y, evaluate x^2 + y^2 when x + y = -18 and xy = 56.",212,25,False,symmetric_polynomial_identity,linear_equation,False,expand_symmetric_identity,solve_linear_equation,False,"STRUCTURE: linear_equation
TOOL: solve_linear_equation
ANSWER: 25"
test_unseen_00073,structure_aware,100,unseen,"Using (u - v)(u + v), calculate 40^2 - 25^2.",975,160,False,factorization,factorization,True,factor_difference_of_squares,factor_difference_of_squares,True,"STRUCTURE: factorization
TOOL: factor_difference_of_squares
ANSWER: 160
The answer is: 160"
test_unseen_00074,structure_aware,100,unseen,What number does 2u^2 + 5u - 3 produce when u is -7?,60,-10,False,substitution,Diophantine equation,False,substitute_expression,solve_ Diophantine_equation,False,"STRUCTURE: Diophantine equation
TOOL: solve_ Diophantine_equation
ANSWER: -10"
test_unseen_00075,structure_aware,100,unseen,The lines x - 4y = -33 and -5x - 2y = -11 intersect. Give the y-coordinate.,8,-11,False,linear_elimination,substitution,False,solve_linear_system,substitution,False,"STRUCTURE: substitution
TOOL: substitution
ANSWER: -11"
test_unseen_00076,structure_aware,100,unseen,"At a fixed rate, 2 items cost 7 dollars. What do 24 items cost?",84,24,False,ratio_proportion,linear_estimation,False,solve_proportion,linear_estimation,False,"STRUCTURE: linear_estimation
TOOL: linear_estimation
ANSWER: 24"
test_unseen_00077,structure_aware,100,unseen,A machine begins at 0; after each round it changes its value by -3. What value appears after 12 updates?,-36,-1,False,recurrence,binary_search,False,unroll_recurrence,binary_search,False,"STRUCTURE: binary_search
TOOL: binary_search
ANSWER: -1"
test_unseen_00078,structure_aware,100,unseen,The roots x and y of t^2 - (12)t + (35) = 0 are real. Find x^2 + y^2.,74,10,False,symmetric_polynomial_identity,quadratic_equation,False,expand_symmetric_identity,solve_quadratic_equation,False,"STRUCTURE: quadratic_equation
TOOL: solve_quadratic_equation
ANSWER: 10"
test_unseen_00079,structure_aware,100,unseen,A square of side 23 is removed from a square of side 52. What area remains?,2175,100,False,factorization,permutation,False,factor_difference_of_squares,permute_symmetry,False,"STRUCTURE: permutation
TOOL: permute_symmetry
ANSWER: 100"
test_unseen_00080,structure_aware,100,unseen,A rule maps q to 3q^2 - 8q + 6. Determine its output at q = 2.,2,10,False,substitution,factorization,False,substitute_expression,factor_rule,False,"STRUCTURE: factorization
TOOL: factor_rule
ANSWER: 10"
test_unseen_00081,structure_aware,100,unseen,Find the value of y satisfying both constraints: -3x + 5y = 24 and -2x + 4y = 16.,0,10,False,linear_elimination,substitution,False,solve_linear_system,substitution_solver,False,"STRUCTURE: substitution
TOOL: substitution_solver
ANSWER: 10"
test_unseen_00082,structure_aware,100,unseen,Complete the equivalent fractions: 15/2 = 105/[blank].,14,105,False,ratio_proportion,fractions,False,solve_proportion,equivalentFractions,False,"STRUCTURE: fractions
TOOL: equivalentFractions
ANSWER: 105"
test_unseen_00083,structure_aware,100,unseen,"Unroll b(n+1) = b(n) - 4, with b(1) = -17, to obtain b(15).",-73,15,False,recurrence,permutation,False,unroll_recurrence,permute_recursive,False,"STRUCTURE: permutation
TOOL: permute_recursive
ANSWER: 15"
test_unseen_00084,structure_aware,100,unseen,"Without solving for x and y, evaluate x^2 + y^2 when x + y = -9 and xy = 18.",45,31,False,symmetric_polynomial_identity,linear_equation,False,expand_symmetric_identity,solve_linear_equation,False,"STRUCTURE: linear_equation
TOOL: solve_linear_equation
ANSWER: 31"
test_unseen_00085,structure_aware,100,unseen,"Using (u - v)(u + v), calculate 30^2 - 9^2.",819,180,False,factorization,factorization,True,factor_difference_of_squares,factor_difference_of_squares,True,"STRUCTURE: factorization
TOOL: factor_difference_of_squares
ANSWER: 180"
test_unseen_00086,structure_aware,100,unseen,What number does 3u^2 - 11 produce when u is 7?,136,10,False,substitution,linear_substitution,False,substitute_expression,solve_linear_substitution,False,"STRUCTURE: linear_substitution
TOOL: solve_linear_substitution
ANSWER: 10"
test_unseen_00087,structure_aware,100,unseen,The lines 3x + 2y = 8 and -5x - 5y = -25 intersect. Give the x-coordinate.,-2,10,False,linear_elimination,substitution,False,solve_linear_system,substitute_expression,False,"STRUCTURE: substitution
TOOL: substitute_expression
ANSWER: 10"
test_unseen_00088,structure_aware,100,unseen,"At a fixed rate, 8 items cost 2 dollars. What do 80 items cost?",20,80,False,ratio_proportion,linear_estimation,False,solve_proportion,linear_estimation,False,"STRUCTURE: linear_estimation
TOOL: linear_estimation
ANSWER: 80"
test_unseen_00089,structure_aware,100,unseen,A machine begins at -13; after each round it changes its value by -7. What value appears after 14 updates?,-111,-122,False,recurrence,binary_expansion,False,unroll_recurrence,binary_expansion,False,"STRUCTURE: binary_expansion
TOOL: binary_expansion
ANSWER: -122"
test_unseen_00090,structure_aware,100,unseen,The roots x and y of t^2 - (13)t + (36) = 0 are real. Find x^2 + y^2.,97,10,False,symmetric_polynomial_identity,quadratic_equation,False,expand_symmetric_identity,solve_quadratic_equation,False,"STRUCTURE: quadratic_equation
TOOL: solve_quadratic_equation
ANSWER: 10"
test_unseen_00091,structure_aware,100,unseen,A square of side 16 is removed from a square of side 72. What area remains?,4928,104,False,factorization,permutation,False,factor_difference_of_squares,permute_symmetry,False,"STRUCTURE: permutation
TOOL: permute_symmetry
ANSWER: 104"
test_unseen_00092,structure_aware,100,unseen,A rule maps q to 4q^2 - 7q. Determine its output at q = 0.,0,10,False,substitution,linear_system,False,substitute_expression,solve_linear_system,False,"STRUCTURE: linear_system
TOOL: solve_linear_system
ANSWER: 10"
test_unseen_00093,structure_aware,100,unseen,Find the value of y satisfying both constraints: 5x - 2y = 31 and -4x + 3y = -15.,7,10,False,linear_elimination,substitution,False,solve_linear_system,substitute_expression,False,"STRUCTURE: substitution
TOOL: substitute_expression
ANSWER: 10"
test_unseen_00094,structure_aware,100,unseen,Complete the equivalent fractions: 3/18 = 12/[blank].,72,12,False,ratio_proportion,fractions,False,solve_proportion,solve_equivalent_fractions,False,"STRUCTURE: fractions
TOOL: solve_equivalent_fractions
ANSWER: 12"
test_unseen_00095,structure_aware,100,unseen,"Unroll b(n+1) = b(n) - 3, with b(1) = -14, to obtain b(7).",-32,-14,False,recurrence,permutation,False,unroll_recurrence,permute_recursive,False,"STRUCTURE: permutation
TOOL: permute_recursive
ANSWER: -14"
test_unseen_00096,structure_aware,100,unseen,"Without solving for x and y, evaluate x^2 + y^2 when x + y = -15 and xy = 56.",113,25,False,symmetric_polynomial_identity,linear_equation,False,expand_symmetric_identity,solve_linear_equation,False,"STRUCTURE: linear_equation
TOOL: solve_linear_equation
ANSWER: 25"
test_unseen_00097,structure_aware,100,unseen,"Using (u - v)(u + v), calculate 58^2 - 36^2.",2068,211,False,factorization,quadratic_factorization,False,factor_difference_of_squares,solve_linear_equation,False,"STRUCTURE: quadratic_factorization
TOOL: solve_linear_equation
ANSWER: 211"
test_unseen_00098,structure_aware,100,unseen,What number does -4u^2 + 8u produce when u is 4?,-32,12,False,substitution,linear_substitution,False,substitute_expression,solve_linear_substitution,False,"STRUCTURE: linear_substitution
TOOL: solve_linear_substitution
ANSWER: 12"
test_unseen_00099,structure_aware,100,unseen,The lines 2x + y = 7 and -3x - 5y = 21 intersect. Give the y-coordinate.,-9,10,False,linear_elimination,substitution,False,solve_linear_system,substitution,False,"STRUCTURE: substitution
TOOL: substitution
ANSWER: 10"
test_unseen_00100,structure_aware,100,unseen,"At a fixed rate, 5 items cost 8 dollars. What do 25 items cost?",40,15,False,ratio_proportion,linear_estimation,False,solve_proportion,linear_estimation,False,"STRUCTURE: linear_estimation
TOOL: linear_estimation
ANSWER: 15"
test_unseen_00101,structure_aware,100,unseen,A machine begins at 7; after each round it changes its value by 2. What value appears after 7 updates?,21,10,False,recurrence,binary_tree,False,unroll_recurrence,binary_tree,False,"STRUCTURE: binary_tree
TOOL: binary_tree
ANSWER: 10"
test_unseen_00102,structure_aware,100,unseen,The roots x and y of t^2 - (10)t + (-24) = 0 are real. Find x^2 + y^2.,148,100,False,symmetric_polynomial_identity,quadratic_equation,False,expand_symmetric_identity,solve_quadratic_equation,False,"STRUCTURE: quadratic_equation
TOOL: solve_quadratic_equation
ANSWER: 100"
test_unseen_00103,structure_aware,100,unseen,A square of side 23 is removed from a square of side 80. What area remains?,5871,100,False,factorization,permutation,False,factor_difference_of_squares,permute_symmetry,False,"STRUCTURE: permutation
TOOL: permute_symmetry
ANSWER: 100"
test_unseen_00104,structure_aware,100,unseen,A rule maps q to -5q^2 + 4q - 2. Determine its output at q = 0.,-2,-10,False,substitution,linear_system,False,substitute_expression,solve_linear_system,False,"STRUCTURE: linear_system
TOOL: solve_linear_system
ANSWER: -10"
test_unseen_00105,structure_aware,100,unseen,Find the value of x satisfying both constraints: -5x + 2y = -24 and 2x + 4y = 48.,8,10,False,linear_elimination,substitution,False,solve_linear_system,substitute_expression,False,"STRUCTURE: substitution
TOOL: substitute_expression
ANSWER: 10"
test_unseen_00106,structure_aware,100,unseen,Complete the equivalent fractions: 6/11 = 30/[blank].,55,30,False,ratio_proportion,fractions,False,solve_proportion,solve_equivalent_fractions,False,"STRUCTURE: fractions
TOOL: solve_equivalent_fractions
ANSWER: 30"
test_unseen_00107,structure_aware,100,unseen,"Unroll b(n+1) = b(n) + 1, with b(1) = 16, to obtain b(12).",27,16,False,recurrence,permutation,False,unroll_recurrence,permute,False,"STRUCTURE: permutation
TOOL: permute
ANSWER: 16"
test_unseen_00108,structure_aware,100,unseen,"Without solving for x and y, evaluate x^2 + y^2 when x + y = 15 and xy = 14.",197,31,False,symmetric_polynomial_identity,linear_equation,False,expand_symmetric_identity,solve_linear_equation,False,"STRUCTURE: linear_equation
TOOL: solve_linear_equation
ANSWER: 31"
test_unseen_00109,structure_aware,100,unseen,"Using (u - v)(u + v), calculate 74^2 - 15^2.",5251,211,False,factorization,quadratic_factorization,False,factor_difference_of_squares,solve_linear_equation,False,"STRUCTURE: quadratic_factorization
TOOL: solve_linear_equation
ANSWER: 211"
test_unseen_00110,structure_aware,100,unseen,What number does -5u^2 - 6u - 6 produce when u is 0?,-6,-10,False,substitution,linear_inequality,False,substitute_expression,solve_linear_inequality,False,"STRUCTURE: linear_inequality
TOOL: solve_linear_inequality
ANSWER: -10"
test_unseen_00111,structure_aware,100,unseen,The lines -3x - y = 2 and -5x - 5y = 10 intersect. Give the x-coordinate.,0,10,False,linear_elimination,substitution,False,solve_linear_system,substitution,False,"STRUCTURE: substitution
TOOL: substitution
ANSWER: 10"
test_unseen_00112,structure_aware,100,unseen,"At a fixed rate, 8 items cost 17 dollars. What do 80 items cost?",170,80,False,ratio_proportion,linear_estimation,False,solve_proportion,linear_estimation,False,"STRUCTURE: linear_estimation
TOOL: linear_estimation
ANSWER: 80"
test_unseen_00113,structure_aware,100,unseen,A machine begins at 18; after each round it changes its value by -2. What value appears after 5 updates?,8,-1,False,recurrence,binary_search,False,unroll_recurrence,binary_search,False,"STRUCTURE: binary_search
TOOL: binary_search
ANSWER: -1"
test_unseen_00114,structure_aware,100,unseen,The roots x and y of t^2 - (9)t + (14) = 0 are real. Find x^2 + y^2.,53,10,False,symmetric_polynomial_identity,quadratic_equation,False,expand_symmetric_identity,solve_quadratic_equation,False,"STRUCTURE: quadratic_equation
TOOL: solve_quadratic_equation
ANSWER: 10"
test_unseen_00115,structure_aware,100,unseen,A square of side 14 is removed from a square of side 77. What area remains?,5733,100,False,factorization,permutation,False,factor_difference_of_squares,permute_symmetry,False,"STRUCTURE: permutation
TOOL: permute_symmetry
ANSWER: 100"
test_unseen_00116,structure_aware,100,unseen,A rule maps q to -q^2 + 2q - 8. Determine its output at q = 7.,-43,-10,False,substitution,substitution,True,substitute_expression,solve_substitution,False,"STRUCTURE: substitution
TOOL: solve_substitution
ANSWER: -10"
test_unseen_00117,structure_aware,100,unseen,Find the value of y satisfying both constraints: 5x + 3y = 15 and 4x + y = 12.,0,15,False,linear_elimination,substitution,False,solve_linear_system,substitute_expression,False,"STRUCTURE: substitution
TOOL: substitute_expression
ANSWER: 15"
test_unseen_00118,structure_aware,100,unseen,Complete the equivalent fractions: 10/3 = 70/[blank].,21,70/100,False,ratio_proportion,fractions,False,solve_proportion,simplify_fraction,False,"STRUCTURE: fractions
TOOL: simplify_fraction
ANSWER: 70/100"
test_unseen_00119,structure_aware,100,unseen,"Unroll b(n+1) = b(n) - 1, with b(1) = -16, to obtain b(3).",-18,10,False,recurrence,permutation,False,unroll_recurrence,permutation,False,"STRUCTURE: permutation
TOOL: permutation
ANSWER: 10"
test_seen_00000,baseline,200,seen,"If x + y = -20 and xy = 84, find x^2 + y^2.",232,256,False,symmetric_polynomial_identity,,,expand_symmetric_identity,,, 256
test_seen_00001,baseline,200,seen,Evaluate 71^2 - 11^2.,4920,4601,False,factorization,,,factor_difference_of_squares,,, 4601
test_seen_00002,baseline,200,seen,Let f(t) = t^2 - 5t + 2. Find f(2).,-4,10,False,substitution,,,substitute_expression,,, 10
test_seen_00003,baseline,200,seen,Solve 4x + 3y = -3 and x + y = -3. What is x?,6,-1,False,linear_elimination,,,solve_linear_system,,, -1
test_seen_00004,baseline,200,seen,Solve the proportion 2/5 = 6/x for x.,15,10,False,ratio_proportion,,,solve_proportion,,, 10
test_seen_00005,baseline,200,seen,A sequence starts with a1 = -11 and each next term is the current term + 4. Find a4.,1,10,False,recurrence,,,unroll_recurrence,,, 10
test_seen_00006,baseline,200,seen,Two numbers have sum -9 and product -10. What is the sum of their squares?,101,100,False,symmetric_polynomial_identity,,,expand_symmetric_identity,,, 100
test_seen_00007,baseline,200,seen,Compute the difference of squares: 42 squared minus 33 squared.,675,1696,False,factorization,,,factor_difference_of_squares,,, 1696
test_seen_00008,baseline,200,seen,Substitute z = 2 into 2z^2 + 8z - 4.,20,10,False,substitution,,,substitute_expression,,, 10
test_seen_00009,baseline,200,seen,The equations -4x - 5y = 1 and 4x - 5y = -31 hold simultaneously. Find x.,-4,1,False,linear_elimination,,,solve_linear_system,,, 1
test_seen_00010,baseline,200,seen,"If 2:7 = 12:x, what is x?",42,12:10,False,ratio_proportion,,,solve_proportion,,, 12:10
test_seen_00011,baseline,200,seen,"Starting at -16, repeatedly change the value by -1. What is term 11, counting the start as term 1?",-26,-16,False,recurrence,,,unroll_recurrence,,, -16
test_seen_00012,baseline,200,seen,"Given s = x + y = -8 and p = xy = -48, compute x^2 + y^2.",160,256,False,symmetric_polynomial_identity,,,expand_symmetric_identity,,, 256
test_seen_00013,baseline,200,seen,What is 43^2 - 39^2? Use factorization if helpful.,328,1961,False,factorization,,,factor_difference_of_squares,,, 1961
test_seen_00014,baseline,200,seen,"For P(x) = -4x^2 + 6x + 8, evaluate P(7).",-146,-10,False,substitution,,,substitute_expression,,, -10
test_seen_00015,baseline,200,seen,Use elimination on the system 3x + 5y = 8; 2x - 3y = -1. Determine x.,1,2,False,linear_elimination,,,solve_linear_system,,, 2
test_seen_00016,baseline,200,seen,The ratio 15 to 4 equals the ratio 105 to x. Find x.,28,105,False,ratio_proportion,,,solve_proportion,,, 105
test_seen_00017,baseline,200,seen,An arithmetic sequence has first term 17 and common difference -8. Find its 7th term.,-31,18,False,recurrence,,,unroll_recurrence,,, 18
test_seen_00018,baseline,200,seen,"If x + y = -4 and xy = -60, find x^2 + y^2.",136,100,False,symmetric_polynomial_identity,,,expand_symmetric_identity,,, 100
test_seen_00019,baseline,200,seen,Evaluate 45^2 - 40^2.,425,1920,False,factorization,,,factor_difference_of_squares,,, 1920
test_seen_00020,baseline,200,seen,Let f(t) = 4t^2 - 5t - 3. Find f(0).,-3,10,False,substitution,,,substitute_expression,,, 10
test_seen_00021,baseline,200,seen,Solve -5x + 2y = -2 and x + 4y = 18. What is x?,2,18,False,linear_elimination,,,solve_linear_system,,, 18
test_seen_00022,baseline,200,seen,Solve the proportion 7/6 = 84/x for x.,72,100,False,ratio_proportion,,,solve_proportion,,, 100
test_seen_00023,baseline,200,seen,A sequence starts with a1 = -11 and each next term is the current term - 7. Find a12.,-88,-12,False,recurrence,,,unroll_recurrence,,, -12
test_seen_00024,baseline,200,seen,Two numbers have sum 4 and product -60. What is the sum of their squares?,136,320,False,symmetric_polynomial_identity,,,expand_symmetric_identity,,, 320
test_seen_00025,baseline,200,seen,Compute the difference of squares: 77 squared minus 8 squared.,5865,499,False,factorization,,,factor_difference_of_squares,,, 499
test_seen_00026,baseline,200,seen,Substitute z = -7 into 2z^2 + 6z + 6.,62,100,False,substitution,,,substitute_expression,,, 100
test_seen_00027,baseline,200,seen,The equations -4x - 4y = 56 and -3x - 5y = 60 hold simultaneously. Find y.,-9,6,False,linear_elimination,,,solve_linear_system,,, 6
test_seen_00028,baseline,200,seen,"If 3:19 = 27:x, what is x?",171,27,False,ratio_proportion,,,solve_proportion,,, 27
test_seen_00029,baseline,200,seen,"Starting at 9, repeatedly change the value by -1. What is term 8, counting the start as term 1?",2,-10,False,recurrence,,,unroll_recurrence,,, -10
test_seen_00030,baseline,200,seen,"Given s = x + y = 27 and p = xy = 180, compute x^2 + y^2.",369,369,True,symmetric_polynomial_identity,,,expand_symmetric_identity,,, 369
test_seen_00031,baseline,200,seen,What is 32^2 - 26^2? Use factorization if helpful.,348,1080,False,factorization,,,factor_difference_of_squares,,, 1080
test_seen_00032,baseline,200,seen,"For P(x) = -5x^2 - 6x + 10, evaluate P(-4).",-46,-10,False,substitution,,,substitute_expression,,, -10
test_seen_00033,baseline,200,seen,Use elimination on the system 5x + 4y = 3; x - y = 6. Determine y.,-3,-1,False,linear_elimination,,,solve_linear_system,,, -1
test_seen_00034,baseline,200,seen,The ratio 14 to 12 equals the ratio 112 to x. Find x.,96,12,False,ratio_proportion,,,solve_proportion,,, 12
test_seen_00035,baseline,200,seen,An arithmetic sequence has first term -17 and common difference 3. Find its 5th term.,-5,-18,False,recurrence,,,unroll_recurrence,,, -18
test_seen_00036,baseline,200,seen,"If x + y = -8 and xy = -20, find x^2 + y^2.",104,25,False,symmetric_polynomial_identity,,,expand_symmetric_identity,,, 25
test_seen_00037,baseline,200,seen,Evaluate 21^2 - 14^2.,245,466,False,factorization,,,factor_difference_of_squares,,, 466
test_seen_00038,baseline,200,seen,Let f(t) = -2t^2 + t - 5. Find f(-2).,-15,-10,False,substitution,,,substitute_expression,,, -10
test_seen_00039,baseline,200,seen,Solve x + y = -6 and -2x - 5y = 21. What is y?,-3,-1,False,linear_elimination,,,solve_linear_system,,, -1
test_seen_00040,baseline,200,seen,Solve the proportion 10/3 = 30/x for x.,9,30,False,ratio_proportion,,,solve_proportion,,, 30
test_seen_00041,baseline,200,seen,A sequence starts with a1 = -19 and each next term is the current term - 9. Find a11.,-109,-19,False,recurrence,,,unroll_recurrence,,, -19
test_seen_00042,baseline,200,seen,Two numbers have sum 16 and product 48. What is the sum of their squares?,160,196,False,symmetric_polynomial_identity,,,expand_symmetric_identity,,, 196
test_seen_00043,baseline,200,seen,Compute the difference of squares: 67 squared minus 34 squared.,3333,2116,False,factorization,,,factor_difference_of_squares,,, 2116
test_seen_00044,baseline,200,seen,Substitute z = -2 into 4z^2 - 5z + 6.,32,12,False,substitution,,,substitute_expression,,, 12
test_seen_00045,baseline,200,seen,The equations -3x + 2y = -1 and x - 3y = 5 hold simultaneously. Find x.,-1,5,False,linear_elimination,,,solve_linear_system,,, 5
test_seen_00046,baseline,200,seen,"If 2:5 = 10:x, what is x?",25,100,False,ratio_proportion,,,solve_proportion,,, 100
test_seen_00047,baseline,200,seen,"Starting at 16, repeatedly change the value by -6. What is term 12, counting the start as term 1?",-50,16,False,recurrence,,,unroll_recurrence,,, 16
test_seen_00048,baseline,200,seen,"Given s = x + y = -11 and p = xy = 18, compute x^2 + y^2.",85,25,False,symmetric_polynomial_identity,,,expand_symmetric_identity,,, 25
test_seen_00049,baseline,200,seen,What is 54^2 - 26^2? Use factorization if helpful.,2240,1920,False,factorization,,,factor_difference_of_squares,,, 1920
test_seen_00050,baseline,200,seen,"For P(x) = -4x^2 - 8x - 7, evaluate P(-1).",-3,-10,False,substitution,,,substitute_expression,,, -10
test_seen_00051,baseline,200,seen,Use elimination on the system 3x + 4y = -14; -3x - 2y = 16. Determine x.,-6,-1,False,linear_elimination,,,solve_linear_system,,, -1
test_seen_00052,baseline,200,seen,The ratio 5 to 3 equals the ratio 15 to x. Find x.,9,15,False,ratio_proportion,,,solve_proportion,,, 15
test_seen_00053,baseline,200,seen,An arithmetic sequence has first term 10 and common difference -1. Find its 14th term.,-3,14,False,recurrence,,,unroll_recurrence,,, 14
test_seen_00054,baseline,200,seen,"If x + y = 7 and xy = -98, find x^2 + y^2.",245,256,False,symmetric_polynomial_identity,,,expand_symmetric_identity,,, 256
test_seen_00055,baseline,200,seen,Evaluate 48^2 - 43^2.,455,1924,False,factorization,,,factor_difference_of_squares,,, 1924
test_seen_00056,baseline,200,seen,Let f(t) = 3t^2 + 2t - 8. Find f(-2).,0,10,False,substitution,,,substitute_expression,,, 10
test_seen_00057,baseline,200,seen,Solve -2x + 2y = -14 and 5x - 3y = 17. What is y?,-9,-1,False,linear_elimination,,,solve_linear_system,,, -1
test_seen_00058,baseline,200,seen,Solve the proportion 11/16 = 66/x for x.,96,120,False,ratio_proportion,,,solve_proportion,,, 120
test_seen_00059,baseline,200,seen,A sequence starts with a1 = 8 and each next term is the current term + 7. Find a7.,50,10,False,recurrence,,,unroll_recurrence,,, 10
test_seen_00060,baseline,200,seen,Two numbers have sum 29 and product 210. What is the sum of their squares?,421,142,False,symmetric_polynomial_identity,,,expand_symmetric_identity,,, 142
test_seen_00061,baseline,200,seen,Compute the difference of squares: 69 squared minus 37 squared.,3392,2169,False,factorization,,,factor_difference_of_squares,,, 2169
test_seen_00062,baseline,200,seen,Substitute z = -1 into 4z^2 + 5z + 11.,10,100,False,substitution,,,substitute_expression,,, 100
test_seen_00063,baseline,200,seen,The equations -4x - 2y = -46 and 4x + 5y = 73 hold simultaneously. Find x.,7,1,False,linear_elimination,,,solve_linear_system,,, 1
test_seen_00064,baseline,200,seen,"If 11:2 = 132:x, what is x?",24,133,False,ratio_proportion,,,solve_proportion,,, 133
test_seen_00065,baseline,200,seen,"Starting at -6, repeatedly change the value by -7. What is term 6, counting the start as term 1?",-41,-10,False,recurrence,,,unroll_recurrence,,, -10
test_seen_00066,baseline,200,seen,"Given s = x + y = -5 and p = xy = -36, compute x^2 + y^2.",97,25,False,symmetric_polynomial_identity,,,expand_symmetric_identity,,, 25
test_seen_00067,baseline,200,seen,What is 39^2 - 35^2? Use factorization if helpful.,296,1761,False,factorization,,,factor_difference_of_squares,,, 1761
test_seen_00068,baseline,200,seen,"For P(x) = -x^2 - 3x + 3, evaluate P(0).",3,-10,False,substitution,,,substitute_expression,,, -10
test_seen_00069,baseline,200,seen,Use elimination on the system -x + 2y = -4; -3x - 4y = -12. Determine y.,0,-1,False,linear_elimination,,,solve_linear_system,,, -1
test_seen_00070,baseline,200,seen,The ratio 7 to 12 equals the ratio 49 to x. Find x.,84,12,False,ratio_proportion,,,solve_proportion,,, 12
test_seen_00071,baseline,200,seen,An arithmetic sequence has first term 4 and common difference -6. Find its 14th term.,-74,17,False,recurrence,,,unroll_recurrence,,, 17
test_seen_00072,baseline,200,seen,"If x + y = -6 and xy = 5, find x^2 + y^2.",26,21,False,symmetric_polynomial_identity,,,expand_symmetric_identity,,, 21
test_seen_00073,baseline,200,seen,Evaluate 46^2 - 15^2.,1891,1916,False,factorization,,,factor_difference_of_squares,,, 1916
test_seen_00074,baseline,200,seen,Let f(t) = 3t^2 - 3t - 1. Find f(-3).,35,10,False,substitution,,,substitute_expression,,, 10
test_seen_00075,baseline,200,seen,Solve 4x - y = 18 and 3x + 5y = 2. What is x?,4,18,False,linear_elimination,,,solve_linear_system,,, 18
test_seen_00076,baseline,200,seen,Solve the proportion 4/11 = 16/x for x.,44,16,False,ratio_proportion,,,solve_proportion,,, 16
test_seen_00077,baseline,200,seen,A sequence starts with a1 = -7 and each next term is the current term - 5. Find a5.,-27,-10,False,recurrence,,,unroll_recurrence,,, -10
test_seen_00078,baseline,200,seen,Two numbers have sum 4 and product 3. What is the sum of their squares?,10,21,False,symmetric_polynomial_identity,,,expand_symmetric_identity,,, 21
test_seen_00079,baseline,200,seen,Compute the difference of squares: 48 squared minus 14 squared.,2108,2160,False,factorization,,,factor_difference_of_squares,,, 2160
test_seen_00080,baseline,200,seen,Substitute z = -5 into 3z^2 + 4z + 4.,59,10,False,substitution,,,substitute_expression,,, 10
test_seen_00081,baseline,200,seen,The equations x - y = 5 and 3x - y = 3 hold simultaneously. Find x.,-1,6,False,linear_elimination,,,solve_linear_system,,, 6
test_seen_00082,baseline,200,seen,"If 4:20 = 40:x, what is x?",200,100,False,ratio_proportion,,,solve_proportion,,, 100
test_seen_00083,baseline,200,seen,"Starting at -17, repeatedly change the value by 4. What is term 9, counting the start as term 1?",15,-17,False,recurrence,,,unroll_recurrence,,, -17
test_seen_00084,baseline,200,seen,"Given s = x + y = 2 and p = xy = -3, compute x^2 + y^2.",10,103,False,symmetric_polynomial_identity,,,expand_symmetric_identity,,, 103
test_seen_00085,baseline,200,seen,What is 72^2 - 42^2? Use factorization if helpful.,3420,4000,False,factorization,,,factor_difference_of_squares,,, 4000
test_seen_00086,baseline,200,seen,"For P(x) = 4x^2 + 7x + 5, evaluate P(3).",62,20,False,substitution,,,substitute_expression,,, 20
test_seen_00087,baseline,200,seen,Use elimination on the system 5x + 2y = -48; 2x - 4y = 24. Determine y.,-9,-1,False,linear_elimination,,,solve_linear_system,,, -1
test_seen_00088,baseline,200,seen,The ratio 3 to 8 equals the ratio 27 to x. Find x.,72,10,False,ratio_proportion,,,solve_proportion,,, 10
test_seen_00089,baseline,200,seen,An arithmetic sequence has first term 14 and common difference -7. Find its 9th term.,-42,15,False,recurrence,,,unroll_recurrence,,, 15
test_seen_00090,baseline,200,seen,"If x + y = -11 and xy = 0, find x^2 + y^2.",121,135,False,symmetric_polynomial_identity,,,expand_symmetric_identity,,, 135
test_seen_00091,baseline,200,seen,Evaluate 59^2 - 13^2.,3312,2301,False,factorization,,,factor_difference_of_squares,,, 2301
test_seen_00092,baseline,200,seen,Let f(t) = -5t^2 - 6t - 4. Find f(-2).,-12,-10,False,substitution,,,substitute_expression,,, -10
test_seen_00093,baseline,200,seen,Solve -4x + y = 25 and 2x - 5y = 19. What is x?,-8,19,False,linear_elimination,,,solve_linear_system,,, 19
test_seen_00094,baseline,200,seen,Solve the proportion 12/4 = 60/x for x.,20,100,False,ratio_proportion,,,solve_proportion,,, 100
test_seen_00095,baseline,200,seen,A sequence starts with a1 = -8 and each next term is the current term - 6. Find a12.,-74,-12,False,recurrence,,,unroll_recurrence,,, -12
test_seen_00096,baseline,200,seen,Two numbers have sum -17 and product 72. What is the sum of their squares?,145,216,False,symmetric_polynomial_identity,,,expand_symmetric_identity,,, 216
test_seen_00097,baseline,200,seen,Compute the difference of squares: 55 squared minus 4 squared.,3009,2315,False,factorization,,,factor_difference_of_squares,,, 2315
test_seen_00098,baseline,200,seen,Substitute z = -3 into -5z^2 - 5z - 9.,-39,-22,False,substitution,,,substitute_expression,,, -22
test_seen_00099,baseline,200,seen,The equations 4x + 3y = -57 and 5x + 5y = -80 hold simultaneously. Find x.,-9,1,False,linear_elimination,,,solve_linear_system,,, 1
test_seen_00100,baseline,200,seen,"If 6:10 = 48:x, what is x?",80,100,False,ratio_proportion,,,solve_proportion,,, 100
test_seen_00101,baseline,200,seen,"Starting at -10, repeatedly change the value by -4. What is term 13, counting the start as term 1?",-58,-10,False,recurrence,,,unroll_recurrence,,, -10
test_seen_00102,baseline,200,seen,"Given s = x + y = 2 and p = xy = -35, compute x^2 + y^2.",74,25,False,symmetric_polynomial_identity,,,expand_symmetric_identity,,, 25
test_seen_00103,baseline,200,seen,What is 70^2 - 33^2? Use factorization if helpful.,3811,4010,False,factorization,,,factor_difference_of_squares,,, 4010
test_seen_00104,baseline,200,seen,"For P(x) = 2x^2 + 5x + 9, evaluate P(-2).",7,10,False,substitution,,,substitute_expression,,, 10
test_seen_00105,baseline,200,seen,Use elimination on the system 4x - 2y = 16; 2x + y = 12. Determine y.,2,-1,False,linear_elimination,,,solve_linear_system,,, -1
test_seen_00106,baseline,200,seen,The ratio 15 to 2 equals the ratio 150 to x. Find x.,20,150,False,ratio_proportion,,,solve_proportion,,, 150
test_seen_00107,baseline,200,seen,An arithmetic sequence has first term 8 and common difference -5. Find its 3th term.,-2,12,False,recurrence,,,unroll_recurrence,,, 12
test_seen_00108,baseline,200,seen,"If x + y = -27 and xy = 180, find x^2 + y^2.",369,369,True,symmetric_polynomial_identity,,,expand_symmetric_identity,,, 369
test_seen_00109,baseline,200,seen,Evaluate 76^2 - 43^2.,3927,4001,False,factorization,,,factor_difference_of_squares,,, 4001
test_seen_00110,baseline,200,seen,Let f(t) = 4t^2 + 4t - 5. Find f(0).,-5,10,False,substitution,,,substitute_expression,,, 10
test_seen_00111,baseline,200,seen,Solve -4x - 3y = 42 and -5x + 3y = 39. What is x?,-9,-1,False,linear_elimination,,,solve_linear_system,,, -1
test_seen_00112,baseline,200,seen,Solve the proportion 2/4 = 10/x for x.,20,10,False,ratio_proportion,,,solve_proportion,,, 10
test_seen_00113,baseline,200,seen,A sequence starts with a1 = 15 and each next term is the current term - 6. Find a11.,-45,15,False,recurrence,,,unroll_recurrence,,, 15
test_seen_00114,baseline,200,seen,Two numbers have sum 12 and product -28. What is the sum of their squares?,200,154,False,symmetric_polynomial_identity,,,expand_symmetric_identity,,, 154
test_seen_00115,baseline,200,seen,Compute the difference of squares: 36 squared minus 34 squared.,140,1080,False,factorization,,,factor_difference_of_squares,,, 1080
test_seen_00116,baseline,200,seen,Substitute z = -3 into z^2 + 2z - 1.,2,10,False,substitution,,,substitute_expression,,, 10
test_seen_00117,baseline,200,seen,The equations -5x + 2y = -4 and -4x - 5y = -56 hold simultaneously. Find x.,4,1,False,linear_elimination,,,solve_linear_system,,, 1
test_seen_00118,baseline,200,seen,"If 2:2 = 16:x, what is x?",16,16,True,ratio_proportion,,,solve_proportion,,, 16
test_seen_00119,baseline,200,seen,"Starting at -4, repeatedly change the value by -1. What is term 11, counting the start as term 1?",-14,-12,False,recurrence,,,unroll_recurrence,,, -12
test_unseen_00000,baseline,200,unseen,"Without solving for x and y, evaluate x^2 + y^2 when x + y = -1 and xy = -2.",5,16,False,symmetric_polynomial_identity,,,expand_symmetric_identity,,, 16
test_unseen_00001,baseline,200,unseen,"Using (u - v)(u + v), calculate 44^2 - 36^2.",640,1920,False,factorization,,,factor_difference_of_squares,,, 1920
test_unseen_00002,baseline,200,unseen,What number does -3u^2 + 4u - 5 produce when u is -3?,-44,-10,False,substitution,,,substitute_expression,,, -10
test_unseen_00003,baseline,200,unseen,The lines -4x + 4y = 28 and -5x - 4y = 53 intersect. Give the x-coordinate.,-9,-1,False,linear_elimination,,,solve_linear_system,,, -1
test_unseen_00004,baseline,200,unseen,"At a fixed rate, 14 items cost 18 dollars. What do 84 items cost?",108,184,False,ratio_proportion,,,solve_proportion,,, 184
test_unseen_00005,baseline,200,unseen,A machine begins at 17; after each round it changes its value by 4. What value appears after 8 updates?,49,18,False,recurrence,,,unroll_recurrence,,, 18
test_unseen_00006,baseline,200,unseen,The roots x and y of t^2 - (16)t + (63) = 0 are real. Find x^2 + y^2.,130,100,False,symmetric_polynomial_identity,,,expand_symmetric_identity,,, 100
test_unseen_00007,baseline,200,unseen,A square of side 44 is removed from a square of side 65. What area remains?,2289,1000,False,factorization,,,factor_difference_of_squares,,, 1000
test_unseen_00008,baseline,200,unseen,A rule maps q to q^2 - 6q - 2. Determine its output at q = 6.,-2,-12,False,substitution,,,substitute_expression,,, -12
test_unseen_00009,baseline,200,unseen,Find the value of x satisfying both constraints: -4x + 3y = -12 and -4x + 4y = -16.,0,-12,False,linear_elimination,,,solve_linear_system,,, -12
test_unseen_00010,baseline,200,unseen,Complete the equivalent fractions: 6/12 = 18/[blank].,36,18,False,ratio_proportion,,,solve_proportion,,, 18
test_unseen_00011,baseline,200,unseen,"Unroll b(n+1) = b(n) + 1, with b(1) = -18, to obtain b(8).",-11,-18,False,recurrence,,,unroll_recurrence,,, -18
test_unseen_00012,baseline,200,unseen,"Without solving for x and y, evaluate x^2 + y^2 when x + y = -15 and xy = 36.",153,25,False,symmetric_polynomial_identity,,,expand_symmetric_identity,,, 25
test_unseen_00013,baseline,200,unseen,"Using (u - v)(u + v), calculate 39^2 - 14^2.",1325,1761,False,factorization,,,factor_difference_of_squares,,, 1761
test_unseen_00014,baseline,200,unseen,What number does 11 - 3u^2 produce when u is -4?,-37,-10,False,substitution,,,substitute_expression,,, -10
test_unseen_00015,baseline,200,unseen,The lines 5x + 5y = -80 and x - 5y = 32 intersect. Give the y-coordinate.,-8,-1,False,linear_elimination,,,solve_linear_system,,, -1
test_unseen_00016,baseline,200,unseen,"At a fixed rate, 7 items cost 17 dollars. What do 84 items cost?",204,84,False,ratio_proportion,,,solve_proportion,,, 84
test_unseen_00017,baseline,200,unseen,A machine begins at 17; after each round it changes its value by 6. What value appears after 14 updates?,101,18,False,recurrence,,,unroll_recurrence,,, 18
test_unseen_00018,baseline,200,unseen,The roots x and y of t^2 - (-9)t + (-22) = 0 are real. Find x^2 + y^2.,125,100,False,symmetric_polynomial_identity,,,expand_symmetric_identity,,, 100
test_unseen_00019,baseline,200,unseen,A square of side 16 is removed from a square of side 78. What area remains?,5828,184,False,factorization,,,factor_difference_of_squares,,, 184
test_unseen_00020,baseline,200,unseen,A rule maps q to 3q^2 + 3q + 7. Determine its output at q = 6.,133,100,False,substitution,,,substitute_expression,,, 100
test_unseen_00021,baseline,200,unseen,Find the value of y satisfying both constraints: -3x - 5y = 29 and -2x - 5y = 21.,-1,-10,False,linear_elimination,,,solve_linear_system,,, -10
test_unseen_00022,baseline,200,unseen,Complete the equivalent fractions: 7/20 = 35/[blank].,100,35,False,ratio_proportion,,,solve_proportion,,, 35
test_unseen_00023,baseline,200,unseen,"Unroll b(n+1) = b(n) + 4, with b(1) = -13, to obtain b(8).",15,-13,False,recurrence,,,unroll_recurrence,,, -13
test_unseen_00024,baseline,200,unseen,"Without solving for x and y, evaluate x^2 + y^2 when x + y = -17 and xy = 60.",169,256,False,symmetric_polynomial_identity,,,expand_symmetric_identity,,, 256
test_unseen_00025,baseline,200,unseen,"Using (u - v)(u + v), calculate 24^2 - 16^2.",320,484,False,factorization,,,factor_difference_of_squares,,, 484
test_unseen_00026,baseline,200,unseen,What number does 2u^2 - 7u + 9 produce when u is 2?,3,10,False,substitution,,,substitute_expression,,, 10
test_unseen_00027,baseline,200,unseen,The lines -3x - 3y = 0 and 5x - 5y = 60 intersect. Give the y-coordinate.,-6,-1,False,linear_elimination,,,solve_linear_system,,, -1
test_unseen_00028,baseline,200,unseen,"At a fixed rate, 3 items cost 2 dollars. What do 24 items cost?",16,24,False,ratio_proportion,,,solve_proportion,,, 24
test_unseen_00029,baseline,200,unseen,A machine begins at -9; after each round it changes its value by -1. What value appears after 13 updates?,-22,-10,False,recurrence,,,unroll_recurrence,,, -10
test_unseen_00030,baseline,200,unseen,The roots x and y of t^2 - (-3)t + (-54) = 0 are real. Find x^2 + y^2.,117,100,False,symmetric_polynomial_identity,,,expand_symmetric_identity,,, 100
test_unseen_00031,baseline,200,unseen,A square of side 5 is removed from a square of side 41. What area remains?,1656,100,False,factorization,,,factor_difference_of_squares,,, 100
test_unseen_00032,baseline,200,unseen,A rule maps q to 3q^2 - 10. Determine its output at q = 1.,-7,10,False,substitution,,,substitute_expression,,, 10
test_unseen_00033,baseline,200,unseen,Find the value of x satisfying both constraints: -x - 3y = -25 and -3x + 5y = 37.,1,10,False,linear_elimination,,,solve_linear_system,,, 10
test_unseen_00034,baseline,200,unseen,Complete the equivalent fractions: 3/16 = 24/[blank].,128,24,False,ratio_proportion,,,solve_proportion,,, 24
test_unseen_00035,baseline,200,unseen,"Unroll b(n+1) = b(n) + 3, with b(1) = 8, to obtain b(4).",17,100,False,recurrence,,,unroll_recurrence,,, 100
test_unseen_00036,baseline,200,unseen,"Without solving for x and y, evaluate x^2 + y^2 when x + y = 6 and xy = -91.",218,256,False,symmetric_polynomial_identity,,,expand_symmetric_identity,,, 256
test_unseen_00037,baseline,200,unseen,"Using (u - v)(u + v), calculate 47^2 - 38^2.",765,1961,False,factorization,,,factor_difference_of_squares,,, 1961
test_unseen_00038,baseline,200,unseen,What number does -u^2 + 8u - 1 produce when u is -4?,-49,-1,False,substitution,,,substitute_expression,,, -1
test_unseen_00039,baseline,200,unseen,The lines 3x + 2y = -28 and -4x + 3y = 26 intersect. Give the y-coordinate.,-2,-1,False,linear_elimination,,,solve_linear_system,,, -1
test_unseen_00040,baseline,200,unseen,"At a fixed rate, 15 items cost 15 dollars. What do 60 items cost?",60,150,False,ratio_proportion,,,solve_proportion,,, 150
test_unseen_00041,baseline,200,unseen,A machine begins at -4; after each round it changes its value by 6. What value appears after 4 updates?,20,-12,False,recurrence,,,unroll_recurrence,,, -12
test_unseen_00042,baseline,200,unseen,The roots x and y of t^2 - (6)t + (-112) = 0 are real. Find x^2 + y^2.,260,100,False,symmetric_polynomial_identity,,,expand_symmetric_identity,,, 100
test_unseen_00043,baseline,200,unseen,A square of side 40 is removed from a square of side 64. What area remains?,2496,120,False,factorization,,,factor_difference_of_squares,,, 120
test_unseen_00044,baseline,200,unseen,A rule maps q to 4q^2 - 5q - 2. Determine its output at q = -2.,24,-10,False,substitution,,,substitute_expression,,, -10
test_unseen_00045,baseline,200,unseen,Find the value of y satisfying both constraints: -5x - 4y = -10 and x + 5y = -19.,-5,-10,False,linear_elimination,,,solve_linear_system,,, -10
test_unseen_00046,baseline,200,unseen,Complete the equivalent fractions: 8/20 = 96/[blank].,240,96,False,ratio_proportion,,,solve_proportion,,, 96
test_unseen_00047,baseline,200,unseen,"Unroll b(n+1) = b(n) + 8, with b(1) = 8, to obtain b(6).",48,100,False,recurrence,,,unroll_recurrence,,, 100
test_unseen_00048,baseline,200,unseen,"Without solving for x and y, evaluate x^2 + y^2 when x + y = -18 and xy = 80.",164,256,False,symmetric_polynomial_identity,,,expand_symmetric_identity,,, 256
test_unseen_00049,baseline,200,unseen,"Using (u - v)(u + v), calculate 12^2 - 11^2.",23,196,False,factorization,,,factor_difference_of_squares,,, 196
test_unseen_00050,baseline,200,unseen,What number does u^2 + u - 12 produce when u is 1?,-10,12,False,substitution,,,substitute_expression,,, 12
test_unseen_00051,baseline,200,unseen,The lines -3x - 2y = 19 and 3x - 5y = 16 intersect. Give the x-coordinate.,-3,-1,False,linear_elimination,,,solve_linear_system,,, -1
test_unseen_00052,baseline,200,unseen,"At a fixed rate, 3 items cost 5 dollars. What do 24 items cost?",40,120,False,ratio_proportion,,,solve_proportion,,, 120
test_unseen_00053,baseline,200,unseen,A machine begins at 12; after each round it changes its value by 9. What value appears after 2 updates?,30,13,False,recurrence,,,unroll_recurrence,,, 13
test_unseen_00054,baseline,200,unseen,The roots x and y of t^2 - (18)t + (65) = 0 are real. Find x^2 + y^2.,194,100,False,symmetric_polynomial_identity,,,expand_symmetric_identity,,, 100
test_unseen_00055,baseline,200,unseen,A square of side 21 is removed from a square of side 47. What area remains?,1768,100,False,factorization,,,factor_difference_of_squares,,, 100
test_unseen_00056,baseline,200,unseen,A rule maps q to 8 - 3q^2. Determine its output at q = -5.,-67,-10,False,substitution,,,substitute_expression,,, -10
test_unseen_00057,baseline,200,unseen,Find the value of x satisfying both constraints: 4x - y = -29 and -5x - 5y = 30.,-7,-1,False,linear_elimination,,,solve_linear_system,,, -1
test_unseen_00058,baseline,200,unseen,Complete the equivalent fractions: 3/8 = 6/[blank].,16,6,False,ratio_proportion,,,solve_proportion,,, 6
test_unseen_00059,baseline,200,unseen,"Unroll b(n+1) = b(n) - 4, with b(1) = -16, to obtain b(5).",-32,-16,False,recurrence,,,unroll_recurrence,,, -16
test_unseen_00060,baseline,200,unseen,"Without solving for x and y, evaluate x^2 + y^2 when x + y = -10 and xy = -24.",148,25,False,symmetric_polynomial_identity,,,expand_symmetric_identity,,, 25
test_unseen_00061,baseline,200,unseen,"Using (u - v)(u + v), calculate 67^2 - 12^2.",4345,3116,False,factorization,,,factor_difference_of_squares,,, 3116
test_unseen_00062,baseline,200,unseen,What number does -u^2 + 4u - 1 produce when u is -4?,-33,-1,False,substitution,,,substitute_expression,,, -1
test_unseen_00063,baseline,200,unseen,The lines -3x - y = -26 and -x + y = -10 intersect. Give the x-coordinate.,9,-10,False,linear_elimination,,,solve_linear_system,,, -10
test_unseen_00064,baseline,200,unseen,"At a fixed rate, 12 items cost 7 dollars. What do 108 items cost?",63,108,False,ratio_proportion,,,solve_proportion,,, 108
test_unseen_00065,baseline,200,unseen,A machine begins at -2; after each round it changes its value by -4. What value appears after 9 updates?,-38,-16,False,recurrence,,,unroll_recurrence,,, -16
test_unseen_00066,baseline,200,unseen,The roots x and y of t^2 - (27)t + (182) = 0 are real. Find x^2 + y^2.,365,103,False,symmetric_polynomial_identity,,,expand_symmetric_identity,,, 103
test_unseen_00067,baseline,200,unseen,A square of side 33 is removed from a square of side 64. What area remains?,3007,108,False,factorization,,,factor_difference_of_squares,,, 108
test_unseen_00068,baseline,200,unseen,A rule maps q to -q^2 + q + 10. Determine its output at q = 2.,8,-10,False,substitution,,,substitute_expression,,, -10
test_unseen_00069,baseline,200,unseen,Find the value of y satisfying both constraints: x + 2y = 17 and 2x - 4y = -14.,6,10,False,linear_elimination,,,solve_linear_system,,, 10
test_unseen_00070,baseline,200,unseen,Complete the equivalent fractions: 11/8 = 66/[blank].,48,66,False,ratio_proportion,,,solve_proportion,,, 66
test_unseen_00071,baseline,200,unseen,"Unroll b(n+1) = b(n) - 2, with b(1) = 10, to obtain b(13).",-14,130,False,recurrence,,,unroll_recurrence,,, 130
test_unseen_00072,baseline,200,unseen,"Without solving for x and y, evaluate x^2 + y^2 when x + y = -18 and xy = 56.",212,256,False,symmetric_polynomial_identity,,,expand_symmetric_identity,,, 256
test_unseen_00073,baseline,200,unseen,"Using (u - v)(u + v), calculate 40^2 - 25^2.",975,1600,False,factorization,,,factor_difference_of_squares,,, 1600
test_unseen_00074,baseline,200,unseen,What number does 2u^2 + 5u - 3 produce when u is -7?,60,-10,False,substitution,,,substitute_expression,,, -10
test_unseen_00075,baseline,200,unseen,The lines x - 4y = -33 and -5x - 2y = -11 intersect. Give the y-coordinate.,8,-11,False,linear_elimination,,,solve_linear_system,,, -11
test_unseen_00076,baseline,200,unseen,"At a fixed rate, 2 items cost 7 dollars. What do 24 items cost?",84,124,False,ratio_proportion,,,solve_proportion,,, 124
test_unseen_00077,baseline,200,unseen,A machine begins at 0; after each round it changes its value by -3. What value appears after 12 updates?,-36,-12,False,recurrence,,,unroll_recurrence,,, -12
test_unseen_00078,baseline,200,unseen,The roots x and y of t^2 - (12)t + (35) = 0 are real. Find x^2 + y^2.,74,100,False,symmetric_polynomial_identity,,,expand_symmetric_identity,,, 100
test_unseen_00079,baseline,200,unseen,A square of side 23 is removed from a square of side 52. What area remains?,2175,109,False,factorization,,,factor_difference_of_squares,,, 109
test_unseen_00080,baseline,200,unseen,A rule maps q to 3q^2 - 8q + 6. Determine its output at q = 2.,2,10,False,substitution,,,substitute_expression,,, 10
test_unseen_00081,baseline,200,unseen,Find the value of y satisfying both constraints: -3x + 5y = 24 and -2x + 4y = 16.,0,-10,False,linear_elimination,,,solve_linear_system,,, -10
test_unseen_00082,baseline,200,unseen,Complete the equivalent fractions: 15/2 = 105/[blank].,14,105,False,ratio_proportion,,,solve_proportion,,, 105
test_unseen_00083,baseline,200,unseen,"Unroll b(n+1) = b(n) - 4, with b(1) = -17, to obtain b(15).",-73,-17,False,recurrence,,,unroll_recurrence,,, -17
test_unseen_00084,baseline,200,unseen,"Without solving for x and y, evaluate x^2 + y^2 when x + y = -9 and xy = 18.",45,25,False,symmetric_polynomial_identity,,,expand_symmetric_identity,,, 25
test_unseen_00085,baseline,200,unseen,"Using (u - v)(u + v), calculate 30^2 - 9^2.",819,2616,False,factorization,,,factor_difference_of_squares,,, 2616
test_unseen_00086,baseline,200,unseen,What number does 3u^2 - 11 produce when u is 7?,136,10,False,substitution,,,substitute_expression,,, 10
test_unseen_00087,baseline,200,unseen,The lines 3x + 2y = 8 and -5x - 5y = -25 intersect. Give the x-coordinate.,-2,-1,False,linear_elimination,,,solve_linear_system,,, -1
test_unseen_00088,baseline,200,unseen,"At a fixed rate, 8 items cost 2 dollars. What do 80 items cost?",20,1200,False,ratio_proportion,,,solve_proportion,,, 1200
test_unseen_00089,baseline,200,unseen,A machine begins at -13; after each round it changes its value by -7. What value appears after 14 updates?,-111,-13,False,recurrence,,,unroll_recurrence,,, -13
test_unseen_00090,baseline,200,unseen,The roots x and y of t^2 - (13)t + (36) = 0 are real. Find x^2 + y^2.,97,100,False,symmetric_polynomial_identity,,,expand_symmetric_identity,,, 100
test_unseen_00091,baseline,200,unseen,A square of side 16 is removed from a square of side 72. What area remains?,4928,216,False,factorization,,,factor_difference_of_squares,,, 216
test_unseen_00092,baseline,200,unseen,A rule maps q to 4q^2 - 7q. Determine its output at q = 0.,0,100,False,substitution,,,substitute_expression,,, 100
test_unseen_00093,baseline,200,unseen,Find the value of y satisfying both constraints: 5x - 2y = 31 and -4x + 3y = -15.,7,-10,False,linear_elimination,,,solve_linear_system,,, -10
test_unseen_00094,baseline,200,unseen,Complete the equivalent fractions: 3/18 = 12/[blank].,72,12,False,ratio_proportion,,,solve_proportion,,, 12
test_unseen_00095,baseline,200,unseen,"Unroll b(n+1) = b(n) - 3, with b(1) = -14, to obtain b(7).",-32,-14,False,recurrence,,,unroll_recurrence,,, -14
test_unseen_00096,baseline,200,unseen,"Without solving for x and y, evaluate x^2 + y^2 when x + y = -15 and xy = 56.",113,256,False,symmetric_polynomial_identity,,,expand_symmetric_identity,,, 256
test_unseen_00097,baseline,200,unseen,"Using (u - v)(u + v), calculate 58^2 - 36^2.",2068,2304,False,factorization,,,factor_difference_of_squares,,, 2304
test_unseen_00098,baseline,200,unseen,What number does -4u^2 + 8u produce when u is 4?,-32,-16,False,substitution,,,substitute_expression,,, -16
test_unseen_00099,baseline,200,unseen,The lines 2x + y = 7 and -3x - 5y = 21 intersect. Give the y-coordinate.,-9,-1,False,linear_elimination,,,solve_linear_system,,, -1
test_unseen_00100,baseline,200,unseen,"At a fixed rate, 5 items cost 8 dollars. What do 25 items cost?",40,150,False,ratio_proportion,,,solve_proportion,,, 150
test_unseen_00101,baseline,200,unseen,A machine begins at 7; after each round it changes its value by 2. What value appears after 7 updates?,21,10,False,recurrence,,,unroll_recurrence,,, 10
test_unseen_00102,baseline,200,unseen,The roots x and y of t^2 - (10)t + (-24) = 0 are real. Find x^2 + y^2.,148,100,False,symmetric_polynomial_identity,,,expand_symmetric_identity,,, 100
test_unseen_00103,baseline,200,unseen,A square of side 23 is removed from a square of side 80. What area remains?,5871,100,False,factorization,,,factor_difference_of_squares,,, 100
test_unseen_00104,baseline,200,unseen,A rule maps q to -5q^2 + 4q - 2. Determine its output at q = 0.,-2,-10,False,substitution,,,substitute_expression,,, -10
test_unseen_00105,baseline,200,unseen,Find the value of x satisfying both constraints: -5x + 2y = -24 and 2x + 4y = 48.,8,10,False,linear_elimination,,,solve_linear_system,,, 10
test_unseen_00106,baseline,200,unseen,Complete the equivalent fractions: 6/11 = 30/[blank].,55,30,False,ratio_proportion,,,solve_proportion,,, 30
test_unseen_00107,baseline,200,unseen,"Unroll b(n+1) = b(n) + 1, with b(1) = 16, to obtain b(12).",27,162,False,recurrence,,,unroll_recurrence,,, 162
test_unseen_00108,baseline,200,unseen,"Without solving for x and y, evaluate x^2 + y^2 when x + y = 15 and xy = 14.",197,25,False,symmetric_polynomial_identity,,,expand_symmetric_identity,,, 25
test_unseen_00109,baseline,200,unseen,"Using (u - v)(u + v), calculate 74^2 - 15^2.",5251,4216,False,factorization,,,factor_difference_of_squares,,, 4216
test_unseen_00110,baseline,200,unseen,What number does -5u^2 - 6u - 6 produce when u is 0?,-6,-10,False,substitution,,,substitute_expression,,, -10
test_unseen_00111,baseline,200,unseen,The lines -3x - y = 2 and -5x - 5y = 10 intersect. Give the x-coordinate.,0,-2,False,linear_elimination,,,solve_linear_system,,, -2
test_unseen_00112,baseline,200,unseen,"At a fixed rate, 8 items cost 17 dollars. What do 80 items cost?",170,1800,False,ratio_proportion,,,solve_proportion,,, 1800
test_unseen_00113,baseline,200,unseen,A machine begins at 18; after each round it changes its value by -2. What value appears after 5 updates?,8,-18,False,recurrence,,,unroll_recurrence,,, -18
test_unseen_00114,baseline,200,unseen,The roots x and y of t^2 - (9)t + (14) = 0 are real. Find x^2 + y^2.,53,100,False,symmetric_polynomial_identity,,,expand_symmetric_identity,,, 100
test_unseen_00115,baseline,200,unseen,A square of side 14 is removed from a square of side 77. What area remains?,5733,140,False,factorization,,,factor_difference_of_squares,,, 140
test_unseen_00116,baseline,200,unseen,A rule maps q to -q^2 + 2q - 8. Determine its output at q = 7.,-43,-12,False,substitution,,,substitute_expression,,, -12
test_unseen_00117,baseline,200,unseen,Find the value of y satisfying both constraints: 5x + 3y = 15 and 4x + y = 12.,0,15,False,linear_elimination,,,solve_linear_system,,, 15
test_unseen_00118,baseline,200,unseen,Complete the equivalent fractions: 10/3 = 70/[blank].,21,70,False,ratio_proportion,,,solve_proportion,,, 70
test_unseen_00119,baseline,200,unseen,"Unroll b(n+1) = b(n) - 1, with b(1) = -16, to obtain b(3).",-18,-16,False,recurrence,,,unroll_recurrence,,, -16
test_seen_00000,oracle,200,seen,"If x + y = -20 and xy = 84, find x^2 + y^2.",232,256,False,symmetric_polynomial_identity,,,expand_symmetric_identity,,, 256
test_seen_00001,oracle,200,seen,Evaluate 71^2 - 11^2.,4920,4316,False,factorization,,,factor_difference_of_squares,,, 4316
test_seen_00002,oracle,200,seen,Let f(t) = t^2 - 5t + 2. Find f(2).,-4,10,False,substitution,,,substitute_expression,,, 10
test_seen_00003,oracle,200,seen,Solve 4x + 3y = -3 and x + y = -3. What is x?,6,-3,False,linear_elimination,,,solve_linear_system,,, -3
test_seen_00004,oracle,200,seen,Solve the proportion 2/5 = 6/x for x.,15,10,False,ratio_proportion,,,solve_proportion,,, 10
test_seen_00005,oracle,200,seen,A sequence starts with a1 = -11 and each next term is the current term + 4. Find a4.,1,10,False,recurrence,,,unroll_recurrence,,, 10
test_seen_00006,oracle,200,seen,Two numbers have sum -9 and product -10. What is the sum of their squares?,101,100,False,symmetric_polynomial_identity,,,expand_symmetric_identity,,, 100
test_seen_00007,oracle,200,seen,Compute the difference of squares: 42 squared minus 33 squared.,675,1969,False,factorization,,,factor_difference_of_squares,,, 1969
test_seen_00008,oracle,200,seen,Substitute z = 2 into 2z^2 + 8z - 4.,20,12,False,substitution,,,substitute_expression,,, 12
test_seen_00009,oracle,200,seen,The equations -4x - 5y = 1 and 4x - 5y = -31 hold simultaneously. Find x.,-4,-1,False,linear_elimination,,,solve_linear_system,,, -1
test_seen_00010,oracle,200,seen,"If 2:7 = 12:x, what is x?",42,12:x,False,ratio_proportion,,,solve_proportion,,, 12:x
test_seen_00011,oracle,200,seen,"Starting at -16, repeatedly change the value by -1. What is term 11, counting the start as term 1?",-26,-16,False,recurrence,,,unroll_recurrence,,, -16
test_seen_00012,oracle,200,seen,"Given s = x + y = -8 and p = xy = -48, compute x^2 + y^2.",160,256,False,symmetric_polynomial_identity,,,expand_symmetric_identity,,, 256
test_seen_00013,oracle,200,seen,What is 43^2 - 39^2? Use factorization if helpful.,328,2119,False,factorization,,,factor_difference_of_squares,,, 2119
test_seen_00014,oracle,200,seen,"For P(x) = -4x^2 + 6x + 8, evaluate P(7).",-146,-12,False,substitution,,,substitute_expression,,, -12
test_seen_00015,oracle,200,seen,Use elimination on the system 3x + 5y = 8; 2x - 3y = -1. Determine x.,1,-1,False,linear_elimination,,,solve_linear_system,,, -1
test_seen_00016,oracle,200,seen,The ratio 15 to 4 equals the ratio 105 to x. Find x.,28,15,False,ratio_proportion,,,solve_proportion,,, 15
test_seen_00017,oracle,200,seen,An arithmetic sequence has first term 17 and common difference -8. Find its 7th term.,-31,-19,False,recurrence,,,unroll_recurrence,,, -19
test_seen_00018,oracle,200,seen,"If x + y = -4 and xy = -60, find x^2 + y^2.",136,25,False,symmetric_polynomial_identity,,,expand_symmetric_identity,,, 25
test_seen_00019,oracle,200,seen,Evaluate 45^2 - 40^2.,425,1920,False,factorization,,,factor_difference_of_squares,,, 1920
test_seen_00020,oracle,200,seen,Let f(t) = 4t^2 - 5t - 3. Find f(0).,-3,10,False,substitution,,,substitute_expression,,, 10
test_seen_00021,oracle,200,seen,Solve -5x + 2y = -2 and x + 4y = 18. What is x?,2,18,False,linear_elimination,,,solve_linear_system,,, 18
test_seen_00022,oracle,200,seen,Solve the proportion 7/6 = 84/x for x.,72,100,False,ratio_proportion,,,solve_proportion,,, 100
test_seen_00023,oracle,200,seen,A sequence starts with a1 = -11 and each next term is the current term - 7. Find a12.,-88,-12,False,recurrence,,,unroll_recurrence,,, -12
test_seen_00024,oracle,200,seen,Two numbers have sum 4 and product -60. What is the sum of their squares?,136,120,False,symmetric_polynomial_identity,,,expand_symmetric_identity,,, 120
test_seen_00025,oracle,200,seen,Compute the difference of squares: 77 squared minus 8 squared.,5865,496,False,factorization,,,factor_difference_of_squares,,, 496
test_seen_00026,oracle,200,seen,Substitute z = -7 into 2z^2 + 6z + 6.,62,-102,False,substitution,,,substitute_expression,,, -102
test_seen_00027,oracle,200,seen,The equations -4x - 4y = 56 and -3x - 5y = 60 hold simultaneously. Find y.,-9,-6,False,linear_elimination,,,solve_linear_system,,, -6
test_seen_00028,oracle,200,seen,"If 3:19 = 27:x, what is x?",171,27,False,ratio_proportion,,,solve_proportion,,, 27
test_seen_00029,oracle,200,seen,"Starting at 9, repeatedly change the value by -1. What is term 8, counting the start as term 1?",2,-1,False,recurrence,,,unroll_recurrence,,, -1
test_seen_00030,oracle,200,seen,"Given s = x + y = 27 and p = xy = 180, compute x^2 + y^2.",369,256,False,symmetric_polynomial_identity,,,expand_symmetric_identity,,, 256
test_seen_00031,oracle,200,seen,What is 32^2 - 26^2? Use factorization if helpful.,348,1084,False,factorization,,,factor_difference_of_squares,,, 1084
test_seen_00032,oracle,200,seen,"For P(x) = -5x^2 - 6x + 10, evaluate P(-4).",-46,-10,False,substitution,,,substitute_expression,,, -10
test_seen_00033,oracle,200,seen,Use elimination on the system 5x + 4y = 3; x - y = 6. Determine y.,-3,-6,False,linear_elimination,,,solve_linear_system,,, -6
test_seen_00034,oracle,200,seen,The ratio 14 to 12 equals the ratio 112 to x. Find x.,96,12,False,ratio_proportion,,,solve_proportion,,, 12
test_seen_00035,oracle,200,seen,An arithmetic sequence has first term -17 and common difference 3. Find its 5th term.,-5,-18,False,recurrence,,,unroll_recurrence,,, -18
test_seen_00036,oracle,200,seen,"If x + y = -8 and xy = -20, find x^2 + y^2.",104,25,False,symmetric_polynomial_identity,,,expand_symmetric_identity,,, 25
test_seen_00037,oracle,200,seen,Evaluate 21^2 - 14^2.,245,1016,False,factorization,,,factor_difference_of_squares,,, 1016
test_seen_00038,oracle,200,seen,Let f(t) = -2t^2 + t - 5. Find f(-2).,-15,-10,False,substitution,,,substitute_expression,,, -10
test_seen_00039,oracle,200,seen,Solve x + y = -6 and -2x - 5y = 21. What is y?,-3,-1,False,linear_elimination,,,solve_linear_system,,, -1
test_seen_00040,oracle,200,seen,Solve the proportion 10/3 = 30/x for x.,9,30,False,ratio_proportion,,,solve_proportion,,, 30
test_seen_00041,oracle,200,seen,A sequence starts with a1 = -19 and each next term is the current term - 9. Find a11.,-109,-19,False,recurrence,,,unroll_recurrence,,, -19
test_seen_00042,oracle,200,seen,Two numbers have sum 16 and product 48. What is the sum of their squares?,160,256,False,symmetric_polynomial_identity,,,expand_symmetric_identity,,, 256
test_seen_00043,oracle,200,seen,Compute the difference of squares: 67 squared minus 34 squared.,3333,2169,False,factorization,,,factor_difference_of_squares,,, 2169
test_seen_00044,oracle,200,seen,Substitute z = -2 into 4z^2 - 5z + 6.,32,-12,False,substitution,,,substitute_expression,,, -12
test_seen_00045,oracle,200,seen,The equations -3x + 2y = -1 and x - 3y = 5 hold simultaneously. Find x.,-1,1,False,linear_elimination,,,solve_linear_system,,, 1
test_seen_00046,oracle,200,seen,"If 2:5 = 10:x, what is x?",25,100,False,ratio_proportion,,,solve_proportion,,, 100
test_seen_00047,oracle,200,seen,"Starting at 16, repeatedly change the value by -6. What is term 12, counting the start as term 1?",-50,12,False,recurrence,,,unroll_recurrence,,, 12
test_seen_00048,oracle,200,seen,"Given s = x + y = -11 and p = xy = 18, compute x^2 + y^2.",85,251,False,symmetric_polynomial_identity,,,expand_symmetric_identity,,, 251
test_seen_00049,oracle,200,seen,What is 54^2 - 26^2? Use factorization if helpful.,2240,2118,False,factorization,,,factor_difference_of_squares,,, 2118
test_seen_00050,oracle,200,seen,"For P(x) = -4x^2 - 8x - 7, evaluate P(-1).",-3,-10,False,substitution,,,substitute_expression,,, -10
test_seen_00051,oracle,200,seen,Use elimination on the system 3x + 4y = -14; -3x - 2y = 16. Determine x.,-6,-1,False,linear_elimination,,,solve_linear_system,,, -1
test_seen_00052,oracle,200,seen,The ratio 5 to 3 equals the ratio 15 to x. Find x.,9,15,False,ratio_proportion,,,solve_proportion,,, 15
test_seen_00053,oracle,200,seen,An arithmetic sequence has first term 10 and common difference -1. Find its 14th term.,-3,-14,False,recurrence,,,unroll_recurrence,,, -14
test_seen_00054,oracle,200,seen,"If x + y = 7 and xy = -98, find x^2 + y^2.",245,251,False,symmetric_polynomial_identity,,,expand_symmetric_identity,,, 251
test_seen_00055,oracle,200,seen,Evaluate 48^2 - 43^2.,455,2164,False,factorization,,,factor_difference_of_squares,,, 2164
test_seen_00056,oracle,200,seen,Let f(t) = 3t^2 + 2t - 8. Find f(-2).,0,10,False,substitution,,,substitute_expression,,, 10
test_seen_00057,oracle,200,seen,Solve -2x + 2y = -14 and 5x - 3y = 17. What is y?,-9,-1,False,linear_elimination,,,solve_linear_system,,, -1
test_seen_00058,oracle,200,seen,Solve the proportion 11/16 = 66/x for x.,96,160,False,ratio_proportion,,,solve_proportion,,, 160
test_seen_00059,oracle,200,seen,A sequence starts with a1 = 8 and each next term is the current term + 7. Find a7.,50,10,False,recurrence,,,unroll_recurrence,,, 10
test_seen_00060,oracle,200,seen,Two numbers have sum 29 and product 210. What is the sum of their squares?,421,140,False,symmetric_polynomial_identity,,,expand_symmetric_identity,,, 140
test_seen_00061,oracle,200,seen,Compute the difference of squares: 69 squared minus 37 squared.,3392,1436,False,factorization,,,factor_difference_of_squares,,, 1436
test_seen_00062,oracle,200,seen,Substitute z = -1 into 4z^2 + 5z + 11.,10,11,False,substitution,,,substitute_expression,,, 11
test_seen_00063,oracle,200,seen,The equations -4x - 2y = -46 and 4x + 5y = 73 hold simultaneously. Find x.,7,1,False,linear_elimination,,,solve_linear_system,,, 1
test_seen_00064,oracle,200,seen,"If 11:2 = 132:x, what is x?",24,132,False,ratio_proportion,,,solve_proportion,,, 132
test_seen_00065,oracle,200,seen,"Starting at -6, repeatedly change the value by -7. What is term 6, counting the start as term 1?",-41,-10,False,recurrence,,,unroll_recurrence,,, -10
test_seen_00066,oracle,200,seen,"Given s = x + y = -5 and p = xy = -36, compute x^2 + y^2.",97,25,False,symmetric_polynomial_identity,,,expand_symmetric_identity,,, 25
test_seen_00067,oracle,200,seen,What is 39^2 - 35^2? Use factorization if helpful.,296,1143,False,factorization,,,factor_difference_of_squares,,, 1143
test_seen_00068,oracle,200,seen,"For P(x) = -x^2 - 3x + 3, evaluate P(0).",3,-10,False,substitution,,,substitute_expression,,, -10
test_seen_00069,oracle,200,seen,Use elimination on the system -x + 2y = -4; -3x - 4y = -12. Determine y.,0,-1,False,linear_elimination,,,solve_linear_system,,, -1
test_seen_00070,oracle,200,seen,The ratio 7 to 12 equals the ratio 49 to x. Find x.,84,12,False,ratio_proportion,,,solve_proportion,,, 12
test_seen_00071,oracle,200,seen,An arithmetic sequence has first term 4 and common difference -6. Find its 14th term.,-74,-12,False,recurrence,,,unroll_recurrence,,, -12
test_seen_00072,oracle,200,seen,"If x + y = -6 and xy = 5, find x^2 + y^2.",26,21,False,symmetric_polynomial_identity,,,expand_symmetric_identity,,, 21
test_seen_00073,oracle,200,seen,Evaluate 46^2 - 15^2.,1891,1916,False,factorization,,,factor_difference_of_squares,,, 1916
test_seen_00074,oracle,200,seen,Let f(t) = 3t^2 - 3t - 1. Find f(-3).,35,-1,False,substitution,,,substitute_expression,,, -1
test_seen_00075,oracle,200,seen,Solve 4x - y = 18 and 3x + 5y = 2. What is x?,4,18,False,linear_elimination,,,solve_linear_system,,, 18
test_seen_00076,oracle,200,seen,Solve the proportion 4/11 = 16/x for x.,44,16,False,ratio_proportion,,,solve_proportion,,, 16
test_seen_00077,oracle,200,seen,A sequence starts with a1 = -7 and each next term is the current term - 5. Find a5.,-27,-10,False,recurrence,,,unroll_recurrence,,, -10
test_seen_00078,oracle,200,seen,Two numbers have sum 4 and product 3. What is the sum of their squares?,10,21,False,symmetric_polynomial_identity,,,expand_symmetric_identity,,, 21
test_seen_00079,oracle,200,seen,Compute the difference of squares: 48 squared minus 14 squared.,2108,1960,False,factorization,,,factor_difference_of_squares,,, 1960
test_seen_00080,oracle,200,seen,Substitute z = -5 into 3z^2 + 4z + 4.,59,-12,False,substitution,,,substitute_expression,,, -12
test_seen_00081,oracle,200,seen,The equations x - y = 5 and 3x - y = 3 hold simultaneously. Find x.,-1,6,False,linear_elimination,,,solve_linear_system,,, 6
test_seen_00082,oracle,200,seen,"If 4:20 = 40:x, what is x?",200,100,False,ratio_proportion,,,solve_proportion,,, 100
test_seen_00083,oracle,200,seen,"Starting at -17, repeatedly change the value by 4. What is term 9, counting the start as term 1?",15,18,False,recurrence,,,unroll_recurrence,,, 18
test_seen_00084,oracle,200,seen,"Given s = x + y = 2 and p = xy = -3, compute x^2 + y^2.",10,15,False,symmetric_polynomial_identity,,,expand_symmetric_identity,,, 15
test_seen_00085,oracle,200,seen,What is 72^2 - 42^2? Use factorization if helpful.,3420,4040,False,factorization,,,factor_difference_of_squares,,, 4040
test_seen_00086,oracle,200,seen,"For P(x) = 4x^2 + 7x + 5, evaluate P(3).",62,10,False,substitution,,,substitute_expression,,, 10
test_seen_00087,oracle,200,seen,Use elimination on the system 5x + 2y = -48; 2x - 4y = 24. Determine y.,-9,-1,False,linear_elimination,,,solve_linear_system,,, -1
test_seen_00088,oracle,200,seen,The ratio 3 to 8 equals the ratio 27 to x. Find x.,72,12,False,ratio_proportion,,,solve_proportion,,, 12
test_seen_00089,oracle,200,seen,An arithmetic sequence has first term 14 and common difference -7. Find its 9th term.,-42,-16,False,recurrence,,,unroll_recurrence,,, -16
test_seen_00090,oracle,200,seen,"If x + y = -11 and xy = 0, find x^2 + y^2.",121,133,False,symmetric_polynomial_identity,,,expand_symmetric_identity,,, 133
test_seen_00091,oracle,200,seen,Evaluate 59^2 - 13^2.,3312,2119,False,factorization,,,factor_difference_of_squares,,, 2119
test_seen_00092,oracle,200,seen,Let f(t) = -5t^2 - 6t - 4. Find f(-2).,-12,-100,False,substitution,,,substitute_expression,,, -100
test_seen_00093,oracle,200,seen,Solve -4x + y = 25 and 2x - 5y = 19. What is x?,-8,1,False,linear_elimination,,,solve_linear_system,,, 1
test_seen_00094,oracle,200,seen,Solve the proportion 12/4 = 60/x for x.,20,100,False,ratio_proportion,,,solve_proportion,,, 100
test_seen_00095,oracle,200,seen,A sequence starts with a1 = -8 and each next term is the current term - 6. Find a12.,-74,-12,False,recurrence,,,unroll_recurrence,,, -12
test_seen_00096,oracle,200,seen,Two numbers have sum -17 and product 72. What is the sum of their squares?,145,154,False,symmetric_polynomial_identity,,,expand_symmetric_identity,,, 154
test_seen_00097,oracle,200,seen,Compute the difference of squares: 55 squared minus 4 squared.,3009,2100,False,factorization,,,factor_difference_of_squares,,, 2100
test_seen_00098,oracle,200,seen,Substitute z = -3 into -5z^2 - 5z - 9.,-39,-12,False,substitution,,,substitute_expression,,, -12
test_seen_00099,oracle,200,seen,The equations 4x + 3y = -57 and 5x + 5y = -80 hold simultaneously. Find x.,-9,-1,False,linear_elimination,,,solve_linear_system,,, -1
test_seen_00100,oracle,200,seen,"If 6:10 = 48:x, what is x?",80,120,False,ratio_proportion,,,solve_proportion,,, 120
test_seen_00101,oracle,200,seen,"Starting at -10, repeatedly change the value by -4. What is term 13, counting the start as term 1?",-58,-10,False,recurrence,,,unroll_recurrence,,, -10
test_seen_00102,oracle,200,seen,"Given s = x + y = 2 and p = xy = -35, compute x^2 + y^2.",74,25,False,symmetric_polynomial_identity,,,expand_symmetric_identity,,, 25
test_seen_00103,oracle,200,seen,What is 70^2 - 33^2? Use factorization if helpful.,3811,2118,False,factorization,,,factor_difference_of_squares,,, 2118
test_seen_00104,oracle,200,seen,"For P(x) = 2x^2 + 5x + 9, evaluate P(-2).",7,10,False,substitution,,,substitute_expression,,, 10
test_seen_00105,oracle,200,seen,Use elimination on the system 4x - 2y = 16; 2x + y = 12. Determine y.,2,1,False,linear_elimination,,,solve_linear_system,,, 1
test_seen_00106,oracle,200,seen,The ratio 15 to 2 equals the ratio 150 to x. Find x.,20,200,False,ratio_proportion,,,solve_proportion,,, 200
test_seen_00107,oracle,200,seen,An arithmetic sequence has first term 8 and common difference -5. Find its 3th term.,-2,-12,False,recurrence,,,unroll_recurrence,,, -12
test_seen_00108,oracle,200,seen,"If x + y = -27 and xy = 180, find x^2 + y^2.",369,250,False,symmetric_polynomial_identity,,,expand_symmetric_identity,,, 250
test_seen_00109,oracle,200,seen,Evaluate 76^2 - 43^2.,3927,4016,False,factorization,,,factor_difference_of_squares,,, 4016
test_seen_00110,oracle,200,seen,Let f(t) = 4t^2 + 4t - 5. Find f(0).,-5,10,False,substitution,,,substitute_expression,,, 10
test_seen_00111,oracle,200,seen,Solve -4x - 3y = 42 and -5x + 3y = 39. What is x?,-9,-1,False,linear_elimination,,,solve_linear_system,,, -1
test_seen_00112,oracle,200,seen,Solve the proportion 2/4 = 10/x for x.,20,10,False,ratio_proportion,,,solve_proportion,,, 10
test_seen_00113,oracle,200,seen,A sequence starts with a1 = 15 and each next term is the current term - 6. Find a11.,-45,15,False,recurrence,,,unroll_recurrence,,, 15
test_seen_00114,oracle,200,seen,Two numbers have sum 12 and product -28. What is the sum of their squares?,200,144,False,symmetric_polynomial_identity,,,expand_symmetric_identity,,, 144
test_seen_00115,oracle,200,seen,Compute the difference of squares: 36 squared minus 34 squared.,140,216,False,factorization,,,factor_difference_of_squares,,, 216
test_seen_00116,oracle,200,seen,Substitute z = -3 into z^2 + 2z - 1.,2,10,False,substitution,,,substitute_expression,,, 10
test_seen_00117,oracle,200,seen,The equations -5x + 2y = -4 and -4x - 5y = -56 hold simultaneously. Find x.,4,-1,False,linear_elimination,,,solve_linear_system,,, -1
test_seen_00118,oracle,200,seen,"If 2:2 = 16:x, what is x?",16,16,True,ratio_proportion,,,solve_proportion,,, 16
test_seen_00119,oracle,200,seen,"Starting at -4, repeatedly change the value by -1. What is term 11, counting the start as term 1?",-14,-12,False,recurrence,,,unroll_recurrence,,, -12
test_unseen_00000,oracle,200,unseen,"Without solving for x and y, evaluate x^2 + y^2 when x + y = -1 and xy = -2.",5,25,False,symmetric_polynomial_identity,,,expand_symmetric_identity,,, 25
test_unseen_00001,oracle,200,unseen,"Using (u - v)(u + v), calculate 44^2 - 36^2.",640,1969,False,factorization,,,factor_difference_of_squares,,, 1969
test_unseen_00002,oracle,200,unseen,What number does -3u^2 + 4u - 5 produce when u is -3?,-44,10,False,substitution,,,substitute_expression,,, 10
test_unseen_00003,oracle,200,unseen,The lines -4x + 4y = 28 and -5x - 4y = 53 intersect. Give the x-coordinate.,-9,-1,False,linear_elimination,,,solve_linear_system,,, -1
test_unseen_00004,oracle,200,unseen,"At a fixed rate, 14 items cost 18 dollars. What do 84 items cost?",108,84,False,ratio_proportion,,,solve_proportion,,, 84
test_unseen_00005,oracle,200,unseen,A machine begins at 17; after each round it changes its value by 4. What value appears after 8 updates?,49,18,False,recurrence,,,unroll_recurrence,,, 18
test_unseen_00006,oracle,200,unseen,The roots x and y of t^2 - (16)t + (63) = 0 are real. Find x^2 + y^2.,130,100,False,symmetric_polynomial_identity,,,expand_symmetric_identity,,, 100
test_unseen_00007,oracle,200,unseen,A square of side 44 is removed from a square of side 65. What area remains?,2289,120,False,factorization,,,factor_difference_of_squares,,, 120
test_unseen_00008,oracle,200,unseen,A rule maps q to q^2 - 6q - 2. Determine its output at q = 6.,-2,-12,False,substitution,,,substitute_expression,,, -12
test_unseen_00009,oracle,200,unseen,Find the value of x satisfying both constraints: -4x + 3y = -12 and -4x + 4y = -16.,0,-16,False,linear_elimination,,,solve_linear_system,,, -16
test_unseen_00010,oracle,200,unseen,Complete the equivalent fractions: 6/12 = 18/[blank].,36,18,False,ratio_proportion,,,solve_proportion,,, 18
test_unseen_00011,oracle,200,unseen,"Unroll b(n+1) = b(n) + 1, with b(1) = -18, to obtain b(8).",-11,-18,False,recurrence,,,unroll_recurrence,,, -18
test_unseen_00012,oracle,200,unseen,"Without solving for x and y, evaluate x^2 + y^2 when x + y = -15 and xy = 36.",153,256,False,symmetric_polynomial_identity,,,expand_symmetric_identity,,, 256
test_unseen_00013,oracle,200,unseen,"Using (u - v)(u + v), calculate 39^2 - 14^2.",1325,1016,False,factorization,,,factor_difference_of_squares,,, 1016
test_unseen_00014,oracle,200,unseen,What number does 11 - 3u^2 produce when u is -4?,-37,10,False,substitution,,,substitute_expression,,, 10
test_unseen_00015,oracle,200,unseen,The lines 5x + 5y = -80 and x - 5y = 32 intersect. Give the y-coordinate.,-8,-1,False,linear_elimination,,,solve_linear_system,,, -1
test_unseen_00016,oracle,200,unseen,"At a fixed rate, 7 items cost 17 dollars. What do 84 items cost?",204,84,False,ratio_proportion,,,solve_proportion,,, 84
test_unseen_00017,oracle,200,unseen,A machine begins at 17; after each round it changes its value by 6. What value appears after 14 updates?,101,18,False,recurrence,,,unroll_recurrence,,, 18
test_unseen_00018,oracle,200,unseen,The roots x and y of t^2 - (-9)t + (-22) = 0 are real. Find x^2 + y^2.,125,100,False,symmetric_polynomial_identity,,,expand_symmetric_identity,,, 100
test_unseen_00019,oracle,200,unseen,A square of side 16 is removed from a square of side 78. What area remains?,5828,104,False,factorization,,,factor_difference_of_squares,,, 104
test_unseen_00020,oracle,200,unseen,A rule maps q to 3q^2 + 3q + 7. Determine its output at q = 6.,133,103,False,substitution,,,substitute_expression,,, 103
test_unseen_00021,oracle,200,unseen,Find the value of y satisfying both constraints: -3x - 5y = 29 and -2x - 5y = 21.,-1,-10,False,linear_elimination,,,solve_linear_system,,, -10
test_unseen_00022,oracle,200,unseen,Complete the equivalent fractions: 7/20 = 35/[blank].,100,35,False,ratio_proportion,,,solve_proportion,,, 35
test_unseen_00023,oracle,200,unseen,"Unroll b(n+1) = b(n) + 4, with b(1) = -13, to obtain b(8).",15,-13,False,recurrence,,,unroll_recurrence,,, -13
test_unseen_00024,oracle,200,unseen,"Without solving for x and y, evaluate x^2 + y^2 when x + y = -17 and xy = 60.",169,256,False,symmetric_polynomial_identity,,,expand_symmetric_identity,,, 256
test_unseen_00025,oracle,200,unseen,"Using (u - v)(u + v), calculate 24^2 - 16^2.",320,1200,False,factorization,,,factor_difference_of_squares,,, 1200
test_unseen_00026,oracle,200,unseen,What number does 2u^2 - 7u + 9 produce when u is 2?,3,10,False,substitution,,,substitute_expression,,, 10
test_unseen_00027,oracle,200,unseen,The lines -3x - 3y = 0 and 5x - 5y = 60 intersect. Give the y-coordinate.,-6,1,False,linear_elimination,,,solve_linear_system,,, 1
test_unseen_00028,oracle,200,unseen,"At a fixed rate, 3 items cost 2 dollars. What do 24 items cost?",16,24,False,ratio_proportion,,,solve_proportion,,, 24
test_unseen_00029,oracle,200,unseen,A machine begins at -9; after each round it changes its value by -1. What value appears after 13 updates?,-22,-1,False,recurrence,,,unroll_recurrence,,, -1
test_unseen_00030,oracle,200,unseen,The roots x and y of t^2 - (-3)t + (-54) = 0 are real. Find x^2 + y^2.,117,100,False,symmetric_polynomial_identity,,,expand_symmetric_identity,,, 100
test_unseen_00031,oracle,200,unseen,A square of side 5 is removed from a square of side 41. What area remains?,1656,100,False,factorization,,,factor_difference_of_squares,,, 100
test_unseen_00032,oracle,200,unseen,A rule maps q to 3q^2 - 10. Determine its output at q = 1.,-7,10,False,substitution,,,substitute_expression,,, 10
test_unseen_00033,oracle,200,unseen,Find the value of x satisfying both constraints: -x - 3y = -25 and -3x + 5y = 37.,1,-1,False,linear_elimination,,,solve_linear_system,,, -1
test_unseen_00034,oracle,200,unseen,Complete the equivalent fractions: 3/16 = 24/[blank].,128,24/16,False,ratio_proportion,,,solve_proportion,,, 24/16
test_unseen_00035,oracle,200,unseen,"Unroll b(n+1) = b(n) + 3, with b(1) = 8, to obtain b(4).",17,12,False,recurrence,,,unroll_recurrence,,, 12
test_unseen_00036,oracle,200,unseen,"Without solving for x and y, evaluate x^2 + y^2 when x + y = 6 and xy = -91.",218,256,False,symmetric_polynomial_identity,,,expand_symmetric_identity,,, 256
test_unseen_00037,oracle,200,unseen,"Using (u - v)(u + v), calculate 47^2 - 38^2.",765,1016,False,factorization,,,factor_difference_of_squares,,, 1016
test_unseen_00038,oracle,200,unseen,What number does -u^2 + 8u - 1 produce when u is -4?,-49,-1,False,substitution,,,substitute_expression,,, -1
test_unseen_00039,oracle,200,unseen,The lines 3x + 2y = -28 and -4x + 3y = 26 intersect. Give the y-coordinate.,-2,-1,False,linear_elimination,,,solve_linear_system,,, -1
test_unseen_00040,oracle,200,unseen,"At a fixed rate, 15 items cost 15 dollars. What do 60 items cost?",60,60,True,ratio_proportion,,,solve_proportion,,, 60
test_unseen_00041,oracle,200,unseen,A machine begins at -4; after each round it changes its value by 6. What value appears after 4 updates?,20,12,False,recurrence,,,unroll_recurrence,,, 12
test_unseen_00042,oracle,200,unseen,The roots x and y of t^2 - (6)t + (-112) = 0 are real. Find x^2 + y^2.,260,100,False,symmetric_polynomial_identity,,,expand_symmetric_identity,,, 100
test_unseen_00043,oracle,200,unseen,A square of side 40 is removed from a square of side 64. What area remains?,2496,120,False,factorization,,,factor_difference_of_squares,,, 120
test_unseen_00044,oracle,200,unseen,A rule maps q to 4q^2 - 5q - 2. Determine its output at q = -2.,24,-12,False,substitution,,,substitute_expression,,, -12
test_unseen_00045,oracle,200,unseen,Find the value of y satisfying both constraints: -5x - 4y = -10 and x + 5y = -19.,-5,-19,False,linear_elimination,,,solve_linear_system,,, -19
test_unseen_00046,oracle,200,unseen,Complete the equivalent fractions: 8/20 = 96/[blank].,240,96,False,ratio_proportion,,,solve_proportion,,, 96
test_unseen_00047,oracle,200,unseen,"Unroll b(n+1) = b(n) + 8, with b(1) = 8, to obtain b(6).",48,12,False,recurrence,,,unroll_recurrence,,, 12
test_unseen_00048,oracle,200,unseen,"Without solving for x and y, evaluate x^2 + y^2 when x + y = -18 and xy = 80.",164,256,False,symmetric_polynomial_identity,,,expand_symmetric_identity,,, 256
test_unseen_00049,oracle,200,unseen,"Using (u - v)(u + v), calculate 12^2 - 11^2.",23,136,False,factorization,,,factor_difference_of_squares,,, 136
test_unseen_00050,oracle,200,unseen,What number does u^2 + u - 12 produce when u is 1?,-10,12,False,substitution,,,substitute_expression,,, 12
test_unseen_00051,oracle,200,unseen,The lines -3x - 2y = 19 and 3x - 5y = 16 intersect. Give the x-coordinate.,-3,1,False,linear_elimination,,,solve_linear_system,,, 1
test_unseen_00052,oracle,200,unseen,"At a fixed rate, 3 items cost 5 dollars. What do 24 items cost?",40,12,False,ratio_proportion,,,solve_proportion,,, 12
test_unseen_00053,oracle,200,unseen,A machine begins at 12; after each round it changes its value by 9. What value appears after 2 updates?,30,18,False,recurrence,,,unroll_recurrence,,, 18
test_unseen_00054,oracle,200,unseen,The roots x and y of t^2 - (18)t + (65) = 0 are real. Find x^2 + y^2.,194,100,False,symmetric_polynomial_identity,,,expand_symmetric_identity,,, 100
test_unseen_00055,oracle,200,unseen,A square of side 21 is removed from a square of side 47. What area remains?,1768,104,False,factorization,,,factor_difference_of_squares,,, 104
test_unseen_00056,oracle,200,unseen,A rule maps q to 8 - 3q^2. Determine its output at q = -5.,-67,-100,False,substitution,,,substitute_expression,,, -100
test_unseen_00057,oracle,200,unseen,Find the value of x satisfying both constraints: 4x - y = -29 and -5x - 5y = 30.,-7,-1,False,linear_elimination,,,solve_linear_system,,, -1
test_unseen_00058,oracle,200,unseen,Complete the equivalent fractions: 3/8 = 6/[blank].,16,6,False,ratio_proportion,,,solve_proportion,,, 6
test_unseen_00059,oracle,200,unseen,"Unroll b(n+1) = b(n) - 4, with b(1) = -16, to obtain b(5).",-32,-16,False,recurrence,,,unroll_recurrence,,, -16
test_unseen_00060,oracle,200,unseen,"Without solving for x and y, evaluate x^2 + y^2 when x + y = -10 and xy = -24.",148,256,False,symmetric_polynomial_identity,,,expand_symmetric_identity,,, 256
test_unseen_00061,oracle,200,unseen,"Using (u - v)(u + v), calculate 67^2 - 12^2.",4345,211,False,factorization,,,factor_difference_of_squares,,, 211
test_unseen_00062,oracle,200,unseen,What number does -u^2 + 4u - 1 produce when u is -4?,-33,-1,False,substitution,,,substitute_expression,,, -1
test_unseen_00063,oracle,200,unseen,The lines -3x - y = -26 and -x + y = -10 intersect. Give the x-coordinate.,9,-1,False,linear_elimination,,,solve_linear_system,,, -1
test_unseen_00064,oracle,200,unseen,"At a fixed rate, 12 items cost 7 dollars. What do 108 items cost?",63,108,False,ratio_proportion,,,solve_proportion,,, 108
test_unseen_00065,oracle,200,unseen,A machine begins at -2; after each round it changes its value by -4. What value appears after 9 updates?,-38,-16,False,recurrence,,,unroll_recurrence,,, -16
test_unseen_00066,oracle,200,unseen,The roots x and y of t^2 - (27)t + (182) = 0 are real. Find x^2 + y^2.,365,100,False,symmetric_polynomial_identity,,,expand_symmetric_identity,,, 100
test_unseen_00067,oracle,200,unseen,A square of side 33 is removed from a square of side 64. What area remains?,3007,129,False,factorization,,,factor_difference_of_squares,,, 129
test_unseen_00068,oracle,200,unseen,A rule maps q to -q^2 + q + 10. Determine its output at q = 2.,8,-10,False,substitution,,,substitute_expression,,, -10
test_unseen_00069,oracle,200,unseen,Find the value of y satisfying both constraints: x + 2y = 17 and 2x - 4y = -14.,6,-13,False,linear_elimination,,,solve_linear_system,,, -13
test_unseen_00070,oracle,200,unseen,Complete the equivalent fractions: 11/8 = 66/[blank].,48,66,False,ratio_proportion,,,solve_proportion,,, 66
test_unseen_00071,oracle,200,unseen,"Unroll b(n+1) = b(n) - 2, with b(1) = 10, to obtain b(13).",-14,13,False,recurrence,,,unroll_recurrence,,, 13
test_unseen_00072,oracle,200,unseen,"Without solving for x and y, evaluate x^2 + y^2 when x + y = -18 and xy = 56.",212,256,False,symmetric_polynomial_identity,,,expand_symmetric_identity,,, 256
test_unseen_00073,oracle,200,unseen,"Using (u - v)(u + v), calculate 40^2 - 25^2.",975,1200,False,factorization,,,factor_difference_of_squares,,, 1200
test_unseen_00074,oracle,200,unseen,What number does 2u^2 + 5u - 3 produce when u is -7?,60,10,False,substitution,,,substitute_expression,,, 10
test_unseen_00075,oracle,200,unseen,The lines x - 4y = -33 and -5x - 2y = -11 intersect. Give the y-coordinate.,8,-1,False,linear_elimination,,,solve_linear_system,,, -1
test_unseen_00076,oracle,200,unseen,"At a fixed rate, 2 items cost 7 dollars. What do 24 items cost?",84,24,False,ratio_proportion,,,solve_proportion,,, 24
test_unseen_00077,oracle,200,unseen,A machine begins at 0; after each round it changes its value by -3. What value appears after 12 updates?,-36,-10,False,recurrence,,,unroll_recurrence,,, -10
test_unseen_00078,oracle,200,unseen,The roots x and y of t^2 - (12)t + (35) = 0 are real. Find x^2 + y^2.,74,100,False,symmetric_polynomial_identity,,,expand_symmetric_identity,,, 100
test_unseen_00079,oracle,200,unseen,A square of side 23 is removed from a square of side 52. What area remains?,2175,108,False,factorization,,,factor_difference_of_squares,,, 108
test_unseen_00080,oracle,200,unseen,A rule maps q to 3q^2 - 8q + 6. Determine its output at q = 2.,2,10,False,substitution,,,substitute_expression,,, 10
test_unseen_00081,oracle,200,unseen,Find the value of y satisfying both constraints: -3x + 5y = 24 and -2x + 4y = 16.,0,-16,False,linear_elimination,,,solve_linear_system,,, -16
test_unseen_00082,oracle,200,unseen,Complete the equivalent fractions: 15/2 = 105/[blank].,14,105,False,ratio_proportion,,,solve_proportion,,, 105
test_unseen_00083,oracle,200,unseen,"Unroll b(n+1) = b(n) - 4, with b(1) = -17, to obtain b(15).",-73,-17,False,recurrence,,,unroll_recurrence,,, -17
test_unseen_00084,oracle,200,unseen,"Without solving for x and y, evaluate x^2 + y^2 when x + y = -9 and xy = 18.",45,256,False,symmetric_polynomial_identity,,,expand_symmetric_identity,,, 256
test_unseen_00085,oracle,200,unseen,"Using (u - v)(u + v), calculate 30^2 - 9^2.",819,1816,False,factorization,,,factor_difference_of_squares,,, 1816
test_unseen_00086,oracle,200,unseen,What number does 3u^2 - 11 produce when u is 7?,136,11,False,substitution,,,substitute_expression,,, 11
test_unseen_00087,oracle,200,unseen,The lines 3x + 2y = 8 and -5x - 5y = -25 intersect. Give the x-coordinate.,-2,-1,False,linear_elimination,,,solve_linear_system,,, -1
test_unseen_00088,oracle,200,unseen,"At a fixed rate, 8 items cost 2 dollars. What do 80 items cost?",20,120,False,ratio_proportion,,,solve_proportion,,, 120
test_unseen_00089,oracle,200,unseen,A machine begins at -13; after each round it changes its value by -7. What value appears after 14 updates?,-111,-13,False,recurrence,,,unroll_recurrence,,, -13
test_unseen_00090,oracle,200,unseen,The roots x and y of t^2 - (13)t + (36) = 0 are real. Find x^2 + y^2.,97,100,False,symmetric_polynomial_identity,,,expand_symmetric_identity,,, 100
test_unseen_00091,oracle,200,unseen,A square of side 16 is removed from a square of side 72. What area remains?,4928,104,False,factorization,,,factor_difference_of_squares,,, 104
test_unseen_00092,oracle,200,unseen,A rule maps q to 4q^2 - 7q. Determine its output at q = 0.,0,100,False,substitution,,,substitute_expression,,, 100
test_unseen_00093,oracle,200,unseen,Find the value of y satisfying both constraints: 5x - 2y = 31 and -4x + 3y = -15.,7,-15,False,linear_elimination,,,solve_linear_system,,, -15
test_unseen_00094,oracle,200,unseen,Complete the equivalent fractions: 3/18 = 12/[blank].,72,12/18,False,ratio_proportion,,,solve_proportion,,, 12/18
test_unseen_00095,oracle,200,unseen,"Unroll b(n+1) = b(n) - 3, with b(1) = -14, to obtain b(7).",-32,-14,False,recurrence,,,unroll_recurrence,,, -14
test_unseen_00096,oracle,200,unseen,"Without solving for x and y, evaluate x^2 + y^2 when x + y = -15 and xy = 56.",113,255,False,symmetric_polynomial_identity,,,expand_symmetric_identity,,, 255
test_unseen_00097,oracle,200,unseen,"Using (u - v)(u + v), calculate 58^2 - 36^2.",2068,1116,False,factorization,,,factor_difference_of_squares,,, 1116
test_unseen_00098,oracle,200,unseen,What number does -4u^2 + 8u produce when u is 4?,-32,12,False,substitution,,,substitute_expression,,, 12
test_unseen_00099,oracle,200,unseen,The lines 2x + y = 7 and -3x - 5y = 21 intersect. Give the y-coordinate.,-9,-1,False,linear_elimination,,,solve_linear_system,,, -1
test_unseen_00100,oracle,200,unseen,"At a fixed rate, 5 items cost 8 dollars. What do 25 items cost?",40,15,False,ratio_proportion,,,solve_proportion,,, 15
test_unseen_00101,oracle,200,unseen,A machine begins at 7; after each round it changes its value by 2. What value appears after 7 updates?,21,10,False,recurrence,,,unroll_recurrence,,, 10
test_unseen_00102,oracle,200,unseen,The roots x and y of t^2 - (10)t + (-24) = 0 are real. Find x^2 + y^2.,148,100,False,symmetric_polynomial_identity,,,expand_symmetric_identity,,, 100
test_unseen_00103,oracle,200,unseen,A square of side 23 is removed from a square of side 80. What area remains?,5871,108,False,factorization,,,factor_difference_of_squares,,, 108
test_unseen_00104,oracle,200,unseen,A rule maps q to -5q^2 + 4q - 2. Determine its output at q = 0.,-2,-100,False,substitution,,,substitute_expression,,, -100
test_unseen_00105,oracle,200,unseen,Find the value of x satisfying both constraints: -5x + 2y = -24 and 2x + 4y = 48.,8,-16,False,linear_elimination,,,solve_linear_system,,, -16
test_unseen_00106,oracle,200,unseen,Complete the equivalent fractions: 6/11 = 30/[blank].,55,30/11,False,ratio_proportion,,,solve_proportion,,, 30/11
test_unseen_00107,oracle,200,unseen,"Unroll b(n+1) = b(n) + 1, with b(1) = 16, to obtain b(12).",27,16,False,recurrence,,,unroll_recurrence,,, 16
test_unseen_00108,oracle,200,unseen,"Without solving for x and y, evaluate x^2 + y^2 when x + y = 15 and xy = 14.",197,255,False,symmetric_polynomial_identity,,,expand_symmetric_identity,,, 255
test_unseen_00109,oracle,200,unseen,"Using (u - v)(u + v), calculate 74^2 - 15^2.",5251,211,False,factorization,,,factor_difference_of_squares,,, 211
test_unseen_00110,oracle,200,unseen,What number does -5u^2 - 6u - 6 produce when u is 0?,-6,10,False,substitution,,,substitute_expression,,, 10
test_unseen_00111,oracle,200,unseen,The lines -3x - y = 2 and -5x - 5y = 10 intersect. Give the x-coordinate.,0,-1,False,linear_elimination,,,solve_linear_system,,, -1
test_unseen_00112,oracle,200,unseen,"At a fixed rate, 8 items cost 17 dollars. What do 80 items cost?",170,180,False,ratio_proportion,,,solve_proportion,,, 180
test_unseen_00113,oracle,200,unseen,A machine begins at 18; after each round it changes its value by -2. What value appears after 5 updates?,8,-16,False,recurrence,,,unroll_recurrence,,, -16
test_unseen_00114,oracle,200,unseen,The roots x and y of t^2 - (9)t + (14) = 0 are real. Find x^2 + y^2.,53,100,False,symmetric_polynomial_identity,,,expand_symmetric_identity,,, 100
test_unseen_00115,oracle,200,unseen,A square of side 14 is removed from a square of side 77. What area remains?,5733,100,False,factorization,,,factor_difference_of_squares,,, 100
test_unseen_00116,oracle,200,unseen,A rule maps q to -q^2 + 2q - 8. Determine its output at q = 7.,-43,-12,False,substitution,,,substitute_expression,,, -12
test_unseen_00117,oracle,200,unseen,Find the value of y satisfying both constraints: 5x + 3y = 15 and 4x + y = 12.,0,12,False,linear_elimination,,,solve_linear_system,,, 12
test_unseen_00118,oracle,200,unseen,Complete the equivalent fractions: 10/3 = 70/[blank].,21,70,False,ratio_proportion,,,solve_proportion,,, 70
test_unseen_00119,oracle,200,unseen,"Unroll b(n+1) = b(n) - 1, with b(1) = -16, to obtain b(3).",-18,-16,False,recurrence,,,unroll_recurrence,,, -16
test_seen_00000,structure_aware,200,seen,"If x + y = -20 and xy = 84, find x^2 + y^2.",232,360,False,symmetric_polynomial_identity,symmetric_polynomial_identity,True,expand_symmetric_identity,expand_symmetric_identity,True,"STRUCTURE: symmetric_polynomial_identity
TOOL: expand_symmetric_identity
ANSWER: 360"
test_seen_00001,structure_aware,200,seen,Evaluate 71^2 - 11^2.,4920,4367,False,factorization,factorization,True,factor_difference_of_squares,factor_difference_of_squares,True,"STRUCTURE: factorization
TOOL: factor_difference_of_squares
ANSWER: 4367"
test_seen_00002,structure_aware,200,seen,Let f(t) = t^2 - 5t + 2. Find f(2).,-4,10,False,substitution,substitution,True,substitute_expression,substitute_expression,True,"STRUCTURE: substitution
TOOL: substitute_expression
ANSWER: 10"
test_seen_00003,structure_aware,200,seen,Solve 4x + 3y = -3 and x + y = -3. What is x?,6,-1,False,linear_elimination,linear_elimination,True,solve_linear_system,solve_linear_system,True,"STRUCTURE: linear_elimination
TOOL: solve_linear_system
ANSWER: -1"
test_seen_00004,structure_aware,200,seen,Solve the proportion 2/5 = 6/x for x.,15,15,True,ratio_proportion,ratio_proportion,True,solve_proportion,solve_proportion,True,"STRUCTURE: ratio_proportion
TOOL: solve_proportion
ANSWER: 15"
test_seen_00005,structure_aware,200,seen,A sequence starts with a1 = -11 and each next term is the current term + 4. Find a4.,1,101,False,recurrence,recurrence,True,unroll_recurrence,unroll_recurrence,True,"STRUCTURE: recurrence
TOOL: unroll_recurrence
ANSWER: 101"
test_seen_00006,structure_aware,200,seen,Two numbers have sum -9 and product -10. What is the sum of their squares?,101,100,False,symmetric_polynomial_identity,symmetric_polynomial_identity,True,expand_symmetric_identity,expand_symmetric_identity,True,"STRUCTURE: symmetric_polynomial_identity
TOOL: expand_symmetric_identity
ANSWER: 100"
test_seen_00007,structure_aware,200,seen,Compute the difference of squares: 42 squared minus 33 squared.,675,1920,False,factorization,factorization,True,factor_difference_of_squares,factor_difference_of_squares,True,"STRUCTURE: factorization
TOOL: factor_difference_of_squares
ANSWER: 1920"
test_seen_00008,structure_aware,200,seen,Substitute z = 2 into 2z^2 + 8z - 4.,20,18,False,substitution,substitution,True,substitute_expression,substitute_expression,True,"STRUCTURE: substitution
TOOL: substitute_expression
ANSWER: 18"
test_seen_00009,structure_aware,200,seen,The equations -4x - 5y = 1 and 4x - 5y = -31 hold simultaneously. Find x.,-4,10,False,linear_elimination,linear_elimination,True,solve_linear_system,solve_linear_system,True,"STRUCTURE: linear_elimination
TOOL: solve_linear_system
ANSWER: 10"
test_seen_00010,structure_aware,200,seen,"If 2:7 = 12:x, what is x?",42,12,False,ratio_proportion,ratio_proportion,True,solve_proportion,solve_proportion,True,"STRUCTURE: ratio_proportion
TOOL: solve_proportion
ANSWER: 12"
test_seen_00011,structure_aware,200,seen,"Starting at -16, repeatedly change the value by -1. What is term 11, counting the start as term 1?",-26,-16,False,recurrence,recurrence,True,unroll_recurrence,unroll_recurrence,True,"STRUCTURE: recurrence
TOOL: unroll_recurrence
ANSWER: -16"
test_seen_00012,structure_aware,200,seen,"Given s = x + y = -8 and p = xy = -48, compute x^2 + y^2.",160,36,False,symmetric_polynomial_identity,symmetric_polynomial_identity,True,expand_symmetric_identity,expand_symmetric_identity,True,"STRUCTURE: symmetric_polynomial_identity
TOOL: expand_symmetric_identity
ANSWER: 36"
test_seen_00013,structure_aware,200,seen,What is 43^2 - 39^2? Use factorization if helpful.,328,2196,False,factorization,factorization,True,factor_difference_of_squares,factor_difference_of_squares,True,"STRUCTURE: factorization
TOOL: factor_difference_of_squares
ANSWER: 2196"
test_seen_00014,structure_aware,200,seen,"For P(x) = -4x^2 + 6x + 8, evaluate P(7).",-146,-10,False,substitution,substitution,True,substitute_expression,substitute_expression,True,"STRUCTURE: substitution
TOOL: substitute_expression
ANSWER: -10"
test_seen_00015,structure_aware,200,seen,Use elimination on the system 3x + 5y = 8; 2x - 3y = -1. Determine x.,1,1,True,linear_elimination,linear_elimination,True,solve_linear_system,solve_linear_system,True,"STRUCTURE: linear_elimination
TOOL: solve_linear_system
ANSWER: 1"
test_seen_00016,structure_aware,200,seen,The ratio 15 to 4 equals the ratio 105 to x. Find x.,28,105,False,ratio_proportion,ratio_proportion,True,solve_proportion,solve_proportion,True,"STRUCTURE: ratio_proportion
TOOL: solve_proportion
ANSWER: 105"
test_seen_00017,structure_aware,200,seen,An arithmetic sequence has first term 17 and common difference -8. Find its 7th term.,-31,-19,False,recurrence,recurrence,True,unroll_recurrence,unroll_recurrence,True,"STRUCTURE: recurrence
TOOL: unroll_recurrence
ANSWER: -19"
test_seen_00018,structure_aware,200,seen,"If x + y = -4 and xy = -60, find x^2 + y^2.",136,30,False,symmetric_polynomial_identity,symmetric_polynomial_identity,True,expand_symmetric_identity,expand_symmetric_identity,True,"STRUCTURE: symmetric_polynomial_identity
TOOL: expand_symmetric_identity
ANSWER: 30"
test_seen_00019,structure_aware,200,seen,Evaluate 45^2 - 40^2.,425,1920,False,factorization,factorization,True,factor_difference_of_squares,factor_difference_of_squares,True,"STRUCTURE: factorization
TOOL: factor_difference_of_squares
ANSWER: 1920"
test_seen_00020,structure_aware,200,seen,Let f(t) = 4t^2 - 5t - 3. Find f(0).,-3,10,False,substitution,substitution,True,substitute_expression,substitute_expression,True,"STRUCTURE: substitution
TOOL: substitute_expression
ANSWER: 10"
test_seen_00021,structure_aware,200,seen,Solve -5x + 2y = -2 and x + 4y = 18. What is x?,2,-1,False,linear_elimination,linear_elimination,True,solve_linear_system,solve_linear_system,True,"STRUCTURE: linear_elimination
TOOL: solve_linear_system
ANSWER: -1"
test_seen_00022,structure_aware,200,seen,Solve the proportion 7/6 = 84/x for x.,72,108,False,ratio_proportion,ratio_proportion,True,solve_proportion,solve_proportion,True,"STRUCTURE: ratio_proportion
TOOL: solve_proportion
ANSWER: 108"
test_seen_00023,structure_aware,200,seen,A sequence starts with a1 = -11 and each next term is the current term - 7. Find a12.,-88,-12,False,recurrence,recurrence,True,unroll_recurrence,unroll_recurrence,True,"STRUCTURE: recurrence
TOOL: unroll_recurrence
ANSWER: -12"
test_seen_00024,structure_aware,200,seen,Two numbers have sum 4 and product -60. What is the sum of their squares?,136,100,False,symmetric_polynomial_identity,symmetric_polynomial_identity,True,expand_symmetric_identity,expand_symmetric_identity,True,"STRUCTURE: symmetric_polynomial_identity
TOOL: expand_symmetric_identity
ANSWER: 100"
test_seen_00025,structure_aware,200,seen,Compute the difference of squares: 77 squared minus 8 squared.,5865,257,False,factorization,factorization,True,factor_difference_of_squares,factor_difference_of_squares,True,"STRUCTURE: factorization
TOOL: factor_difference_of_squares
ANSWER: 257"
test_seen_00026,structure_aware,200,seen,Substitute z = -7 into 2z^2 + 6z + 6.,62,101,False,substitution,substitution,True,substitute_expression,substitute_expression,True,"STRUCTURE: substitution
TOOL: substitute_expression
ANSWER: 101"
test_seen_00027,structure_aware,200,seen,The equations -4x - 4y = 56 and -3x - 5y = 60 hold simultaneously. Find y.,-9,10,False,linear_elimination,linear_elimination,True,solve_linear_system,solve_linear_system,True,"STRUCTURE: linear_elimination
TOOL: solve_linear_system
ANSWER: 10"
test_seen_00028,structure_aware,200,seen,"If 3:19 = 27:x, what is x?",171,10,False,ratio_proportion,ratio_proportion,True,solve_proportion,solve_proportion,True,"STRUCTURE: ratio_proportion
TOOL: solve_proportion
ANSWER: 10"
test_seen_00029,structure_aware,200,seen,"Starting at 9, repeatedly change the value by -1. What is term 8, counting the start as term 1?",2,-1,False,recurrence,recurrence,True,unroll_recurrence,unroll_recurrence,True,"STRUCTURE: recurrence
TOOL: unroll_recurrence
ANSWER: -1"
test_seen_00030,structure_aware,200,seen,"Given s = x + y = 27 and p = xy = 180, compute x^2 + y^2.",369,300,False,symmetric_polynomial_identity,symmetric_polynomial_identity,True,expand_symmetric_identity,expand_symmetric_identity,True,"STRUCTURE: symmetric_polynomial_identity
TOOL: expand_symmetric_identity
ANSWER: 300"
test_seen_00031,structure_aware,200,seen,What is 32^2 - 26^2? Use factorization if helpful.,348,120,False,factorization,factorization,True,factor_difference_of_squares,factor_difference_of_squares,True,"STRUCTURE: factorization
TOOL: factor_difference_of_squares
ANSWER: 120"
test_seen_00032,structure_aware,200,seen,"For P(x) = -5x^2 - 6x + 10, evaluate P(-4).",-46,-10,False,substitution,substitution,True,substitute_expression,substitute_expression,True,"STRUCTURE: substitution
TOOL: substitute_expression
ANSWER: -10"
test_seen_00033,structure_aware,200,seen,Use elimination on the system 5x + 4y = 3; x - y = 6. Determine y.,-3,-1,False,linear_elimination,linear_elimination,True,solve_linear_system,solve_linear_system,True,"STRUCTURE: linear_elimination
TOOL: solve_linear_system
ANSWER: -1"
test_seen_00034,structure_aware,200,seen,The ratio 14 to 12 equals the ratio 112 to x. Find x.,96,112,False,ratio_proportion,ratio_proportion,True,solve_proportion,solve_proportion,True,"STRUCTURE: ratio_proportion
TOOL: solve_proportion
ANSWER: 112"
test_seen_00035,structure_aware,200,seen,An arithmetic sequence has first term -17 and common difference 3. Find its 5th term.,-5,-18,False,recurrence,recurrence,True,unroll_recurrence,unroll_recurrence,True,"STRUCTURE: recurrence
TOOL: unroll_recurrence
ANSWER: -18"
test_seen_00036,structure_aware,200,seen,"If x + y = -8 and xy = -20, find x^2 + y^2.",104,30,False,symmetric_polynomial_identity,symmetric_polynomial_identity,True,expand_symmetric_identity,expand_symmetric_identity,True,"STRUCTURE: symmetric_polynomial_identity
TOOL: expand_symmetric_identity
ANSWER: 30"
test_seen_00037,structure_aware,200,seen,Evaluate 21^2 - 14^2.,245,1624,False,factorization,factorization,True,factor_difference_of_squares,factor_difference_of_squares,True,"STRUCTURE: factorization
TOOL: factor_difference_of_squares
ANSWER: 1624"
test_seen_00038,structure_aware,200,seen,Let f(t) = -2t^2 + t - 5. Find f(-2).,-15,-10,False,substitution,substitution,True,substitute_expression,substitute_expression,True,"STRUCTURE: substitution
TOOL: substitute_expression
ANSWER: -10"
test_seen_00039,structure_aware,200,seen,Solve x + y = -6 and -2x - 5y = 21. What is y?,-3,-1,False,linear_elimination,linear_elimination,True,solve_linear_system,solve_linear_system,True,"STRUCTURE: linear_elimination
TOOL: solve_linear_system
ANSWER: -1"
test_seen_00040,structure_aware,200,seen,Solve the proportion 10/3 = 30/x for x.,9,100,False,ratio_proportion,ratio_proportion,True,solve_proportion,solve_proportion,True,"STRUCTURE: ratio_proportion
TOOL: solve_proportion
ANSWER: 100"
test_seen_00041,structure_aware,200,seen,A sequence starts with a1 = -19 and each next term is the current term - 9. Find a11.,-109,-19,False,recurrence,recurrence,True,unroll_recurrence,unroll_recurrence,True,"STRUCTURE: recurrence
TOOL: unroll_recurrence
ANSWER: -19"
test_seen_00042,structure_aware,200,seen,Two numbers have sum 16 and product 48. What is the sum of their squares?,160,64,False,symmetric_polynomial_identity,symmetric_polynomial_identity,True,expand_symmetric_identity,expand_symmetric_identity,True,"STRUCTURE: symmetric_polynomial_identity
TOOL: expand_symmetric_identity
ANSWER: 64"
test_seen_00043,structure_aware,200,seen,Compute the difference of squares: 67 squared minus 34 squared.,3333,2167,False,factorization,factorization,True,factor_difference_of_squares,factor_difference_of_squares,True,"STRUCTURE: factorization
TOOL: factor_difference_of_squares
ANSWER: 2167"
test_seen_00044,structure_aware,200,seen,Substitute z = -2 into 4z^2 - 5z + 6.,32,10,False,substitution,substitution,True,substitute_expression,substitute_expression,True,"STRUCTURE: substitution
TOOL: substitute_expression
ANSWER: 10"
test_seen_00045,structure_aware,200,seen,The equations -3x + 2y = -1 and x - 3y = 5 hold simultaneously. Find x.,-1,6,False,linear_elimination,linear_elimination,True,solve_linear_system,solve_linear_system,True,"STRUCTURE: linear_elimination
TOOL: solve_linear_system
ANSWER: 6"
test_seen_00046,structure_aware,200,seen,"If 2:5 = 10:x, what is x?",25,10,False,ratio_proportion,ratio_proportion,True,solve_proportion,solve_proportion,True,"STRUCTURE: ratio_proportion
TOOL: solve_proportion
ANSWER: 10"
test_seen_00047,structure_aware,200,seen,"Starting at 16, repeatedly change the value by -6. What is term 12, counting the start as term 1?",-50,-16,False,recurrence,recurrence,True,unroll_recurrence,unroll_recurrence,True,"STRUCTURE: recurrence
TOOL: unroll_recurrence
ANSWER: -16"
test_seen_00048,structure_aware,200,seen,"Given s = x + y = -11 and p = xy = 18, compute x^2 + y^2.",85,180,False,symmetric_polynomial_identity,symmetric_polynomial_identity,True,expand_symmetric_identity,expand_symmetric_identity,True,"STRUCTURE: symmetric_polynomial_identity
TOOL: expand_symmetric_identity
ANSWER: 180"
test_seen_00049,structure_aware,200,seen,What is 54^2 - 26^2? Use factorization if helpful.,2240,2116,False,factorization,factorization,True,factor_difference_of_squares,factor_difference_of_squares,True,"STRUCTURE: factorization
TOOL: factor_difference_of_squares
ANSWER: 2116"
test_seen_00050,structure_aware,200,seen,"For P(x) = -4x^2 - 8x - 7, evaluate P(-1).",-3,-10,False,substitution,substitution,True,substitute_expression,substitute_expression,True,"STRUCTURE: substitution
TOOL: substitute_expression
ANSWER: -10"
test_seen_00051,structure_aware,200,seen,Use elimination on the system 3x + 4y = -14; -3x - 2y = 16. Determine x.,-6,-1,False,linear_elimination,linear_elimination,True,solve_linear_system,solve_linear_system,True,"STRUCTURE: linear_elimination
TOOL: solve_linear_system
ANSWER: -1"
test_seen_00052,structure_aware,200,seen,The ratio 5 to 3 equals the ratio 15 to x. Find x.,9,15,False,ratio_proportion,ratio_proportion,True,solve_proportion,solve_proportion,True,"STRUCTURE: ratio_proportion
TOOL: solve_proportion
ANSWER: 15"
test_seen_00053,structure_aware,200,seen,An arithmetic sequence has first term 10 and common difference -1. Find its 14th term.,-3,-16,False,recurrence,recurrence,True,unroll_recurrence,unroll_recurrence,True,"STRUCTURE: recurrence
TOOL: unroll_recurrence
ANSWER: -16"
test_seen_00054,structure_aware,200,seen,"If x + y = 7 and xy = -98, find x^2 + y^2.",245,259,False,symmetric_polynomial_identity,symmetric_polynomial_identity,True,expand_symmetric_identity,expand_symmetric_identity,True,"STRUCTURE: symmetric_polynomial_identity
TOOL: expand_symmetric_identity
ANSWER: 259"
test_seen_00055,structure_aware,200,seen,Evaluate 48^2 - 43^2.,455,1920,False,factorization,factorization,True,factor_difference_of_squares,factor_difference_of_squares,True,"STRUCTURE: factorization
TOOL: factor_difference_of_squares
ANSWER: 1920"
test_seen_00056,structure_aware,200,seen,Let f(t) = 3t^2 + 2t - 8. Find f(-2).,0,10,False,substitution,substitution,True,substitute_expression,substitute_expression,True,"STRUCTURE: substitution
TOOL: substitute_expression
ANSWER: 10"
test_seen_00057,structure_aware,200,seen,Solve -2x + 2y = -14 and 5x - 3y = 17. What is y?,-9,-1,False,linear_elimination,linear_elimination,True,solve_linear_system,solve_linear_system,True,"STRUCTURE: linear_elimination
TOOL: solve_linear_system
ANSWER: -1"
test_seen_00058,structure_aware,200,seen,Solve the proportion 11/16 = 66/x for x.,96,16,False,ratio_proportion,ratio_proportion,True,solve_proportion,solve_proportion,True,"STRUCTURE: ratio_proportion
TOOL: solve_proportion
ANSWER: 16"
test_seen_00059,structure_aware,200,seen,A sequence starts with a1 = 8 and each next term is the current term + 7. Find a7.,50,10,False,recurrence,recurrence,True,unroll_recurrence,unroll_recurrence,True,"STRUCTURE: recurrence
TOOL: unroll_recurrence
ANSWER: 10"
test_seen_00060,structure_aware,200,seen,Two numbers have sum 29 and product 210. What is the sum of their squares?,421,100,False,symmetric_polynomial_identity,symmetric_polynomial_identity,True,expand_symmetric_identity,expand_symmetric_identity,True,"STRUCTURE: symmetric_polynomial_identity
TOOL: expand_symmetric_identity
ANSWER: 100"
test_seen_00061,structure_aware,200,seen,Compute the difference of squares: 69 squared minus 37 squared.,3392,2137,False,factorization,factorization,True,factor_difference_of_squares,factor_difference_of_squares,True,"STRUCTURE: factorization
TOOL: factor_difference_of_squares
ANSWER: 2137"
test_seen_00062,structure_aware,200,seen,Substitute z = -1 into 4z^2 + 5z + 11.,10,103,False,substitution,substitution,True,substitute_expression,substitute_expression,True,"STRUCTURE: substitution
TOOL: substitute_expression
ANSWER: 103"
test_seen_00063,structure_aware,200,seen,The equations -4x - 2y = -46 and 4x + 5y = 73 hold simultaneously. Find x.,7,10,False,linear_elimination,linear_elimination,True,solve_linear_system,solve_linear_system,True,"STRUCTURE: linear_elimination
TOOL: solve_linear_system
ANSWER: 10"
test_seen_00064,structure_aware,200,seen,"If 11:2 = 132:x, what is x?",24,132,False,ratio_proportion,ratio_proportion,True,solve_proportion,solve_proportion,True,"STRUCTURE: ratio_proportion
TOOL: solve_proportion
ANSWER: 132"
test_seen_00065,structure_aware,200,seen,"Starting at -6, repeatedly change the value by -7. What is term 6, counting the start as term 1?",-41,-10,False,recurrence,recurrence,True,unroll_recurrence,unroll_recurrence,True,"STRUCTURE: recurrence
TOOL: unroll_recurrence
ANSWER: -10"
test_seen_00066,structure_aware,200,seen,"Given s = x + y = -5 and p = xy = -36, compute x^2 + y^2.",97,31,False,symmetric_polynomial_identity,symmetric_polynomial_identity,True,expand_symmetric_identity,expand_symmetric_identity,True,"STRUCTURE: symmetric_polynomial_identity
TOOL: expand_symmetric_identity
ANSWER: 31"
test_seen_00067,structure_aware,200,seen,What is 39^2 - 35^2? Use factorization if helpful.,296,211,False,factorization,factorization,True,factor_difference_of_squares,factor_difference_of_squares,True,"STRUCTURE: factorization
TOOL: factor_difference_of_squares
ANSWER: 211"
test_seen_00068,structure_aware,200,seen,"For P(x) = -x^2 - 3x + 3, evaluate P(0).",3,-1,False,substitution,substitution,True,substitute_expression,substitute_expression,True,"STRUCTURE: substitution
TOOL: substitute_expression
ANSWER: -1"
test_seen_00069,structure_aware,200,seen,Use elimination on the system -x + 2y = -4; -3x - 4y = -12. Determine y.,0,-1,False,linear_elimination,linear_elimination,True,solve_linear_system,solve_linear_system,True,"STRUCTURE: linear_elimination
TOOL: solve_linear_system
ANSWER: -1"
test_seen_00070,structure_aware,200,seen,The ratio 7 to 12 equals the ratio 49 to x. Find x.,84,12,False,ratio_proportion,ratio_proportion,True,solve_proportion,solve_proportion,True,"STRUCTURE: ratio_proportion
TOOL: solve_proportion
ANSWER: 12"
test_seen_00071,structure_aware,200,seen,An arithmetic sequence has first term 4 and common difference -6. Find its 14th term.,-74,-16,False,recurrence,recurrence,True,unroll_recurrence,unroll_recurrence,True,"STRUCTURE: recurrence
TOOL: unroll_recurrence
ANSWER: -16"
test_seen_00072,structure_aware,200,seen,"If x + y = -6 and xy = 5, find x^2 + y^2.",26,25,False,symmetric_polynomial_identity,symmetric_polynomial_identity,True,expand_symmetric_identity,expand_symmetric_identity,True,"STRUCTURE: symmetric_polynomial_identity
TOOL: expand_symmetric_identity
ANSWER: 25"
test_seen_00073,structure_aware,200,seen,Evaluate 46^2 - 15^2.,1891,1920,False,factorization,factorization,True,factor_difference_of_squares,factor_difference_of_squares,True,"STRUCTURE: factorization
TOOL: factor_difference_of_squares
ANSWER: 1920"
test_seen_00074,structure_aware,200,seen,Let f(t) = 3t^2 - 3t - 1. Find f(-3).,35,-10,False,substitution,substitution,True,substitute_expression,substitute_expression,True,"STRUCTURE: substitution
TOOL: substitute_expression
ANSWER: -10"
test_seen_00075,structure_aware,200,seen,Solve 4x - y = 18 and 3x + 5y = 2. What is x?,4,18,False,linear_elimination,linear_elimination,True,solve_linear_system,solve_linear_system,True,"STRUCTURE: linear_elimination
TOOL: solve_linear_system
ANSWER: 18"
test_seen_00076,structure_aware,200,seen,Solve the proportion 4/11 = 16/x for x.,44,16,False,ratio_proportion,ratio_proportion,True,solve_proportion,solve_proportion,True,"STRUCTURE: ratio_proportion
TOOL: solve_proportion
ANSWER: 16"
test_seen_00077,structure_aware,200,seen,A sequence starts with a1 = -7 and each next term is the current term - 5. Find a5.,-27,-10,False,recurrence,recurrence,True,unroll_recurrence,unroll_recurrence,True,"STRUCTURE: recurrence
TOOL: unroll_recurrence
ANSWER: -10"
test_seen_00078,structure_aware,200,seen,Two numbers have sum 4 and product 3. What is the sum of their squares?,10,30,False,symmetric_polynomial_identity,symmetric_polynomial_identity,True,expand_symmetric_identity,expand_symmetric_identity,True,"STRUCTURE: symmetric_polynomial_identity
TOOL: expand_symmetric_identity
ANSWER: 30"
test_seen_00079,structure_aware,200,seen,Compute the difference of squares: 48 squared minus 14 squared.,2108,600,False,factorization,factorization,True,factor_difference_of_squares,factor_difference_of_squares,True,"STRUCTURE: factorization
TOOL: factor_difference_of_squares
ANSWER: 600"
test_seen_00080,structure_aware,200,seen,Substitute z = -5 into 3z^2 + 4z + 4.,59,-12,False,substitution,substitution,True,substitute_expression,substitute_expression,True,"STRUCTURE: substitution
TOOL: substitute_expression
ANSWER: -12"
test_seen_00081,structure_aware,200,seen,The equations x - y = 5 and 3x - y = 3 hold simultaneously. Find x.,-1,10,False,linear_elimination,linear_elimination,True,solve_linear_system,solve_linear_system,True,"STRUCTURE: linear_elimination
TOOL: solve_linear_system
ANSWER: 10"
test_seen_00082,structure_aware,200,seen,"If 4:20 = 40:x, what is x?",200,10,False,ratio_proportion,ratio_proportion,True,solve_proportion,solve_proportion,True,"STRUCTURE: ratio_proportion
TOOL: solve_proportion
ANSWER: 10"
test_seen_00083,structure_aware,200,seen,"Starting at -17, repeatedly change the value by 4. What is term 9, counting the start as term 1?",15,-17,False,recurrence,recurrence,True,unroll_recurrence,unroll_recurrence,True,"STRUCTURE: recurrence
TOOL: unroll_recurrence
ANSWER: -17"
test_seen_00084,structure_aware,200,seen,"Given s = x + y = 2 and p = xy = -3, compute x^2 + y^2.",10,30,False,symmetric_polynomial_identity,symmetric_polynomial_identity,True,expand_symmetric_identity,expand_symmetric_identity,True,"STRUCTURE: symmetric_polynomial_identity
TOOL: expand_symmetric_identity
ANSWER: 30"
test_seen_00085,structure_aware,200,seen,What is 72^2 - 42^2? Use factorization if helpful.,3420,4360,False,factorization,factorization,True,factor_difference_of_squares,factor_difference_of_squares,True,"STRUCTURE: factorization
TOOL: factor_difference_of_squares
ANSWER: 4360"
test_seen_00086,structure_aware,200,seen,"For P(x) = 4x^2 + 7x + 5, evaluate P(3).",62,21,False,substitution,substitution,True,substitute_expression,substitute_expression,True,"STRUCTURE: substitution
TOOL: substitute_expression
ANSWER: 21"
test_seen_00087,structure_aware,200,seen,Use elimination on the system 5x + 2y = -48; 2x - 4y = 24. Determine y.,-9,-1,False,linear_elimination,linear_elimination,True,solve_linear_system,solve_linear_system,True,"STRUCTURE: linear_elimination
TOOL: solve_linear_system
ANSWER: -1"
test_seen_00088,structure_aware,200,seen,The ratio 3 to 8 equals the ratio 27 to x. Find x.,72,10,False,ratio_proportion,ratio_proportion,True,solve_proportion,solve_proportion,True,"STRUCTURE: ratio_proportion
TOOL: solve_proportion
ANSWER: 10"
test_seen_00089,structure_aware,200,seen,An arithmetic sequence has first term 14 and common difference -7. Find its 9th term.,-42,-16,False,recurrence,recurrence,True,unroll_recurrence,unroll_recurrence,True,"STRUCTURE: recurrence
TOOL: unroll_recurrence
ANSWER: -16"
test_seen_00090,structure_aware,200,seen,"If x + y = -11 and xy = 0, find x^2 + y^2.",121,100,False,symmetric_polynomial_identity,symmetric_polynomial_identity,True,expand_symmetric_identity,expand_symmetric_identity,True,"STRUCTURE: symmetric_polynomial_identity
TOOL: expand_symmetric_identity
ANSWER: 100"
test_seen_00091,structure_aware,200,seen,Evaluate 59^2 - 13^2.,3312,3119,False,factorization,factorization,True,factor_difference_of_squares,factor_difference_of_squares,True,"STRUCTURE: factorization
TOOL: factor_difference_of_squares
ANSWER: 3119"
test_seen_00092,structure_aware,200,seen,Let f(t) = -5t^2 - 6t - 4. Find f(-2).,-12,-10,False,substitution,substitution,True,substitute_expression,substitute_expression,True,"STRUCTURE: substitution
TOOL: substitute_expression
ANSWER: -10"
test_seen_00093,structure_aware,200,seen,Solve -4x + y = 25 and 2x - 5y = 19. What is x?,-8,19,False,linear_elimination,linear_elimination,True,solve_linear_system,solve_linear_system,True,"STRUCTURE: linear_elimination
TOOL: solve_linear_system
ANSWER: 19"
test_seen_00094,structure_aware,200,seen,Solve the proportion 12/4 = 60/x for x.,20,100,False,ratio_proportion,ratio_proportion,True,solve_proportion,solve_proportion,True,"STRUCTURE: ratio_proportion
TOOL: solve_proportion
ANSWER: 100"
test_seen_00095,structure_aware,200,seen,A sequence starts with a1 = -8 and each next term is the current term - 6. Find a12.,-74,-12,False,recurrence,recurrence,True,unroll_recurrence,unroll_recurrence,True,"STRUCTURE: recurrence
TOOL: unroll_recurrence
ANSWER: -12"
test_seen_00096,structure_aware,200,seen,Two numbers have sum -17 and product 72. What is the sum of their squares?,145,108,False,symmetric_polynomial_identity,symmetric_polynomial_identity,True,expand_symmetric_identity,expand_symmetric_identity,True,"STRUCTURE: symmetric_polynomial_identity
TOOL: expand_symmetric_identity
ANSWER: 108"
test_seen_00097,structure_aware,200,seen,Compute the difference of squares: 55 squared minus 4 squared.,3009,100,False,factorization,factorization,True,factor_difference_of_squares,factor_difference_of_squares,True,"STRUCTURE: factorization
TOOL: factor_difference_of_squares
ANSWER: 100"
test_seen_00098,structure_aware,200,seen,Substitute z = -3 into -5z^2 - 5z - 9.,-39,-25,False,substitution,substitution,True,substitute_expression,substitute_expression,True,"STRUCTURE: substitution
TOOL: substitute_expression
ANSWER: -25"
test_seen_00099,structure_aware,200,seen,The equations 4x + 3y = -57 and 5x + 5y = -80 hold simultaneously. Find x.,-9,-1,False,linear_elimination,linear_elimination,True,solve_linear_system,solve_linear_system,True,"STRUCTURE: linear_elimination
TOOL: solve_linear_system
ANSWER: -1"
test_seen_00100,structure_aware,200,seen,"If 6:10 = 48:x, what is x?",80,12,False,ratio_proportion,ratio_proportion,True,solve_proportion,solve_proportion,True,"STRUCTURE: ratio_proportion
TOOL: solve_proportion
ANSWER: 12"
test_seen_00101,structure_aware,200,seen,"Starting at -10, repeatedly change the value by -4. What is term 13, counting the start as term 1?",-58,-10,False,recurrence,recurrence,True,unroll_recurrence,unroll_recurrence,True,"STRUCTURE: recurrence
TOOL: unroll_recurrence
ANSWER: -10"
test_seen_00102,structure_aware,200,seen,"Given s = x + y = 2 and p = xy = -35, compute x^2 + y^2.",74,35,False,symmetric_polynomial_identity,symmetric_polynomial_identity,True,expand_symmetric_identity,expand_symmetric_identity,True,"STRUCTURE: symmetric_polynomial_identity
TOOL: expand_symmetric_identity
ANSWER: 35"
test_seen_00103,structure_aware,200,seen,What is 70^2 - 33^2? Use factorization if helpful.,3811,4320,False,factorization,factorization,True,factor_difference_of_squares,factor_difference_of_squares,True,"STRUCTURE: factorization
TOOL: factor_difference_of_squares
ANSWER: 4320"
test_seen_00104,structure_aware,200,seen,"For P(x) = 2x^2 + 5x + 9, evaluate P(-2).",7,31,False,substitution,substitution,True,substitute_expression,substitute_expression,True,"STRUCTURE: substitution
TOOL: substitute_expression
ANSWER: 31"
test_seen_00105,structure_aware,200,seen,Use elimination on the system 4x - 2y = 16; 2x + y = 12. Determine y.,2,12,False,linear_elimination,linear_elimination,True,solve_linear_system,solve_linear_system,True,"STRUCTURE: linear_elimination
TOOL: solve_linear_system
ANSWER: 12"
test_seen_00106,structure_aware,200,seen,The ratio 15 to 2 equals the ratio 150 to x. Find x.,20,150,False,ratio_proportion,ratio_proportion,True,solve_proportion,solve_proportion,True,"STRUCTURE: ratio_proportion
TOOL: solve_proportion
ANSWER: 150"
test_seen_00107,structure_aware,200,seen,An arithmetic sequence has first term 8 and common difference -5. Find its 3th term.,-2,10,False,recurrence,recurrence,True,unroll_recurrence,unroll_recurrence,True,"STRUCTURE: recurrence
TOOL: unroll_recurrence
ANSWER: 10"
test_seen_00108,structure_aware,200,seen,"If x + y = -27 and xy = 180, find x^2 + y^2.",369,300,False,symmetric_polynomial_identity,symmetric_polynomial_identity,True,expand_symmetric_identity,expand_symmetric_identity,True,"STRUCTURE: symmetric_polynomial_identity
TOOL: expand_symmetric_identity
ANSWER: 300"
test_seen_00109,structure_aware,200,seen,Evaluate 76^2 - 43^2.,3927,4113,False,factorization,factorization,True,factor_difference_of_squares,factor_difference_of_squares,True,"STRUCTURE: factorization
TOOL: factor_difference_of_squares
ANSWER: 4113"
test_seen_00110,structure_aware,200,seen,Let f(t) = 4t^2 + 4t - 5. Find f(0).,-5,10,False,substitution,substitution,True,substitute_expression,substitute_expression,True,"STRUCTURE: substitution
TOOL: substitute_expression
ANSWER: 10"
test_seen_00111,structure_aware,200,seen,Solve -4x - 3y = 42 and -5x + 3y = 39. What is x?,-9,-10,False,linear_elimination,linear_elimination,True,solve_linear_system,solve_linear_system,True,"STRUCTURE: linear_elimination
TOOL: solve_linear_system
ANSWER: -10"
test_seen_00112,structure_aware,200,seen,Solve the proportion 2/4 = 10/x for x.,20,10,False,ratio_proportion,ratio_proportion,True,solve_proportion,solve_proportion,True,"STRUCTURE: ratio_proportion
TOOL: solve_proportion
ANSWER: 10"
test_seen_00113,structure_aware,200,seen,A sequence starts with a1 = 15 and each next term is the current term - 6. Find a11.,-45,15,False,recurrence,recurrence,True,unroll_recurrence,unroll_recurrence,True,"STRUCTURE: recurrence
TOOL: unroll_recurrence
ANSWER: 15"
test_seen_00114,structure_aware,200,seen,Two numbers have sum 12 and product -28. What is the sum of their squares?,200,18,False,symmetric_polynomial_identity,symmetric_polynomial_identity,True,expand_symmetric_identity,expand_symmetric_identity,True,"STRUCTURE: symmetric_polynomial_identity
TOOL: expand_symmetric_identity
ANSWER: 18"
test_seen_00115,structure_aware,200,seen,Compute the difference of squares: 36 squared minus 34 squared.,140,192,False,factorization,factorization,True,factor_difference_of_squares,factor_difference_of_squares,True,"STRUCTURE: factorization
TOOL: factor_difference_of_squares
ANSWER: 192"
test_seen_00116,structure_aware,200,seen,Substitute z = -3 into z^2 + 2z - 1.,2,10,False,substitution,substitution,True,substitute_expression,substitute_expression,True,"STRUCTURE: substitution
TOOL: substitute_expression
ANSWER: 10"
test_seen_00117,structure_aware,200,seen,The equations -5x + 2y = -4 and -4x - 5y = -56 hold simultaneously. Find x.,4,-16,False,linear_elimination,linear_elimination,True,solve_linear_system,solve_linear_system,True,"STRUCTURE: linear_elimination
TOOL: solve_linear_system
ANSWER: -16"
test_seen_00118,structure_aware,200,seen,"If 2:2 = 16:x, what is x?",16,16,True,ratio_proportion,ratio_proportion,True,solve_proportion,solve_proportion,True,"STRUCTURE: ratio_proportion
TOOL: solve_proportion
ANSWER: 16"
test_seen_00119,structure_aware,200,seen,"Starting at -4, repeatedly change the value by -1. What is term 11, counting the start as term 1?",-14,-12,False,recurrence,recurrence,True,unroll_recurrence,unroll_recurrence,True,"STRUCTURE: recurrence
TOOL: unroll_recurrence
ANSWER: -12"
test_unseen_00000,structure_aware,200,unseen,"Without solving for x and y, evaluate x^2 + y^2 when x + y = -1 and xy = -2.",5,10,False,symmetric_polynomial_identity,symmetric_polynomial_identity,True,expand_symmetric_identity,expand_symmetric_identity,True,"STRUCTURE: symmetric_polynomial_identity
TOOL: expand_symmetric_identity
ANSWER: 10"
test_unseen_00001,structure_aware,200,unseen,"Using (u - v)(u + v), calculate 44^2 - 36^2.",640,2160,False,factorization,factorization,True,factor_difference_of_squares,factor_difference_of_squares,True,"STRUCTURE: factorization
TOOL: factor_difference_of_squares
ANSWER: 2160"
test_unseen_00002,structure_aware,200,unseen,What number does -3u^2 + 4u - 5 produce when u is -3?,-44,-1,False,substitution,linear_elimination,False,substitute_expression,solve_linear_system,False,"STRUCTURE: linear_elimination
TOOL: solve_linear_system
ANSWER: -1"
test_unseen_00003,structure_aware,200,unseen,The lines -4x + 4y = 28 and -5x - 4y = 53 intersect. Give the x-coordinate.,-9,-10,False,linear_elimination,substitution,False,solve_linear_system,substitute_expression,False,"STRUCTURE: substitution
TOOL: substitute_expression
ANSWER: -10"
test_unseen_00004,structure_aware,200,unseen,"At a fixed rate, 14 items cost 18 dollars. What do 84 items cost?",108,148,False,ratio_proportion,linear_elimination,False,solve_proportion,solve_linear_system,False,"STRUCTURE: linear_elimination
TOOL: solve_linear_system
ANSWER: 148"
test_unseen_00005,structure_aware,200,unseen,A machine begins at 17; after each round it changes its value by 4. What value appears after 8 updates?,49,100,False,recurrence,recurrence,True,unroll_recurrence,unroll_recurrence,True,"STRUCTURE: recurrence
TOOL: unroll_recurrence
ANSWER: 100"
test_unseen_00006,structure_aware,200,unseen,The roots x and y of t^2 - (16)t + (63) = 0 are real. Find x^2 + y^2.,130,100,False,symmetric_polynomial_identity,symmetric_polynomial_identity,True,expand_symmetric_identity,expand_symmetric_identity,True,"STRUCTURE: symmetric_polynomial_identity
TOOL: expand_symmetric_identity
ANSWER: 100"
test_unseen_00007,structure_aware,200,unseen,A square of side 44 is removed from a square of side 65. What area remains?,2289,100,False,factorization,Sudoku,False,factor_difference_of_squares,Sudoku,False,"STRUCTURE: Sudoku
TOOL: Sudoku
ANSWER: 100"
test_unseen_00008,structure_aware,200,unseen,A rule maps q to q^2 - 6q - 2. Determine its output at q = 6.,-2,-1,False,substitution,automorphism,False,substitute_expression,solve_rule,False,"STRUCTURE: automorphism
TOOL: solve_rule
ANSWER: -1"
test_unseen_00009,structure_aware,200,unseen,Find the value of x satisfying both constraints: -4x + 3y = -12 and -4x + 4y = -16.,0,-16,False,linear_elimination,linear_elimination,True,solve_linear_system,solve_linear_system,True,"STRUCTURE: linear_elimination
TOOL: solve_linear_system
ANSWER: -16"
test_unseen_00010,structure_aware,200,unseen,Complete the equivalent fractions: 6/12 = 18/[blank].,36,18,False,ratio_proportion,proportions,False,solve_proportion,proportions,False,"STRUCTURE: proportions
TOOL: proportions
ANSWER: 18"
test_unseen_00011,structure_aware,200,unseen,"Unroll b(n+1) = b(n) + 1, with b(1) = -18, to obtain b(8).",-11,18,False,recurrence,recurrence,True,unroll_recurrence,unroll_recurrence,True,"STRUCTURE: recurrence
TOOL: unroll_recurrence
ANSWER: 18"
test_unseen_00012,structure_aware,200,unseen,"Without solving for x and y, evaluate x^2 + y^2 when x + y = -15 and xy = 36.",153,25,False,symmetric_polynomial_identity,symmetric_polynomial_identity,True,expand_symmetric_identity,expand_symmetric_identity,True,"STRUCTURE: symmetric_polynomial_identity
TOOL: expand_symmetric_identity
ANSWER: 25"
test_unseen_00013,structure_aware,200,unseen,"Using (u - v)(u + v), calculate 39^2 - 14^2.",1325,211,False,factorization,factorization,True,factor_difference_of_squares,factor_difference_of_squares,True,"STRUCTURE: factorization
TOOL: factor_difference_of_squares
ANSWER: 211"
test_unseen_00014,structure_aware,200,unseen,What number does 11 - 3u^2 produce when u is -4?,-37,-1,False,substitution,linear_elimination,False,substitute_expression,solve_linear_system,False,"STRUCTURE: linear_elimination
TOOL: solve_linear_system
ANSWER: -1"
test_unseen_00015,structure_aware,200,unseen,The lines 5x + 5y = -80 and x - 5y = 32 intersect. Give the y-coordinate.,-8,-10,False,linear_elimination,substitution,False,solve_linear_system,substitute_expression,False,"STRUCTURE: substitution
TOOL: substitute_expression
ANSWER: -10"
test_unseen_00016,structure_aware,200,unseen,"At a fixed rate, 7 items cost 17 dollars. What do 84 items cost?",204,84,False,ratio_proportion,linear_elimination,False,solve_proportion,solve_linear_system,False,"STRUCTURE: linear_elimination
TOOL: solve_linear_system
ANSWER: 84"
test_unseen_00017,structure_aware,200,unseen,A machine begins at 17; after each round it changes its value by 6. What value appears after 14 updates?,101,100,False,recurrence,recurrence,True,unroll_recurrence,unroll_recurrence,True,"STRUCTURE: recurrence
TOOL: unroll_recurrence
ANSWER: 100"
test_unseen_00018,structure_aware,200,unseen,The roots x and y of t^2 - (-9)t + (-22) = 0 are real. Find x^2 + y^2.,125,100,False,symmetric_polynomial_identity,factorization,False,expand_symmetric_identity,factor_difference_of_squares,False,"STRUCTURE: factorization
TOOL: factor_difference_of_squares
ANSWER: 100"
test_unseen_00019,structure_aware,200,unseen,A square of side 16 is removed from a square of side 78. What area remains?,5828,100,False,factorization,Sudoku,False,factor_difference_of_squares,Sudoku,False,"STRUCTURE: Sudoku
TOOL: Sudoku
ANSWER: 100"
test_unseen_00020,structure_aware,200,unseen,A rule maps q to 3q^2 + 3q + 7. Determine its output at q = 6.,133,103,False,substitution,recurrence,False,substitute_expression,unroll_recurrence,False,"STRUCTURE: recurrence
TOOL: unroll_recurrence
ANSWER: 103"
test_unseen_00021,structure_aware,200,unseen,Find the value of y satisfying both constraints: -3x - 5y = 29 and -2x - 5y = 21.,-1,-10,False,linear_elimination,linear_elimination,True,solve_linear_system,solve_linear_system,True,"STRUCTURE: linear_elimination
TOOL: solve_linear_system
ANSWER: -10"
test_unseen_00022,structure_aware,200,unseen,Complete the equivalent fractions: 7/20 = 35/[blank].,100,35,False,ratio_proportion,proportions,False,solve_proportion,proportion,False,"STRUCTURE: proportions
TOOL: proportion
ANSWER: 35"
test_unseen_00023,structure_aware,200,unseen,"Unroll b(n+1) = b(n) + 4, with b(1) = -13, to obtain b(8).",15,-13,False,recurrence,recurrence,True,unroll_recurrence,unroll_recurrence,True,"STRUCTURE: recurrence
TOOL: unroll_recurrence
ANSWER: -13"
test_unseen_00024,structure_aware,200,unseen,"Without solving for x and y, evaluate x^2 + y^2 when x + y = -17 and xy = 60.",169,310,False,symmetric_polynomial_identity,symmetric_polynomial_identity,True,expand_symmetric_identity,expand_symmetric_identity,True,"STRUCTURE: symmetric_polynomial_identity
TOOL: expand_symmetric_identity
ANSWER: 310"
test_unseen_00025,structure_aware,200,unseen,"Using (u - v)(u + v), calculate 24^2 - 16^2.",320,6025,False,factorization,factorization,True,factor_difference_of_squares,factor_difference_of_squares,True,"STRUCTURE: factorization
TOOL: factor_difference_of_squares
ANSWER: 6025"
test_unseen_00026,structure_aware,200,unseen,What number does 2u^2 - 7u + 9 produce when u is 2?,3,10,False,substitution,symmetric_polynomial_identity,False,substitute_expression,expand_symmetric_identity,False,"STRUCTURE: symmetric_polynomial_identity
TOOL: expand_symmetric_identity
ANSWER: 10"
test_unseen_00027,structure_aware,200,unseen,The lines -3x - 3y = 0 and 5x - 5y = 60 intersect. Give the y-coordinate.,-6,-10,False,linear_elimination,substitution,False,solve_linear_system,substitute_expression,False,"STRUCTURE: substitution
TOOL: substitute_expression
ANSWER: -10"
test_unseen_00028,structure_aware,200,unseen,"At a fixed rate, 3 items cost 2 dollars. What do 24 items cost?",16,120,False,ratio_proportion,linear_elimination,False,solve_proportion,solve_linear_system,False,"STRUCTURE: linear_elimination
TOOL: solve_linear_system
ANSWER: 120"
test_unseen_00029,structure_aware,200,unseen,A machine begins at -9; after each round it changes its value by -1. What value appears after 13 updates?,-22,-1,False,recurrence,recurrence,True,unroll_recurrence,unroll_recurrence,True,"STRUCTURE: recurrence
TOOL: unroll_recurrence
ANSWER: -1"
test_unseen_00030,structure_aware,200,unseen,The roots x and y of t^2 - (-3)t + (-54) = 0 are real. Find x^2 + y^2.,117,100,False,symmetric_polynomial_identity,factorization,False,expand_symmetric_identity,factor_difference_of_squares,False,"STRUCTURE: factorization
TOOL: factor_difference_of_squares
ANSWER: 100"
test_unseen_00031,structure_aware,200,unseen,A square of side 5 is removed from a square of side 41. What area remains?,1656,100,False,factorization,Sudoku,False,factor_difference_of_squares,Sudoku,False,"STRUCTURE: Sudoku
TOOL: Sudoku
ANSWER: 100"
test_unseen_00032,structure_aware,200,unseen,A rule maps q to 3q^2 - 10. Determine its output at q = 1.,-7,-1,False,substitution,recurrence,False,substitute_expression,unroll_recurrence,False,"STRUCTURE: recurrence
TOOL: unroll_recurrence
ANSWER: -1"
test_unseen_00033,structure_aware,200,unseen,Find the value of x satisfying both constraints: -x - 3y = -25 and -3x + 5y = 37.,1,-10,False,linear_elimination,linear_elimination,True,solve_linear_system,solve_linear_system,True,"STRUCTURE: linear_elimination
TOOL: solve_linear_system
ANSWER: -10"
test_unseen_00034,structure_aware,200,unseen,Complete the equivalent fractions: 3/16 = 24/[blank].,128,24,False,ratio_proportion,proportions,False,solve_proportion,proportions,False,"STRUCTURE: proportions
TOOL: proportions
ANSWER: 24"
test_unseen_00035,structure_aware,200,unseen,"Unroll b(n+1) = b(n) + 3, with b(1) = 8, to obtain b(4).",17,108,False,recurrence,recurrence,True,unroll_recurrence,unroll_recurrence,True,"STRUCTURE: recurrence
TOOL: unroll_recurrence
ANSWER: 108"
test_unseen_00036,structure_aware,200,unseen,"Without solving for x and y, evaluate x^2 + y^2 when x + y = 6 and xy = -91.",218,319,False,symmetric_polynomial_identity,symmetric_polynomial_identity,True,expand_symmetric_identity,expand_symmetric_identity,True,"STRUCTURE: symmetric_polynomial_identity
TOOL: expand_symmetric_identity
ANSWER: 319"
test_unseen_00037,structure_aware,200,unseen,"Using (u - v)(u + v), calculate 47^2 - 38^2.",765,2119,False,factorization,factorization,True,factor_difference_of_squares,factor_difference_of_squares,True,"STRUCTURE: factorization
TOOL: factor_difference_of_squares
ANSWER: 2119"
test_unseen_00038,structure_aware,200,unseen,What number does -u^2 + 8u - 1 produce when u is -4?,-49,-1,False,substitution,linear_elimination,False,substitute_expression,solve_linear_system,False,"STRUCTURE: linear_elimination
TOOL: solve_linear_system
ANSWER: -1"
test_unseen_00039,structure_aware,200,unseen,The lines 3x + 2y = -28 and -4x + 3y = 26 intersect. Give the y-coordinate.,-2,-16,False,linear_elimination,substitution,False,solve_linear_system,substitute_expression,False,"STRUCTURE: substitution
TOOL: substitute_expression
ANSWER: -16"
test_unseen_00040,structure_aware,200,unseen,"At a fixed rate, 15 items cost 15 dollars. What do 60 items cost?",60,150,False,ratio_proportion,linear_elimination,False,solve_proportion,solve_linear_system,False,"STRUCTURE: linear_elimination
TOOL: solve_linear_system
ANSWER: 150"
test_unseen_00041,structure_aware,200,unseen,A machine begins at -4; after each round it changes its value by 6. What value appears after 4 updates?,20,12,False,recurrence,recurrence,True,unroll_recurrence,unroll_recurrence,True,"STRUCTURE: recurrence
TOOL: unroll_recurrence
ANSWER: 12"
test_unseen_00042,structure_aware,200,unseen,The roots x and y of t^2 - (6)t + (-112) = 0 are real. Find x^2 + y^2.,260,100,False,symmetric_polynomial_identity,symmetric_polynomial_identity,True,expand_symmetric_identity,expand_symmetric_identity,True,"STRUCTURE: symmetric_polynomial_identity
TOOL: expand_symmetric_identity
ANSWER: 100"
test_unseen_00043,structure_aware,200,unseen,A square of side 40 is removed from a square of side 64. What area remains?,2496,120,False,factorization,Sudoku,False,factor_difference_of_squares,Sudoku,False,"STRUCTURE: Sudoku
TOOL: Sudoku
ANSWER: 120"
test_unseen_00044,structure_aware,200,unseen,A rule maps q to 4q^2 - 5q - 2. Determine its output at q = -2.,24,-12,False,substitution,automorphism,False,substitute_expression,solve_rule,False,"STRUCTURE: automorphism
TOOL: solve_rule
ANSWER: -12"
test_unseen_00045,structure_aware,200,unseen,Find the value of y satisfying both constraints: -5x - 4y = -10 and x + 5y = -19.,-5,-13,False,linear_elimination,linear_elimination,True,solve_linear_system,solve_linear_system,True,"STRUCTURE: linear_elimination
TOOL: solve_linear_system
ANSWER: -13"
test_unseen_00046,structure_aware,200,unseen,Complete the equivalent fractions: 8/20 = 96/[blank].,240,96,False,ratio_proportion,proportions,False,solve_proportion,proportions,False,"STRUCTURE: proportions
TOOL: proportions
ANSWER: 96"
test_unseen_00047,structure_aware,200,unseen,"Unroll b(n+1) = b(n) + 8, with b(1) = 8, to obtain b(6).",48,108,False,recurrence,recurrence,True,unroll_recurrence,unroll_recurrence,True,"STRUCTURE: recurrence
TOOL: unroll_recurrence
ANSWER: 108"
test_unseen_00048,structure_aware,200,unseen,"Without solving for x and y, evaluate x^2 + y^2 when x + y = -18 and xy = 80.",164,360,False,symmetric_polynomial_identity,symmetric_polynomial_identity,True,expand_symmetric_identity,expand_symmetric_identity,True,"STRUCTURE: symmetric_polynomial_identity
TOOL: expand_symmetric_identity
ANSWER: 360"
test_unseen_00049,structure_aware,200,unseen,"Using (u - v)(u + v), calculate 12^2 - 11^2.",23,132,False,factorization,factorization,True,factor_difference_of_squares,factor_difference_of_squares,True,"STRUCTURE: factorization
TOOL: factor_difference_of_squares
ANSWER: 132"
test_unseen_00050,structure_aware,200,unseen,What number does u^2 + u - 12 produce when u is 1?,-10,19,False,substitution,symmetric_polynomial_identity,False,substitute_expression,expand_symmetric_identity,False,"STRUCTURE: symmetric_polynomial_identity
TOOL: expand_symmetric_identity
ANSWER: 19"
test_unseen_00051,structure_aware,200,unseen,The lines -3x - 2y = 19 and 3x - 5y = 16 intersect. Give the x-coordinate.,-3,-16,False,linear_elimination,substitution,False,solve_linear_system,substitute_expression,False,"STRUCTURE: substitution
TOOL: substitute_expression
ANSWER: -16"
test_unseen_00052,structure_aware,200,unseen,"At a fixed rate, 3 items cost 5 dollars. What do 24 items cost?",40,120,False,ratio_proportion,linear_elimination,False,solve_proportion,solve_linear_system,False,"STRUCTURE: linear_elimination
TOOL: solve_linear_system
ANSWER: 120"
test_unseen_00053,structure_aware,200,unseen,A machine begins at 12; after each round it changes its value by 9. What value appears after 2 updates?,30,10,False,recurrence,recurrence,True,unroll_recurrence,unroll_recurrence,True,"STRUCTURE: recurrence
TOOL: unroll_recurrence
ANSWER: 10"
test_unseen_00054,structure_aware,200,unseen,The roots x and y of t^2 - (18)t + (65) = 0 are real. Find x^2 + y^2.,194,100,False,symmetric_polynomial_identity,symmetric_polynomial_identity,True,expand_symmetric_identity,expand_symmetric_identity,True,"STRUCTURE: symmetric_polynomial_identity
TOOL: expand_symmetric_identity
ANSWER: 100"
test_unseen_00055,structure_aware,200,unseen,A square of side 21 is removed from a square of side 47. What area remains?,1768,100,False,factorization,Sudoku,False,factor_difference_of_squares,Sudoku,False,"STRUCTURE: Sudoku
TOOL: Sudoku
ANSWER: 100"
test_unseen_00056,structure_aware,200,unseen,A rule maps q to 8 - 3q^2. Determine its output at q = -5.,-67,-10,False,substitution,recurrence,False,substitute_expression,unroll_recurrence,False,"STRUCTURE: recurrence
TOOL: unroll_recurrence
ANSWER: -10"
test_unseen_00057,structure_aware,200,unseen,Find the value of x satisfying both constraints: 4x - y = -29 and -5x - 5y = 30.,-7,-10,False,linear_elimination,linear_elimination,True,solve_linear_system,solve_linear_system,True,"STRUCTURE: linear_elimination
TOOL: solve_linear_system
ANSWER: -10"
test_unseen_00058,structure_aware,200,unseen,Complete the equivalent fractions: 3/8 = 6/[blank].,16,6,False,ratio_proportion,proportions,False,solve_proportion,proportions,False,"STRUCTURE: proportions
TOOL: proportions
ANSWER: 6"
test_unseen_00059,structure_aware,200,unseen,"Unroll b(n+1) = b(n) - 4, with b(1) = -16, to obtain b(5).",-32,-16,False,recurrence,recurrence,True,unroll_recurrence,unroll_recurrence,True,"STRUCTURE: recurrence
TOOL: unroll_recurrence
ANSWER: -16"
test_unseen_00060,structure_aware,200,unseen,"Without solving for x and y, evaluate x^2 + y^2 when x + y = -10 and xy = -24.",148,36,False,symmetric_polynomial_identity,symmetric_polynomial_identity,True,expand_symmetric_identity,expand_symmetric_identity,True,"STRUCTURE: symmetric_polynomial_identity
TOOL: expand_symmetric_identity
ANSWER: 36"
test_unseen_00061,structure_aware,200,unseen,"Using (u - v)(u + v), calculate 67^2 - 12^2.",4345,3125,False,factorization,factorization,True,factor_difference_of_squares,factor_difference_of_squares,True,"STRUCTURE: factorization
TOOL: factor_difference_of_squares
ANSWER: 3125"
test_unseen_00062,structure_aware,200,unseen,What number does -u^2 + 4u - 1 produce when u is -4?,-33,-1,False,substitution,linear_elimination,False,substitute_expression,solve_linear_system,False,"STRUCTURE: linear_elimination
TOOL: solve_linear_system
ANSWER: -1"
test_unseen_00063,structure_aware,200,unseen,The lines -3x - y = -26 and -x + y = -10 intersect. Give the x-coordinate.,9,-10,False,linear_elimination,substitution,False,solve_linear_system,substitute_expression,False,"STRUCTURE: substitution
TOOL: substitute_expression
ANSWER: -10"
test_unseen_00064,structure_aware,200,unseen,"At a fixed rate, 12 items cost 7 dollars. What do 108 items cost?",63,108,False,ratio_proportion,linear_elimination,False,solve_proportion,solve_linear_system,False,"STRUCTURE: linear_elimination
TOOL: solve_linear_system
ANSWER: 108"
test_unseen_00065,structure_aware,200,unseen,A machine begins at -2; after each round it changes its value by -4. What value appears after 9 updates?,-38,-10,False,recurrence,recurrence,True,unroll_recurrence,unroll_recurrence,True,"STRUCTURE: recurrence
TOOL: unroll_recurrence
ANSWER: -10"
test_unseen_00066,structure_aware,200,unseen,The roots x and y of t^2 - (27)t + (182) = 0 are real. Find x^2 + y^2.,365,100,False,symmetric_polynomial_identity,symmetric_polynomial_identity,True,expand_symmetric_identity,expand_symmetric_identity,True,"STRUCTURE: symmetric_polynomial_identity
TOOL: expand_symmetric_identity
ANSWER: 100"
test_unseen_00067,structure_aware,200,unseen,A square of side 33 is removed from a square of side 64. What area remains?,3007,100,False,factorization,Sudoku,False,factor_difference_of_squares,Sudoku,False,"STRUCTURE: Sudoku
TOOL: Sudoku
ANSWER: 100"
test_unseen_00068,structure_aware,200,unseen,A rule maps q to -q^2 + q + 10. Determine its output at q = 2.,8,-10,False,substitution,automorphism,False,substitute_expression,solve_rule,False,"STRUCTURE: automorphism
TOOL: solve_rule
ANSWER: -10"
test_unseen_00069,structure_aware,200,unseen,Find the value of y satisfying both constraints: x + 2y = 17 and 2x - 4y = -14.,6,10,False,linear_elimination,linear_elimination,True,solve_linear_system,solve_linear_system,True,"STRUCTURE: linear_elimination
TOOL: solve_linear_system
ANSWER: 10"
test_unseen_00070,structure_aware,200,unseen,Complete the equivalent fractions: 11/8 = 66/[blank].,48,66,False,ratio_proportion,proportions,False,solve_proportion,proportions,False,"STRUCTURE: proportions
TOOL: proportions
ANSWER: 66"
test_unseen_00071,structure_aware,200,unseen,"Unroll b(n+1) = b(n) - 2, with b(1) = 10, to obtain b(13).",-14,100,False,recurrence,recurrence,True,unroll_recurrence,unroll_recurrence,True,"STRUCTURE: recurrence
TOOL: unroll_recurrence
ANSWER: 100"
test_unseen_00072,structure_aware,200,unseen,"Without solving for x and y, evaluate x^2 + y^2 when x + y = -18 and xy = 56.",212,256,False,symmetric_polynomial_identity,symmetric_polynomial_identity,True,expand_symmetric_identity,expand_symmetric_identity,True,"STRUCTURE: symmetric_polynomial_identity
TOOL: expand_symmetric_identity
ANSWER: 256"
test_unseen_00073,structure_aware,200,unseen,"Using (u - v)(u + v), calculate 40^2 - 25^2.",975,1600,False,factorization,factorization,True,factor_difference_of_squares,factor_difference_of_squares,True,"STRUCTURE: factorization
TOOL: factor_difference_of_squares
ANSWER: 1600"
test_unseen_00074,structure_aware,200,unseen,What number does 2u^2 + 5u - 3 produce when u is -7?,60,-1,False,substitution,linear_elimination,False,substitute_expression,solve_linear_system,False,"STRUCTURE: linear_elimination
TOOL: solve_linear_system
ANSWER: -1"
test_unseen_00075,structure_aware,200,unseen,The lines x - 4y = -33 and -5x - 2y = -11 intersect. Give the y-coordinate.,8,-11,False,linear_elimination,substitution,False,solve_linear_system,substitute_expression,False,"STRUCTURE: substitution
TOOL: substitute_expression
ANSWER: -11"
test_unseen_00076,structure_aware,200,unseen,"At a fixed rate, 2 items cost 7 dollars. What do 24 items cost?",84,124,False,ratio_proportion,linear_elimination,False,solve_proportion,solve_linear_system,False,"STRUCTURE: linear_elimination
TOOL: solve_linear_system
ANSWER: 124"
test_unseen_00077,structure_aware,200,unseen,A machine begins at 0; after each round it changes its value by -3. What value appears after 12 updates?,-36,-12,False,recurrence,recurrence,True,unroll_recurrence,unroll_recurrence,True,"STRUCTURE: recurrence
TOOL: unroll_recurrence
ANSWER: -12"
test_unseen_00078,structure_aware,200,unseen,The roots x and y of t^2 - (12)t + (35) = 0 are real. Find x^2 + y^2.,74,100,False,symmetric_polynomial_identity,symmetric_polynomial_identity,True,expand_symmetric_identity,expand_symmetric_identity,True,"STRUCTURE: symmetric_polynomial_identity
TOOL: expand_symmetric_identity
ANSWER: 100"
test_unseen_00079,structure_aware,200,unseen,A square of side 23 is removed from a square of side 52. What area remains?,2175,100,False,factorization,Sudoku,False,factor_difference_of_squares,Sudoku,False,"STRUCTURE: Sudoku
TOOL: Sudoku
ANSWER: 100"
test_unseen_00080,structure_aware,200,unseen,A rule maps q to 3q^2 - 8q + 6. Determine its output at q = 2.,2,-1,False,substitution,recurrence,False,substitute_expression,unroll_recurrence,False,"STRUCTURE: recurrence
TOOL: unroll_recurrence
ANSWER: -1"
test_unseen_00081,structure_aware,200,unseen,Find the value of y satisfying both constraints: -3x + 5y = 24 and -2x + 4y = 16.,0,-12,False,linear_elimination,linear_elimination,True,solve_linear_system,solve_linear_system,True,"STRUCTURE: linear_elimination
TOOL: solve_linear_system
ANSWER: -12"
test_unseen_00082,structure_aware,200,unseen,Complete the equivalent fractions: 15/2 = 105/[blank].,14,105,False,ratio_proportion,proportions,False,solve_proportion,proportion,False,"STRUCTURE: proportions
TOOL: proportion
ANSWER: 105"
test_unseen_00083,structure_aware,200,unseen,"Unroll b(n+1) = b(n) - 4, with b(1) = -17, to obtain b(15).",-73,-123,False,recurrence,factorization,False,unroll_recurrence,factor_difference_of_squares,False,"STRUCTURE: factorization
TOOL: factor_difference_of_squares
ANSWER: -123"
test_unseen_00084,structure_aware,200,unseen,"Without solving for x and y, evaluate x^2 + y^2 when x + y = -9 and xy = 18.",45,36,False,symmetric_polynomial_identity,symmetric_polynomial_identity,True,expand_symmetric_identity,expand_symmetric_identity,True,"STRUCTURE: symmetric_polynomial_identity
TOOL: expand_symmetric_identity
ANSWER: 36"
test_unseen_00085,structure_aware,200,unseen,"Using (u - v)(u + v), calculate 30^2 - 9^2.",819,1800,False,factorization,factorization,True,factor_difference_of_squares,factor_difference_of_squares,True,"STRUCTURE: factorization
TOOL: factor_difference_of_squares
ANSWER: 1800"
test_unseen_00086,structure_aware,200,unseen,What number does 3u^2 - 11 produce when u is 7?,136,11,False,substitution,symmetric_polynomial_identity,False,substitute_expression,expand_symmetric_identity,False,"STRUCTURE: symmetric_polynomial_identity
TOOL: expand_symmetric_identity
ANSWER: 11"
test_unseen_00087,structure_aware,200,unseen,The lines 3x + 2y = 8 and -5x - 5y = -25 intersect. Give the x-coordinate.,-2,-10,False,linear_elimination,substitution,False,solve_linear_system,substitute_expression,False,"STRUCTURE: substitution
TOOL: substitute_expression
ANSWER: -10"
test_unseen_00088,structure_aware,200,unseen,"At a fixed rate, 8 items cost 2 dollars. What do 80 items cost?",20,80,False,ratio_proportion,linear_elimination,False,solve_proportion,solve_linear_system,False,"STRUCTURE: linear_elimination
TOOL: solve_linear_system
ANSWER: 80"
test_unseen_00089,structure_aware,200,unseen,A machine begins at -13; after each round it changes its value by -7. What value appears after 14 updates?,-111,-100,False,recurrence,recurrence,True,unroll_recurrence,unroll_recurrence,True,"STRUCTURE: recurrence
TOOL: unroll_recurrence
ANSWER: -100"
test_unseen_00090,structure_aware,200,unseen,The roots x and y of t^2 - (13)t + (36) = 0 are real. Find x^2 + y^2.,97,100,False,symmetric_polynomial_identity,symmetric_polynomial_identity,True,expand_symmetric_identity,expand_symmetric_identity,True,"STRUCTURE: symmetric_polynomial_identity
TOOL: expand_symmetric_identity
ANSWER: 100"
test_unseen_00091,structure_aware,200,unseen,A square of side 16 is removed from a square of side 72. What area remains?,4928,100,False,factorization,Sudoku,False,factor_difference_of_squares,Sudoku,False,"STRUCTURE: Sudoku
TOOL: Sudoku
ANSWER: 100"
test_unseen_00092,structure_aware,200,unseen,A rule maps q to 4q^2 - 7q. Determine its output at q = 0.,0,10,False,substitution,recurrence,False,substitute_expression,unroll_recurrence,False,"STRUCTURE: recurrence
TOOL: unroll_recurrence
ANSWER: 10"
test_unseen_00093,structure_aware,200,unseen,Find the value of y satisfying both constraints: 5x - 2y = 31 and -4x + 3y = -15.,7,-10,False,linear_elimination,linear_elimination,True,solve_linear_system,solve_linear_system,True,"STRUCTURE: linear_elimination
TOOL: solve_linear_system
ANSWER: -10"
test_unseen_00094,structure_aware,200,unseen,Complete the equivalent fractions: 3/18 = 12/[blank].,72,12,False,ratio_proportion,proportions,False,solve_proportion,proportions,False,"STRUCTURE: proportions
TOOL: proportions
ANSWER: 12"
test_unseen_00095,structure_aware,200,unseen,"Unroll b(n+1) = b(n) - 3, with b(1) = -14, to obtain b(7).",-32,-14,False,recurrence,recurrence,True,unroll_recurrence,unroll_recurrence,True,"STRUCTURE: recurrence
TOOL: unroll_recurrence
ANSWER: -14"
test_unseen_00096,structure_aware,200,unseen,"Without solving for x and y, evaluate x^2 + y^2 when x + y = -15 and xy = 56.",113,255,False,symmetric_polynomial_identity,symmetric_polynomial_identity,True,expand_symmetric_identity,expand_symmetric_identity,True,"STRUCTURE: symmetric_polynomial_identity
TOOL: expand_symmetric_identity
ANSWER: 255"
test_unseen_00097,structure_aware,200,unseen,"Using (u - v)(u + v), calculate 58^2 - 36^2.",2068,3125,False,factorization,factorization,True,factor_difference_of_squares,factor_difference_of_squares,True,"STRUCTURE: factorization
TOOL: factor_difference_of_squares
ANSWER: 3125"
test_unseen_00098,structure_aware,200,unseen,What number does -4u^2 + 8u produce when u is 4?,-32,-16,False,substitution,linear_elimination,False,substitute_expression,solve_linear_system,False,"STRUCTURE: linear_elimination
TOOL: solve_linear_system
ANSWER: -16"
test_unseen_00099,structure_aware,200,unseen,The lines 2x + y = 7 and -3x - 5y = 21 intersect. Give the y-coordinate.,-9,-1,False,linear_elimination,substitution,False,solve_linear_system,substitute_expression,False,"STRUCTURE: substitution
TOOL: substitute_expression
ANSWER: -1"
test_unseen_00100,structure_aware,200,unseen,"At a fixed rate, 5 items cost 8 dollars. What do 25 items cost?",40,15,False,ratio_proportion,linear_elimination,False,solve_proportion,solve_linear_system,False,"STRUCTURE: linear_elimination
TOOL: solve_linear_system
ANSWER: 15"
test_unseen_00101,structure_aware,200,unseen,A machine begins at 7; after each round it changes its value by 2. What value appears after 7 updates?,21,10,False,recurrence,recurrence,True,unroll_recurrence,unroll_recurrence,True,"STRUCTURE: recurrence
TOOL: unroll_recurrence
ANSWER: 10"
test_unseen_00102,structure_aware,200,unseen,The roots x and y of t^2 - (10)t + (-24) = 0 are real. Find x^2 + y^2.,148,100,False,symmetric_polynomial_identity,factorization,False,expand_symmetric_identity,factor_difference_of_squares,False,"STRUCTURE: factorization
TOOL: factor_difference_of_squares
ANSWER: 100"
test_unseen_00103,structure_aware,200,unseen,A square of side 23 is removed from a square of side 80. What area remains?,5871,100,False,factorization,Sudoku,False,factor_difference_of_squares,Sudoku,False,"STRUCTURE: Sudoku
TOOL: Sudoku
ANSWER: 100"
test_unseen_00104,structure_aware,200,unseen,A rule maps q to -5q^2 + 4q - 2. Determine its output at q = 0.,-2,-10,False,substitution,automorphism,False,substitute_expression,solve_rule,False,"STRUCTURE: automorphism
TOOL: solve_rule
ANSWER: -10"
test_unseen_00105,structure_aware,200,unseen,Find the value of x satisfying both constraints: -5x + 2y = -24 and 2x + 4y = 48.,8,-18,False,linear_elimination,linear_elimination,True,solve_linear_system,solve_linear_system,True,"STRUCTURE: linear_elimination
TOOL: solve_linear_system
ANSWER: -18"
test_unseen_00106,structure_aware,200,unseen,Complete the equivalent fractions: 6/11 = 30/[blank].,55,30/11,False,ratio_proportion,proportions,False,solve_proportion,proportions,False,"STRUCTURE: proportions
TOOL: proportions
ANSWER: 30/11"
test_unseen_00107,structure_aware,200,unseen,"Unroll b(n+1) = b(n) + 1, with b(1) = 16, to obtain b(12).",27,19,False,recurrence,recurrence,True,unroll_recurrence,unroll_recurrence,True,"STRUCTURE: recurrence
TOOL: unroll_recurrence
ANSWER: 19"
test_unseen_00108,structure_aware,200,unseen,"Without solving for x and y, evaluate x^2 + y^2 when x + y = 15 and xy = 14.",197,31,False,symmetric_polynomial_identity,symmetric_polynomial_identity,True,expand_symmetric_identity,expand_symmetric_identity,True,"STRUCTURE: symmetric_polynomial_identity
TOOL: expand_symmetric_identity
ANSWER: 31"
test_unseen_00109,structure_aware,200,unseen,"Using (u - v)(u + v), calculate 74^2 - 15^2.",5251,4320,False,factorization,factorization,True,factor_difference_of_squares,factor_difference_of_squares,True,"STRUCTURE: factorization
TOOL: factor_difference_of_squares
ANSWER: 4320"
test_unseen_00110,structure_aware,200,unseen,What number does -5u^2 - 6u - 6 produce when u is 0?,-6,-10,False,substitution,linear_elimination,False,substitute_expression,solve_linear_system,False,"STRUCTURE: linear_elimination
TOOL: solve_linear_system
ANSWER: -10"
test_unseen_00111,structure_aware,200,unseen,The lines -3x - y = 2 and -5x - 5y = 10 intersect. Give the x-coordinate.,0,-10,False,linear_elimination,substitution,False,solve_linear_system,substitute_expression,False,"STRUCTURE: substitution
TOOL: substitute_expression
ANSWER: -10"
test_unseen_00112,structure_aware,200,unseen,"At a fixed rate, 8 items cost 17 dollars. What do 80 items cost?",170,80,False,ratio_proportion,linear_elimination,False,solve_proportion,solve_linear_system,False,"STRUCTURE: linear_elimination
TOOL: solve_linear_system
ANSWER: 80"
test_unseen_00113,structure_aware,200,unseen,A machine begins at 18; after each round it changes its value by -2. What value appears after 5 updates?,8,-10,False,recurrence,recurrence,True,unroll_recurrence,unroll_recurrence,True,"STRUCTURE: recurrence
TOOL: unroll_recurrence
ANSWER: -10"
test_unseen_00114,structure_aware,200,unseen,The roots x and y of t^2 - (9)t + (14) = 0 are real. Find x^2 + y^2.,53,10,False,symmetric_polynomial_identity,factorization,False,expand_symmetric_identity,factor_difference_of_squares,False,"STRUCTURE: factorization
TOOL: factor_difference_of_squares
ANSWER: 10"
test_unseen_00115,structure_aware,200,unseen,A square of side 14 is removed from a square of side 77. What area remains?,5733,100,False,factorization,Sudoku,False,factor_difference_of_squares,Sudoku,False,"STRUCTURE: Sudoku
TOOL: Sudoku
ANSWER: 100"
test_unseen_00116,structure_aware,200,unseen,A rule maps q to -q^2 + 2q - 8. Determine its output at q = 7.,-43,-12,False,substitution,automorphism,False,substitute_expression,solve_rule,False,"STRUCTURE: automorphism
TOOL: solve_rule
ANSWER: -12"
test_unseen_00117,structure_aware,200,unseen,Find the value of y satisfying both constraints: 5x + 3y = 15 and 4x + y = 12.,0,15,False,linear_elimination,linear_elimination,True,solve_linear_system,solve_linear_system,True,"STRUCTURE: linear_elimination
TOOL: solve_linear_system
ANSWER: 15"
test_unseen_00118,structure_aware,200,unseen,Complete the equivalent fractions: 10/3 = 70/[blank].,21,70,False,ratio_proportion,proportions,False,solve_proportion,proportions,False,"STRUCTURE: proportions
TOOL: proportions
ANSWER: 70"
test_unseen_00119,structure_aware,200,unseen,"Unroll b(n+1) = b(n) - 1, with b(1) = -16, to obtain b(3).",-18,-16,False,recurrence,recurrence,True,unroll_recurrence,unroll_recurrence,True,"STRUCTURE: recurrence
TOOL: unroll_recurrence
ANSWER: -16"
test_seen_00000,baseline,500,seen,"If x + y = -20 and xy = 84, find x^2 + y^2.",232,256,False,symmetric_polynomial_identity,,,expand_symmetric_identity,,, 256
test_seen_00001,baseline,500,seen,Evaluate 71^2 - 11^2.,4920,4801,False,factorization,,,factor_difference_of_squares,,, 4801
test_seen_00002,baseline,500,seen,Let f(t) = t^2 - 5t + 2. Find f(2).,-4,10,False,substitution,,,substitute_expression,,, 10
test_seen_00003,baseline,500,seen,Solve 4x + 3y = -3 and x + y = -3. What is x?,6,-3,False,linear_elimination,,,solve_linear_system,,, -3
test_seen_00004,baseline,500,seen,Solve the proportion 2/5 = 6/x for x.,15,10,False,ratio_proportion,,,solve_proportion,,, 10
test_seen_00005,baseline,500,seen,A sequence starts with a1 = -11 and each next term is the current term + 4. Find a4.,1,11,False,recurrence,,,unroll_recurrence,,, 11
test_seen_00006,baseline,500,seen,Two numbers have sum -9 and product -10. What is the sum of their squares?,101,100,False,symmetric_polynomial_identity,,,expand_symmetric_identity,,, 100
test_seen_00007,baseline,500,seen,Compute the difference of squares: 42 squared minus 33 squared.,675,169,False,factorization,,,factor_difference_of_squares,,, 169
test_seen_00008,baseline,500,seen,Substitute z = 2 into 2z^2 + 8z - 4.,20,10,False,substitution,,,substitute_expression,,, 10
test_seen_00009,baseline,500,seen,The equations -4x - 5y = 1 and 4x - 5y = -31 hold simultaneously. Find x.,-4,-1,False,linear_elimination,,,solve_linear_system,,, -1
test_seen_00010,baseline,500,seen,"If 2:7 = 12:x, what is x?",42,12,False,ratio_proportion,,,solve_proportion,,, 12
test_seen_00011,baseline,500,seen,"Starting at -16, repeatedly change the value by -1. What is term 11, counting the start as term 1?",-26,-16,False,recurrence,,,unroll_recurrence,,, -16
test_seen_00012,baseline,500,seen,"Given s = x + y = -8 and p = xy = -48, compute x^2 + y^2.",160,156,False,symmetric_polynomial_identity,,,expand_symmetric_identity,,, 156
test_seen_00013,baseline,500,seen,What is 43^2 - 39^2? Use factorization if helpful.,328,1601,False,factorization,,,factor_difference_of_squares,,, 1601
test_seen_00014,baseline,500,seen,"For P(x) = -4x^2 + 6x + 8, evaluate P(7).",-146,-100,False,substitution,,,substitute_expression,,, -100
test_seen_00015,baseline,500,seen,Use elimination on the system 3x + 5y = 8; 2x - 3y = -1. Determine x.,1,-2,False,linear_elimination,,,solve_linear_system,,, -2
test_seen_00016,baseline,500,seen,The ratio 15 to 4 equals the ratio 105 to x. Find x.,28,105,False,ratio_proportion,,,solve_proportion,,, 105
test_seen_00017,baseline,500,seen,An arithmetic sequence has first term 17 and common difference -8. Find its 7th term.,-31,-108,False,recurrence,,,unroll_recurrence,,, -108
test_seen_00018,baseline,500,seen,"If x + y = -4 and xy = -60, find x^2 + y^2.",136,150,False,symmetric_polynomial_identity,,,expand_symmetric_identity,,, 150
test_seen_00019,baseline,500,seen,Evaluate 45^2 - 40^2.,425,1690,False,factorization,,,factor_difference_of_squares,,, 1690
test_seen_00020,baseline,500,seen,Let f(t) = 4t^2 - 5t - 3. Find f(0).,-3,1,False,substitution,,,substitute_expression,,, 1
test_seen_00021,baseline,500,seen,Solve -5x + 2y = -2 and x + 4y = 18. What is x?,2,-1,False,linear_elimination,,,solve_linear_system,,, -1
test_seen_00022,baseline,500,seen,Solve the proportion 7/6 = 84/x for x.,72,186,False,ratio_proportion,,,solve_proportion,,, 186
test_seen_00023,baseline,500,seen,A sequence starts with a1 = -11 and each next term is the current term - 7. Find a12.,-88,-107,False,recurrence,,,unroll_recurrence,,, -107
test_seen_00024,baseline,500,seen,Two numbers have sum 4 and product -60. What is the sum of their squares?,136,180,False,symmetric_polynomial_identity,,,expand_symmetric_identity,,, 180
test_seen_00025,baseline,500,seen,Compute the difference of squares: 77 squared minus 8 squared.,5865,4649,False,factorization,,,factor_difference_of_squares,,, 4649
test_seen_00026,baseline,500,seen,Substitute z = -7 into 2z^2 + 6z + 6.,62,18,False,substitution,,,substitute_expression,,, 18
test_seen_00027,baseline,500,seen,The equations -4x - 4y = 56 and -3x - 5y = 60 hold simultaneously. Find y.,-9,6,False,linear_elimination,,,solve_linear_system,,, 6
test_seen_00028,baseline,500,seen,"If 3:19 = 27:x, what is x?",171,27,False,ratio_proportion,,,solve_proportion,,, 27
test_seen_00029,baseline,500,seen,"Starting at 9, repeatedly change the value by -1. What is term 8, counting the start as term 1?",2,-18,False,recurrence,,,unroll_recurrence,,, -18
test_seen_00030,baseline,500,seen,"Given s = x + y = 27 and p = xy = 180, compute x^2 + y^2.",369,296,False,symmetric_polynomial_identity,,,expand_symmetric_identity,,, 296
test_seen_00031,baseline,500,seen,What is 32^2 - 26^2? Use factorization if helpful.,348,1084,False,factorization,,,factor_difference_of_squares,,, 1084
test_seen_00032,baseline,500,seen,"For P(x) = -5x^2 - 6x + 10, evaluate P(-4).",-46,-10,False,substitution,,,substitute_expression,,, -10
test_seen_00033,baseline,500,seen,Use elimination on the system 5x + 4y = 3; x - y = 6. Determine y.,-3,6,False,linear_elimination,,,solve_linear_system,,, 6
test_seen_00034,baseline,500,seen,The ratio 14 to 12 equals the ratio 112 to x. Find x.,96,12,False,ratio_proportion,,,solve_proportion,,, 12
test_seen_00035,baseline,500,seen,An arithmetic sequence has first term -17 and common difference 3. Find its 5th term.,-5,18,False,recurrence,,,unroll_recurrence,,, 18
test_seen_00036,baseline,500,seen,"If x + y = -8 and xy = -20, find x^2 + y^2.",104,130,False,symmetric_polynomial_identity,,,expand_symmetric_identity,,, 130
test_seen_00037,baseline,500,seen,Evaluate 21^2 - 14^2.,245,261,False,factorization,,,factor_difference_of_squares,,, 261
test_seen_00038,baseline,500,seen,Let f(t) = -2t^2 + t - 5. Find f(-2).,-15,-10,False,substitution,,,substitute_expression,,, -10
test_seen_00039,baseline,500,seen,Solve x + y = -6 and -2x - 5y = 21. What is y?,-3,-5,False,linear_elimination,,,solve_linear_system,,, -5
test_seen_00040,baseline,500,seen,Solve the proportion 10/3 = 30/x for x.,9,30,False,ratio_proportion,,,solve_proportion,,, 30
test_seen_00041,baseline,500,seen,A sequence starts with a1 = -19 and each next term is the current term - 9. Find a11.,-109,-19,False,recurrence,,,unroll_recurrence,,, -19
test_seen_00042,baseline,500,seen,Two numbers have sum 16 and product 48. What is the sum of their squares?,160,124,False,symmetric_polynomial_identity,,,expand_symmetric_identity,,, 124
test_seen_00043,baseline,500,seen,Compute the difference of squares: 67 squared minus 34 squared.,3333,3104,False,factorization,,,factor_difference_of_squares,,, 3104
test_seen_00044,baseline,500,seen,Substitute z = -2 into 4z^2 - 5z + 6.,32,18,False,substitution,,,substitute_expression,,, 18
test_seen_00045,baseline,500,seen,The equations -3x + 2y = -1 and x - 3y = 5 hold simultaneously. Find x.,-1,5,False,linear_elimination,,,solve_linear_system,,, 5
test_seen_00046,baseline,500,seen,"If 2:5 = 10:x, what is x?",25,10,False,ratio_proportion,,,solve_proportion,,, 10
test_seen_00047,baseline,500,seen,"Starting at 16, repeatedly change the value by -6. What is term 12, counting the start as term 1?",-50,-12,False,recurrence,,,unroll_recurrence,,, -12
test_seen_00048,baseline,500,seen,"Given s = x + y = -11 and p = xy = 18, compute x^2 + y^2.",85,201,False,symmetric_polynomial_identity,,,expand_symmetric_identity,,, 201
test_seen_00049,baseline,500,seen,What is 54^2 - 26^2? Use factorization if helpful.,2240,1896,False,factorization,,,factor_difference_of_squares,,, 1896
test_seen_00050,baseline,500,seen,"For P(x) = -4x^2 - 8x - 7, evaluate P(-1).",-3,-10,False,substitution,,,substitute_expression,,, -10
test_seen_00051,baseline,500,seen,Use elimination on the system 3x + 4y = -14; -3x - 2y = 16. Determine x.,-6,-2,False,linear_elimination,,,solve_linear_system,,, -2
test_seen_00052,baseline,500,seen,The ratio 5 to 3 equals the ratio 15 to x. Find x.,9,15,False,ratio_proportion,,,solve_proportion,,, 15
test_seen_00053,baseline,500,seen,An arithmetic sequence has first term 10 and common difference -1. Find its 14th term.,-3,-14,False,recurrence,,,unroll_recurrence,,, -14
test_seen_00054,baseline,500,seen,"If x + y = 7 and xy = -98, find x^2 + y^2.",245,255,False,symmetric_polynomial_identity,,,expand_symmetric_identity,,, 255
test_seen_00055,baseline,500,seen,Evaluate 48^2 - 43^2.,455,1924,False,factorization,,,factor_difference_of_squares,,, 1924
test_seen_00056,baseline,500,seen,Let f(t) = 3t^2 + 2t - 8. Find f(-2).,0,10,False,substitution,,,substitute_expression,,, 10
test_seen_00057,baseline,500,seen,Solve -2x + 2y = -14 and 5x - 3y = 17. What is y?,-9,-1,False,linear_elimination,,,solve_linear_system,,, -1
test_seen_00058,baseline,500,seen,Solve the proportion 11/16 = 66/x for x.,96,166,False,ratio_proportion,,,solve_proportion,,, 166
test_seen_00059,baseline,500,seen,A sequence starts with a1 = 8 and each next term is the current term + 7. Find a7.,50,10,False,recurrence,,,unroll_recurrence,,, 10
test_seen_00060,baseline,500,seen,Two numbers have sum 29 and product 210. What is the sum of their squares?,421,290,False,symmetric_polynomial_identity,,,expand_symmetric_identity,,, 290
test_seen_00061,baseline,500,seen,Compute the difference of squares: 69 squared minus 37 squared.,3392,4103,False,factorization,,,factor_difference_of_squares,,, 4103
test_seen_00062,baseline,500,seen,Substitute z = -1 into 4z^2 + 5z + 11.,10,121,False,substitution,,,substitute_expression,,, 121
test_seen_00063,baseline,500,seen,The equations -4x - 2y = -46 and 4x + 5y = 73 hold simultaneously. Find x.,7,1,False,linear_elimination,,,solve_linear_system,,, 1
test_seen_00064,baseline,500,seen,"If 11:2 = 132:x, what is x?",24,13,False,ratio_proportion,,,solve_proportion,,, 13
test_seen_00065,baseline,500,seen,"Starting at -6, repeatedly change the value by -7. What is term 6, counting the start as term 1?",-41,-14,False,recurrence,,,unroll_recurrence,,, -14
test_seen_00066,baseline,500,seen,"Given s = x + y = -5 and p = xy = -36, compute x^2 + y^2.",97,105,False,symmetric_polynomial_identity,,,expand_symmetric_identity,,, 105
test_seen_00067,baseline,500,seen,What is 39^2 - 35^2? Use factorization if helpful.,296,1065,False,factorization,,,factor_difference_of_squares,,, 1065
test_seen_00068,baseline,500,seen,"For P(x) = -x^2 - 3x + 3, evaluate P(0).",3,-1,False,substitution,,,substitute_expression,,, -1
test_seen_00069,baseline,500,seen,Use elimination on the system -x + 2y = -4; -3x - 4y = -12. Determine y.,0,-4,False,linear_elimination,,,solve_linear_system,,, -4
test_seen_00070,baseline,500,seen,The ratio 7 to 12 equals the ratio 49 to x. Find x.,84,12,False,ratio_proportion,,,solve_proportion,,, 12
test_seen_00071,baseline,500,seen,An arithmetic sequence has first term 4 and common difference -6. Find its 14th term.,-74,-108,False,recurrence,,,unroll_recurrence,,, -108
test_seen_00072,baseline,500,seen,"If x + y = -6 and xy = 5, find x^2 + y^2.",26,15,False,symmetric_polynomial_identity,,,expand_symmetric_identity,,, 15
test_seen_00073,baseline,500,seen,Evaluate 46^2 - 15^2.,1891,1914,False,factorization,,,factor_difference_of_squares,,, 1914
test_seen_00074,baseline,500,seen,Let f(t) = 3t^2 - 3t - 1. Find f(-3).,35,1,False,substitution,,,substitute_expression,,, 1
test_seen_00075,baseline,500,seen,Solve 4x - y = 18 and 3x + 5y = 2. What is x?,4,1,False,linear_elimination,,,solve_linear_system,,, 1
test_seen_00076,baseline,500,seen,Solve the proportion 4/11 = 16/x for x.,44,12,False,ratio_proportion,,,solve_proportion,,, 12
test_seen_00077,baseline,500,seen,A sequence starts with a1 = -7 and each next term is the current term - 5. Find a5.,-27,-10,False,recurrence,,,unroll_recurrence,,, -10
test_seen_00078,baseline,500,seen,Two numbers have sum 4 and product 3. What is the sum of their squares?,10,12,False,symmetric_polynomial_identity,,,expand_symmetric_identity,,, 12
test_seen_00079,baseline,500,seen,Compute the difference of squares: 48 squared minus 14 squared.,2108,1964,False,factorization,,,factor_difference_of_squares,,, 1964
test_seen_00080,baseline,500,seen,Substitute z = -5 into 3z^2 + 4z + 4.,59,10,False,substitution,,,substitute_expression,,, 10
test_seen_00081,baseline,500,seen,The equations x - y = 5 and 3x - y = 3 hold simultaneously. Find x.,-1,2,False,linear_elimination,,,solve_linear_system,,, 2
test_seen_00082,baseline,500,seen,"If 4:20 = 40:x, what is x?",200,100,False,ratio_proportion,,,solve_proportion,,, 100
test_seen_00083,baseline,500,seen,"Starting at -17, repeatedly change the value by 4. What is term 9, counting the start as term 1?",15,18,False,recurrence,,,unroll_recurrence,,, 18
test_seen_00084,baseline,500,seen,"Given s = x + y = 2 and p = xy = -3, compute x^2 + y^2.",10,5,False,symmetric_polynomial_identity,,,expand_symmetric_identity,,, 5
test_seen_00085,baseline,500,seen,What is 72^2 - 42^2? Use factorization if helpful.,3420,400,False,factorization,,,factor_difference_of_squares,,, 400
test_seen_00086,baseline,500,seen,"For P(x) = 4x^2 + 7x + 5, evaluate P(3).",62,100,False,substitution,,,substitute_expression,,, 100
test_seen_00087,baseline,500,seen,Use elimination on the system 5x + 2y = -48; 2x - 4y = 24. Determine y.,-9,1,False,linear_elimination,,,solve_linear_system,,, 1
test_seen_00088,baseline,500,seen,The ratio 3 to 8 equals the ratio 27 to x. Find x.,72,18,False,ratio_proportion,,,solve_proportion,,, 18
test_seen_00089,baseline,500,seen,An arithmetic sequence has first term 14 and common difference -7. Find its 9th term.,-42,-10,False,recurrence,,,unroll_recurrence,,, -10
test_seen_00090,baseline,500,seen,"If x + y = -11 and xy = 0, find x^2 + y^2.",121,133,False,symmetric_polynomial_identity,,,expand_symmetric_identity,,, 133
test_seen_00091,baseline,500,seen,Evaluate 59^2 - 13^2.,3312,2701,False,factorization,,,factor_difference_of_squares,,, 2701
test_seen_00092,baseline,500,seen,Let f(t) = -5t^2 - 6t - 4. Find f(-2).,-12,-10,False,substitution,,,substitute_expression,,, -10
test_seen_00093,baseline,500,seen,Solve -4x + y = 25 and 2x - 5y = 19. What is x?,-8,-5,False,linear_elimination,,,solve_linear_system,,, -5
test_seen_00094,baseline,500,seen,Solve the proportion 12/4 = 60/x for x.,20,120,False,ratio_proportion,,,solve_proportion,,, 120
test_seen_00095,baseline,500,seen,A sequence starts with a1 = -8 and each next term is the current term - 6. Find a12.,-74,-12,False,recurrence,,,unroll_recurrence,,, -12
test_seen_00096,baseline,500,seen,Two numbers have sum -17 and product 72. What is the sum of their squares?,145,154,False,symmetric_polynomial_identity,,,expand_symmetric_identity,,, 154
test_seen_00097,baseline,500,seen,Compute the difference of squares: 55 squared minus 4 squared.,3009,2725,False,factorization,,,factor_difference_of_squares,,, 2725
test_seen_00098,baseline,500,seen,Substitute z = -3 into -5z^2 - 5z - 9.,-39,-15,False,substitution,,,substitute_expression,,, -15
test_seen_00099,baseline,500,seen,The equations 4x + 3y = -57 and 5x + 5y = -80 hold simultaneously. Find x.,-9,-5,False,linear_elimination,,,solve_linear_system,,, -5
test_seen_00100,baseline,500,seen,"If 6:10 = 48:x, what is x?",80,120,False,ratio_proportion,,,solve_proportion,,, 120
test_seen_00101,baseline,500,seen,"Starting at -10, repeatedly change the value by -4. What is term 13, counting the start as term 1?",-58,-104,False,recurrence,,,unroll_recurrence,,, -104
test_seen_00102,baseline,500,seen,"Given s = x + y = 2 and p = xy = -35, compute x^2 + y^2.",74,105,False,symmetric_polynomial_identity,,,expand_symmetric_identity,,, 105
test_seen_00103,baseline,500,seen,What is 70^2 - 33^2? Use factorization if helpful.,3811,400,False,factorization,,,factor_difference_of_squares,,, 400
test_seen_00104,baseline,500,seen,"For P(x) = 2x^2 + 5x + 9, evaluate P(-2).",7,10,False,substitution,,,substitute_expression,,, 10
test_seen_00105,baseline,500,seen,Use elimination on the system 4x - 2y = 16; 2x + y = 12. Determine y.,2,2,True,linear_elimination,,,solve_linear_system,,, 2
test_seen_00106,baseline,500,seen,The ratio 15 to 2 equals the ratio 150 to x. Find x.,20,200,False,ratio_proportion,,,solve_proportion,,, 200
test_seen_00107,baseline,500,seen,An arithmetic sequence has first term 8 and common difference -5. Find its 3th term.,-2,-12,False,recurrence,,,unroll_recurrence,,, -12
test_seen_00108,baseline,500,seen,"If x + y = -27 and xy = 180, find x^2 + y^2.",369,256,False,symmetric_polynomial_identity,,,expand_symmetric_identity,,, 256
test_seen_00109,baseline,500,seen,Evaluate 76^2 - 43^2.,3927,4001,False,factorization,,,factor_difference_of_squares,,, 4001
test_seen_00110,baseline,500,seen,Let f(t) = 4t^2 + 4t - 5. Find f(0).,-5,10,False,substitution,,,substitute_expression,,, 10
test_seen_00111,baseline,500,seen,Solve -4x - 3y = 42 and -5x + 3y = 39. What is x?,-9,-2,False,linear_elimination,,,solve_linear_system,,, -2
test_seen_00112,baseline,500,seen,Solve the proportion 2/4 = 10/x for x.,20,40,False,ratio_proportion,,,solve_proportion,,, 40
test_seen_00113,baseline,500,seen,A sequence starts with a1 = 15 and each next term is the current term - 6. Find a11.,-45,-65,False,recurrence,,,unroll_recurrence,,, -65
test_seen_00114,baseline,500,seen,Two numbers have sum 12 and product -28. What is the sum of their squares?,200,154,False,symmetric_polynomial_identity,,,expand_symmetric_identity,,, 154
test_seen_00115,baseline,500,seen,Compute the difference of squares: 36 squared minus 34 squared.,140,1084,False,factorization,,,factor_difference_of_squares,,, 1084
test_seen_00116,baseline,500,seen,Substitute z = -3 into z^2 + 2z - 1.,2,10,False,substitution,,,substitute_expression,,, 10
test_seen_00117,baseline,500,seen,The equations -5x + 2y = -4 and -4x - 5y = -56 hold simultaneously. Find x.,4,-5,False,linear_elimination,,,solve_linear_system,,, -5
test_seen_00118,baseline,500,seen,"If 2:2 = 16:x, what is x?",16,16,True,ratio_proportion,,,solve_proportion,,, 16
test_seen_00119,baseline,500,seen,"Starting at -4, repeatedly change the value by -1. What is term 11, counting the start as term 1?",-14,-12,False,recurrence,,,unroll_recurrence,,, -12
test_unseen_00000,baseline,500,unseen,"Without solving for x and y, evaluate x^2 + y^2 when x + y = -1 and xy = -2.",5,1,False,symmetric_polynomial_identity,,,expand_symmetric_identity,,, 1
test_unseen_00001,baseline,500,unseen,"Using (u - v)(u + v), calculate 44^2 - 36^2.",640,1696,False,factorization,,,factor_difference_of_squares,,, 1696
test_unseen_00002,baseline,500,unseen,What number does -3u^2 + 4u - 5 produce when u is -3?,-44,-1,False,substitution,,,substitute_expression,,, -1
test_unseen_00003,baseline,500,unseen,The lines -4x + 4y = 28 and -5x - 4y = 53 intersect. Give the x-coordinate.,-9,-1,False,linear_elimination,,,solve_linear_system,,, -1
test_unseen_00004,baseline,500,unseen,"At a fixed rate, 14 items cost 18 dollars. What do 84 items cost?",108,84,False,ratio_proportion,,,solve_proportion,,, 84
test_unseen_00005,baseline,500,unseen,A machine begins at 17; after each round it changes its value by 4. What value appears after 8 updates?,49,18,False,recurrence,,,unroll_recurrence,,, 18
test_unseen_00006,baseline,500,unseen,The roots x and y of t^2 - (16)t + (63) = 0 are real. Find x^2 + y^2.,130,183,False,symmetric_polynomial_identity,,,expand_symmetric_identity,,, 183
test_unseen_00007,baseline,500,unseen,A square of side 44 is removed from a square of side 65. What area remains?,2289,108,False,factorization,,,factor_difference_of_squares,,, 108
test_unseen_00008,baseline,500,unseen,A rule maps q to q^2 - 6q - 2. Determine its output at q = 6.,-2,10,False,substitution,,,substitute_expression,,, 10
test_unseen_00009,baseline,500,unseen,Find the value of x satisfying both constraints: -4x + 3y = -12 and -4x + 4y = -16.,0,-12,False,linear_elimination,,,solve_linear_system,,, -12
test_unseen_00010,baseline,500,unseen,Complete the equivalent fractions: 6/12 = 18/[blank].,36,18,False,ratio_proportion,,,solve_proportion,,, 18
test_unseen_00011,baseline,500,unseen,"Unroll b(n+1) = b(n) + 1, with b(1) = -18, to obtain b(8).",-11,-188,False,recurrence,,,unroll_recurrence,,, -188
test_unseen_00012,baseline,500,unseen,"Without solving for x and y, evaluate x^2 + y^2 when x + y = -15 and xy = 36.",153,256,False,symmetric_polynomial_identity,,,expand_symmetric_identity,,, 256
test_unseen_00013,baseline,500,unseen,"Using (u - v)(u + v), calculate 39^2 - 14^2.",1325,100,False,factorization,,,factor_difference_of_squares,,, 100
test_unseen_00014,baseline,500,unseen,What number does 11 - 3u^2 produce when u is -4?,-37,-10,False,substitution,,,substitute_expression,,, -10
test_unseen_00015,baseline,500,unseen,The lines 5x + 5y = -80 and x - 5y = 32 intersect. Give the y-coordinate.,-8,-1,False,linear_elimination,,,solve_linear_system,,, -1
test_unseen_00016,baseline,500,unseen,"At a fixed rate, 7 items cost 17 dollars. What do 84 items cost?",204,84,False,ratio_proportion,,,solve_proportion,,, 84
test_unseen_00017,baseline,500,unseen,A machine begins at 17; after each round it changes its value by 6. What value appears after 14 updates?,101,18,False,recurrence,,,unroll_recurrence,,, 18
test_unseen_00018,baseline,500,unseen,The roots x and y of t^2 - (-9)t + (-22) = 0 are real. Find x^2 + y^2.,125,18,False,symmetric_polynomial_identity,,,expand_symmetric_identity,,, 18
test_unseen_00019,baseline,500,unseen,A square of side 16 is removed from a square of side 78. What area remains?,5828,184,False,factorization,,,factor_difference_of_squares,,, 184
test_unseen_00020,baseline,500,unseen,A rule maps q to 3q^2 + 3q + 7. Determine its output at q = 6.,133,10,False,substitution,,,substitute_expression,,, 10
test_unseen_00021,baseline,500,unseen,Find the value of y satisfying both constraints: -3x - 5y = 29 and -2x - 5y = 21.,-1,-1,True,linear_elimination,,,solve_linear_system,,, -1
test_unseen_00022,baseline,500,unseen,Complete the equivalent fractions: 7/20 = 35/[blank].,100,35,False,ratio_proportion,,,solve_proportion,,, 35
test_unseen_00023,baseline,500,unseen,"Unroll b(n+1) = b(n) + 4, with b(1) = -13, to obtain b(8).",15,-134,False,recurrence,,,unroll_recurrence,,, -134
test_unseen_00024,baseline,500,unseen,"Without solving for x and y, evaluate x^2 + y^2 when x + y = -17 and xy = 60.",169,256,False,symmetric_polynomial_identity,,,expand_symmetric_identity,,, 256
test_unseen_00025,baseline,500,unseen,"Using (u - v)(u + v), calculate 24^2 - 16^2.",320,2048,False,factorization,,,factor_difference_of_squares,,, 2048
test_unseen_00026,baseline,500,unseen,What number does 2u^2 - 7u + 9 produce when u is 2?,3,9,False,substitution,,,substitute_expression,,, 9
test_unseen_00027,baseline,500,unseen,The lines -3x - 3y = 0 and 5x - 5y = 60 intersect. Give the y-coordinate.,-6,6,False,linear_elimination,,,solve_linear_system,,, 6
test_unseen_00028,baseline,500,unseen,"At a fixed rate, 3 items cost 2 dollars. What do 24 items cost?",16,24,False,ratio_proportion,,,solve_proportion,,, 24
test_unseen_00029,baseline,500,unseen,A machine begins at -9; after each round it changes its value by -1. What value appears after 13 updates?,-22,-10,False,recurrence,,,unroll_recurrence,,, -10
test_unseen_00030,baseline,500,unseen,The roots x and y of t^2 - (-3)t + (-54) = 0 are real. Find x^2 + y^2.,117,105,False,symmetric_polynomial_identity,,,expand_symmetric_identity,,, 105
test_unseen_00031,baseline,500,unseen,A square of side 5 is removed from a square of side 41. What area remains?,1656,105,False,factorization,,,factor_difference_of_squares,,, 105
test_unseen_00032,baseline,500,unseen,A rule maps q to 3q^2 - 10. Determine its output at q = 1.,-7,10,False,substitution,,,substitute_expression,,, 10
test_unseen_00033,baseline,500,unseen,Find the value of x satisfying both constraints: -x - 3y = -25 and -3x + 5y = 37.,1,-1,False,linear_elimination,,,solve_linear_system,,, -1
test_unseen_00034,baseline,500,unseen,Complete the equivalent fractions: 3/16 = 24/[blank].,128,24,False,ratio_proportion,,,solve_proportion,,, 24
test_unseen_00035,baseline,500,unseen,"Unroll b(n+1) = b(n) + 3, with b(1) = 8, to obtain b(4).",17,18,False,recurrence,,,unroll_recurrence,,, 18
test_unseen_00036,baseline,500,unseen,"Without solving for x and y, evaluate x^2 + y^2 when x + y = 6 and xy = -91.",218,256,False,symmetric_polynomial_identity,,,expand_symmetric_identity,,, 256
test_unseen_00037,baseline,500,unseen,"Using (u - v)(u + v), calculate 47^2 - 38^2.",765,1963,False,factorization,,,factor_difference_of_squares,,, 1963
test_unseen_00038,baseline,500,unseen,What number does -u^2 + 8u - 1 produce when u is -4?,-49,-1,False,substitution,,,substitute_expression,,, -1
test_unseen_00039,baseline,500,unseen,The lines 3x + 2y = -28 and -4x + 3y = 26 intersect. Give the y-coordinate.,-2,-6,False,linear_elimination,,,solve_linear_system,,, -6
test_unseen_00040,baseline,500,unseen,"At a fixed rate, 15 items cost 15 dollars. What do 60 items cost?",60,60,True,ratio_proportion,,,solve_proportion,,, 60
test_unseen_00041,baseline,500,unseen,A machine begins at -4; after each round it changes its value by 6. What value appears after 4 updates?,20,12,False,recurrence,,,unroll_recurrence,,, 12
test_unseen_00042,baseline,500,unseen,The roots x and y of t^2 - (6)t + (-112) = 0 are real. Find x^2 + y^2.,260,133,False,symmetric_polynomial_identity,,,expand_symmetric_identity,,, 133
test_unseen_00043,baseline,500,unseen,A square of side 40 is removed from a square of side 64. What area remains?,2496,120,False,factorization,,,factor_difference_of_squares,,, 120
test_unseen_00044,baseline,500,unseen,A rule maps q to 4q^2 - 5q - 2. Determine its output at q = -2.,24,1,False,substitution,,,substitute_expression,,, 1
test_unseen_00045,baseline,500,unseen,Find the value of y satisfying both constraints: -5x - 4y = -10 and x + 5y = -19.,-5,-10,False,linear_elimination,,,solve_linear_system,,, -10
test_unseen_00046,baseline,500,unseen,Complete the equivalent fractions: 8/20 = 96/[blank].,240,96,False,ratio_proportion,,,solve_proportion,,, 96
test_unseen_00047,baseline,500,unseen,"Unroll b(n+1) = b(n) + 8, with b(1) = 8, to obtain b(6).",48,188,False,recurrence,,,unroll_recurrence,,, 188
test_unseen_00048,baseline,500,unseen,"Without solving for x and y, evaluate x^2 + y^2 when x + y = -18 and xy = 80.",164,256,False,symmetric_polynomial_identity,,,expand_symmetric_identity,,, 256
test_unseen_00049,baseline,500,unseen,"Using (u - v)(u + v), calculate 12^2 - 11^2.",23,139,False,factorization,,,factor_difference_of_squares,,, 139
test_unseen_00050,baseline,500,unseen,What number does u^2 + u - 12 produce when u is 1?,-10,12,False,substitution,,,substitute_expression,,, 12
test_unseen_00051,baseline,500,unseen,The lines -3x - 2y = 19 and 3x - 5y = 16 intersect. Give the x-coordinate.,-3,-2,False,linear_elimination,,,solve_linear_system,,, -2
test_unseen_00052,baseline,500,unseen,"At a fixed rate, 3 items cost 5 dollars. What do 24 items cost?",40,124,False,ratio_proportion,,,solve_proportion,,, 124
test_unseen_00053,baseline,500,unseen,A machine begins at 12; after each round it changes its value by 9. What value appears after 2 updates?,30,12,False,recurrence,,,unroll_recurrence,,, 12
test_unseen_00054,baseline,500,unseen,The roots x and y of t^2 - (18)t + (65) = 0 are real. Find x^2 + y^2.,194,180,False,symmetric_polynomial_identity,,,expand_symmetric_identity,,, 180
test_unseen_00055,baseline,500,unseen,A square of side 21 is removed from a square of side 47. What area remains?,1768,104,False,factorization,,,factor_difference_of_squares,,, 104
test_unseen_00056,baseline,500,unseen,A rule maps q to 8 - 3q^2. Determine its output at q = -5.,-67,-10,False,substitution,,,substitute_expression,,, -10
test_unseen_00057,baseline,500,unseen,Find the value of x satisfying both constraints: 4x - y = -29 and -5x - 5y = 30.,-7,-1,False,linear_elimination,,,solve_linear_system,,, -1
test_unseen_00058,baseline,500,unseen,Complete the equivalent fractions: 3/8 = 6/[blank].,16,6,False,ratio_proportion,,,solve_proportion,,, 6
test_unseen_00059,baseline,500,unseen,"Unroll b(n+1) = b(n) - 4, with b(1) = -16, to obtain b(5).",-32,-160,False,recurrence,,,unroll_recurrence,,, -160
test_unseen_00060,baseline,500,unseen,"Without solving for x and y, evaluate x^2 + y^2 when x + y = -10 and xy = -24.",148,100,False,symmetric_polynomial_identity,,,expand_symmetric_identity,,, 100
test_unseen_00061,baseline,500,unseen,"Using (u - v)(u + v), calculate 67^2 - 12^2.",4345,314159,False,factorization,,,factor_difference_of_squares,,, 314159
test_unseen_00062,baseline,500,unseen,What number does -u^2 + 4u - 1 produce when u is -4?,-33,-1,False,substitution,,,substitute_expression,,, -1
test_unseen_00063,baseline,500,unseen,The lines -3x - y = -26 and -x + y = -10 intersect. Give the x-coordinate.,9,-1,False,linear_elimination,,,solve_linear_system,,, -1
test_unseen_00064,baseline,500,unseen,"At a fixed rate, 12 items cost 7 dollars. What do 108 items cost?",63,108,False,ratio_proportion,,,solve_proportion,,, 108
test_unseen_00065,baseline,500,unseen,A machine begins at -2; after each round it changes its value by -4. What value appears after 9 updates?,-38,-16,False,recurrence,,,unroll_recurrence,,, -16
test_unseen_00066,baseline,500,unseen,The roots x and y of t^2 - (27)t + (182) = 0 are real. Find x^2 + y^2.,365,183,False,symmetric_polynomial_identity,,,expand_symmetric_identity,,, 183
test_unseen_00067,baseline,500,unseen,A square of side 33 is removed from a square of side 64. What area remains?,3007,189,False,factorization,,,factor_difference_of_squares,,, 189
test_unseen_00068,baseline,500,unseen,A rule maps q to -q^2 + q + 10. Determine its output at q = 2.,8,-10,False,substitution,,,substitute_expression,,, -10
test_unseen_00069,baseline,500,unseen,Find the value of y satisfying both constraints: x + 2y = 17 and 2x - 4y = -14.,6,1,False,linear_elimination,,,solve_linear_system,,, 1
test_unseen_00070,baseline,500,unseen,Complete the equivalent fractions: 11/8 = 66/[blank].,48,66,False,ratio_proportion,,,solve_proportion,,, 66
test_unseen_00071,baseline,500,unseen,"Unroll b(n+1) = b(n) - 2, with b(1) = 10, to obtain b(13).",-14,130,False,recurrence,,,unroll_recurrence,,, 130
test_unseen_00072,baseline,500,unseen,"Without solving for x and y, evaluate x^2 + y^2 when x + y = -18 and xy = 56.",212,256,False,symmetric_polynomial_identity,,,expand_symmetric_identity,,, 256
test_unseen_00073,baseline,500,unseen,"Using (u - v)(u + v), calculate 40^2 - 25^2.",975,100,False,factorization,,,factor_difference_of_squares,,, 100
test_unseen_00074,baseline,500,unseen,What number does 2u^2 + 5u - 3 produce when u is -7?,60,-10,False,substitution,,,substitute_expression,,, -10
test_unseen_00075,baseline,500,unseen,The lines x - 4y = -33 and -5x - 2y = -11 intersect. Give the y-coordinate.,8,-1,False,linear_elimination,,,solve_linear_system,,, -1
test_unseen_00076,baseline,500,unseen,"At a fixed rate, 2 items cost 7 dollars. What do 24 items cost?",84,24,False,ratio_proportion,,,solve_proportion,,, 24
test_unseen_00077,baseline,500,unseen,A machine begins at 0; after each round it changes its value by -3. What value appears after 12 updates?,-36,-3,False,recurrence,,,unroll_recurrence,,, -3
test_unseen_00078,baseline,500,unseen,The roots x and y of t^2 - (12)t + (35) = 0 are real. Find x^2 + y^2.,74,15,False,symmetric_polynomial_identity,,,expand_symmetric_identity,,, 15
test_unseen_00079,baseline,500,unseen,A square of side 23 is removed from a square of side 52. What area remains?,2175,109,False,factorization,,,factor_difference_of_squares,,, 109
test_unseen_00080,baseline,500,unseen,A rule maps q to 3q^2 - 8q + 6. Determine its output at q = 2.,2,10,False,substitution,,,substitute_expression,,, 10
test_unseen_00081,baseline,500,unseen,Find the value of y satisfying both constraints: -3x + 5y = 24 and -2x + 4y = 16.,0,-1,False,linear_elimination,,,solve_linear_system,,, -1
test_unseen_00082,baseline,500,unseen,Complete the equivalent fractions: 15/2 = 105/[blank].,14,105,False,ratio_proportion,,,solve_proportion,,, 105
test_unseen_00083,baseline,500,unseen,"Unroll b(n+1) = b(n) - 4, with b(1) = -17, to obtain b(15).",-73,-172,False,recurrence,,,unroll_recurrence,,, -172
test_unseen_00084,baseline,500,unseen,"Without solving for x and y, evaluate x^2 + y^2 when x + y = -9 and xy = 18.",45,25,False,symmetric_polynomial_identity,,,expand_symmetric_identity,,, 25
test_unseen_00085,baseline,500,unseen,"Using (u - v)(u + v), calculate 30^2 - 9^2.",819,361,False,factorization,,,factor_difference_of_squares,,, 361
test_unseen_00086,baseline,500,unseen,What number does 3u^2 - 11 produce when u is 7?,136,11,False,substitution,,,substitute_expression,,, 11
test_unseen_00087,baseline,500,unseen,The lines 3x + 2y = 8 and -5x - 5y = -25 intersect. Give the x-coordinate.,-2,-2,True,linear_elimination,,,solve_linear_system,,, -2
test_unseen_00088,baseline,500,unseen,"At a fixed rate, 8 items cost 2 dollars. What do 80 items cost?",20,80,False,ratio_proportion,,,solve_proportion,,, 80
test_unseen_00089,baseline,500,unseen,A machine begins at -13; after each round it changes its value by -7. What value appears after 14 updates?,-111,-78,False,recurrence,,,unroll_recurrence,,, -78
test_unseen_00090,baseline,500,unseen,The roots x and y of t^2 - (13)t + (36) = 0 are real. Find x^2 + y^2.,97,18,False,symmetric_polynomial_identity,,,expand_symmetric_identity,,, 18
test_unseen_00091,baseline,500,unseen,A square of side 16 is removed from a square of side 72. What area remains?,4928,168,False,factorization,,,factor_difference_of_squares,,, 168
test_unseen_00092,baseline,500,unseen,A rule maps q to 4q^2 - 7q. Determine its output at q = 0.,0,10,False,substitution,,,substitute_expression,,, 10
test_unseen_00093,baseline,500,unseen,Find the value of y satisfying both constraints: 5x - 2y = 31 and -4x + 3y = -15.,7,-1,False,linear_elimination,,,solve_linear_system,,, -1
test_unseen_00094,baseline,500,unseen,Complete the equivalent fractions: 3/18 = 12/[blank].,72,12,False,ratio_proportion,,,solve_proportion,,, 12
test_unseen_00095,baseline,500,unseen,"Unroll b(n+1) = b(n) - 3, with b(1) = -14, to obtain b(7).",-32,-147,False,recurrence,,,unroll_recurrence,,, -147
test_unseen_00096,baseline,500,unseen,"Without solving for x and y, evaluate x^2 + y^2 when x + y = -15 and xy = 56.",113,255,False,symmetric_polynomial_identity,,,expand_symmetric_identity,,, 255
test_unseen_00097,baseline,500,unseen,"Using (u - v)(u + v), calculate 58^2 - 36^2.",2068,2794,False,factorization,,,factor_difference_of_squares,,, 2794
test_unseen_00098,baseline,500,unseen,What number does -4u^2 + 8u produce when u is 4?,-32,16,False,substitution,,,substitute_expression,,, 16
test_unseen_00099,baseline,500,unseen,The lines 2x + y = 7 and -3x - 5y = 21 intersect. Give the y-coordinate.,-9,-5,False,linear_elimination,,,solve_linear_system,,, -5
test_unseen_00100,baseline,500,unseen,"At a fixed rate, 5 items cost 8 dollars. What do 25 items cost?",40,150,False,ratio_proportion,,,solve_proportion,,, 150
test_unseen_00101,baseline,500,unseen,A machine begins at 7; after each round it changes its value by 2. What value appears after 7 updates?,21,1,False,recurrence,,,unroll_recurrence,,, 1
test_unseen_00102,baseline,500,unseen,The roots x and y of t^2 - (10)t + (-24) = 0 are real. Find x^2 + y^2.,148,18,False,symmetric_polynomial_identity,,,expand_symmetric_identity,,, 18
test_unseen_00103,baseline,500,unseen,A square of side 23 is removed from a square of side 80. What area remains?,5871,180,False,factorization,,,factor_difference_of_squares,,, 180
test_unseen_00104,baseline,500,unseen,A rule maps q to -5q^2 + 4q - 2. Determine its output at q = 0.,-2,-10,False,substitution,,,substitute_expression,,, -10
test_unseen_00105,baseline,500,unseen,Find the value of x satisfying both constraints: -5x + 2y = -24 and 2x + 4y = 48.,8,18,False,linear_elimination,,,solve_linear_system,,, 18
test_unseen_00106,baseline,500,unseen,Complete the equivalent fractions: 6/11 = 30/[blank].,55,30,False,ratio_proportion,,,solve_proportion,,, 30
test_unseen_00107,baseline,500,unseen,"Unroll b(n+1) = b(n) + 1, with b(1) = 16, to obtain b(12).",27,162,False,recurrence,,,unroll_recurrence,,, 162
test_unseen_00108,baseline,500,unseen,"Without solving for x and y, evaluate x^2 + y^2 when x + y = 15 and xy = 14.",197,25,False,symmetric_polynomial_identity,,,expand_symmetric_identity,,, 25
test_unseen_00109,baseline,500,unseen,"Using (u - v)(u + v), calculate 74^2 - 15^2.",5251,400,False,factorization,,,factor_difference_of_squares,,, 400
test_unseen_00110,baseline,500,unseen,What number does -5u^2 - 6u - 6 produce when u is 0?,-6,-1,False,substitution,,,substitute_expression,,, -1
test_unseen_00111,baseline,500,unseen,The lines -3x - y = 2 and -5x - 5y = 10 intersect. Give the x-coordinate.,0,-2,False,linear_elimination,,,solve_linear_system,,, -2
test_unseen_00112,baseline,500,unseen,"At a fixed rate, 8 items cost 17 dollars. What do 80 items cost?",170,80,False,ratio_proportion,,,solve_proportion,,, 80
test_unseen_00113,baseline,500,unseen,A machine begins at 18; after each round it changes its value by -2. What value appears after 5 updates?,8,-18,False,recurrence,,,unroll_recurrence,,, -18
test_unseen_00114,baseline,500,unseen,The roots x and y of t^2 - (9)t + (14) = 0 are real. Find x^2 + y^2.,53,18,False,symmetric_polynomial_identity,,,expand_symmetric_identity,,, 18
test_unseen_00115,baseline,500,unseen,A square of side 14 is removed from a square of side 77. What area remains?,5733,144,False,factorization,,,factor_difference_of_squares,,, 144
test_unseen_00116,baseline,500,unseen,A rule maps q to -q^2 + 2q - 8. Determine its output at q = 7.,-43,-12,False,substitution,,,substitute_expression,,, -12
test_unseen_00117,baseline,500,unseen,Find the value of y satisfying both constraints: 5x + 3y = 15 and 4x + y = 12.,0,15,False,linear_elimination,,,solve_linear_system,,, 15
test_unseen_00118,baseline,500,unseen,Complete the equivalent fractions: 10/3 = 70/[blank].,21,70,False,ratio_proportion,,,solve_proportion,,, 70
test_unseen_00119,baseline,500,unseen,"Unroll b(n+1) = b(n) - 1, with b(1) = -16, to obtain b(3).",-18,-16,False,recurrence,,,unroll_recurrence,,, -16
test_seen_00000,oracle,500,seen,"If x + y = -20 and xy = 84, find x^2 + y^2.",232,184,False,symmetric_polynomial_identity,,,expand_symmetric_identity,,, 184
test_seen_00001,oracle,500,seen,Evaluate 71^2 - 11^2.,4920,4930,False,factorization,,,factor_difference_of_squares,,, 4930
test_seen_00002,oracle,500,seen,Let f(t) = t^2 - 5t + 2. Find f(2).,-4,1,False,substitution,,,substitute_expression,,, 1
test_seen_00003,oracle,500,seen,Solve 4x + 3y = -3 and x + y = -3. What is x?,6,-3,False,linear_elimination,,,solve_linear_system,,, -3
test_seen_00004,oracle,500,seen,Solve the proportion 2/5 = 6/x for x.,15,10,False,ratio_proportion,,,solve_proportion,,, 10
test_seen_00005,oracle,500,seen,A sequence starts with a1 = -11 and each next term is the current term + 4. Find a4.,1,15,False,recurrence,,,unroll_recurrence,,, 15
test_seen_00006,oracle,500,seen,Two numbers have sum -9 and product -10. What is the sum of their squares?,101,100,False,symmetric_polynomial_identity,,,expand_symmetric_identity,,, 100
test_seen_00007,oracle,500,seen,Compute the difference of squares: 42 squared minus 33 squared.,675,1569,False,factorization,,,factor_difference_of_squares,,, 1569
test_seen_00008,oracle,500,seen,Substitute z = 2 into 2z^2 + 8z - 4.,20,12,False,substitution,,,substitute_expression,,, 12
test_seen_00009,oracle,500,seen,The equations -4x - 5y = 1 and 4x - 5y = -31 hold simultaneously. Find x.,-4,-1,False,linear_elimination,,,solve_linear_system,,, -1
test_seen_00010,oracle,500,seen,"If 2:7 = 12:x, what is x?",42,12,False,ratio_proportion,,,solve_proportion,,, 12
test_seen_00011,oracle,500,seen,"Starting at -16, repeatedly change the value by -1. What is term 11, counting the start as term 1?",-26,-16,False,recurrence,,,unroll_recurrence,,, -16
test_seen_00012,oracle,500,seen,"Given s = x + y = -8 and p = xy = -48, compute x^2 + y^2.",160,204,False,symmetric_polynomial_identity,,,expand_symmetric_identity,,, 204
test_seen_00013,oracle,500,seen,What is 43^2 - 39^2? Use factorization if helpful.,328,1760,False,factorization,,,factor_difference_of_squares,,, 1760
test_seen_00014,oracle,500,seen,"For P(x) = -4x^2 + 6x + 8, evaluate P(7).",-146,-120,False,substitution,,,substitute_expression,,, -120
test_seen_00015,oracle,500,seen,Use elimination on the system 3x + 5y = 8; 2x - 3y = -1. Determine x.,1,2,False,linear_elimination,,,solve_linear_system,,, 2
test_seen_00016,oracle,500,seen,The ratio 15 to 4 equals the ratio 105 to x. Find x.,28,15,False,ratio_proportion,,,solve_proportion,,, 15
test_seen_00017,oracle,500,seen,An arithmetic sequence has first term 17 and common difference -8. Find its 7th term.,-31,-15,False,recurrence,,,unroll_recurrence,,, -15
test_seen_00018,oracle,500,seen,"If x + y = -4 and xy = -60, find x^2 + y^2.",136,180,False,symmetric_polynomial_identity,,,expand_symmetric_identity,,, 180
test_seen_00019,oracle,500,seen,Evaluate 45^2 - 40^2.,425,1825,False,factorization,,,factor_difference_of_squares,,, 1825
test_seen_00020,oracle,500,seen,Let f(t) = 4t^2 - 5t - 3. Find f(0).,-3,1,False,substitution,,,substitute_expression,,, 1
test_seen_00021,oracle,500,seen,Solve -5x + 2y = -2 and x + 4y = 18. What is x?,2,1,False,linear_elimination,,,solve_linear_system,,, 1
test_seen_00022,oracle,500,seen,Solve the proportion 7/6 = 84/x for x.,72,186,False,ratio_proportion,,,solve_proportion,,, 186
test_seen_00023,oracle,500,seen,A sequence starts with a1 = -11 and each next term is the current term - 7. Find a12.,-88,-77,False,recurrence,,,unroll_recurrence,,, -77
test_seen_00024,oracle,500,seen,Two numbers have sum 4 and product -60. What is the sum of their squares?,136,120,False,symmetric_polynomial_identity,,,expand_symmetric_identity,,, 120
test_seen_00025,oracle,500,seen,Compute the difference of squares: 77 squared minus 8 squared.,5865,649,False,factorization,,,factor_difference_of_squares,,, 649
test_seen_00026,oracle,500,seen,Substitute z = -7 into 2z^2 + 6z + 6.,62,18,False,substitution,,,substitute_expression,,, 18
test_seen_00027,oracle,500,seen,The equations -4x - 4y = 56 and -3x - 5y = 60 hold simultaneously. Find y.,-9,-6,False,linear_elimination,,,solve_linear_system,,, -6
test_seen_00028,oracle,500,seen,"If 3:19 = 27:x, what is x?",171,27,False,ratio_proportion,,,solve_proportion,,, 27
test_seen_00029,oracle,500,seen,"Starting at 9, repeatedly change the value by -1. What is term 8, counting the start as term 1?",2,-1,False,recurrence,,,unroll_recurrence,,, -1
test_seen_00030,oracle,500,seen,"Given s = x + y = 27 and p = xy = 180, compute x^2 + y^2.",369,290,False,symmetric_polynomial_identity,,,expand_symmetric_identity,,, 290
test_seen_00031,oracle,500,seen,What is 32^2 - 26^2? Use factorization if helpful.,348,1084,False,factorization,,,factor_difference_of_squares,,, 1084
test_seen_00032,oracle,500,seen,"For P(x) = -5x^2 - 6x + 10, evaluate P(-4).",-46,-12,False,substitution,,,substitute_expression,,, -12
test_seen_00033,oracle,500,seen,Use elimination on the system 5x + 4y = 3; x - y = 6. Determine y.,-3,6,False,linear_elimination,,,solve_linear_system,,, 6
test_seen_00034,oracle,500,seen,The ratio 14 to 12 equals the ratio 112 to x. Find x.,96,124,False,ratio_proportion,,,solve_proportion,,, 124
test_seen_00035,oracle,500,seen,An arithmetic sequence has first term -17 and common difference 3. Find its 5th term.,-5,19,False,recurrence,,,unroll_recurrence,,, 19
test_seen_00036,oracle,500,seen,"If x + y = -8 and xy = -20, find x^2 + y^2.",104,180,False,symmetric_polynomial_identity,,,expand_symmetric_identity,,, 180
test_seen_00037,oracle,500,seen,Evaluate 21^2 - 14^2.,245,369,False,factorization,,,factor_difference_of_squares,,, 369
test_seen_00038,oracle,500,seen,Let f(t) = -2t^2 + t - 5. Find f(-2).,-15,-10,False,substitution,,,substitute_expression,,, -10
test_seen_00039,oracle,500,seen,Solve x + y = -6 and -2x - 5y = 21. What is y?,-3,-6,False,linear_elimination,,,solve_linear_system,,, -6
test_seen_00040,oracle,500,seen,Solve the proportion 10/3 = 30/x for x.,9,30,False,ratio_proportion,,,solve_proportion,,, 30
test_seen_00041,oracle,500,seen,A sequence starts with a1 = -19 and each next term is the current term - 9. Find a11.,-109,-19,False,recurrence,,,unroll_recurrence,,, -19
test_seen_00042,oracle,500,seen,Two numbers have sum 16 and product 48. What is the sum of their squares?,160,120,False,symmetric_polynomial_identity,,,expand_symmetric_identity,,, 120
test_seen_00043,oracle,500,seen,Compute the difference of squares: 67 squared minus 34 squared.,3333,2112,False,factorization,,,factor_difference_of_squares,,, 2112
test_seen_00044,oracle,500,seen,Substitute z = -2 into 4z^2 - 5z + 6.,32,12,False,substitution,,,substitute_expression,,, 12
test_seen_00045,oracle,500,seen,The equations -3x + 2y = -1 and x - 3y = 5 hold simultaneously. Find x.,-1,5,False,linear_elimination,,,solve_linear_system,,, 5
test_seen_00046,oracle,500,seen,"If 2:5 = 10:x, what is x?",25,10,False,ratio_proportion,,,solve_proportion,,, 10
test_seen_00047,oracle,500,seen,"Starting at 16, repeatedly change the value by -6. What is term 12, counting the start as term 1?",-50,-126,False,recurrence,,,unroll_recurrence,,, -126
test_seen_00048,oracle,500,seen,"Given s = x + y = -11 and p = xy = 18, compute x^2 + y^2.",85,190,False,symmetric_polynomial_identity,,,expand_symmetric_identity,,, 190
test_seen_00049,oracle,500,seen,What is 54^2 - 26^2? Use factorization if helpful.,2240,2784,False,factorization,,,factor_difference_of_squares,,, 2784
test_seen_00050,oracle,500,seen,"For P(x) = -4x^2 - 8x - 7, evaluate P(-1).",-3,-16,False,substitution,,,substitute_expression,,, -16
test_seen_00051,oracle,500,seen,Use elimination on the system 3x + 4y = -14; -3x - 2y = 16. Determine x.,-6,-1,False,linear_elimination,,,solve_linear_system,,, -1
test_seen_00052,oracle,500,seen,The ratio 5 to 3 equals the ratio 15 to x. Find x.,9,15,False,ratio_proportion,,,solve_proportion,,, 15
test_seen_00053,oracle,500,seen,An arithmetic sequence has first term 10 and common difference -1. Find its 14th term.,-3,-18,False,recurrence,,,unroll_recurrence,,, -18
test_seen_00054,oracle,500,seen,"If x + y = 7 and xy = -98, find x^2 + y^2.",245,259,False,symmetric_polynomial_identity,,,expand_symmetric_identity,,, 259
test_seen_00055,oracle,500,seen,Evaluate 48^2 - 43^2.,455,1964,False,factorization,,,factor_difference_of_squares,,, 1964
test_seen_00056,oracle,500,seen,Let f(t) = 3t^2 + 2t - 8. Find f(-2).,0,10,False,substitution,,,substitute_expression,,, 10
test_seen_00057,oracle,500,seen,Solve -2x + 2y = -14 and 5x - 3y = 17. What is y?,-9,-1,False,linear_elimination,,,solve_linear_system,,, -1
test_seen_00058,oracle,500,seen,Solve the proportion 11/16 = 66/x for x.,96,160,False,ratio_proportion,,,solve_proportion,,, 160
test_seen_00059,oracle,500,seen,A sequence starts with a1 = 8 and each next term is the current term + 7. Find a7.,50,10,False,recurrence,,,unroll_recurrence,,, 10
test_seen_00060,oracle,500,seen,Two numbers have sum 29 and product 210. What is the sum of their squares?,421,290,False,symmetric_polynomial_identity,,,expand_symmetric_identity,,, 290
test_seen_00061,oracle,500,seen,Compute the difference of squares: 69 squared minus 37 squared.,3392,446,False,factorization,,,factor_difference_of_squares,,, 446
test_seen_00062,oracle,500,seen,Substitute z = -1 into 4z^2 + 5z + 11.,10,121,False,substitution,,,substitute_expression,,, 121
test_seen_00063,oracle,500,seen,The equations -4x - 2y = -46 and 4x + 5y = 73 hold simultaneously. Find x.,7,6,False,linear_elimination,,,solve_linear_system,,, 6
test_seen_00064,oracle,500,seen,"If 11:2 = 132:x, what is x?",24,132,False,ratio_proportion,,,solve_proportion,,, 132
test_seen_00065,oracle,500,seen,"Starting at -6, repeatedly change the value by -7. What is term 6, counting the start as term 1?",-41,-12,False,recurrence,,,unroll_recurrence,,, -12
test_seen_00066,oracle,500,seen,"Given s = x + y = -5 and p = xy = -36, compute x^2 + y^2.",97,150,False,symmetric_polynomial_identity,,,expand_symmetric_identity,,, 150
test_seen_00067,oracle,500,seen,What is 39^2 - 35^2? Use factorization if helpful.,296,1449,False,factorization,,,factor_difference_of_squares,,, 1449
test_seen_00068,oracle,500,seen,"For P(x) = -x^2 - 3x + 3, evaluate P(0).",3,-1,False,substitution,,,substitute_expression,,, -1
test_seen_00069,oracle,500,seen,Use elimination on the system -x + 2y = -4; -3x - 4y = -12. Determine y.,0,-1,False,linear_elimination,,,solve_linear_system,,, -1
test_seen_00070,oracle,500,seen,The ratio 7 to 12 equals the ratio 49 to x. Find x.,84,12,False,ratio_proportion,,,solve_proportion,,, 12
test_seen_00071,oracle,500,seen,An arithmetic sequence has first term 4 and common difference -6. Find its 14th term.,-74,-12,False,recurrence,,,unroll_recurrence,,, -12
test_seen_00072,oracle,500,seen,"If x + y = -6 and xy = 5, find x^2 + y^2.",26,15,False,symmetric_polynomial_identity,,,expand_symmetric_identity,,, 15
test_seen_00073,oracle,500,seen,Evaluate 46^2 - 15^2.,1891,1812,False,factorization,,,factor_difference_of_squares,,, 1812
test_seen_00074,oracle,500,seen,Let f(t) = 3t^2 - 3t - 1. Find f(-3).,35,3,False,substitution,,,substitute_expression,,, 3
test_seen_00075,oracle,500,seen,Solve 4x - y = 18 and 3x + 5y = 2. What is x?,4,1,False,linear_elimination,,,solve_linear_system,,, 1
test_seen_00076,oracle,500,seen,Solve the proportion 4/11 = 16/x for x.,44,12,False,ratio_proportion,,,solve_proportion,,, 12
test_seen_00077,oracle,500,seen,A sequence starts with a1 = -7 and each next term is the current term - 5. Find a5.,-27,-12,False,recurrence,,,unroll_recurrence,,, -12
test_seen_00078,oracle,500,seen,Two numbers have sum 4 and product 3. What is the sum of their squares?,10,12,False,symmetric_polynomial_identity,,,expand_symmetric_identity,,, 12
test_seen_00079,oracle,500,seen,Compute the difference of squares: 48 squared minus 14 squared.,2108,1960,False,factorization,,,factor_difference_of_squares,,, 1960
test_seen_00080,oracle,500,seen,Substitute z = -5 into 3z^2 + 4z + 4.,59,12,False,substitution,,,substitute_expression,,, 12
test_seen_00081,oracle,500,seen,The equations x - y = 5 and 3x - y = 3 hold simultaneously. Find x.,-1,6,False,linear_elimination,,,solve_linear_system,,, 6
test_seen_00082,oracle,500,seen,"If 4:20 = 40:x, what is x?",200,100,False,ratio_proportion,,,solve_proportion,,, 100
test_seen_00083,oracle,500,seen,"Starting at -17, repeatedly change the value by 4. What is term 9, counting the start as term 1?",15,18,False,recurrence,,,unroll_recurrence,,, 18
test_seen_00084,oracle,500,seen,"Given s = x + y = 2 and p = xy = -3, compute x^2 + y^2.",10,10,True,symmetric_polynomial_identity,,,expand_symmetric_identity,,, 10
test_seen_00085,oracle,500,seen,What is 72^2 - 42^2? Use factorization if helpful.,3420,4368,False,factorization,,,factor_difference_of_squares,,, 4368
test_seen_00086,oracle,500,seen,"For P(x) = 4x^2 + 7x + 5, evaluate P(3).",62,100,False,substitution,,,substitute_expression,,, 100
test_seen_00087,oracle,500,seen,Use elimination on the system 5x + 2y = -48; 2x - 4y = 24. Determine y.,-9,2,False,linear_elimination,,,solve_linear_system,,, 2
test_seen_00088,oracle,500,seen,The ratio 3 to 8 equals the ratio 27 to x. Find x.,72,18,False,ratio_proportion,,,solve_proportion,,, 18
test_seen_00089,oracle,500,seen,An arithmetic sequence has first term 14 and common difference -7. Find its 9th term.,-42,-11,False,recurrence,,,unroll_recurrence,,, -11
test_seen_00090,oracle,500,seen,"If x + y = -11 and xy = 0, find x^2 + y^2.",121,131,False,symmetric_polynomial_identity,,,expand_symmetric_identity,,, 131
test_seen_00091,oracle,500,seen,Evaluate 59^2 - 13^2.,3312,2841,False,factorization,,,factor_difference_of_squares,,, 2841
test_seen_00092,oracle,500,seen,Let f(t) = -5t^2 - 6t - 4. Find f(-2).,-12,-12,True,substitution,,,substitute_expression,,, -12
test_seen_00093,oracle,500,seen,Solve -4x + y = 25 and 2x - 5y = 19. What is x?,-8,1,False,linear_elimination,,,solve_linear_system,,, 1
test_seen_00094,oracle,500,seen,Solve the proportion 12/4 = 60/x for x.,20,120,False,ratio_proportion,,,solve_proportion,,, 120
test_seen_00095,oracle,500,seen,A sequence starts with a1 = -8 and each next term is the current term - 6. Find a12.,-74,-12,False,recurrence,,,unroll_recurrence,,, -12
test_seen_00096,oracle,500,seen,Two numbers have sum -17 and product 72. What is the sum of their squares?,145,154,False,symmetric_polynomial_identity,,,expand_symmetric_identity,,, 154
test_seen_00097,oracle,500,seen,Compute the difference of squares: 55 squared minus 4 squared.,3009,2625,False,factorization,,,factor_difference_of_squares,,, 2625
test_seen_00098,oracle,500,seen,Substitute z = -3 into -5z^2 - 5z - 9.,-39,-12,False,substitution,,,substitute_expression,,, -12
test_seen_00099,oracle,500,seen,The equations 4x + 3y = -57 and 5x + 5y = -80 hold simultaneously. Find x.,-9,-5,False,linear_elimination,,,solve_linear_system,,, -5
test_seen_00100,oracle,500,seen,"If 6:10 = 48:x, what is x?",80,180,False,ratio_proportion,,,solve_proportion,,, 180
test_seen_00101,oracle,500,seen,"Starting at -10, repeatedly change the value by -4. What is term 13, counting the start as term 1?",-58,-104,False,recurrence,,,unroll_recurrence,,, -104
test_seen_00102,oracle,500,seen,"Given s = x + y = 2 and p = xy = -35, compute x^2 + y^2.",74,105,False,symmetric_polynomial_identity,,,expand_symmetric_identity,,, 105
test_seen_00103,oracle,500,seen,What is 70^2 - 33^2? Use factorization if helpful.,3811,4567,False,factorization,,,factor_difference_of_squares,,, 4567
test_seen_00104,oracle,500,seen,"For P(x) = 2x^2 + 5x + 9, evaluate P(-2).",7,18,False,substitution,,,substitute_expression,,, 18
test_seen_00105,oracle,500,seen,Use elimination on the system 4x - 2y = 16; 2x + y = 12. Determine y.,2,1,False,linear_elimination,,,solve_linear_system,,, 1
test_seen_00106,oracle,500,seen,The ratio 15 to 2 equals the ratio 150 to x. Find x.,20,200,False,ratio_proportion,,,solve_proportion,,, 200
test_seen_00107,oracle,500,seen,An arithmetic sequence has first term 8 and common difference -5. Find its 3th term.,-2,-15,False,recurrence,,,unroll_recurrence,,, -15
test_seen_00108,oracle,500,seen,"If x + y = -27 and xy = 180, find x^2 + y^2.",369,250,False,symmetric_polynomial_identity,,,expand_symmetric_identity,,, 250
test_seen_00109,oracle,500,seen,Evaluate 76^2 - 43^2.,3927,4003,False,factorization,,,factor_difference_of_squares,,, 4003
test_seen_00110,oracle,500,seen,Let f(t) = 4t^2 + 4t - 5. Find f(0).,-5,10,False,substitution,,,substitute_expression,,, 10
test_seen_00111,oracle,500,seen,Solve -4x - 3y = 42 and -5x + 3y = 39. What is x?,-9,-6,False,linear_elimination,,,solve_linear_system,,, -6
test_seen_00112,oracle,500,seen,Solve the proportion 2/4 = 10/x for x.,20,40,False,ratio_proportion,,,solve_proportion,,, 40
test_seen_00113,oracle,500,seen,A sequence starts with a1 = 15 and each next term is the current term - 6. Find a11.,-45,-65,False,recurrence,,,unroll_recurrence,,, -65
test_seen_00114,oracle,500,seen,Two numbers have sum 12 and product -28. What is the sum of their squares?,200,144,False,symmetric_polynomial_identity,,,expand_symmetric_identity,,, 144
test_seen_00115,oracle,500,seen,Compute the difference of squares: 36 squared minus 34 squared.,140,154,False,factorization,,,factor_difference_of_squares,,, 154
test_seen_00116,oracle,500,seen,Substitute z = -3 into z^2 + 2z - 1.,2,10,False,substitution,,,substitute_expression,,, 10
test_seen_00117,oracle,500,seen,The equations -5x + 2y = -4 and -4x - 5y = -56 hold simultaneously. Find x.,4,-6,False,linear_elimination,,,solve_linear_system,,, -6
test_seen_00118,oracle,500,seen,"If 2:2 = 16:x, what is x?",16,16,True,ratio_proportion,,,solve_proportion,,, 16
test_seen_00119,oracle,500,seen,"Starting at -4, repeatedly change the value by -1. What is term 11, counting the start as term 1?",-14,-12,False,recurrence,,,unroll_recurrence,,, -12
test_unseen_00000,oracle,500,unseen,"Without solving for x and y, evaluate x^2 + y^2 when x + y = -1 and xy = -2.",5,10,False,symmetric_polynomial_identity,,,expand_symmetric_identity,,, 10
test_unseen_00001,oracle,500,unseen,"Using (u - v)(u + v), calculate 44^2 - 36^2.",640,1684,False,factorization,,,factor_difference_of_squares,,, 1684
test_unseen_00002,oracle,500,unseen,What number does -3u^2 + 4u - 5 produce when u is -3?,-44,-10,False,substitution,,,substitute_expression,,, -10
test_unseen_00003,oracle,500,unseen,The lines -4x + 4y = 28 and -5x - 4y = 53 intersect. Give the x-coordinate.,-9,-1,False,linear_elimination,,,solve_linear_system,,, -1
test_unseen_00004,oracle,500,unseen,"At a fixed rate, 14 items cost 18 dollars. What do 84 items cost?",108,184,False,ratio_proportion,,,solve_proportion,,, 184
test_unseen_00005,oracle,500,unseen,A machine begins at 17; after each round it changes its value by 4. What value appears after 8 updates?,49,18,False,recurrence,,,unroll_recurrence,,, 18
test_unseen_00006,oracle,500,unseen,The roots x and y of t^2 - (16)t + (63) = 0 are real. Find x^2 + y^2.,130,183,False,symmetric_polynomial_identity,,,expand_symmetric_identity,,, 183
test_unseen_00007,oracle,500,unseen,A square of side 44 is removed from a square of side 65. What area remains?,2289,128,False,factorization,,,factor_difference_of_squares,,, 128
test_unseen_00008,oracle,500,unseen,A rule maps q to q^2 - 6q - 2. Determine its output at q = 6.,-2,-12,False,substitution,,,substitute_expression,,, -12
test_unseen_00009,oracle,500,unseen,Find the value of x satisfying both constraints: -4x + 3y = -12 and -4x + 4y = -16.,0,-12,False,linear_elimination,,,solve_linear_system,,, -12
test_unseen_00010,oracle,500,unseen,Complete the equivalent fractions: 6/12 = 18/[blank].,36,18,False,ratio_proportion,,,solve_proportion,,, 18
test_unseen_00011,oracle,500,unseen,"Unroll b(n+1) = b(n) + 1, with b(1) = -18, to obtain b(8).",-11,18,False,recurrence,,,unroll_recurrence,,, 18
test_unseen_00012,oracle,500,unseen,"Without solving for x and y, evaluate x^2 + y^2 when x + y = -15 and xy = 36.",153,150,False,symmetric_polynomial_identity,,,expand_symmetric_identity,,, 150
test_unseen_00013,oracle,500,unseen,"Using (u - v)(u + v), calculate 39^2 - 14^2.",1325,146,False,factorization,,,factor_difference_of_squares,,, 146
test_unseen_00014,oracle,500,unseen,What number does 11 - 3u^2 produce when u is -4?,-37,12,False,substitution,,,substitute_expression,,, 12
test_unseen_00015,oracle,500,unseen,The lines 5x + 5y = -80 and x - 5y = 32 intersect. Give the y-coordinate.,-8,1,False,linear_elimination,,,solve_linear_system,,, 1
test_unseen_00016,oracle,500,unseen,"At a fixed rate, 7 items cost 17 dollars. What do 84 items cost?",204,84,False,ratio_proportion,,,solve_proportion,,, 84
test_unseen_00017,oracle,500,unseen,A machine begins at 17; after each round it changes its value by 6. What value appears after 14 updates?,101,18,False,recurrence,,,unroll_recurrence,,, 18
test_unseen_00018,oracle,500,unseen,The roots x and y of t^2 - (-9)t + (-22) = 0 are real. Find x^2 + y^2.,125,10,False,symmetric_polynomial_identity,,,expand_symmetric_identity,,, 10
test_unseen_00019,oracle,500,unseen,A square of side 16 is removed from a square of side 78. What area remains?,5828,104,False,factorization,,,factor_difference_of_squares,,, 104
test_unseen_00020,oracle,500,unseen,A rule maps q to 3q^2 + 3q + 7. Determine its output at q = 6.,133,103,False,substitution,,,substitute_expression,,, 103
test_unseen_00021,oracle,500,unseen,Find the value of y satisfying both constraints: -3x - 5y = 29 and -2x - 5y = 21.,-1,-1,True,linear_elimination,,,solve_linear_system,,, -1
test_unseen_00022,oracle,500,unseen,Complete the equivalent fractions: 7/20 = 35/[blank].,100,75,False,ratio_proportion,,,solve_proportion,,, 75
test_unseen_00023,oracle,500,unseen,"Unroll b(n+1) = b(n) + 4, with b(1) = -13, to obtain b(8).",15,13,False,recurrence,,,unroll_recurrence,,, 13
test_unseen_00024,oracle,500,unseen,"Without solving for x and y, evaluate x^2 + y^2 when x + y = -17 and xy = 60.",169,189,False,symmetric_polynomial_identity,,,expand_symmetric_identity,,, 189
test_unseen_00025,oracle,500,unseen,"Using (u - v)(u + v), calculate 24^2 - 16^2.",320,480,False,factorization,,,factor_difference_of_squares,,, 480
test_unseen_00026,oracle,500,unseen,What number does 2u^2 - 7u + 9 produce when u is 2?,3,10,False,substitution,,,substitute_expression,,, 10
test_unseen_00027,oracle,500,unseen,The lines -3x - 3y = 0 and 5x - 5y = 60 intersect. Give the y-coordinate.,-6,6,False,linear_elimination,,,solve_linear_system,,, 6
test_unseen_00028,oracle,500,unseen,"At a fixed rate, 3 items cost 2 dollars. What do 24 items cost?",16,24,False,ratio_proportion,,,solve_proportion,,, 24
test_unseen_00029,oracle,500,unseen,A machine begins at -9; after each round it changes its value by -1. What value appears after 13 updates?,-22,-1,False,recurrence,,,unroll_recurrence,,, -1
test_unseen_00030,oracle,500,unseen,The roots x and y of t^2 - (-3)t + (-54) = 0 are real. Find x^2 + y^2.,117,100,False,symmetric_polynomial_identity,,,expand_symmetric_identity,,, 100
test_unseen_00031,oracle,500,unseen,A square of side 5 is removed from a square of side 41. What area remains?,1656,105,False,factorization,,,factor_difference_of_squares,,, 105
test_unseen_00032,oracle,500,unseen,A rule maps q to 3q^2 - 10. Determine its output at q = 1.,-7,10,False,substitution,,,substitute_expression,,, 10
test_unseen_00033,oracle,500,unseen,Find the value of x satisfying both constraints: -x - 3y = -25 and -3x + 5y = 37.,1,-25,False,linear_elimination,,,solve_linear_system,,, -25
test_unseen_00034,oracle,500,unseen,Complete the equivalent fractions: 3/16 = 24/[blank].,128,24,False,ratio_proportion,,,solve_proportion,,, 24
test_unseen_00035,oracle,500,unseen,"Unroll b(n+1) = b(n) + 3, with b(1) = 8, to obtain b(4).",17,18,False,recurrence,,,unroll_recurrence,,, 18
test_unseen_00036,oracle,500,unseen,"Without solving for x and y, evaluate x^2 + y^2 when x + y = 6 and xy = -91.",218,256,False,symmetric_polynomial_identity,,,expand_symmetric_identity,,, 256
test_unseen_00037,oracle,500,unseen,"Using (u - v)(u + v), calculate 47^2 - 38^2.",765,1956,False,factorization,,,factor_difference_of_squares,,, 1956
test_unseen_00038,oracle,500,unseen,What number does -u^2 + 8u - 1 produce when u is -4?,-49,-1,False,substitution,,,substitute_expression,,, -1
test_unseen_00039,oracle,500,unseen,The lines 3x + 2y = -28 and -4x + 3y = 26 intersect. Give the y-coordinate.,-2,-2,True,linear_elimination,,,solve_linear_system,,, -2
test_unseen_00040,oracle,500,unseen,"At a fixed rate, 15 items cost 15 dollars. What do 60 items cost?",60,60,True,ratio_proportion,,,solve_proportion,,, 60
test_unseen_00041,oracle,500,unseen,A machine begins at -4; after each round it changes its value by 6. What value appears after 4 updates?,20,12,False,recurrence,,,unroll_recurrence,,, 12
test_unseen_00042,oracle,500,unseen,The roots x and y of t^2 - (6)t + (-112) = 0 are real. Find x^2 + y^2.,260,100,False,symmetric_polynomial_identity,,,expand_symmetric_identity,,, 100
test_unseen_00043,oracle,500,unseen,A square of side 40 is removed from a square of side 64. What area remains?,2496,120,False,factorization,,,factor_difference_of_squares,,, 120
test_unseen_00044,oracle,500,unseen,A rule maps q to 4q^2 - 5q - 2. Determine its output at q = -2.,24,1,False,substitution,,,substitute_expression,,, 1
test_unseen_00045,oracle,500,unseen,Find the value of y satisfying both constraints: -5x - 4y = -10 and x + 5y = -19.,-5,-10,False,linear_elimination,,,solve_linear_system,,, -10
test_unseen_00046,oracle,500,unseen,Complete the equivalent fractions: 8/20 = 96/[blank].,240,96,False,ratio_proportion,,,solve_proportion,,, 96
test_unseen_00047,oracle,500,unseen,"Unroll b(n+1) = b(n) + 8, with b(1) = 8, to obtain b(6).",48,18,False,recurrence,,,unroll_recurrence,,, 18
test_unseen_00048,oracle,500,unseen,"Without solving for x and y, evaluate x^2 + y^2 when x + y = -18 and xy = 80.",164,188,False,symmetric_polynomial_identity,,,expand_symmetric_identity,,, 188
test_unseen_00049,oracle,500,unseen,"Using (u - v)(u + v), calculate 12^2 - 11^2.",23,139,False,factorization,,,factor_difference_of_squares,,, 139
test_unseen_00050,oracle,500,unseen,What number does u^2 + u - 12 produce when u is 1?,-10,12,False,substitution,,,substitute_expression,,, 12
test_unseen_00051,oracle,500,unseen,The lines -3x - 2y = 19 and 3x - 5y = 16 intersect. Give the x-coordinate.,-3,1,False,linear_elimination,,,solve_linear_system,,, 1
test_unseen_00052,oracle,500,unseen,"At a fixed rate, 3 items cost 5 dollars. What do 24 items cost?",40,124,False,ratio_proportion,,,solve_proportion,,, 124
test_unseen_00053,oracle,500,unseen,A machine begins at 12; after each round it changes its value by 9. What value appears after 2 updates?,30,18,False,recurrence,,,unroll_recurrence,,, 18
test_unseen_00054,oracle,500,unseen,The roots x and y of t^2 - (18)t + (65) = 0 are real. Find x^2 + y^2.,194,180,False,symmetric_polynomial_identity,,,expand_symmetric_identity,,, 180
test_unseen_00055,oracle,500,unseen,A square of side 21 is removed from a square of side 47. What area remains?,1768,104,False,factorization,,,factor_difference_of_squares,,, 104
test_unseen_00056,oracle,500,unseen,A rule maps q to 8 - 3q^2. Determine its output at q = -5.,-67,-12,False,substitution,,,substitute_expression,,, -12
test_unseen_00057,oracle,500,unseen,Find the value of x satisfying both constraints: 4x - y = -29 and -5x - 5y = 30.,-7,-2,False,linear_elimination,,,solve_linear_system,,, -2
test_unseen_00058,oracle,500,unseen,Complete the equivalent fractions: 3/8 = 6/[blank].,16,6,False,ratio_proportion,,,solve_proportion,,, 6
test_unseen_00059,oracle,500,unseen,"Unroll b(n+1) = b(n) - 4, with b(1) = -16, to obtain b(5).",-32,-16,False,recurrence,,,unroll_recurrence,,, -16
test_unseen_00060,oracle,500,unseen,"Without solving for x and y, evaluate x^2 + y^2 when x + y = -10 and xy = -24.",148,180,False,symmetric_polynomial_identity,,,expand_symmetric_identity,,, 180
test_unseen_00061,oracle,500,unseen,"Using (u - v)(u + v), calculate 67^2 - 12^2.",4345,311,False,factorization,,,factor_difference_of_squares,,, 311
test_unseen_00062,oracle,500,unseen,What number does -u^2 + 4u - 1 produce when u is -4?,-33,-1,False,substitution,,,substitute_expression,,, -1
test_unseen_00063,oracle,500,unseen,The lines -3x - y = -26 and -x + y = -10 intersect. Give the x-coordinate.,9,-2,False,linear_elimination,,,solve_linear_system,,, -2
test_unseen_00064,oracle,500,unseen,"At a fixed rate, 12 items cost 7 dollars. What do 108 items cost?",63,128,False,ratio_proportion,,,solve_proportion,,, 128
test_unseen_00065,oracle,500,unseen,A machine begins at -2; after each round it changes its value by -4. What value appears after 9 updates?,-38,-16,False,recurrence,,,unroll_recurrence,,, -16
test_unseen_00066,oracle,500,unseen,The roots x and y of t^2 - (27)t + (182) = 0 are real. Find x^2 + y^2.,365,183,False,symmetric_polynomial_identity,,,expand_symmetric_identity,,, 183
test_unseen_00067,oracle,500,unseen,A square of side 33 is removed from a square of side 64. What area remains?,3007,189,False,factorization,,,factor_difference_of_squares,,, 189
test_unseen_00068,oracle,500,unseen,A rule maps q to -q^2 + q + 10. Determine its output at q = 2.,8,-10,False,substitution,,,substitute_expression,,, -10
test_unseen_00069,oracle,500,unseen,Find the value of y satisfying both constraints: x + 2y = 17 and 2x - 4y = -14.,6,-1,False,linear_elimination,,,solve_linear_system,,, -1
test_unseen_00070,oracle,500,unseen,Complete the equivalent fractions: 11/8 = 66/[blank].,48,66,False,ratio_proportion,,,solve_proportion,,, 66
test_unseen_00071,oracle,500,unseen,"Unroll b(n+1) = b(n) - 2, with b(1) = 10, to obtain b(13).",-14,10,False,recurrence,,,unroll_recurrence,,, 10
test_unseen_00072,oracle,500,unseen,"Without solving for x and y, evaluate x^2 + y^2 when x + y = -18 and xy = 56.",212,190,False,symmetric_polynomial_identity,,,expand_symmetric_identity,,, 190
test_unseen_00073,oracle,500,unseen,"Using (u - v)(u + v), calculate 40^2 - 25^2.",975,1300,False,factorization,,,factor_difference_of_squares,,, 1300
test_unseen_00074,oracle,500,unseen,What number does 2u^2 + 5u - 3 produce when u is -7?,60,10,False,substitution,,,substitute_expression,,, 10
test_unseen_00075,oracle,500,unseen,The lines x - 4y = -33 and -5x - 2y = -11 intersect. Give the y-coordinate.,8,-1,False,linear_elimination,,,solve_linear_system,,, -1
test_unseen_00076,oracle,500,unseen,"At a fixed rate, 2 items cost 7 dollars. What do 24 items cost?",84,124,False,ratio_proportion,,,solve_proportion,,, 124
test_unseen_00077,oracle,500,unseen,A machine begins at 0; after each round it changes its value by -3. What value appears after 12 updates?,-36,-3,False,recurrence,,,unroll_recurrence,,, -3
test_unseen_00078,oracle,500,unseen,The roots x and y of t^2 - (12)t + (35) = 0 are real. Find x^2 + y^2.,74,10,False,symmetric_polynomial_identity,,,expand_symmetric_identity,,, 10
test_unseen_00079,oracle,500,unseen,A square of side 23 is removed from a square of side 52. What area remains?,2175,108,False,factorization,,,factor_difference_of_squares,,, 108
test_unseen_00080,oracle,500,unseen,A rule maps q to 3q^2 - 8q + 6. Determine its output at q = 2.,2,12,False,substitution,,,substitute_expression,,, 12
test_unseen_00081,oracle,500,unseen,Find the value of y satisfying both constraints: -3x + 5y = 24 and -2x + 4y = 16.,0,-12,False,linear_elimination,,,solve_linear_system,,, -12
test_unseen_00082,oracle,500,unseen,Complete the equivalent fractions: 15/2 = 105/[blank].,14,105,False,ratio_proportion,,,solve_proportion,,, 105
test_unseen_00083,oracle,500,unseen,"Unroll b(n+1) = b(n) - 4, with b(1) = -17, to obtain b(15).",-73,-17,False,recurrence,,,unroll_recurrence,,, -17
test_unseen_00084,oracle,500,unseen,"Without solving for x and y, evaluate x^2 + y^2 when x + y = -9 and xy = 18.",45,189,False,symmetric_polynomial_identity,,,expand_symmetric_identity,,, 189
test_unseen_00085,oracle,500,unseen,"Using (u - v)(u + v), calculate 30^2 - 9^2.",819,279,False,factorization,,,factor_difference_of_squares,,, 279
test_unseen_00086,oracle,500,unseen,What number does 3u^2 - 11 produce when u is 7?,136,11,False,substitution,,,substitute_expression,,, 11
test_unseen_00087,oracle,500,unseen,The lines 3x + 2y = 8 and -5x - 5y = -25 intersect. Give the x-coordinate.,-2,-2,True,linear_elimination,,,solve_linear_system,,, -2
test_unseen_00088,oracle,500,unseen,"At a fixed rate, 8 items cost 2 dollars. What do 80 items cost?",20,80,False,ratio_proportion,,,solve_proportion,,, 80
test_unseen_00089,oracle,500,unseen,A machine begins at -13; after each round it changes its value by -7. What value appears after 14 updates?,-111,-78,False,recurrence,,,unroll_recurrence,,, -78
test_unseen_00090,oracle,500,unseen,The roots x and y of t^2 - (13)t + (36) = 0 are real. Find x^2 + y^2.,97,10,False,symmetric_polynomial_identity,,,expand_symmetric_identity,,, 10
test_unseen_00091,oracle,500,unseen,A square of side 16 is removed from a square of side 72. What area remains?,4928,180,False,factorization,,,factor_difference_of_squares,,, 180
test_unseen_00092,oracle,500,unseen,A rule maps q to 4q^2 - 7q. Determine its output at q = 0.,0,10,False,substitution,,,substitute_expression,,, 10
test_unseen_00093,oracle,500,unseen,Find the value of y satisfying both constraints: 5x - 2y = 31 and -4x + 3y = -15.,7,-1,False,linear_elimination,,,solve_linear_system,,, -1
test_unseen_00094,oracle,500,unseen,Complete the equivalent fractions: 3/18 = 12/[blank].,72,12/18,False,ratio_proportion,,,solve_proportion,,, 12/18
test_unseen_00095,oracle,500,unseen,"Unroll b(n+1) = b(n) - 3, with b(1) = -14, to obtain b(7).",-32,-14,False,recurrence,,,unroll_recurrence,,, -14
test_unseen_00096,oracle,500,unseen,"Without solving for x and y, evaluate x^2 + y^2 when x + y = -15 and xy = 56.",113,155,False,symmetric_polynomial_identity,,,expand_symmetric_identity,,, 155
test_unseen_00097,oracle,500,unseen,"Using (u - v)(u + v), calculate 58^2 - 36^2.",2068,2840,False,factorization,,,factor_difference_of_squares,,, 2840
test_unseen_00098,oracle,500,unseen,What number does -4u^2 + 8u produce when u is 4?,-32,12,False,substitution,,,substitute_expression,,, 12
test_unseen_00099,oracle,500,unseen,The lines 2x + y = 7 and -3x - 5y = 21 intersect. Give the y-coordinate.,-9,-1,False,linear_elimination,,,solve_linear_system,,, -1
test_unseen_00100,oracle,500,unseen,"At a fixed rate, 5 items cost 8 dollars. What do 25 items cost?",40,15,False,ratio_proportion,,,solve_proportion,,, 15
test_unseen_00101,oracle,500,unseen,A machine begins at 7; after each round it changes its value by 2. What value appears after 7 updates?,21,1,False,recurrence,,,unroll_recurrence,,, 1
test_unseen_00102,oracle,500,unseen,The roots x and y of t^2 - (10)t + (-24) = 0 are real. Find x^2 + y^2.,148,18,False,symmetric_polynomial_identity,,,expand_symmetric_identity,,, 18
test_unseen_00103,oracle,500,unseen,A square of side 23 is removed from a square of side 80. What area remains?,5871,188,False,factorization,,,factor_difference_of_squares,,, 188
test_unseen_00104,oracle,500,unseen,A rule maps q to -5q^2 + 4q - 2. Determine its output at q = 0.,-2,-10,False,substitution,,,substitute_expression,,, -10
test_unseen_00105,oracle,500,unseen,Find the value of x satisfying both constraints: -5x + 2y = -24 and 2x + 4y = 48.,8,-6,False,linear_elimination,,,solve_linear_system,,, -6
test_unseen_00106,oracle,500,unseen,Complete the equivalent fractions: 6/11 = 30/[blank].,55,30,False,ratio_proportion,,,solve_proportion,,, 30
test_unseen_00107,oracle,500,unseen,"Unroll b(n+1) = b(n) + 1, with b(1) = 16, to obtain b(12).",27,16,False,recurrence,,,unroll_recurrence,,, 16
test_unseen_00108,oracle,500,unseen,"Without solving for x and y, evaluate x^2 + y^2 when x + y = 15 and xy = 14.",197,19,False,symmetric_polynomial_identity,,,expand_symmetric_identity,,, 19
test_unseen_00109,oracle,500,unseen,"Using (u - v)(u + v), calculate 74^2 - 15^2.",5251,421,False,factorization,,,factor_difference_of_squares,,, 421
test_unseen_00110,oracle,500,unseen,What number does -5u^2 - 6u - 6 produce when u is 0?,-6,-10,False,substitution,,,substitute_expression,,, -10
test_unseen_00111,oracle,500,unseen,The lines -3x - y = 2 and -5x - 5y = 10 intersect. Give the x-coordinate.,0,-2,False,linear_elimination,,,solve_linear_system,,, -2
test_unseen_00112,oracle,500,unseen,"At a fixed rate, 8 items cost 17 dollars. What do 80 items cost?",170,184,False,ratio_proportion,,,solve_proportion,,, 184
test_unseen_00113,oracle,500,unseen,A machine begins at 18; after each round it changes its value by -2. What value appears after 5 updates?,8,-2,False,recurrence,,,unroll_recurrence,,, -2
test_unseen_00114,oracle,500,unseen,The roots x and y of t^2 - (9)t + (14) = 0 are real. Find x^2 + y^2.,53,18,False,symmetric_polynomial_identity,,,expand_symmetric_identity,,, 18
test_unseen_00115,oracle,500,unseen,A square of side 14 is removed from a square of side 77. What area remains?,5733,108,False,factorization,,,factor_difference_of_squares,,, 108
test_unseen_00116,oracle,500,unseen,A rule maps q to -q^2 + 2q - 8. Determine its output at q = 7.,-43,-8,False,substitution,,,substitute_expression,,, -8
test_unseen_00117,oracle,500,unseen,Find the value of y satisfying both constraints: 5x + 3y = 15 and 4x + y = 12.,0,15,False,linear_elimination,,,solve_linear_system,,, 15
test_unseen_00118,oracle,500,unseen,Complete the equivalent fractions: 10/3 = 70/[blank].,21,70,False,ratio_proportion,,,solve_proportion,,, 70
test_unseen_00119,oracle,500,unseen,"Unroll b(n+1) = b(n) - 1, with b(1) = -16, to obtain b(3).",-18,-16,False,recurrence,,,unroll_recurrence,,, -16
test_seen_00000,structure_aware,500,seen,"If x + y = -20 and xy = 84, find x^2 + y^2.",232,840,False,symmetric_polynomial_identity,symmetric_polynomial_identity,True,expand_symmetric_identity,expand_symmetric_identity,True,"STRUCTURE: symmetric_polynomial_identity
TOOL: expand_symmetric_identity
ANSWER: 840"
test_seen_00001,structure_aware,500,seen,Evaluate 71^2 - 11^2.,4920,4665,False,factorization,factorization,True,factor_difference_of_squares,factor_difference_of_squares,True,"STRUCTURE: factorization
TOOL: factor_difference_of_squares
ANSWER: 4665"
test_seen_00002,structure_aware,500,seen,Let f(t) = t^2 - 5t + 2. Find f(2).,-4,10,False,substitution,substitution,True,substitute_expression,substitute_expression,True,"STRUCTURE: substitution
TOOL: substitute_expression
ANSWER: 10"
test_seen_00003,structure_aware,500,seen,Solve 4x + 3y = -3 and x + y = -3. What is x?,6,-1,False,linear_elimination,linear_elimination,True,solve_linear_system,solve_linear_system,True,"STRUCTURE: linear_elimination
TOOL: solve_linear_system
ANSWER: -1"
test_seen_00004,structure_aware,500,seen,Solve the proportion 2/5 = 6/x for x.,15,15,True,ratio_proportion,ratio_proportion,True,solve_proportion,solve_proportion,True,"STRUCTURE: ratio_proportion
TOOL: solve_proportion
ANSWER: 15"
test_seen_00005,structure_aware,500,seen,A sequence starts with a1 = -11 and each next term is the current term + 4. Find a4.,1,10,False,recurrence,recurrence,True,unroll_recurrence,unroll_recurrence,True,"STRUCTURE: recurrence
TOOL: unroll_recurrence
ANSWER: 10"
test_seen_00006,structure_aware,500,seen,Two numbers have sum -9 and product -10. What is the sum of their squares?,101,100,False,symmetric_polynomial_identity,symmetric_polynomial_identity,True,expand_symmetric_identity,expand_symmetric_identity,True,"STRUCTURE: symmetric_polynomial_identity
TOOL: expand_symmetric_identity
ANSWER: 100"
test_seen_00007,structure_aware,500,seen,Compute the difference of squares: 42 squared minus 33 squared.,675,1929,False,factorization,factorization,True,factor_difference_of_squares,factor_difference_of_squares,True,"STRUCTURE: factorization
TOOL: factor_difference_of_squares
ANSWER: 1929"
test_seen_00008,structure_aware,500,seen,Substitute z = 2 into 2z^2 + 8z - 4.,20,18,False,substitution,substitution,True,substitute_expression,substitute_expression,True,"STRUCTURE: substitution
TOOL: substitute_expression
ANSWER: 18"
test_seen_00009,structure_aware,500,seen,The equations -4x - 5y = 1 and 4x - 5y = -31 hold simultaneously. Find x.,-4,-1,False,linear_elimination,linear_elimination,True,solve_linear_system,solve_linear_system,True,"STRUCTURE: linear_elimination
TOOL: solve_linear_system
ANSWER: -1"
test_seen_00010,structure_aware,500,seen,"If 2:7 = 12:x, what is x?",42,12,False,ratio_proportion,ratio_proportion,True,solve_proportion,solve_proportion,True,"STRUCTURE: ratio_proportion
TOOL: solve_proportion
ANSWER: 12"
test_seen_00011,structure_aware,500,seen,"Starting at -16, repeatedly change the value by -1. What is term 11, counting the start as term 1?",-26,-16,False,recurrence,recurrence,True,unroll_recurrence,unroll_recurrence,True,"STRUCTURE: recurrence
TOOL: unroll_recurrence
ANSWER: -16"
test_seen_00012,structure_aware,500,seen,"Given s = x + y = -8 and p = xy = -48, compute x^2 + y^2.",160,256,False,symmetric_polynomial_identity,symmetric_polynomial_identity,True,expand_symmetric_identity,expand_symmetric_identity,True,"STRUCTURE: symmetric_polynomial_identity
TOOL: expand_symmetric_identity
ANSWER: 256"
test_seen_00013,structure_aware,500,seen,What is 43^2 - 39^2? Use factorization if helpful.,328,2667,False,factorization,factorization,True,factor_difference_of_squares,factor_difference_of_squares,True,"STRUCTURE: factorization
TOOL: factor_difference_of_squares
ANSWER: 2667"
test_seen_00014,structure_aware,500,seen,"For P(x) = -4x^2 + 6x + 8, evaluate P(7).",-146,-12,False,substitution,substitution,True,substitute_expression,substitute_expression,True,"STRUCTURE: substitution
TOOL: substitute_expression
ANSWER: -12"
test_seen_00015,structure_aware,500,seen,Use elimination on the system 3x + 5y = 8; 2x - 3y = -1. Determine x.,1,-1,False,linear_elimination,linear_elimination,True,solve_linear_system,solve_linear_system,True,"STRUCTURE: linear_elimination
TOOL: solve_linear_system
ANSWER: -1"
test_seen_00016,structure_aware,500,seen,The ratio 15 to 4 equals the ratio 105 to x. Find x.,28,105,False,ratio_proportion,ratio_proportion,True,solve_proportion,solve_proportion,True,"STRUCTURE: ratio_proportion
TOOL: solve_proportion
ANSWER: 105"
test_seen_00017,structure_aware,500,seen,An arithmetic sequence has first term 17 and common difference -8. Find its 7th term.,-31,-19,False,recurrence,recurrence,True,unroll_recurrence,unroll_recurrence,True,"STRUCTURE: recurrence
TOOL: unroll_recurrence
ANSWER: -19"
test_seen_00018,structure_aware,500,seen,"If x + y = -4 and xy = -60, find x^2 + y^2.",136,100,False,symmetric_polynomial_identity,symmetric_polynomial_identity,True,expand_symmetric_identity,expand_symmetric_identity,True,"STRUCTURE: symmetric_polynomial_identity
TOOL: expand_symmetric_identity
ANSWER: 100"
test_seen_00019,structure_aware,500,seen,Evaluate 45^2 - 40^2.,425,1920,False,factorization,factorization,True,factor_difference_of_squares,factor_difference_of_squares,True,"STRUCTURE: factorization
TOOL: factor_difference_of_squares
ANSWER: 1920"
test_seen_00020,structure_aware,500,seen,Let f(t) = 4t^2 - 5t - 3. Find f(0).,-3,10,False,substitution,substitution,True,substitute_expression,substitute_expression,True,"STRUCTURE: substitution
TOOL: substitute_expression
ANSWER: 10"
test_seen_00021,structure_aware,500,seen,Solve -5x + 2y = -2 and x + 4y = 18. What is x?,2,1,False,linear_elimination,linear_elimination,True,solve_linear_system,solve_linear_system,True,"STRUCTURE: linear_elimination
TOOL: solve_linear_system
ANSWER: 1"
test_seen_00022,structure_aware,500,seen,Solve the proportion 7/6 = 84/x for x.,72,108,False,ratio_proportion,ratio_proportion,True,solve_proportion,solve_proportion,True,"STRUCTURE: ratio_proportion
TOOL: solve_proportion
ANSWER: 108"
test_seen_00023,structure_aware,500,seen,A sequence starts with a1 = -11 and each next term is the current term - 7. Find a12.,-88,-12,False,recurrence,recurrence,True,unroll_recurrence,unroll_recurrence,True,"STRUCTURE: recurrence
TOOL: unroll_recurrence
ANSWER: -12"
test_seen_00024,structure_aware,500,seen,Two numbers have sum 4 and product -60. What is the sum of their squares?,136,120,False,symmetric_polynomial_identity,symmetric_polynomial_identity,True,expand_symmetric_identity,expand_symmetric_identity,True,"STRUCTURE: symmetric_polynomial_identity
TOOL: expand_symmetric_identity
ANSWER: 120"
test_seen_00025,structure_aware,500,seen,Compute the difference of squares: 77 squared minus 8 squared.,5865,4932,False,factorization,factorization,True,factor_difference_of_squares,factor_difference_of_squares,True,"STRUCTURE: factorization
TOOL: factor_difference_of_squares
ANSWER: 4932"
test_seen_00026,structure_aware,500,seen,Substitute z = -7 into 2z^2 + 6z + 6.,62,101,False,substitution,substitution,True,substitute_expression,substitute_expression,True,"STRUCTURE: substitution
TOOL: substitute_expression
ANSWER: 101"
test_seen_00027,structure_aware,500,seen,The equations -4x - 4y = 56 and -3x - 5y = 60 hold simultaneously. Find y.,-9,1,False,linear_elimination,linear_elimination,True,solve_linear_system,solve_linear_system,True,"STRUCTURE: linear_elimination
TOOL: solve_linear_system
ANSWER: 1"
test_seen_00028,structure_aware,500,seen,"If 3:19 = 27:x, what is x?",171,123,False,ratio_proportion,ratio_proportion,True,solve_proportion,solve_proportion,True,"STRUCTURE: ratio_proportion
TOOL: solve_proportion
ANSWER: 123"
test_seen_00029,structure_aware,500,seen,"Starting at 9, repeatedly change the value by -1. What is term 8, counting the start as term 1?",2,-1,False,recurrence,recurrence,True,unroll_recurrence,unroll_recurrence,True,"STRUCTURE: recurrence
TOOL: unroll_recurrence
ANSWER: -1"
test_seen_00030,structure_aware,500,seen,"Given s = x + y = 27 and p = xy = 180, compute x^2 + y^2.",369,350,False,symmetric_polynomial_identity,symmetric_polynomial_identity,True,expand_symmetric_identity,expand_symmetric_identity,True,"STRUCTURE: symmetric_polynomial_identity
TOOL: expand_symmetric_identity
ANSWER: 350"
test_seen_00031,structure_aware,500,seen,What is 32^2 - 26^2? Use factorization if helpful.,348,1184,False,factorization,factorization,True,factor_difference_of_squares,factor_difference_of_squares,True,"STRUCTURE: factorization
TOOL: factor_difference_of_squares
ANSWER: 1184"
test_seen_00032,structure_aware,500,seen,"For P(x) = -5x^2 - 6x + 10, evaluate P(-4).",-46,-10,False,substitution,substitution,True,substitute_expression,substitute_expression,True,"STRUCTURE: substitution
TOOL: substitute_expression
ANSWER: -10"
test_seen_00033,structure_aware,500,seen,Use elimination on the system 5x + 4y = 3; x - y = 6. Determine y.,-3,-6,False,linear_elimination,linear_elimination,True,solve_linear_system,solve_linear_system,True,"STRUCTURE: linear_elimination
TOOL: solve_linear_system
ANSWER: -6"
test_seen_00034,structure_aware,500,seen,The ratio 14 to 12 equals the ratio 112 to x. Find x.,96,112,False,ratio_proportion,ratio_proportion,True,solve_proportion,solve_proportion,True,"STRUCTURE: ratio_proportion
TOOL: solve_proportion
ANSWER: 112"
test_seen_00035,structure_aware,500,seen,An arithmetic sequence has first term -17 and common difference 3. Find its 5th term.,-5,-18,False,recurrence,recurrence,True,unroll_recurrence,unroll_recurrence,True,"STRUCTURE: recurrence
TOOL: unroll_recurrence
ANSWER: -18"
test_seen_00036,structure_aware,500,seen,"If x + y = -8 and xy = -20, find x^2 + y^2.",104,200,False,symmetric_polynomial_identity,symmetric_polynomial_identity,True,expand_symmetric_identity,expand_symmetric_identity,True,"STRUCTURE: symmetric_polynomial_identity
TOOL: expand_symmetric_identity
ANSWER: 200"
test_seen_00037,structure_aware,500,seen,Evaluate 21^2 - 14^2.,245,462,False,factorization,factorization,True,factor_difference_of_squares,factor_difference_of_squares,True,"STRUCTURE: factorization
TOOL: factor_difference_of_squares
ANSWER: 462"
test_seen_00038,structure_aware,500,seen,Let f(t) = -2t^2 + t - 5. Find f(-2).,-15,-10,False,substitution,substitution,True,substitute_expression,substitute_expression,True,"STRUCTURE: substitution
TOOL: substitute_expression
ANSWER: -10"
test_seen_00039,structure_aware,500,seen,Solve x + y = -6 and -2x - 5y = 21. What is y?,-3,-6,False,linear_elimination,linear_elimination,True,solve_linear_system,solve_linear_system,True,"STRUCTURE: linear_elimination
TOOL: solve_linear_system
ANSWER: -6"
test_seen_00040,structure_aware,500,seen,Solve the proportion 10/3 = 30/x for x.,9,100,False,ratio_proportion,ratio_proportion,True,solve_proportion,solve_proportion,True,"STRUCTURE: ratio_proportion
TOOL: solve_proportion
ANSWER: 100"
test_seen_00041,structure_aware,500,seen,A sequence starts with a1 = -19 and each next term is the current term - 9. Find a11.,-109,-19,False,recurrence,recurrence,True,unroll_recurrence,unroll_recurrence,True,"STRUCTURE: recurrence
TOOL: unroll_recurrence
ANSWER: -19"
test_seen_00042,structure_aware,500,seen,Two numbers have sum 16 and product 48. What is the sum of their squares?,160,128,False,symmetric_polynomial_identity,symmetric_polynomial_identity,True,expand_symmetric_identity,expand_symmetric_identity,True,"STRUCTURE: symmetric_polynomial_identity
TOOL: expand_symmetric_identity
ANSWER: 128"
test_seen_00043,structure_aware,500,seen,Compute the difference of squares: 67 squared minus 34 squared.,3333,2197,False,factorization,factorization,True,factor_difference_of_squares,factor_difference_of_squares,True,"STRUCTURE: factorization
TOOL: factor_difference_of_squares
ANSWER: 2197"
test_seen_00044,structure_aware,500,seen,Substitute z = -2 into 4z^2 - 5z + 6.,32,12,False,substitution,substitution,True,substitute_expression,substitute_expression,True,"STRUCTURE: substitution
TOOL: substitute_expression
ANSWER: 12"
test_seen_00045,structure_aware,500,seen,The equations -3x + 2y = -1 and x - 3y = 5 hold simultaneously. Find x.,-1,-1,True,linear_elimination,linear_elimination,True,solve_linear_system,solve_linear_system,True,"STRUCTURE: linear_elimination
TOOL: solve_linear_system
ANSWER: -1"
test_seen_00046,structure_aware,500,seen,"If 2:5 = 10:x, what is x?",25,10,False,ratio_proportion,ratio_proportion,True,solve_proportion,solve_proportion,True,"STRUCTURE: ratio_proportion
TOOL: solve_proportion
ANSWER: 10"
test_seen_00047,structure_aware,500,seen,"Starting at 16, repeatedly change the value by -6. What is term 12, counting the start as term 1?",-50,-10,False,recurrence,recurrence,True,unroll_recurrence,unroll_recurrence,True,"STRUCTURE: recurrence
TOOL: unroll_recurrence
ANSWER: -10"
test_seen_00048,structure_aware,500,seen,"Given s = x + y = -11 and p = xy = 18, compute x^2 + y^2.",85,180,False,symmetric_polynomial_identity,symmetric_polynomial_identity,True,expand_symmetric_identity,expand_symmetric_identity,True,"STRUCTURE: symmetric_polynomial_identity
TOOL: expand_symmetric_identity
ANSWER: 180"
test_seen_00049,structure_aware,500,seen,What is 54^2 - 26^2? Use factorization if helpful.,2240,3125,False,factorization,factorization,True,factor_difference_of_squares,factor_difference_of_squares,True,"STRUCTURE: factorization
TOOL: factor_difference_of_squares
ANSWER: 3125"
test_seen_00050,structure_aware,500,seen,"For P(x) = -4x^2 - 8x - 7, evaluate P(-1).",-3,-10,False,substitution,substitution,True,substitute_expression,substitute_expression,True,"STRUCTURE: substitution
TOOL: substitute_expression
ANSWER: -10"
test_seen_00051,structure_aware,500,seen,Use elimination on the system 3x + 4y = -14; -3x - 2y = 16. Determine x.,-6,-1,False,linear_elimination,linear_elimination,True,solve_linear_system,solve_linear_system,True,"STRUCTURE: linear_elimination
TOOL: solve_linear_system
ANSWER: -1"
test_seen_00052,structure_aware,500,seen,The ratio 5 to 3 equals the ratio 15 to x. Find x.,9,15,False,ratio_proportion,ratio_proportion,True,solve_proportion,solve_proportion,True,"STRUCTURE: ratio_proportion
TOOL: solve_proportion
ANSWER: 15"
test_seen_00053,structure_aware,500,seen,An arithmetic sequence has first term 10 and common difference -1. Find its 14th term.,-3,-16,False,recurrence,recurrence,True,unroll_recurrence,unroll_recurrence,True,"STRUCTURE: recurrence
TOOL: unroll_recurrence
ANSWER: -16"
test_seen_00054,structure_aware,500,seen,"If x + y = 7 and xy = -98, find x^2 + y^2.",245,250,False,symmetric_polynomial_identity,symmetric_polynomial_identity,True,expand_symmetric_identity,expand_symmetric_identity,True,"STRUCTURE: symmetric_polynomial_identity
TOOL: expand_symmetric_identity
ANSWER: 250"
test_seen_00055,structure_aware,500,seen,Evaluate 48^2 - 43^2.,455,1923,False,factorization,factorization,True,factor_difference_of_squares,factor_difference_of_squares,True,"STRUCTURE: factorization
TOOL: factor_difference_of_squares
ANSWER: 1923"
test_seen_00056,structure_aware,500,seen,Let f(t) = 3t^2 + 2t - 8. Find f(-2).,0,10,False,substitution,substitution,True,substitute_expression,substitute_expression,True,"STRUCTURE: substitution
TOOL: substitute_expression
ANSWER: 10"
test_seen_00057,structure_aware,500,seen,Solve -2x + 2y = -14 and 5x - 3y = 17. What is y?,-9,-1,False,linear_elimination,linear_elimination,True,solve_linear_system,solve_linear_system,True,"STRUCTURE: linear_elimination
TOOL: solve_linear_system
ANSWER: -1"
test_seen_00058,structure_aware,500,seen,Solve the proportion 11/16 = 66/x for x.,96,166,False,ratio_proportion,ratio_proportion,True,solve_proportion,solve_proportion,True,"STRUCTURE: ratio_proportion
TOOL: solve_proportion
ANSWER: 166"
test_seen_00059,structure_aware,500,seen,A sequence starts with a1 = 8 and each next term is the current term + 7. Find a7.,50,10,False,recurrence,recurrence,True,unroll_recurrence,unroll_recurrence,True,"STRUCTURE: recurrence
TOOL: unroll_recurrence
ANSWER: 10"
test_seen_00060,structure_aware,500,seen,Two numbers have sum 29 and product 210. What is the sum of their squares?,421,142,False,symmetric_polynomial_identity,symmetric_polynomial_identity,True,expand_symmetric_identity,expand_symmetric_identity,True,"STRUCTURE: symmetric_polynomial_identity
TOOL: expand_symmetric_identity
ANSWER: 142"
test_seen_00061,structure_aware,500,seen,Compute the difference of squares: 69 squared minus 37 squared.,3392,4665,False,factorization,factorization,True,factor_difference_of_squares,factor_difference_of_squares,True,"STRUCTURE: factorization
TOOL: factor_difference_of_squares
ANSWER: 4665"
test_seen_00062,structure_aware,500,seen,Substitute z = -1 into 4z^2 + 5z + 11.,10,101,False,substitution,substitution,True,substitute_expression,substitute_expression,True,"STRUCTURE: substitution
TOOL: substitute_expression
ANSWER: 101"
test_seen_00063,structure_aware,500,seen,The equations -4x - 2y = -46 and 4x + 5y = 73 hold simultaneously. Find x.,7,1,False,linear_elimination,linear_elimination,True,solve_linear_system,solve_linear_system,True,"STRUCTURE: linear_elimination
TOOL: solve_linear_system
ANSWER: 1"
test_seen_00064,structure_aware,500,seen,"If 11:2 = 132:x, what is x?",24,132,False,ratio_proportion,ratio_proportion,True,solve_proportion,solve_proportion,True,"STRUCTURE: ratio_proportion
TOOL: solve_proportion
ANSWER: 132"
test_seen_00065,structure_aware,500,seen,"Starting at -6, repeatedly change the value by -7. What is term 6, counting the start as term 1?",-41,-10,False,recurrence,recurrence,True,unroll_recurrence,unroll_recurrence,True,"STRUCTURE: recurrence
TOOL: unroll_recurrence
ANSWER: -10"
test_seen_00066,structure_aware,500,seen,"Given s = x + y = -5 and p = xy = -36, compute x^2 + y^2.",97,25,False,symmetric_polynomial_identity,symmetric_polynomial_identity,True,expand_symmetric_identity,expand_symmetric_identity,True,"STRUCTURE: symmetric_polynomial_identity
TOOL: expand_symmetric_identity
ANSWER: 25"
test_seen_00067,structure_aware,500,seen,What is 39^2 - 35^2? Use factorization if helpful.,296,1769,False,factorization,factorization,True,factor_difference_of_squares,factor_difference_of_squares,True,"STRUCTURE: factorization
TOOL: factor_difference_of_squares
ANSWER: 1769"
test_seen_00068,structure_aware,500,seen,"For P(x) = -x^2 - 3x + 3, evaluate P(0).",3,-1,False,substitution,substitution,True,substitute_expression,substitute_expression,True,"STRUCTURE: substitution
TOOL: substitute_expression
ANSWER: -1"
test_seen_00069,structure_aware,500,seen,Use elimination on the system -x + 2y = -4; -3x - 4y = -12. Determine y.,0,-1,False,linear_elimination,linear_elimination,True,solve_linear_system,solve_linear_system,True,"STRUCTURE: linear_elimination
TOOL: solve_linear_system
ANSWER: -1"
test_seen_00070,structure_aware,500,seen,The ratio 7 to 12 equals the ratio 49 to x. Find x.,84,120,False,ratio_proportion,ratio_proportion,True,solve_proportion,solve_proportion,True,"STRUCTURE: ratio_proportion
TOOL: solve_proportion
ANSWER: 120"
test_seen_00071,structure_aware,500,seen,An arithmetic sequence has first term 4 and common difference -6. Find its 14th term.,-74,-16,False,recurrence,recurrence,True,unroll_recurrence,unroll_recurrence,True,"STRUCTURE: recurrence
TOOL: unroll_recurrence
ANSWER: -16"
test_seen_00072,structure_aware,500,seen,"If x + y = -6 and xy = 5, find x^2 + y^2.",26,15,False,symmetric_polynomial_identity,symmetric_polynomial_identity,True,expand_symmetric_identity,expand_symmetric_identity,True,"STRUCTURE: symmetric_polynomial_identity
TOOL: expand_symmetric_identity
ANSWER: 15"
test_seen_00073,structure_aware,500,seen,Evaluate 46^2 - 15^2.,1891,1212,False,factorization,factorization,True,factor_difference_of_squares,factor_difference_of_squares,True,"STRUCTURE: factorization
TOOL: factor_difference_of_squares
ANSWER: 1212"
test_seen_00074,structure_aware,500,seen,Let f(t) = 3t^2 - 3t - 1. Find f(-3).,35,-10,False,substitution,substitution,True,substitute_expression,substitute_expression,True,"STRUCTURE: substitution
TOOL: substitute_expression
ANSWER: -10"
test_seen_00075,structure_aware,500,seen,Solve 4x - y = 18 and 3x + 5y = 2. What is x?,4,18,False,linear_elimination,linear_elimination,True,solve_linear_system,solve_linear_system,True,"STRUCTURE: linear_elimination
TOOL: solve_linear_system
ANSWER: 18"
test_seen_00076,structure_aware,500,seen,Solve the proportion 4/11 = 16/x for x.,44,16,False,ratio_proportion,ratio_proportion,True,solve_proportion,solve_proportion,True,"STRUCTURE: ratio_proportion
TOOL: solve_proportion
ANSWER: 16"
test_seen_00077,structure_aware,500,seen,A sequence starts with a1 = -7 and each next term is the current term - 5. Find a5.,-27,-7,False,recurrence,recurrence,True,unroll_recurrence,unroll_recurrence,True,"STRUCTURE: recurrence
TOOL: unroll_recurrence
ANSWER: -7"
test_seen_00078,structure_aware,500,seen,Two numbers have sum 4 and product 3. What is the sum of their squares?,10,21,False,symmetric_polynomial_identity,symmetric_polynomial_identity,True,expand_symmetric_identity,expand_symmetric_identity,True,"STRUCTURE: symmetric_polynomial_identity
TOOL: expand_symmetric_identity
ANSWER: 21"
test_seen_00079,structure_aware,500,seen,Compute the difference of squares: 48 squared minus 14 squared.,2108,1920,False,factorization,factorization,True,factor_difference_of_squares,factor_difference_of_squares,True,"STRUCTURE: factorization
TOOL: factor_difference_of_squares
ANSWER: 1920"
test_seen_00080,structure_aware,500,seen,Substitute z = -5 into 3z^2 + 4z + 4.,59,105,False,substitution,substitution,True,substitute_expression,substitute_expression,True,"STRUCTURE: substitution
TOOL: substitute_expression
ANSWER: 105"
test_seen_00081,structure_aware,500,seen,The equations x - y = 5 and 3x - y = 3 hold simultaneously. Find x.,-1,6,False,linear_elimination,linear_elimination,True,solve_linear_system,solve_linear_system,True,"STRUCTURE: linear_elimination
TOOL: solve_linear_system
ANSWER: 6"
test_seen_00082,structure_aware,500,seen,"If 4:20 = 40:x, what is x?",200,120,False,ratio_proportion,ratio_proportion,True,solve_proportion,solve_proportion,True,"STRUCTURE: ratio_proportion
TOOL: solve_proportion
ANSWER: 120"
test_seen_00083,structure_aware,500,seen,"Starting at -17, repeatedly change the value by 4. What is term 9, counting the start as term 1?",15,14,False,recurrence,recurrence,True,unroll_recurrence,unroll_recurrence,True,"STRUCTURE: recurrence
TOOL: unroll_recurrence
ANSWER: 14"
test_seen_00084,structure_aware,500,seen,"Given s = x + y = 2 and p = xy = -3, compute x^2 + y^2.",10,25,False,symmetric_polynomial_identity,symmetric_polynomial_identity,True,expand_symmetric_identity,expand_symmetric_identity,True,"STRUCTURE: symmetric_polynomial_identity
TOOL: expand_symmetric_identity
ANSWER: 25"
test_seen_00085,structure_aware,500,seen,What is 72^2 - 42^2? Use factorization if helpful.,3420,4368,False,factorization,factorization,True,factor_difference_of_squares,factor_difference_of_squares,True,"STRUCTURE: factorization
TOOL: factor_difference_of_squares
ANSWER: 4368"
test_seen_00086,structure_aware,500,seen,"For P(x) = 4x^2 + 7x + 5, evaluate P(3).",62,105,False,substitution,substitution,True,substitute_expression,substitute_expression,True,"STRUCTURE: substitution
TOOL: substitute_expression
ANSWER: 105"
test_seen_00087,structure_aware,500,seen,Use elimination on the system 5x + 2y = -48; 2x - 4y = 24. Determine y.,-9,-1,False,linear_elimination,linear_elimination,True,solve_linear_system,solve_linear_system,True,"STRUCTURE: linear_elimination
TOOL: solve_linear_system
ANSWER: -1"
test_seen_00088,structure_aware,500,seen,The ratio 3 to 8 equals the ratio 27 to x. Find x.,72,12,False,ratio_proportion,ratio_proportion,True,solve_proportion,solve_proportion,True,"STRUCTURE: ratio_proportion
TOOL: solve_proportion
ANSWER: 12"
test_seen_00089,structure_aware,500,seen,An arithmetic sequence has first term 14 and common difference -7. Find its 9th term.,-42,-16,False,recurrence,recurrence,True,unroll_recurrence,unroll_recurrence,True,"STRUCTURE: recurrence
TOOL: unroll_recurrence
ANSWER: -16"
test_seen_00090,structure_aware,500,seen,"If x + y = -11 and xy = 0, find x^2 + y^2.",121,109,False,symmetric_polynomial_identity,symmetric_polynomial_identity,True,expand_symmetric_identity,expand_symmetric_identity,True,"STRUCTURE: symmetric_polynomial_identity
TOOL: expand_symmetric_identity
ANSWER: 109"
test_seen_00091,structure_aware,500,seen,Evaluate 59^2 - 13^2.,3312,3169,False,factorization,factorization,True,factor_difference_of_squares,factor_difference_of_squares,True,"STRUCTURE: factorization
TOOL: factor_difference_of_squares
ANSWER: 3169"
test_seen_00092,structure_aware,500,seen,Let f(t) = -5t^2 - 6t - 4. Find f(-2).,-12,-10,False,substitution,substitution,True,substitute_expression,substitute_expression,True,"STRUCTURE: substitution
TOOL: substitute_expression
ANSWER: -10"
test_seen_00093,structure_aware,500,seen,Solve -4x + y = 25 and 2x - 5y = 19. What is x?,-8,-1,False,linear_elimination,linear_elimination,True,solve_linear_system,solve_linear_system,True,"STRUCTURE: linear_elimination
TOOL: solve_linear_system
ANSWER: -1"
test_seen_00094,structure_aware,500,seen,Solve the proportion 12/4 = 60/x for x.,20,120,False,ratio_proportion,ratio_proportion,True,solve_proportion,solve_proportion,True,"STRUCTURE: ratio_proportion
TOOL: solve_proportion
ANSWER: 120"
test_seen_00095,structure_aware,500,seen,A sequence starts with a1 = -8 and each next term is the current term - 6. Find a12.,-74,-12,False,recurrence,recurrence,True,unroll_recurrence,unroll_recurrence,True,"STRUCTURE: recurrence
TOOL: unroll_recurrence
ANSWER: -12"
test_seen_00096,structure_aware,500,seen,Two numbers have sum -17 and product 72. What is the sum of their squares?,145,108,False,symmetric_polynomial_identity,symmetric_polynomial_identity,True,expand_symmetric_identity,expand_symmetric_identity,True,"STRUCTURE: symmetric_polynomial_identity
TOOL: expand_symmetric_identity
ANSWER: 108"
test_seen_00097,structure_aware,500,seen,Compute the difference of squares: 55 squared minus 4 squared.,3009,3125,False,factorization,factorization,True,factor_difference_of_squares,factor_difference_of_squares,True,"STRUCTURE: factorization
TOOL: factor_difference_of_squares
ANSWER: 3125"
test_seen_00098,structure_aware,500,seen,Substitute z = -3 into -5z^2 - 5z - 9.,-39,-15,False,substitution,substitution,True,substitute_expression,substitute_expression,True,"STRUCTURE: substitution
TOOL: substitute_expression
ANSWER: -15"
test_seen_00099,structure_aware,500,seen,The equations 4x + 3y = -57 and 5x + 5y = -80 hold simultaneously. Find x.,-9,-1,False,linear_elimination,linear_elimination,True,solve_linear_system,solve_linear_system,True,"STRUCTURE: linear_elimination
TOOL: solve_linear_system
ANSWER: -1"
test_seen_00100,structure_aware,500,seen,"If 6:10 = 48:x, what is x?",80,144,False,ratio_proportion,ratio_proportion,True,solve_proportion,solve_proportion,True,"STRUCTURE: ratio_proportion
TOOL: solve_proportion
ANSWER: 144"
test_seen_00101,structure_aware,500,seen,"Starting at -10, repeatedly change the value by -4. What is term 13, counting the start as term 1?",-58,-13,False,recurrence,recurrence,True,unroll_recurrence,unroll_recurrence,True,"STRUCTURE: recurrence
TOOL: unroll_recurrence
ANSWER: -13"
test_seen_00102,structure_aware,500,seen,"Given s = x + y = 2 and p = xy = -35, compute x^2 + y^2.",74,25,False,symmetric_polynomial_identity,symmetric_polynomial_identity,True,expand_symmetric_identity,expand_symmetric_identity,True,"STRUCTURE: symmetric_polynomial_identity
TOOL: expand_symmetric_identity
ANSWER: 25"
test_seen_00103,structure_aware,500,seen,What is 70^2 - 33^2? Use factorization if helpful.,3811,4162,False,factorization,factorization,True,factor_difference_of_squares,factor_difference_of_squares,True,"STRUCTURE: factorization
TOOL: factor_difference_of_squares
ANSWER: 4162"
test_seen_00104,structure_aware,500,seen,"For P(x) = 2x^2 + 5x + 9, evaluate P(-2).",7,10,False,substitution,substitution,True,substitute_expression,substitute_expression,True,"STRUCTURE: substitution
TOOL: substitute_expression
ANSWER: 10"
test_seen_00105,structure_aware,500,seen,Use elimination on the system 4x - 2y = 16; 2x + y = 12. Determine y.,2,6,False,linear_elimination,linear_elimination,True,solve_linear_system,solve_linear_system,True,"STRUCTURE: linear_elimination
TOOL: solve_linear_system
ANSWER: 6"
test_seen_00106,structure_aware,500,seen,The ratio 15 to 2 equals the ratio 150 to x. Find x.,20,200,False,ratio_proportion,ratio_proportion,True,solve_proportion,solve_proportion,True,"STRUCTURE: ratio_proportion
TOOL: solve_proportion
ANSWER: 200"
test_seen_00107,structure_aware,500,seen,An arithmetic sequence has first term 8 and common difference -5. Find its 3th term.,-2,-16,False,recurrence,recurrence,True,unroll_recurrence,unroll_recurrence,True,"STRUCTURE: recurrence
TOOL: unroll_recurrence
ANSWER: -16"
test_seen_00108,structure_aware,500,seen,"If x + y = -27 and xy = 180, find x^2 + y^2.",369,250,False,symmetric_polynomial_identity,symmetric_polynomial_identity,True,expand_symmetric_identity,expand_symmetric_identity,True,"STRUCTURE: symmetric_polynomial_identity
TOOL: expand_symmetric_identity
ANSWER: 250"
test_seen_00109,structure_aware,500,seen,Evaluate 76^2 - 43^2.,3927,4113,False,factorization,factorization,True,factor_difference_of_squares,factor_difference_of_squares,True,"STRUCTURE: factorization
TOOL: factor_difference_of_squares
ANSWER: 4113"
test_seen_00110,structure_aware,500,seen,Let f(t) = 4t^2 + 4t - 5. Find f(0).,-5,10,False,substitution,substitution,True,substitute_expression,substitute_expression,True,"STRUCTURE: substitution
TOOL: substitute_expression
ANSWER: 10"
test_seen_00111,structure_aware,500,seen,Solve -4x - 3y = 42 and -5x + 3y = 39. What is x?,-9,-1,False,linear_elimination,linear_elimination,True,solve_linear_system,solve_linear_system,True,"STRUCTURE: linear_elimination
TOOL: solve_linear_system
ANSWER: -1"
test_seen_00112,structure_aware,500,seen,Solve the proportion 2/4 = 10/x for x.,20,100,False,ratio_proportion,ratio_proportion,True,solve_proportion,solve_proportion,True,"STRUCTURE: ratio_proportion
TOOL: solve_proportion
ANSWER: 100"
test_seen_00113,structure_aware,500,seen,A sequence starts with a1 = 15 and each next term is the current term - 6. Find a11.,-45,-16,False,recurrence,recurrence,True,unroll_recurrence,unroll_recurrence,True,"STRUCTURE: recurrence
TOOL: unroll_recurrence
ANSWER: -16"
test_seen_00114,structure_aware,500,seen,Two numbers have sum 12 and product -28. What is the sum of their squares?,200,180,False,symmetric_polynomial_identity,symmetric_polynomial_identity,True,expand_symmetric_identity,expand_symmetric_identity,True,"STRUCTURE: symmetric_polynomial_identity
TOOL: expand_symmetric_identity
ANSWER: 180"
test_seen_00115,structure_aware,500,seen,Compute the difference of squares: 36 squared minus 34 squared.,140,1000,False,factorization,factorization,True,factor_difference_of_squares,factor_difference_of_squares,True,"STRUCTURE: factorization
TOOL: factor_difference_of_squares
ANSWER: 1000"
test_seen_00116,structure_aware,500,seen,Substitute z = -3 into z^2 + 2z - 1.,2,10,False,substitution,substitution,True,substitute_expression,substitute_expression,True,"STRUCTURE: substitution
TOOL: substitute_expression
ANSWER: 10"
test_seen_00117,structure_aware,500,seen,The equations -5x + 2y = -4 and -4x - 5y = -56 hold simultaneously. Find x.,4,-1,False,linear_elimination,linear_elimination,True,solve_linear_system,solve_linear_system,True,"STRUCTURE: linear_elimination
TOOL: solve_linear_system
ANSWER: -1"
test_seen_00118,structure_aware,500,seen,"If 2:2 = 16:x, what is x?",16,12,False,ratio_proportion,ratio_proportion,True,solve_proportion,solve_proportion,True,"STRUCTURE: ratio_proportion
TOOL: solve_proportion
ANSWER: 12"
test_seen_00119,structure_aware,500,seen,"Starting at -4, repeatedly change the value by -1. What is term 11, counting the start as term 1?",-14,-12,False,recurrence,recurrence,True,unroll_recurrence,unroll_recurrence,True,"STRUCTURE: recurrence
TOOL: unroll_recurrence
ANSWER: -12"
test_unseen_00000,structure_aware,500,unseen,"Without solving for x and y, evaluate x^2 + y^2 when x + y = -1 and xy = -2.",5,-2,False,symmetric_polynomial_identity,symmetric_polynomial_identity,True,expand_symmetric_identity,expand_symmetric_identity,True,"STRUCTURE: symmetric_polynomial_identity
TOOL: expand_symmetric_identity
ANSWER: -2"
test_unseen_00001,structure_aware,500,unseen,"Using (u - v)(u + v), calculate 44^2 - 36^2.",640,2169,False,factorization,factorization,True,factor_difference_of_squares,factor_difference_of_squares,True,"STRUCTURE: factorization
TOOL: factor_difference_of_squares
ANSWER: 2169"
test_unseen_00002,structure_aware,500,unseen,What number does -3u^2 + 4u - 5 produce when u is -3?,-44,-10,False,substitution,substitution,True,substitute_expression,substitute_expression,True,"STRUCTURE: substitution
TOOL: substitute_expression
ANSWER: -10"
test_unseen_00003,structure_aware,500,unseen,The lines -4x + 4y = 28 and -5x - 4y = 53 intersect. Give the x-coordinate.,-9,-1,False,linear_elimination,linear_elimination,True,solve_linear_system,solve_linear_system,True,"STRUCTURE: linear_elimination
TOOL: solve_linear_system
ANSWER: -1"
test_unseen_00004,structure_aware,500,unseen,"At a fixed rate, 14 items cost 18 dollars. What do 84 items cost?",108,184,False,ratio_proportion,ratio_proportion,True,solve_proportion,solve_proportion,True,"STRUCTURE: ratio_proportion
TOOL: solve_proportion
ANSWER: 184"
test_unseen_00005,structure_aware,500,unseen,A machine begins at 17; after each round it changes its value by 4. What value appears after 8 updates?,49,12,False,recurrence,recurrence,True,unroll_recurrence,unroll_recurrence,True,"STRUCTURE: recurrence
TOOL: unroll_recurrence
ANSWER: 12"
test_unseen_00006,structure_aware,500,unseen,The roots x and y of t^2 - (16)t + (63) = 0 are real. Find x^2 + y^2.,130,100,False,symmetric_polynomial_identity,symmetric_polynomial_identity,True,expand_symmetric_identity,expand_symmetric_identity,True,"STRUCTURE: symmetric_polynomial_identity
TOOL: expand_symmetric_identity
ANSWER: 100"
test_unseen_00007,structure_aware,500,unseen,A square of side 44 is removed from a square of side 65. What area remains?,2289,100,False,factorization,transposition of pi,False,factor_difference_of_squares,substitute_expression,False,"STRUCTURE: transposition of pi
TOOL: substitute_expression
ANSWER: 100"
test_unseen_00008,structure_aware,500,unseen,A rule maps q to q^2 - 6q - 2. Determine its output at q = 6.,-2,12,False,substitution,substitution,True,substitute_expression,substitute_expression,True,"STRUCTURE: substitution
TOOL: substitute_expression
ANSWER: 12"
test_unseen_00009,structure_aware,500,unseen,Find the value of x satisfying both constraints: -4x + 3y = -12 and -4x + 4y = -16.,0,-12,False,linear_elimination,linear_elimination,True,solve_linear_system,solve_linear_system,True,"STRUCTURE: linear_elimination
TOOL: solve_linear_system
ANSWER: -12"
test_unseen_00010,structure_aware,500,unseen,Complete the equivalent fractions: 6/12 = 18/[blank].,36,18,False,ratio_proportion,simple_fraction_expression,False,solve_proportion,replace_expression,False,"STRUCTURE: simple_fraction_expression
TOOL: replace_expression
ANSWER: 18"
test_unseen_00011,structure_aware,500,unseen,"Unroll b(n+1) = b(n) + 1, with b(1) = -18, to obtain b(8).",-11,103,False,recurrence,factorization,False,unroll_recurrence,factor_difference_of_squares,False,"STRUCTURE: factorization
TOOL: factor_difference_of_squares
ANSWER: 103"
test_unseen_00012,structure_aware,500,unseen,"Without solving for x and y, evaluate x^2 + y^2 when x + y = -15 and xy = 36.",153,105,False,symmetric_polynomial_identity,symmetric_polynomial_identity,True,expand_symmetric_identity,expand_symmetric_identity,True,"STRUCTURE: symmetric_polynomial_identity
TOOL: expand_symmetric_identity
ANSWER: 105"
test_unseen_00013,structure_aware,500,unseen,"Using (u - v)(u + v), calculate 39^2 - 14^2.",1325,219,False,factorization,factorization,True,factor_difference_of_squares,factor_difference_of_squares,True,"STRUCTURE: factorization
TOOL: factor_difference_of_squares
ANSWER: 219"
test_unseen_00014,structure_aware,500,unseen,What number does 11 - 3u^2 produce when u is -4?,-37,10,False,substitution,factorization,False,substitute_expression,factor_difference_of_squares,False,"STRUCTURE: factorization
TOOL: factor_difference_of_squares
ANSWER: 10"
test_unseen_00015,structure_aware,500,unseen,The lines 5x + 5y = -80 and x - 5y = 32 intersect. Give the y-coordinate.,-8,-1,False,linear_elimination,linear_elimination,True,solve_linear_system,solve_linear_system,True,"STRUCTURE: linear_elimination
TOOL: solve_linear_system
ANSWER: -1"
test_unseen_00016,structure_aware,500,unseen,"At a fixed rate, 7 items cost 17 dollars. What do 84 items cost?",204,84,False,ratio_proportion,ratio_proportion,True,solve_proportion,solve_proportion,True,"STRUCTURE: ratio_proportion
TOOL: solve_proportion
ANSWER: 84"
test_unseen_00017,structure_aware,500,unseen,A machine begins at 17; after each round it changes its value by 6. What value appears after 14 updates?,101,12,False,recurrence,recurrence,True,unroll_recurrence,unroll_recurrence,True,"STRUCTURE: recurrence
TOOL: unroll_recurrence
ANSWER: 12"
test_unseen_00018,structure_aware,500,unseen,The roots x and y of t^2 - (-9)t + (-22) = 0 are real. Find x^2 + y^2.,125,100,False,symmetric_polynomial_identity,symmetric_polynomial_identity,True,expand_symmetric_identity,expand_symmetric_identity,True,"STRUCTURE: symmetric_polynomial_identity
TOOL: expand_symmetric_identity
ANSWER: 100"
test_unseen_00019,structure_aware,500,unseen,A square of side 16 is removed from a square of side 78. What area remains?,5828,108,False,factorization,Sudoku,False,factor_difference_of_squares,Sudoku,False,"STRUCTURE: Sudoku
TOOL: Sudoku
ANSWER: 108"
test_unseen_00020,structure_aware,500,unseen,A rule maps q to 3q^2 + 3q + 7. Determine its output at q = 6.,133,10,False,substitution,substitution,True,substitute_expression,substitute_expression,True,"STRUCTURE: substitution
TOOL: substitute_expression
ANSWER: 10"
test_unseen_00021,structure_aware,500,unseen,Find the value of y satisfying both constraints: -3x - 5y = 29 and -2x - 5y = 21.,-1,-12,False,linear_elimination,linear_elimination,True,solve_linear_system,solve_linear_system,True,"STRUCTURE: linear_elimination
TOOL: solve_linear_system
ANSWER: -12"
test_unseen_00022,structure_aware,500,unseen,Complete the equivalent fractions: 7/20 = 35/[blank].,100,75,False,ratio_proportion,ratio_proportion,True,solve_proportion,solve_proportion,True,"STRUCTURE: ratio_proportion
TOOL: solve_proportion
ANSWER: 75"
test_unseen_00023,structure_aware,500,unseen,"Unroll b(n+1) = b(n) + 4, with b(1) = -13, to obtain b(8).",15,103,False,recurrence,factorization,False,unroll_recurrence,factor_difference_of_squares,False,"STRUCTURE: factorization
TOOL: factor_difference_of_squares
ANSWER: 103"
test_unseen_00024,structure_aware,500,unseen,"Without solving for x and y, evaluate x^2 + y^2 when x + y = -17 and xy = 60.",169,101,False,symmetric_polynomial_identity,symmetric_polynomial_identity,True,expand_symmetric_identity,expand_symmetric_identity,True,"STRUCTURE: symmetric_polynomial_identity
TOOL: expand_symmetric_identity
ANSWER: 101"
test_unseen_00025,structure_aware,500,unseen,"Using (u - v)(u + v), calculate 24^2 - 16^2.",320,480,False,factorization,factorization,True,factor_difference_of_squares,factor_difference_of_squares,True,"STRUCTURE: factorization
TOOL: factor_difference_of_squares
ANSWER: 480"
test_unseen_00026,structure_aware,500,unseen,What number does 2u^2 - 7u + 9 produce when u is 2?,3,19,False,substitution,symmetric_polynomial_identity,False,substitute_expression,expand_symmetric_identity,False,"STRUCTURE: symmetric_polynomial_identity
TOOL: expand_symmetric_identity
ANSWER: 19"
test_unseen_00027,structure_aware,500,unseen,The lines -3x - 3y = 0 and 5x - 5y = 60 intersect. Give the y-coordinate.,-6,-1,False,linear_elimination,linear_elimination,True,solve_linear_system,solve_linear_system,True,"STRUCTURE: linear_elimination
TOOL: solve_linear_system
ANSWER: -1"
test_unseen_00028,structure_aware,500,unseen,"At a fixed rate, 3 items cost 2 dollars. What do 24 items cost?",16,24,False,ratio_proportion,ratio_proportion,True,solve_proportion,solve_proportion,True,"STRUCTURE: ratio_proportion
TOOL: solve_proportion
ANSWER: 24"
test_unseen_00029,structure_aware,500,unseen,A machine begins at -9; after each round it changes its value by -1. What value appears after 13 updates?,-22,-1,False,recurrence,recurrence,True,unroll_recurrence,unroll_recurrence,True,"STRUCTURE: recurrence
TOOL: unroll_recurrence
ANSWER: -1"
test_unseen_00030,structure_aware,500,unseen,The roots x and y of t^2 - (-3)t + (-54) = 0 are real. Find x^2 + y^2.,117,100,False,symmetric_polynomial_identity,symmetric_polynomial_identity,True,expand_symmetric_identity,expand_symmetric_identity,True,"STRUCTURE: symmetric_polynomial_identity
TOOL: expand_symmetric_identity
ANSWER: 100"
test_unseen_00031,structure_aware,500,unseen,A square of side 5 is removed from a square of side 41. What area remains?,1656,105,False,factorization,Sudoku,False,factor_difference_of_squares,Sudoku,False,"STRUCTURE: Sudoku
TOOL: Sudoku
ANSWER: 105"
test_unseen_00032,structure_aware,500,unseen,A rule maps q to 3q^2 - 10. Determine its output at q = 1.,-7,10,False,substitution,substitution,True,substitute_expression,substitute_expression,True,"STRUCTURE: substitution
TOOL: substitute_expression
ANSWER: 10"
test_unseen_00033,structure_aware,500,unseen,Find the value of x satisfying both constraints: -x - 3y = -25 and -3x + 5y = 37.,1,-25,False,linear_elimination,substitution,False,solve_linear_system,substitute_expression,False,"STRUCTURE: substitution
TOOL: substitute_expression
ANSWER: -25"
test_unseen_00034,structure_aware,500,unseen,Complete the equivalent fractions: 3/16 = 24/[blank].,128,24,False,ratio_proportion,ratio_proportion,True,solve_proportion,solve_proportion,True,"STRUCTURE: ratio_proportion
TOOL: solve_proportion
ANSWER: 24"
test_unseen_00035,structure_aware,500,unseen,"Unroll b(n+1) = b(n) + 3, with b(1) = 8, to obtain b(4).",17,10,False,recurrence,factorization,False,unroll_recurrence,factor_difference_of_squares,False,"STRUCTURE: factorization
TOOL: factor_difference_of_squares
ANSWER: 10"
test_unseen_00036,structure_aware,500,unseen,"Without solving for x and y, evaluate x^2 + y^2 when x + y = 6 and xy = -91.",218,189,False,symmetric_polynomial_identity,symmetric_polynomial_identity,True,expand_symmetric_identity,expand_symmetric_identity,True,"STRUCTURE: symmetric_polynomial_identity
TOOL: expand_symmetric_identity
ANSWER: 189"
test_unseen_00037,structure_aware,500,unseen,"Using (u - v)(u + v), calculate 47^2 - 38^2.",765,2169,False,factorization,factorization,True,factor_difference_of_squares,factor_difference_of_squares,True,"STRUCTURE: factorization
TOOL: factor_difference_of_squares
ANSWER: 2169"
test_unseen_00038,structure_aware,500,unseen,What number does -u^2 + 8u - 1 produce when u is -4?,-49,-14,False,substitution,substitution,True,substitute_expression,substitute_expression,True,"STRUCTURE: substitution
TOOL: substitute_expression
ANSWER: -14"
test_unseen_00039,structure_aware,500,unseen,The lines 3x + 2y = -28 and -4x + 3y = 26 intersect. Give the y-coordinate.,-2,-1,False,linear_elimination,linear_elimination,True,solve_linear_system,solve_linear_system,True,"STRUCTURE: linear_elimination
TOOL: solve_linear_system
ANSWER: -1"
test_unseen_00040,structure_aware,500,unseen,"At a fixed rate, 15 items cost 15 dollars. What do 60 items cost?",60,60,True,ratio_proportion,ratio_proportion,True,solve_proportion,solve_proportion,True,"STRUCTURE: ratio_proportion
TOOL: solve_proportion
ANSWER: 60"
test_unseen_00041,structure_aware,500,unseen,A machine begins at -4; after each round it changes its value by 6. What value appears after 4 updates?,20,12,False,recurrence,recurrence,True,unroll_recurrence,unroll_recurrence,True,"STRUCTURE: recurrence
TOOL: unroll_recurrence
ANSWER: 12"
test_unseen_00042,structure_aware,500,unseen,The roots x and y of t^2 - (6)t + (-112) = 0 are real. Find x^2 + y^2.,260,100,False,symmetric_polynomial_identity,symmetric_polynomial_identity,True,expand_symmetric_identity,expand_symmetric_identity,True,"STRUCTURE: symmetric_polynomial_identity
TOOL: expand_symmetric_identity
ANSWER: 100"
test_unseen_00043,structure_aware,500,unseen,A square of side 40 is removed from a square of side 64. What area remains?,2496,120,False,factorization,Sudoku,False,factor_difference_of_squares,Sudoku,False,"STRUCTURE: Sudoku
TOOL: Sudoku
ANSWER: 120"
test_unseen_00044,structure_aware,500,unseen,A rule maps q to 4q^2 - 5q - 2. Determine its output at q = -2.,24,10,False,substitution,substitution,True,substitute_expression,substitute_expression,True,"STRUCTURE: substitution
TOOL: substitute_expression
ANSWER: 10"
test_unseen_00045,structure_aware,500,unseen,Find the value of y satisfying both constraints: -5x - 4y = -10 and x + 5y = -19.,-5,-13,False,linear_elimination,linear_elimination,True,solve_linear_system,solve_linear_system,True,"STRUCTURE: linear_elimination
TOOL: solve_linear_system
ANSWER: -13"
test_unseen_00046,structure_aware,500,unseen,Complete the equivalent fractions: 8/20 = 96/[blank].,240,96,False,ratio_proportion,simple_fraction_expression,False,solve_proportion,replace_expression,False,"STRUCTURE: simple_fraction_expression
TOOL: replace_expression
ANSWER: 96"
test_unseen_00047,structure_aware,500,unseen,"Unroll b(n+1) = b(n) + 8, with b(1) = 8, to obtain b(6).",48,102,False,recurrence,factorization,False,unroll_recurrence,factor_difference_of_squares,False,"STRUCTURE: factorization
TOOL: factor_difference_of_squares
ANSWER: 102"
test_unseen_00048,structure_aware,500,unseen,"Without solving for x and y, evaluate x^2 + y^2 when x + y = -18 and xy = 80.",164,188,False,symmetric_polynomial_identity,symmetric_polynomial_identity,True,expand_symmetric_identity,expand_symmetric_identity,True,"STRUCTURE: symmetric_polynomial_identity
TOOL: expand_symmetric_identity
ANSWER: 188"
test_unseen_00049,structure_aware,500,unseen,"Using (u - v)(u + v), calculate 12^2 - 11^2.",23,149,False,factorization,factorization,True,factor_difference_of_squares,factor_difference_of_squares,True,"STRUCTURE: factorization
TOOL: factor_difference_of_squares
ANSWER: 149"
test_unseen_00050,structure_aware,500,unseen,What number does u^2 + u - 12 produce when u is 1?,-10,19,False,substitution,symmetric_polynomial_identity,False,substitute_expression,expand_symmetric_identity,False,"STRUCTURE: symmetric_polynomial_identity
TOOL: expand_symmetric_identity
ANSWER: 19"
test_unseen_00051,structure_aware,500,unseen,The lines -3x - 2y = 19 and 3x - 5y = 16 intersect. Give the x-coordinate.,-3,-1,False,linear_elimination,linear_elimination,True,solve_linear_system,solve_linear_system,True,"STRUCTURE: linear_elimination
TOOL: solve_linear_system
ANSWER: -1"
test_unseen_00052,structure_aware,500,unseen,"At a fixed rate, 3 items cost 5 dollars. What do 24 items cost?",40,124,False,ratio_proportion,ratio_proportion,True,solve_proportion,solve_proportion,True,"STRUCTURE: ratio_proportion
TOOL: solve_proportion
ANSWER: 124"
test_unseen_00053,structure_aware,500,unseen,A machine begins at 12; after each round it changes its value by 9. What value appears after 2 updates?,30,10,False,recurrence,recurrence,True,unroll_recurrence,unroll_recurrence,True,"STRUCTURE: recurrence
TOOL: unroll_recurrence
ANSWER: 10"
test_unseen_00054,structure_aware,500,unseen,The roots x and y of t^2 - (18)t + (65) = 0 are real. Find x^2 + y^2.,194,100,False,symmetric_polynomial_identity,symmetric_polynomial_identity,True,expand_symmetric_identity,expand_symmetric_identity,True,"STRUCTURE: symmetric_polynomial_identity
TOOL: expand_symmetric_identity
ANSWER: 100"
test_unseen_00055,structure_aware,500,unseen,A square of side 21 is removed from a square of side 47. What area remains?,1768,103,False,factorization,Sudoku,False,factor_difference_of_squares,Sudoku,False,"STRUCTURE: Sudoku
TOOL: Sudoku
ANSWER: 103"
test_unseen_00056,structure_aware,500,unseen,A rule maps q to 8 - 3q^2. Determine its output at q = -5.,-67,-15,False,substitution,substitution,True,substitute_expression,substitute_expression,True,"STRUCTURE: substitution
TOOL: substitute_expression
ANSWER: -15"
test_unseen_00057,structure_aware,500,unseen,Find the value of x satisfying both constraints: 4x - y = -29 and -5x - 5y = 30.,-7,-1,False,linear_elimination,linear_elimination,True,solve_linear_system,solve_linear_system,True,"STRUCTURE: linear_elimination
TOOL: solve_linear_system
ANSWER: -1"
test_unseen_00058,structure_aware,500,unseen,Complete the equivalent fractions: 3/8 = 6/[blank].,16,6,False,ratio_proportion,ratio_proportion,True,solve_proportion,solve_proportion,True,"STRUCTURE: ratio_proportion
TOOL: solve_proportion
ANSWER: 6"
test_unseen_00059,structure_aware,500,unseen,"Unroll b(n+1) = b(n) - 4, with b(1) = -16, to obtain b(5).",-32,120,False,recurrence,factorization,False,unroll_recurrence,factor_difference_of_squares,False,"STRUCTURE: factorization
TOOL: factor_difference_of_squares
ANSWER: 120"
test_unseen_00060,structure_aware,500,unseen,"Without solving for x and y, evaluate x^2 + y^2 when x + y = -10 and xy = -24.",148,-18,False,symmetric_polynomial_identity,symmetric_polynomial_identity,True,expand_symmetric_identity,expand_symmetric_identity,True,"STRUCTURE: symmetric_polynomial_identity
TOOL: expand_symmetric_identity
ANSWER: -18"
test_unseen_00061,structure_aware,500,unseen,"Using (u - v)(u + v), calculate 67^2 - 12^2.",4345,3125,False,factorization,factorization,True,factor_difference_of_squares,factor_difference_of_squares,True,"STRUCTURE: factorization
TOOL: factor_difference_of_squares
ANSWER: 3125"
test_unseen_00062,structure_aware,500,unseen,What number does -u^2 + 4u - 1 produce when u is -4?,-33,-1,False,substitution,symmetric_polynomial_identity,False,substitute_expression,expand_symmetric_identity,False,"STRUCTURE: symmetric_polynomial_identity
TOOL: expand_symmetric_identity
ANSWER: -1"
test_unseen_00063,structure_aware,500,unseen,The lines -3x - y = -26 and -x + y = -10 intersect. Give the x-coordinate.,9,-1,False,linear_elimination,linear_elimination,True,solve_linear_system,solve_linear_system,True,"STRUCTURE: linear_elimination
TOOL: solve_linear_system
ANSWER: -1"
test_unseen_00064,structure_aware,500,unseen,"At a fixed rate, 12 items cost 7 dollars. What do 108 items cost?",63,128,False,ratio_proportion,ratio_proportion,True,solve_proportion,solve_proportion,True,"STRUCTURE: ratio_proportion
TOOL: solve_proportion
ANSWER: 128"
test_unseen_00065,structure_aware,500,unseen,A machine begins at -2; after each round it changes its value by -4. What value appears after 9 updates?,-38,-24,False,recurrence,recurrence,True,unroll_recurrence,unroll_recurrence,True,"STRUCTURE: recurrence
TOOL: unroll_recurrence
ANSWER: -24"
test_unseen_00066,structure_aware,500,unseen,The roots x and y of t^2 - (27)t + (182) = 0 are real. Find x^2 + y^2.,365,100,False,symmetric_polynomial_identity,symmetric_polynomial_identity,True,expand_symmetric_identity,expand_symmetric_identity,True,"STRUCTURE: symmetric_polynomial_identity
TOOL: expand_symmetric_identity
ANSWER: 100"
test_unseen_00067,structure_aware,500,unseen,A square of side 33 is removed from a square of side 64. What area remains?,3007,100,False,factorization,transposition of pi,False,factor_difference_of_squares,substitute_expression,False,"STRUCTURE: transposition of pi
TOOL: substitute_expression
ANSWER: 100"
test_unseen_00068,structure_aware,500,unseen,A rule maps q to -q^2 + q + 10. Determine its output at q = 2.,8,-12,False,substitution,substitution,True,substitute_expression,substitute_expression,True,"STRUCTURE: substitution
TOOL: substitute_expression
ANSWER: -12"
test_unseen_00069,structure_aware,500,unseen,Find the value of y satisfying both constraints: x + 2y = 17 and 2x - 4y = -14.,6,-10,False,linear_elimination,linear_elimination,True,solve_linear_system,solve_linear_system,True,"STRUCTURE: linear_elimination
TOOL: solve_linear_system
ANSWER: -10"
test_unseen_00070,structure_aware,500,unseen,Complete the equivalent fractions: 11/8 = 66/[blank].,48,66,False,ratio_proportion,ratio_proportion,True,solve_proportion,solve_proportion,True,"STRUCTURE: ratio_proportion
TOOL: solve_proportion
ANSWER: 66"
test_unseen_00071,structure_aware,500,unseen,"Unroll b(n+1) = b(n) - 2, with b(1) = 10, to obtain b(13).",-14,100,False,recurrence,factorization,False,unroll_recurrence,factor_difference_of_squares,False,"STRUCTURE: factorization
TOOL: factor_difference_of_squares
ANSWER: 100"
test_unseen_00072,structure_aware,500,unseen,"Without solving for x and y, evaluate x^2 + y^2 when x + y = -18 and xy = 56.",212,189,False,symmetric_polynomial_identity,symmetric_polynomial_identity,True,expand_symmetric_identity,expand_symmetric_identity,True,"STRUCTURE: symmetric_polynomial_identity
TOOL: expand_symmetric_identity
ANSWER: 189"
test_unseen_00073,structure_aware,500,unseen,"Using (u - v)(u + v), calculate 40^2 - 25^2.",975,1600,False,factorization,factorization,True,factor_difference_of_squares,factor_difference_of_squares,True,"STRUCTURE: factorization
TOOL: factor_difference_of_squares
ANSWER: 1600"
test_unseen_00074,structure_aware,500,unseen,What number does 2u^2 + 5u - 3 produce when u is -7?,60,-17,False,substitution,symmetric_polynomial_identity,False,substitute_expression,expand_symmetric_identity,False,"STRUCTURE: symmetric_polynomial_identity
TOOL: expand_symmetric_identity
ANSWER: -17"
test_unseen_00075,structure_aware,500,unseen,The lines x - 4y = -33 and -5x - 2y = -11 intersect. Give the y-coordinate.,8,-1,False,linear_elimination,linear_elimination,True,solve_linear_system,solve_linear_system,True,"STRUCTURE: linear_elimination
TOOL: solve_linear_system
ANSWER: -1"
test_unseen_00076,structure_aware,500,unseen,"At a fixed rate, 2 items cost 7 dollars. What do 24 items cost?",84,724,False,ratio_proportion,ratio_proportion,True,solve_proportion,solve_proportion,True,"STRUCTURE: ratio_proportion
TOOL: solve_proportion
ANSWER: 724"
test_unseen_00077,structure_aware,500,unseen,A machine begins at 0; after each round it changes its value by -3. What value appears after 12 updates?,-36,-12,False,recurrence,recurrence,True,unroll_recurrence,unroll_recurrence,True,"STRUCTURE: recurrence
TOOL: unroll_recurrence
ANSWER: -12"
test_unseen_00078,structure_aware,500,unseen,The roots x and y of t^2 - (12)t + (35) = 0 are real. Find x^2 + y^2.,74,100,False,symmetric_polynomial_identity,symmetric_polynomial_identity,True,expand_symmetric_identity,expand_symmetric_identity,True,"STRUCTURE: symmetric_polynomial_identity
TOOL: expand_symmetric_identity
ANSWER: 100"
test_unseen_00079,structure_aware,500,unseen,A square of side 23 is removed from a square of side 52. What area remains?,2175,100,False,factorization,transposition of pi,False,factor_difference_of_squares,substitute_expression,False,"STRUCTURE: transposition of pi
TOOL: substitute_expression
ANSWER: 100"
test_unseen_00080,structure_aware,500,unseen,A rule maps q to 3q^2 - 8q + 6. Determine its output at q = 2.,2,12,False,substitution,substitution,True,substitute_expression,substitute_expression,True,"STRUCTURE: substitution
TOOL: substitute_expression
ANSWER: 12"
test_unseen_00081,structure_aware,500,unseen,Find the value of y satisfying both constraints: -3x + 5y = 24 and -2x + 4y = 16.,0,-12,False,linear_elimination,linear_elimination,True,solve_linear_system,solve_linear_system,True,"STRUCTURE: linear_elimination
TOOL: solve_linear_system
ANSWER: -12"
test_unseen_00082,structure_aware,500,unseen,Complete the equivalent fractions: 15/2 = 105/[blank].,14,105,False,ratio_proportion,simple_fraction,False,solve_proportion,solve_simple_fraction,False,"STRUCTURE: simple_fraction
TOOL: solve_simple_fraction
ANSWER: 105"
test_unseen_00083,structure_aware,500,unseen,"Unroll b(n+1) = b(n) - 4, with b(1) = -17, to obtain b(15).",-73,103,False,recurrence,factorization,False,unroll_recurrence,factor_difference_of_squares,False,"STRUCTURE: factorization
TOOL: factor_difference_of_squares
ANSWER: 103"
test_unseen_00084,structure_aware,500,unseen,"Without solving for x and y, evaluate x^2 + y^2 when x + y = -9 and xy = 18.",45,189,False,symmetric_polynomial_identity,symmetric_polynomial_identity,True,expand_symmetric_identity,expand_symmetric_identity,True,"STRUCTURE: symmetric_polynomial_identity
TOOL: expand_symmetric_identity
ANSWER: 189"
test_unseen_00085,structure_aware,500,unseen,"Using (u - v)(u + v), calculate 30^2 - 9^2.",819,216,False,factorization,factorization,True,factor_difference_of_squares,factor_difference_of_squares,True,"STRUCTURE: factorization
TOOL: factor_difference_of_squares
ANSWER: 216"
test_unseen_00086,structure_aware,500,unseen,What number does 3u^2 - 11 produce when u is 7?,136,19,False,substitution,symmetric_polynomial_identity,False,substitute_expression,expand_symmetric_identity,False,"STRUCTURE: symmetric_polynomial_identity
TOOL: expand_symmetric_identity
ANSWER: 19"
test_unseen_00087,structure_aware,500,unseen,The lines 3x + 2y = 8 and -5x - 5y = -25 intersect. Give the x-coordinate.,-2,-1,False,linear_elimination,linear_elimination,True,solve_linear_system,solve_linear_system,True,"STRUCTURE: linear_elimination
TOOL: solve_linear_system
ANSWER: -1"
test_unseen_00088,structure_aware,500,unseen,"At a fixed rate, 8 items cost 2 dollars. What do 80 items cost?",20,80,False,ratio_proportion,ratio_proportion,True,solve_proportion,solve_proportion,True,"STRUCTURE: ratio_proportion
TOOL: solve_proportion
ANSWER: 80"
test_unseen_00089,structure_aware,500,unseen,A machine begins at -13; after each round it changes its value by -7. What value appears after 14 updates?,-111,-72,False,recurrence,recurrence,True,unroll_recurrence,unroll_recurrence,True,"STRUCTURE: recurrence
TOOL: unroll_recurrence
ANSWER: -72"
test_unseen_00090,structure_aware,500,unseen,The roots x and y of t^2 - (13)t + (36) = 0 are real. Find x^2 + y^2.,97,100,False,symmetric_polynomial_identity,symmetric_polynomial_identity,True,expand_symmetric_identity,expand_symmetric_identity,True,"STRUCTURE: symmetric_polynomial_identity
TOOL: expand_symmetric_identity
ANSWER: 100"
test_unseen_00091,structure_aware,500,unseen,A square of side 16 is removed from a square of side 72. What area remains?,4928,104,False,factorization,Sudoku,False,factor_difference_of_squares,Sudoku,False,"STRUCTURE: Sudoku
TOOL: Sudoku
ANSWER: 104"
test_unseen_00092,structure_aware,500,unseen,A rule maps q to 4q^2 - 7q. Determine its output at q = 0.,0,10,False,substitution,substitution,True,substitute_expression,substitute_expression,True,"STRUCTURE: substitution
TOOL: substitute_expression
ANSWER: 10"
test_unseen_00093,structure_aware,500,unseen,Find the value of y satisfying both constraints: 5x - 2y = 31 and -4x + 3y = -15.,7,-15,False,linear_elimination,linear_elimination,True,solve_linear_system,solve_linear_system,True,"STRUCTURE: linear_elimination
TOOL: solve_linear_system
ANSWER: -15"
test_unseen_00094,structure_aware,500,unseen,Complete the equivalent fractions: 3/18 = 12/[blank].,72,12,False,ratio_proportion,ratio_proportion,True,solve_proportion,solve_proportion,True,"STRUCTURE: ratio_proportion
TOOL: solve_proportion
ANSWER: 12"
test_unseen_00095,structure_aware,500,unseen,"Unroll b(n+1) = b(n) - 3, with b(1) = -14, to obtain b(7).",-32,103,False,recurrence,factorization,False,unroll_recurrence,factor_difference_of_squares,False,"STRUCTURE: factorization
TOOL: factor_difference_of_squares
ANSWER: 103"
test_unseen_00096,structure_aware,500,unseen,"Without solving for x and y, evaluate x^2 + y^2 when x + y = -15 and xy = 56.",113,105,False,symmetric_polynomial_identity,symmetric_polynomial_identity,True,expand_symmetric_identity,expand_symmetric_identity,True,"STRUCTURE: symmetric_polynomial_identity
TOOL: expand_symmetric_identity
ANSWER: 105"
test_unseen_00097,structure_aware,500,unseen,"Using (u - v)(u + v), calculate 58^2 - 36^2.",2068,3169,False,factorization,factorization,True,factor_difference_of_squares,factor_difference_of_squares,True,"STRUCTURE: factorization
TOOL: factor_difference_of_squares
ANSWER: 3169"
test_unseen_00098,structure_aware,500,unseen,What number does -4u^2 + 8u produce when u is 4?,-32,-2,False,substitution,symmetric_polynomial_identity,False,substitute_expression,expand_symmetric_identity,False,"STRUCTURE: symmetric_polynomial_identity
TOOL: expand_symmetric_identity
ANSWER: -2"
test_unseen_00099,structure_aware,500,unseen,The lines 2x + y = 7 and -3x - 5y = 21 intersect. Give the y-coordinate.,-9,-1,False,linear_elimination,linear_elimination,True,solve_linear_system,solve_linear_system,True,"STRUCTURE: linear_elimination
TOOL: solve_linear_system
ANSWER: -1"
test_unseen_00100,structure_aware,500,unseen,"At a fixed rate, 5 items cost 8 dollars. What do 25 items cost?",40,15,False,ratio_proportion,ratio_proportion,True,solve_proportion,solve_proportion,True,"STRUCTURE: ratio_proportion
TOOL: solve_proportion
ANSWER: 15"
test_unseen_00101,structure_aware,500,unseen,A machine begins at 7; after each round it changes its value by 2. What value appears after 7 updates?,21,10,False,recurrence,recurrence,True,unroll_recurrence,unroll_recurrence,True,"STRUCTURE: recurrence
TOOL: unroll_recurrence
ANSWER: 10"
test_unseen_00102,structure_aware,500,unseen,The roots x and y of t^2 - (10)t + (-24) = 0 are real. Find x^2 + y^2.,148,100,False,symmetric_polynomial_identity,symmetric_polynomial_identity,True,expand_symmetric_identity,expand_symmetric_identity,True,"STRUCTURE: symmetric_polynomial_identity
TOOL: expand_symmetric_identity
ANSWER: 100"
test_unseen_00103,structure_aware,500,unseen,A square of side 23 is removed from a square of side 80. What area remains?,5871,108,False,factorization,Sudoku,False,factor_difference_of_squares,Sudoku,False,"STRUCTURE: Sudoku
TOOL: Sudoku
ANSWER: 108"
test_unseen_00104,structure_aware,500,unseen,A rule maps q to -5q^2 + 4q - 2. Determine its output at q = 0.,-2,-12,False,substitution,substitution,True,substitute_expression,substitute_expression,True,"STRUCTURE: substitution
TOOL: substitute_expression
ANSWER: -12"
test_unseen_00105,structure_aware,500,unseen,Find the value of x satisfying both constraints: -5x + 2y = -24 and 2x + 4y = 48.,8,12,False,linear_elimination,linear_elimination,True,solve_linear_system,solve_linear_system,True,"STRUCTURE: linear_elimination
TOOL: solve_linear_system
ANSWER: 12"
test_unseen_00106,structure_aware,500,unseen,Complete the equivalent fractions: 6/11 = 30/[blank].,55,30/11,False,ratio_proportion,ratio_proportion,True,solve_proportion,solve_proportion,True,"STRUCTURE: ratio_proportion
TOOL: solve_proportion
ANSWER: 30/11"
test_unseen_00107,structure_aware,500,unseen,"Unroll b(n+1) = b(n) + 1, with b(1) = 16, to obtain b(12).",27,1624,False,recurrence,multiplication_table,False,unroll_recurrence,multiply_table,False,"STRUCTURE: multiplication_table
TOOL: multiply_table
ANSWER: 1624"
test_unseen_00108,structure_aware,500,unseen,"Without solving for x and y, evaluate x^2 + y^2 when x + y = 15 and xy = 14.",197,199,False,symmetric_polynomial_identity,symmetric_polynomial_identity,True,expand_symmetric_identity,expand_symmetric_identity,True,"STRUCTURE: symmetric_polynomial_identity
TOOL: expand_symmetric_identity
ANSWER: 199"
test_unseen_00109,structure_aware,500,unseen,"Using (u - v)(u + v), calculate 74^2 - 15^2.",5251,4169,False,factorization,factorization,True,factor_difference_of_squares,factor_difference_of_squares,True,"STRUCTURE: factorization
TOOL: factor_difference_of_squares
ANSWER: 4169"
test_unseen_00110,structure_aware,500,unseen,What number does -5u^2 - 6u - 6 produce when u is 0?,-6,-12,False,substitution,symmetric_polynomial_identity,False,substitute_expression,expand_symmetric_identity,False,"STRUCTURE: symmetric_polynomial_identity
TOOL: expand_symmetric_identity
ANSWER: -12"
test_unseen_00111,structure_aware,500,unseen,The lines -3x - y = 2 and -5x - 5y = 10 intersect. Give the x-coordinate.,0,-1,False,linear_elimination,linear_elimination,True,solve_linear_system,solve_linear_system,True,"STRUCTURE: linear_elimination
TOOL: solve_linear_system
ANSWER: -1"
test_unseen_00112,structure_aware,500,unseen,"At a fixed rate, 8 items cost 17 dollars. What do 80 items cost?",170,80,False,ratio_proportion,ratio_proportion,True,solve_proportion,solve_proportion,True,"STRUCTURE: ratio_proportion
TOOL: solve_proportion
ANSWER: 80"
test_unseen_00113,structure_aware,500,unseen,A machine begins at 18; after each round it changes its value by -2. What value appears after 5 updates?,8,-2,False,recurrence,recurrence,True,unroll_recurrence,unroll_recurrence,True,"STRUCTURE: recurrence
TOOL: unroll_recurrence
ANSWER: -2"
test_unseen_00114,structure_aware,500,unseen,The roots x and y of t^2 - (9)t + (14) = 0 are real. Find x^2 + y^2.,53,10,False,symmetric_polynomial_identity,symmetric_polynomial_identity,True,expand_symmetric_identity,expand_symmetric_identity,True,"STRUCTURE: symmetric_polynomial_identity
TOOL: expand_symmetric_identity
ANSWER: 10"
test_unseen_00115,structure_aware,500,unseen,A square of side 14 is removed from a square of side 77. What area remains?,5733,100,False,factorization,Sudoku,False,factor_difference_of_squares,Sudoku,False,"STRUCTURE: Sudoku
TOOL: Sudoku
ANSWER: 100"
test_unseen_00116,structure_aware,500,unseen,A rule maps q to -q^2 + 2q - 8. Determine its output at q = 7.,-43,-12,False,substitution,substitution,True,substitute_expression,substitute_expression,True,"STRUCTURE: substitution
TOOL: substitute_expression
ANSWER: -12"
test_unseen_00117,structure_aware,500,unseen,Find the value of y satisfying both constraints: 5x + 3y = 15 and 4x + y = 12.,0,15,False,linear_elimination,linear_elimination,True,solve_linear_system,solve_linear_system,True,"STRUCTURE: linear_elimination
TOOL: solve_linear_system
ANSWER: 15"
test_unseen_00118,structure_aware,500,unseen,Complete the equivalent fractions: 10/3 = 70/[blank].,21,70,False,ratio_proportion,simple_fraction,False,solve_proportion,solve_simple_fraction,False,"STRUCTURE: simple_fraction
TOOL: solve_simple_fraction
ANSWER: 70"
test_unseen_00119,structure_aware,500,unseen,"Unroll b(n+1) = b(n) - 1, with b(1) = -16, to obtain b(3).",-18,120,False,recurrence,factorization,False,unroll_recurrence,factor_difference_of_squares,False,"STRUCTURE: factorization
TOOL: factor_difference_of_squares
ANSWER: 120"
