id,train_size,split,problem,gold_structure,predicted_structure,structure_correct,gold_tool,predicted_tool,tool_correct,gold_tool_args,predicted_tool_args,argument_parse_success,argument_schema_valid,argument_exact_match,argument_semantically_equivalent,plugin_execution_success,gold_answer,plugin_answer,final_answer_correct,oracle_plugin_answer,oracle_plugin_correct,error_category,raw_prediction
test_seen_00000,50,seen,Solve the simultaneous relations -4x + 2y = 32 and 4x + 2y = -32. Find x.,two_linear_relations,linear_system,False,elimination,substitution,False,"{""equations"":[""-4*x + 2*y - 32"",""4*x + 2*y + 32""],""target"":""x""}","{""equations"":[""-4*x + 2*y"",""4*x + 2*y""],""method"":""solving"",""target"":""x""}",True,False,False,False,False,-8,,False,-8,True,wrong_structure,"STRUCTURE: linear_system
TOOL: substitution
ARGUMENTS: {""equations"":[""-4*x + 2*y"",""4*x + 2*y""],""method"":""solving"",""target"":""x""}"
test_seen_00001,50,seen,"Given y = 2x + 3, insert it into 5x + 4y = 103 and find y.",two_linear_relations,two_variables,False,substitution,substitution,True,"{""equations"":[""-2*x + y - 3"",""5*x + 4*y - 103""],""mode"":""solve_system"",""target"":""y""}","{""expression"":""5*x + 4*(2*x + 3)"",""mode"":""evaluate"",""target"":""y""}",True,False,False,False,False,17,,False,17,True,wrong_structure,"STRUCTURE: two_variables
TOOL: substitution
ARGUMENTS: {""expression"":""5*x + 4*(2*x + 3)"",""mode"":""evaluate"",""target"":""y""}"
test_seen_00002,50,seen,Use the product pattern for a difference of squares to compute 39^2 - 27^2.,polynomial_identity,difference_of_squares,False,factorization,factoring,False,"{""expression"":""u**2 - v**2"",""mode"":""evaluate"",""substitutions"":{""u"":39,""v"":27}}","{""expression"":""(a-b)*(a+b)"",""mode"":""evaluate"",""substitutions"":{""a"":39,""b"":27}}",True,False,False,False,False,792,,False,792,True,wrong_structure,"STRUCTURE: difference_of_squares
TOOL: factoring
ARGUMENTS: {""expression"":""(a-b)*(a+b)"",""mode"":""evaluate"",""substitutions"":{""a"":39,""b"":27}}"
test_seen_00003,50,seen,Expand the square and evaluate (5 + 8)^2.,polynomial_identity,bin_expansion,False,expansion,expansion,True,"{""expression"":""(a + b)**2"",""mode"":""evaluate"",""substitutions"":{""a"":5,""b"":8}}","{""base"":5,""exponent"":2,""expression"":""(a*b)**2"",""mode"":""evaluate""}",True,False,False,False,False,169,,False,169,True,wrong_structure,"STRUCTURE: bin_expansion
TOOL: expansion
ARGUMENTS: {""expression"":""(a*b)**2"",""mode"":""evaluate"",""base"":5,""exponent"":2}"
test_seen_00004,50,seen,"At a fixed rate, 8 items cost 6 dollars. What do 24 items cost?",equivalent_ratios,equivalent_rates,False,proportional_scaling,proportionality,False,"{""base_quantity"":8,""base_value"":6,""target_quantity"":24}","{""item1"":8,""item2"":6,""target"":""quantity""}",True,False,False,False,False,18,,False,18,True,wrong_structure,"STRUCTURE: equivalent_rates
TOOL: proportionality
ARGUMENTS: {""item1"":8,""item2"":6,""target"":""quantity""}"
test_seen_00005,50,seen,Solve the proportion 4/18 = 12/x for x.,equivalent_ratios,mixed_proportion,False,cross_multiplication,substitution,False,"{""left_den"":18,""left_num"":4,""right_num"":12}","{""expression"":""4*x"",""mode"":""solve"",""operations"":[""divide"",""multiply""],""target"":12}",True,False,False,False,False,54,,False,54,True,wrong_structure,"STRUCTURE: mixed_proportion
TOOL: substitution
ARGUMENTS: {""expression"":""4*x"",""mode"":""solve"",""target"":12,""operations"":[""divide"",""multiply""]}"
test_seen_00006,50,seen,A sequence starts at 11 and changes by -5 each term. Iterate to find term 15.,additive_recurrence,additive_growth,False,iteration,iteration,True,"{""start"":11,""step"":-5,""updates"":14}","{""limit"":15,""start"":11,""step"":-5}",True,False,False,False,False,-59,,False,-59,True,wrong_structure,"STRUCTURE: additive_growth
TOOL: iteration
ARGUMENTS: {""start"":11,""step"":-5,""limit"":15}"
test_seen_00007,50,seen,An arithmetic sequence has formula a(n) = 4 + (n - 1)(8). Substitute n = 7.,additive_recurrence,recurrence_relation,False,substitution,substitution,True,"{""expression"":""4 + (n - 1)*(8)"",""mode"":""evaluate"",""substitutions"":{""n"":7}}","{""expression"":""(n-1)*(8)+4"",""mode"":""evaluate"",""substitutions"":{""n"":7}}",True,True,False,True,True,52,52,True,52,True,,"STRUCTURE: recurrence_relation
TOOL: substitution
ARGUMENTS: {""expression"":""(n-1)*(8)+4"",""mode"":""evaluate"",""substitutions"":{""n"":7}}"
test_seen_00008,50,seen,"If x + y = -7 and xy = -30, use a square expansion to find x^2 + y^2.",symmetric_sum_product,polynomial,False,expansion,,False,"{""mode"":""symmetric_square_sum"",""product"":-30,""sum"":-7}","{""input"":[""-7"",""-30""],""method"":""factorization"",""sub_method"":""square_roots"",""target"":""x^2+y^2""}",True,False,False,False,False,109,,False,109,True,wrong_structure,"STRUCTURE: polynomial
algorithm
ARGUMENTS: {""method"":""factorization"",""sub_method"":""square_roots"",""input"":[""-7"",""-30""],""target"":""x^2+y^2""}"
test_seen_00009,50,seen,"Factor t^2 + 16t + 39 = 0 to obtain its two roots, then give the sum of their squares.",symmetric_sum_product,quadratic_formula,False,factorization,factorization,True,"{""mode"":""root_power_sum"",""polynomial"":""t**2 + 16*t + 39"",""power"":2,""variable"":""t""}","{""equation"":""-3*t**2 - 16*t - 39"",""mode"":""solve"",""target"":""roots_sum_of_squares""}",True,False,False,False,False,178,,False,178,True,wrong_structure,"STRUCTURE: quadratic_formula
TOOL: factorization
ARGUMENTS: {""equation"":""-3*t**2 - 16*t - 39"",""mode"":""solve"",""target"":""roots_sum_of_squares""}"
test_seen_00010,50,seen,"For f(t) = -5t^2 - 7t - 7, substitute t = -7 and find f(-7).",transformed_expression,polynomial,False,substitution,substitution,True,"{""expression"":""-5*t**2 - 7*t - 7"",""mode"":""evaluate"",""substitutions"":{""t"":-7}}","{""expression"":""-5*t**2 - 7*t - 7"",""mode"":""evaluate"",""substitutions"":{""t"":-7}}",True,True,True,True,True,-203,-203,True,-203,True,,"STRUCTURE: polynomial
TOOL: substitution
ARGUMENTS: {""expression"":""-5*t**2 - 7*t - 7"",""mode"":""evaluate"",""substitutions"":{""t"":-7}}"
test_seen_00011,50,seen,Expand (x + -5)(x + -1) and evaluate it at x = -3.,transformed_expression,product_expansion,False,expansion,expansion_multiplication,False,"{""expression"":""(x - 5)*(x - 1)"",""mode"":""evaluate"",""substitutions"":{""x"":-3}}","{""base_value"":-3,""expression"":""(x + -5)*(x + -1)"",""mode"":""evaluate""}",True,False,False,False,False,32,,False,32,True,wrong_structure,"STRUCTURE: product_expansion
TOOL: expansion_multiplication
ARGUMENTS: {""expression"":""(x + -5)*(x + -1)"",""mode"":""evaluate"",""base_value"":-3}"
test_seen_00012,50,seen,Two linear constraints hold: 4x + 5y = -2; 5x + 5y = 5. Determine x.,two_linear_relations,two_linear_constraints,False,elimination,substitution,False,"{""equations"":[""4*x + 5*y + 2"",""5*x + 5*y - 5""],""target"":""x""}","{""equations"":[""4*x + 5*y + 0*z == -2"",""5*x + 5*y + 0*z == 5""],""mode"":""solve"",""variables"":[""x"",""y""]}",True,False,False,False,False,7,,False,7,True,wrong_structure,"STRUCTURE: two_linear_constraints
TOOL: substitution
ARGUMENTS: {""equations"":[""4*x + 5*y + 0*z == -2"",""5*x + 5*y + 0*z == 5""],""variables"":[""x"",""y""],""mode"":""solve""}"
test_seen_00013,50,seen,The linked relations are y = 5x + 6 and x + y = -30. What is y?,two_linear_relations,two_linear_relations,True,substitution,substitution,True,"{""equations"":[""-5*x + y - 6"",""x + y + 30""],""mode"":""solve_system"",""target"":""y""}","{""relations"":[""y"",""x""], ""terms"":""-6+5*x"", ""constants"":[-1,6], ""domain"":{-24:1,-9:2}}",False,False,False,False,False,-24,,False,-24,True,invalid_arguments,"STRUCTURE: two_linear_relations
TOOL: substitution
ARGUMENTS: {""relations"":[""y"",""x""], ""terms"":""-6+5*x"", ""constants"":[-1,6], ""domain"":{-24:1,-9:2}}"
test_seen_00014,50,seen,Evaluate 29^2 - 12^2 by rewriting it as a product.,polynomial_identity,polynomial,False,factorization,expansion,False,"{""expression"":""u**2 - v**2"",""mode"":""evaluate"",""substitutions"":{""u"":29,""v"":12}}","{""expression"":""a**2 - b**2"",""mode"":""evaluate"",""substitutions"":{""a"":29,""b"":12}}",True,True,False,False,True,697,697,True,697,True,,"STRUCTURE: polynomial
TOOL: expansion
ARGUMENTS: {""expression"":""a**2 - b**2"",""mode"":""evaluate"",""substitutions"":{""a"":29,""b"":12}}"
test_seen_00015,50,seen,Use the binomial-square identity to compute (7 + 22)^2.,polynomial_identity,multiply,False,expansion,expansion,True,"{""expression"":""(a + b)**2"",""mode"":""evaluate"",""substitutions"":{""a"":7,""b"":22}}","{""expression"":""(a+b)**2"",""mode"":""evaluate"",""values"":{""a"":7,""b"":22}}",True,False,False,False,False,841,,False,841,True,wrong_structure,"STRUCTURE: multiply
TOOL: expansion
ARGUMENTS: {""expression"":""(a+b)**2"",""mode"":""evaluate"",""values"":{""a"":7,""b"":22}}"
test_seen_00016,50,seen,Scale the ratio 11:10 to 22:x. Find x.,equivalent_ratios,ratio_scale,False,proportional_scaling,scaling,False,"{""base_quantity"":11,""base_value"":10,""target_quantity"":22}","{""operation"":""scale"",""source_ratio"":11,""target_ratio"":22}",True,False,False,False,False,20,,False,20,True,wrong_structure,"STRUCTURE: ratio_scale
TOOL: scaling
ARGUMENTS: {""operation"":""scale"",""source_ratio"":11,""target_ratio"":22}"
test_seen_00017,50,seen,Cross-multiply 13:7 = 91:x and determine x.,equivalent_ratios,two_factor_equations,False,cross_multiplication,substitution,False,"{""left_den"":7,""left_num"":13,""right_num"":91}","{""expression"":""(a*b) / (c*d)"",""mode"":""solve"",""substitutions"":{""a"":13,""b"":7,""c"":91,""d"":1}}",True,False,False,False,False,49,,False,49,True,wrong_structure,"STRUCTURE: two_factor_equations
TOOL: substitution
ARGUMENTS: {""expression"":""(a*b) / (c*d)"",""mode"":""solve"",""substitutions"":{""a"":13,""b"":7,""c"":91,""d"":1}}"
test_seen_00018,50,seen,"Given a1 = 18 and a(n+1) = a(n) - 7, find a11.",additive_recurrence,additive_memoization,False,iteration,recursion,False,"{""start"":18,""step"":-7,""updates"":10}","{""base"":""18"",""depth"":2,""increment"":-7}",True,False,False,False,False,-52,,False,-52,True,wrong_structure,"STRUCTURE: additive_memoization
TOOL: recursion
ARGUMENTS: {""base"":""18"",""increment"":-7,""depth"":2}"
test_seen_00019,50,seen,Use the closed form b(n) = -13 + (n - 1)(1) to find b(10).,additive_recurrence,fixed_formula,False,substitution,substitution,True,"{""expression"":""-13 + (n - 1)*(1)"",""mode"":""evaluate"",""substitutions"":{""n"":10}}","{""expression"":""-13 + n*(1 - 1)"",""mode"":""evaluate"",""substitutions"":{""n"":10}}",True,True,False,False,True,-4,-13,False,-4,True,wrong_structure,"STRUCTURE: fixed_formula
TOOL: substitution
ARGUMENTS: {""expression"":""-13 + n*(1 - 1)"",""mode"":""evaluate"",""substitutions"":{""n"":10}}"
test_seen_00020,50,seen,Two numbers have sum 22 and product 117. Compute the sum of their squares from the symmetric identity.,symmetric_sum_product,two_numbers,False,expansion,factorization,False,"{""mode"":""symmetric_square_sum"",""product"":117,""sum"":22}","{""algorithm"":""symmetric_product"",""expression"":""x+y==22&&x*y==117"",""mode"":""solve"",""target"":""sum(x*x, y*y)""}",True,False,False,False,False,250,,False,250,True,wrong_structure,"STRUCTURE: two_numbers
TOOL: factorization
ARGUMENTS: {""expression"":""x+y==22&&x*y==117"",""mode"":""solve"",""target"":""sum(x*x, y*y)"",""algorithm"":""symmetric_product""}"
test_seen_00021,50,seen,The roots of t^2 - 23t + 120 = 0 are r and s. Find r^2 + s^2 by factoring the quadratic.,symmetric_sum_product,symmetric_sum_product,True,factorization,factorization,True,"{""mode"":""root_power_sum"",""polynomial"":""t**2 - 23*t + 120"",""power"":2,""variable"":""t""}","{""expression"":""-23*t + 120"",""mode"":""evaluate_roots"",""target"":""r**2 + s**2""}",True,False,False,False,False,289,,False,289,True,invalid_arguments,"STRUCTURE: symmetric_sum_product
TOOL: factorization
ARGUMENTS: {""expression"":""-23*t + 120"",""mode"":""evaluate_roots"",""target"":""r**2 + s**2""}"
test_seen_00022,50,seen,Evaluate the transformed expression z^2 + 5z - 11 at z = 0.,transformed_expression,modular_equation,False,substitution,substitution,True,"{""expression"":""t**2 + 5*t - 11"",""mode"":""evaluate"",""substitutions"":{""t"":0}}","{""expression"":""z**2 + 5*z - 11"",""mode"":""evaluate"",""target_value"":0}",True,False,False,False,False,-11,,False,-11,True,wrong_structure,"STRUCTURE: modular_equation
TOOL: substitution
ARGUMENTS: {""expression"":""z**2 + 5*z - 11"",""mode"":""evaluate"",""target_value"":0}"
test_seen_00023,50,seen,"Open the product (x + 3)(x + 9), then set x = 5.",transformed_expression,polynomial,False,expansion,expansion,True,"{""expression"":""(x + 3)*(x + 9)"",""mode"":""evaluate"",""substitutions"":{""x"":5}}","{""base"":5,""expression"":""(x + 3)*(x + 9)"",""mode"":""evaluate""}",True,False,False,False,False,112,,False,112,True,wrong_structure,"STRUCTURE: polynomial
TOOL: expansion
ARGUMENTS: {""expression"":""(x + 3)*(x + 9)"",""mode"":""evaluate"",""base"":5}"
test_seen_00024,50,seen,Solve the simultaneous relations 5x - 4y = 30 and 5x - 3y = 25. Find y.,two_linear_relations,two_linear_relations,True,elimination,substitution,False,"{""equations"":[""5*x - 4*y - 30"",""5*x - 3*y - 25""],""target"":""y""}","{""equations"":[""5*x - 4*y"",""5*x - 3*y""],""mode"":""solve"",""target"":""y""}",True,False,False,False,False,-5,,False,-5,True,wrong_tool,"STRUCTURE: two_linear_relations
TOOL: substitution
ARGUMENTS: {""equations"":[""5*x - 4*y"",""5*x - 3*y""],""mode"":""solve"",""target"":""y""}"
test_seen_00025,50,seen,"Given y = 4x + 5, insert it into 3x + 5y = -113 and find x.",two_linear_relations,two_linear_eqs,False,substitution,substitution,True,"{""equations"":[""-4*x + y - 5"",""3*x + 5*y + 113""],""mode"":""solve_system"",""target"":""x""}","{""constants"":[-5,-20,113],""equations"":[""2*x - y"",""-10*x + 5*y"",""-113""]}",True,False,False,False,False,-6,,False,-6,True,wrong_structure,"STRUCTURE: two_linear_eqs
TOOL: substitution
ARGUMENTS: {""equations"":[""2*x - y"",""-10*x + 5*y"",""-113""],""constants"":[-5,-20,113]}"
test_seen_00026,50,seen,Use the product pattern for a difference of squares to compute 12^2 - 11^2.,polynomial_identity,difference_of_squares,False,factorization,factoring,False,"{""expression"":""u**2 - v**2"",""mode"":""evaluate"",""substitutions"":{""u"":12,""v"":11}}","{""expression"":""(a+b)*(a-b)"",""mode"":""evaluate"",""operands"":[{""value"":""12""},{""value"":""11""}],""operation"":""multiply"",""target"":36}",True,False,False,False,False,23,,False,23,True,wrong_structure,"STRUCTURE: difference_of_squares
TOOL: factoring
ARGUMENTS: {""expression"":""(a+b)*(a-b)"",""mode"":""evaluate"",""target"":36,""operation"":""multiply"",""operands"":[{""value"":""12""},{""value"":""11""}]}"
test_seen_00027,50,seen,Expand the square and evaluate (8 + 9)^2.,polynomial_identity,bin_expansion,False,expansion,expansion,True,"{""expression"":""(a + b)**2"",""mode"":""evaluate"",""substitutions"":{""a"":8,""b"":9}}","{""base"":8,""exponent"":2,""expression"":""(a*b)**2"",""mode"":""evaluate""}",True,False,False,False,False,289,,False,289,True,wrong_structure,"STRUCTURE: bin_expansion
TOOL: expansion
ARGUMENTS: {""expression"":""(a*b)**2"",""mode"":""evaluate"",""base"":8,""exponent"":2}"
test_seen_00028,50,seen,"At a fixed rate, 13 items cost 2 dollars. What do 52 items cost?",equivalent_ratios,quantity_cost_relation,False,proportional_scaling,proportionality,False,"{""base_quantity"":13,""base_value"":2,""target_quantity"":52}","{""item_quantity"":13,""total_cost"":2,""unit_price"":""per item""}",True,False,False,False,False,8,,False,8,True,wrong_structure,"STRUCTURE: quantity_cost_relation
TOOL: proportionality
ARGUMENTS: {""item_quantity"":13,""total_cost"":2,""unit_price"":""per item""}"
test_seen_00029,50,seen,Solve the proportion 3/19 = 21/x for x.,equivalent_ratios,mixed_proportion,False,cross_multiplication,substitution,False,"{""left_den"":19,""left_num"":3,""right_num"":21}","{""expression"":""3/19"",""mode"":""solve"",""target"":21}",True,False,False,False,False,133,,False,133,True,wrong_structure,"STRUCTURE: mixed_proportion
TOOL: substitution
ARGUMENTS: {""expression"":""3/19"",""mode"":""solve"",""target"":21}"
test_seen_00030,50,seen,A sequence starts at 11 and changes by -1 each term. Iterate to find term 15.,additive_recurrence,additive_growth,False,iteration,iteration,True,"{""start"":11,""step"":-1,""updates"":14}","{""limit"":15,""start"":11,""step"":-1}",True,False,False,False,False,-3,,False,-3,True,wrong_structure,"STRUCTURE: additive_growth
TOOL: iteration
ARGUMENTS: {""start"":11,""step"":-1,""limit"":15}"
test_seen_00031,50,seen,An arithmetic sequence has formula a(n) = 9 + (n - 1)(2). Substitute n = 9.,additive_recurrence,recurrence_relation,False,substitution,substitution,True,"{""expression"":""9 + (n - 1)*(2)"",""mode"":""evaluate"",""substitutions"":{""n"":9}}","{""expression"":""(n-1)*2 + 9 + 2"",""mode"":""evaluate"",""substitutions"":{""n"":9}}",True,True,False,False,True,25,27,False,25,True,wrong_structure,"STRUCTURE: recurrence_relation
TOOL: substitution
ARGUMENTS: {""expression"":""(n-1)*2 + 9 + 2"",""mode"":""evaluate"",""substitutions"":{""n"":9}}"
test_seen_00032,50,seen,"If x + y = -6 and xy = -91, use a square expansion to find x^2 + y^2.",symmetric_sum_product,polynomial,False,expansion,,False,"{""mode"":""symmetric_square_sum"",""product"":-91,""sum"":-6}","{""expression"":""-x*x + 2*x*y + y*y"",""mode"":""expand"",""substitutions"":{""x"":-6,""y"":-91},""target"":""x^2+y^2""}",True,False,False,False,False,218,,False,218,True,wrong_structure,"STRUCTURE: polynomial
algorithm
ARGUMENTS: {""expression"":""-x*x + 2*x*y + y*y"",""mode"":""expand"",""substitutions"":{""x"":-6,""y"":-91},""target"":""x^2+y^2""}"
test_seen_00033,50,seen,"Factor t^2 + 27t + 182 = 0 to obtain its two roots, then give the sum of their squares.",symmetric_sum_product,quadratic_formula,False,factorization,factorization,True,"{""mode"":""root_power_sum"",""polynomial"":""t**2 + 27*t + 182"",""power"":2,""variable"":""t""}","{""equation"":""-2*t**2 + 27*t - 182"",""method"":""factor"",""mode"":""numeric"",""precision"":3}",True,False,False,False,False,365,,False,365,True,wrong_structure,"STRUCTURE: quadratic_formula
TOOL: factorization
ARGUMENTS: {""equation"":""-2*t**2 + 27*t - 182"",""method"":""factor"",""mode"":""numeric"",""precision"":3}"
test_seen_00034,50,seen,"For f(t) = -2t^2 + 4t - 6, substitute t = 3 and find f(3).",transformed_expression,polynomial,False,substitution,substitution,True,"{""expression"":""-2*t**2 + 4*t - 6"",""mode"":""evaluate"",""substitutions"":{""t"":3}}","{""expression"":""-2*t**2 + 4*t - 6"",""mode"":""evaluate"",""substitutions"":{""t"":3}}",True,True,True,True,True,-12,-12,True,-12,True,,"STRUCTURE: polynomial
TOOL: substitution
ARGUMENTS: {""expression"":""-2*t**2 + 4*t - 6"",""mode"":""evaluate"",""substitutions"":{""t"":3}}"
test_seen_00035,50,seen,Expand (z + 8)(z + 2) and evaluate it at z = -3.,transformed_expression,binomial_product,False,expansion,expansion,True,"{""expression"":""(z + 2)*(z + 8)"",""mode"":""evaluate"",""substitutions"":{""z"":-3}}","{""expression"":""(x+y)*(x+z)"",""mode"":""evaluate"",""substitutions"":{""x"":-3,""y"":8,""z"":-2}}",True,True,False,False,True,-5,-25,False,-5,True,wrong_structure,"STRUCTURE: binomial_product
TOOL: expansion
ARGUMENTS: {""expression"":""(x+y)*(x+z)"",""mode"":""evaluate"",""substitutions"":{""x"":-3,""y"":8,""z"":-2}}"
test_seen_00036,50,seen,Two linear constraints hold: -3x + 3y = -15; -3x - 2y = -35. Determine x.,two_linear_relations,two_linear_constraints,False,elimination,substitution,False,"{""equations"":[""-3*x + 3*y + 15"",""-3*x - 2*y + 35""],""target"":""x""}","{""equations"":[""-3*x + 3*y"",""-3*x - 2*y""],""mode"":""solve"",""target"":""x""}",True,False,False,False,False,9,,False,9,True,wrong_structure,"STRUCTURE: two_linear_constraints
TOOL: substitution
ARGUMENTS: {""equations"":[""-3*x + 3*y"",""-3*x - 2*y""],""mode"":""solve"",""target"":""x""}"
test_seen_00037,50,seen,The linked relations are y = -x - 1 and x - 2y = -4. What is x?,two_linear_relations,linear_system,False,substitution,elimination,False,"{""equations"":[""x + y + 1"",""x - 2*y + 4""],""mode"":""solve_system"",""target"":""x""}","{""relations"":[""-x + y - 1"",""x - 2*y + 4""]}",True,False,False,False,False,-2,,False,-2,True,wrong_structure,"STRUCTURE: two_linear_relations
TOOL: substitution
ARGUMENTS: {""relations"":[""-x + y - 1"", ""x - 2*y + 4""]}

STRUCTURE: linear_system
TOOL: elimination
ARGUMENTS: {""equations"":[""y + x - 1"", ""-x + 2*y + 4""]}"
test_seen_00038,50,seen,Evaluate 79^2 - 26^2 by rewriting it as a product.,polynomial_identity,polynomial_identity,True,factorization,expansion,False,"{""expression"":""u**2 - v**2"",""mode"":""evaluate"",""substitutions"":{""u"":79,""v"":26}}","{""expression"":""(a + b) * (a - b)"",""mode"":""evaluate"",""operation"":""multiplication"",""operands"":[79,26]]",False,False,False,False,False,5565,,False,5565,True,wrong_tool,"STRUCTURE: polynomial_identity
TOOL: expansion
ARGUMENTS: {""expression"":""(a + b) * (a - b)"",""mode"":""evaluate"",""operation"":""multiplication"",""operands"":[79,26]]"
test_seen_00039,50,seen,Use the binomial-square identity to compute (26 + 16)^2.,polynomial_identity,commutative_property,False,expansion,expansion,True,"{""expression"":""(a + b)**2"",""mode"":""evaluate"",""substitutions"":{""a"":26,""b"":16}}","{""expression"":""(a*b)**2"",""mode"":""evaluate"",""substitutions"":{""a"":26,""b"":16}}",True,True,False,False,True,1764,173056,False,1764,True,wrong_structure,"STRUCTURE: commutative_property
TOOL: expansion
ARGUMENTS: {""expression"":""(a*b)**2"",""mode"":""evaluate"",""substitutions"":{""a"":26,""b"":16}}"
test_seen_00040,50,seen,Scale the ratio 9:18 to 18:x. Find x.,equivalent_ratios,equivalent_ratios,True,proportional_scaling,scaling,False,"{""base_quantity"":9,""base_value"":18,""target_quantity"":18}","{""operation"":""scale"",""source_ratio"":9,""target_ratio"":18}",True,False,False,False,False,36,,False,36,True,wrong_tool,"STRUCTURE: equivalent_ratios
TOOL: scaling
ARGUMENTS: {""operation"":""scale"",""source_ratio"":9,""target_ratio"":18}"
test_seen_00041,50,seen,Cross-multiply 3:2 = 6:x and determine x.,equivalent_ratios,two_by_two_matrix,False,cross_multiplication,inverse,False,"{""left_den"":2,""left_num"":3,""right_num"":6}","{""matrix"":""|3  2|"",""target"":""6 x""}",True,False,False,False,False,4,,False,4,True,wrong_structure,"STRUCTURE: two_by_two_matrix
TOOL: inverse
ARGUMENTS: {""matrix"":""|3  2|"",""target"":""6 x""}"
test_seen_00042,50,seen,"Given a1 = -19 and a(n+1) = a(n) + 9, find a12.",additive_recurrence,additive_memoization,False,iteration,recursion,False,"{""start"":-19,""step"":9,""updates"":11}","{""base"":""-19"",""increment"":9,""recursive_step"":""addition""}",True,False,False,False,False,80,,False,80,True,wrong_structure,"STRUCTURE: additive_memoization
TOOL: recursion
ARGUMENTS: {""base"":""-19"",""increment"":9,""recursive_step"":""addition""}"
test_seen_00043,50,seen,Use the closed form b(n) = 12 + (n - 1)(8) to find b(11).,additive_recurrence,closed_form,False,substitution,substitution,True,"{""expression"":""12 + (n - 1)*(8)"",""mode"":""evaluate"",""substitutions"":{""n"":11}}","{""expression"":""12+n-1*8"",""substituting"":[11,8]}",True,False,False,False,False,92,,False,92,True,wrong_structure,"STRUCTURE: closed_form
TOOL: substitution
ARGUMENTS: {""expression"":""12+n-1*8"",""substituting"":[11,8]}"
test_seen_00044,50,seen,Two numbers have sum 3 and product -180. Compute the sum of their squares from the symmetric identity.,symmetric_sum_product,two_numbers,False,expansion,factorization,False,"{""mode"":""symmetric_square_sum"",""product"":-180,""sum"":3}","{""expression"":""a+b"",""mode"":""product"",""operation"":""multiply"",""target"":-180,""values"":[2,9]}",True,False,False,False,False,369,,False,369,True,wrong_structure,"STRUCTURE: two_numbers
TOOL: factorization
ARGUMENTS: {""expression"":""a+b"",""mode"":""product"",""values"":[2,9],""target"":-180,""operation"":""multiply""}"
test_seen_00045,50,seen,The roots of t^2 + 15t + 56 = 0 are r and s. Find r^2 + s^2 by factoring the quadratic.,symmetric_sum_product,symmetric_sum_product,True,factorization,factorization,True,"{""mode"":""root_power_sum"",""polynomial"":""t**2 + 15*t + 56"",""power"":2,""variable"":""t""}","{""expression"":""-15*t**2 - 56*t + 56"",""mode"":""evaluate"",""substitutions"":{""a"":-15,""b"":-56,""t"":-16}}",True,True,False,False,True,113,-2888,False,113,True,valid_but_wrong_arguments,"STRUCTURE: symmetric_sum_product
TOOL: factorization
ARGUMENTS: {""expression"":""-15*t**2 - 56*t + 56"",""mode"":""evaluate"",""substitutions"":{""t"":-16,""a"":-15,""b"":-56}}"
test_seen_00046,50,seen,Evaluate the transformed expression -3z^2 + 6z + 12 at z = -1.,transformed_expression,polynomial_expression,False,substitution,substitution,True,"{""expression"":""-3*t**2 + 6*t + 12"",""mode"":""evaluate"",""substitutions"":{""t"":-1}}","{""expression"":""-3*z**2 + 6*z + 12"",""mode"":""evaluate"",""values"":{""z"":-1}}",True,False,False,False,False,3,,False,3,True,wrong_structure,"STRUCTURE: polynomial_expression
TOOL: substitution
ARGUMENTS: {""expression"":""-3*z**2 + 6*z + 12"",""mode"":""evaluate"",""values"":{""z"":-1}}"
test_seen_00047,50,seen,"Open the product (x + -6)(x + -3), then set x = -7.",transformed_expression,polynomial,False,expansion,expansion,True,"{""expression"":""(x - 6)*(x - 3)"",""mode"":""evaluate"",""substitutions"":{""x"":-7}}","{""expression"":""-6*x**2 - 3*x + 18*x + 42*sqrt(3)*x**0.5 + 9*sqrt(3)*x**0.5 + 18*x**0.5 + 18*x**0.5 + 18*x**0.5 + 18*x**0.5 +",False,False,False,False,False,130,,False,130,True,wrong_structure,"STRUCTURE: polynomial
TOOL: expansion
ARGUMENTS: {""expression"":""-6*x**2 - 3*x + 18*x + 42*sqrt(3)*x**0.5 + 9*sqrt(3)*x**0.5 + 18*x**0.5 + 18*x**0.5 + 18*x**0.5 + 18*x**0.5 + "
test_seen_00048,50,seen,Solve the simultaneous relations 4x + 4y = -32 and x - 2y = 10. Find y.,two_linear_relations,two_linear_relations,True,elimination,substitution,False,"{""equations"":[""4*x + 4*y + 32"",""x - 2*y - 10""],""target"":""y""}","{""equations"":[""4*x + 4*y"",""-32"",""x - 2*y"",""10""],""mode"":""solve""}",True,False,False,False,False,-6,,False,-6,True,wrong_tool,"STRUCTURE: two_linear_relations
TOOL: substitution
ARGUMENTS: {""equations"":[""4*x + 4*y"",""-32"",""x - 2*y"",""10""],""mode"":""solve""}"
test_seen_00049,50,seen,"Given y = -4x - 8, insert it into -3x + 2y = -60 and find x.",two_linear_relations,two_linear_solvers,False,substitution,substitution,True,"{""equations"":[""4*x + y + 8"",""-3*x + 2*y + 60""],""mode"":""solve_system"",""target"":""x""}","{""expression"":""-4*x - 8"",""mode"":""evaluate"",""operations"":[""+"",""*""],""substitutions"":{""x"":1,""result"":-60/(-4) + (-8)/(-4)}}",False,False,False,False,False,4,,False,4,True,wrong_structure,"STRUCTURE: two_linear_solvers
TOOL: substitution
ARGUMENTS: {""expression"":""-4*x - 8"",""mode"":""evaluate"",""operations"":[""+"",""*""],""substitutions"":{""x"":1,""result"":-60/(-4) + (-8)/(-4)}}"
test_seen_00050,50,seen,Use the product pattern for a difference of squares to compute 44^2 - 23^2.,polynomial_identity,difference_of_squares,False,factorization,factoring,False,"{""expression"":""u**2 - v**2"",""mode"":""evaluate"",""substitutions"":{""u"":44,""v"":23}}","{""expression"":""(a+b)*(a-b)"",""mode"":""evaluate"",""substitutions"":{""a"":44,""b"":23}}",True,False,False,False,False,1407,,False,1407,True,wrong_structure,"STRUCTURE: difference_of_squares
TOOL: factoring
ARGUMENTS: {""expression"":""(a+b)*(a-b)"",""mode"":""evaluate"",""substitutions"":{""a"":44,""b"":23}}"
test_seen_00051,50,seen,Expand the square and evaluate (18 + 36)^2.,polynomial_identity,bin_expansion,False,expansion,expansion,True,"{""expression"":""(a + b)**2"",""mode"":""evaluate"",""substitutions"":{""a"":18,""b"":36}}","{""expression"":""(a*b)**2"",""mode"":""evaluate"",""target_type"":""product"",""variables"":{""a"":18,""b"":36}}",True,False,False,False,False,2916,,False,2916,True,wrong_structure,"STRUCTURE: bin_expansion
TOOL: expansion
ARGUMENTS: {""expression"":""(a*b)**2"",""mode"":""evaluate"",""variables"":{""a"":18,""b"":36},""target_type"":""product""}"
test_seen_00052,50,seen,"At a fixed rate, 10 items cost 20 dollars. What do 40 items cost?",equivalent_ratios,two_rate_equations,False,proportional_scaling,substitution,False,"{""base_quantity"":10,""base_value"":20,""target_quantity"":40}","{""equation"":""x + y = 20"",""solution"":""20/10""}",True,False,False,False,False,80,,False,80,True,wrong_structure,"STRUCTURE: two_rate_equations
TOOL: substitution
ARGUMENTS: {""equation"":""x + y = 20"",""solution"":""20/10""}"
test_seen_00053,50,seen,Solve the proportion 13/9 = 52/x for x.,equivalent_ratios,mixed_proportion,False,cross_multiplication,equation_solving,False,"{""left_den"":9,""left_num"":13,""right_num"":52}","{""expression"":""13/9"",""mode"":""solve"",""target"":""x""}",True,False,False,False,False,36,,False,36,True,wrong_structure,"STRUCTURE: mixed_proportion
TOOL: equation_solving
ARGUMENTS: {""expression"":""13/9"",""mode"":""solve"",""target"":""x""}"
test_seen_00054,50,seen,A sequence starts at -8 and changes by -2 each term. Iterate to find term 3.,additive_recurrence,linear_growth,False,iteration,iteration,True,"{""start"":-8,""step"":-2,""updates"":2}","{""increment"":-2,""initial_value"":-8,""iterations"":3}",True,False,False,False,False,-12,,False,-12,True,wrong_structure,"STRUCTURE: linear_growth
TOOL: iteration
ARGUMENTS: {""initial_value"": -8, ""increment"": -2, ""iterations"": 3}"
test_seen_00055,50,seen,An arithmetic sequence has formula a(n) = -15 + (n - 1)(-1). Substitute n = 10.,additive_recurrence,recursive,False,substitution,substitution,True,"{""expression"":""-15 + (n - 1)*(-1)"",""mode"":""evaluate"",""substitutions"":{""n"":10}}","{""expression"":""-(a[1] + 1)*(-1)"",""substituting"":{""a"":[3,2,1,0,-1,-2,-3,-4,-5,-6,-7]}}",True,False,False,False,False,-24,,False,-24,True,wrong_structure,"STRUCTURE: recursive
TOOL: substitution
ARGUMENTS: {""expression"":""-(a[1] + 1)*(-1)"", ""substituting"":{ ""a"":[3,2,1,0,-1,-2,-3,-4,-5,-6,-7] }}"
test_seen_00056,50,seen,"If x + y = 4 and xy = -77, use a square expansion to find x^2 + y^2.",symmetric_sum_product,polynomial,False,expansion,,False,"{""mode"":""symmetric_square_sum"",""product"":-77,""sum"":4}","{""expression"":""x**2 + y**2"",""mode"":""expand"",""target"":""sum_of_squares"",""values"":{""a"":1,""b"":-1}}",True,False,False,False,False,170,,False,170,True,wrong_structure,"STRUCTURE: polynomial
algorithm
ARGUMENTS: {""expression"":""x**2 + y**2"",""mode"":""expand"",""values"":{""a"":1,""b"":-1},""target"":""sum_of_squares""}"
test_seen_00057,50,seen,"Factor t^2 - 15t + 50 = 0 to obtain its two roots, then give the sum of their squares.",symmetric_sum_product,quadratic_factorization,False,factorization,factorization,True,"{""mode"":""root_power_sum"",""polynomial"":""t**2 - 15*t + 50"",""power"":2,""variable"":""t""}","{""equation"":""-1*t**2 + 15*t - 50"",""method"":""factorization"",""mode"":""sum_of_squares""}",True,False,False,False,False,125,,False,125,True,wrong_structure,"STRUCTURE: quadratic_factorization
TOOL: factorization
ARGUMENTS: {""equation"":""-1*t**2 + 15*t - 50"",""method"":""factorization"",""mode"":""sum_of_squares""}"
test_seen_00058,50,seen,"For f(t) = -4t^2 + 7t + 10, substitute t = -2 and find f(-2).",transformed_expression,polynomial,False,substitution,substitution,True,"{""expression"":""-4*t**2 + 7*t + 10"",""mode"":""evaluate"",""substitutions"":{""t"":-2}}","{""expression"":""-4*t**2 + 7*t + 10"",""mode"":""evaluate"",""substitutions"":{""t"":-2}}",True,True,True,True,True,-20,-20,True,-20,True,,"STRUCTURE: polynomial
TOOL: substitution
ARGUMENTS: {""expression"":""-4*t**2 + 7*t + 10"",""mode"":""evaluate"",""substitutions"":{""t"":-2}}"
test_seen_00059,50,seen,Expand (x + -6)(x + 0) and evaluate it at x = -4.,transformed_expression,product_expansion,False,expansion,expansion_multiplication,False,"{""expression"":""x*(x - 6)"",""mode"":""evaluate"",""substitutions"":{""x"":-4}}","{""base_value"":-4,""expression"":""(x + -6)*(x + 0)"",""mode"":""evaluate""}",True,False,False,False,False,40,,False,40,True,wrong_structure,"STRUCTURE: product_expansion
TOOL: expansion_multiplication
ARGUMENTS: {""expression"":""(x + -6)*(x + 0)"",""mode"":""evaluate"",""base_value"":-4}"
test_seen_00060,50,seen,Two linear constraints hold: 5x - 3y = -33; -x + 4y = 27. Determine y.,two_linear_relations,two_linear_constraints,False,elimination,substitution,False,"{""equations"":[""5*x - 3*y + 33"",""-x + 4*y - 27""],""target"":""y""}","{""equations"":[""5*x - 3*y"",""-x + 4*y""],""mode"":""solve_for"",""target"":""y""}",True,False,False,False,False,6,,False,6,True,wrong_structure,"STRUCTURE: two_linear_constraints
TOOL: substitution
ARGUMENTS: {""equations"":[""5*x - 3*y"",""-x + 4*y""],""mode"":""solve_for"",""target"":""y""}"
test_seen_00061,50,seen,The linked relations are y = 3x + 6 and -x + 4y = 24. What is y?,two_linear_relations,two_linear_eqs,False,substitution,substitution,True,"{""equations"":[""-3*x + y - 6"",""-x + 4*y - 24""],""mode"":""solve_system"",""target"":""y""}","{""equations"":[""3*x + 6 == y, -x + 4*y == 24""],""mode"":""solve"",""target"":""y""}",True,False,False,False,False,6,,False,6,True,wrong_structure,"STRUCTURE: two_linear_eqs
TOOL: substitution
ARGUMENTS: {""equations"":[""3*x + 6 == y, -x + 4*y == 24""],""mode"":""solve"",""target"":""y""}"
test_seen_00062,50,seen,Evaluate 76^2 - 29^2 by rewriting it as a product.,polynomial_identity,polynomial_identity,True,factorization,expansion,False,"{""expression"":""u**2 - v**2"",""mode"":""evaluate"",""substitutions"":{""u"":76,""v"":29}}","{""expression"":""(a + b)*(a - b)"",""mode"":""evaluate"",""substitutions"":{""a"":76,""b"":29}}",True,True,False,False,True,4935,4935,True,4935,True,,"STRUCTURE: polynomial_identity
TOOL: expansion
ARGUMENTS: {""expression"":""(a + b)*(a - b)"",""mode"":""evaluate"",""substitutions"":{""a"":76,""b"":29}}"
test_seen_00063,50,seen,Use the binomial-square identity to compute (29 + 35)^2.,polynomial_identity,commutative_property,False,expansion,expansion,True,"{""expression"":""(a + b)**2"",""mode"":""evaluate"",""substitutions"":{""a"":29,""b"":35}}","{""context"":"""",""expression"":""(a+b)*(c+d)"",""mode"":""evaluate"",""operation"":""multiplication"",""substitutions"":{""a"":29,""b"":35},""target"":""value"",""variables"":[""c"",""d""]}",True,False,False,False,False,4096,,False,4096,True,wrong_structure,"STRUCTURE: commutative_property
TOOL: expansion
ARGUMENTS: {""expression"":""(a+b)*(c+d)"",""mode"":""evaluate"",""substitutions"":{""a"":29,""b"":35},""operation"":""multiplication"",""context"":"""",""variables"":[""c"",""d""],""target"":""value""}"
test_seen_00064,50,seen,Scale the ratio 3:8 to 33:x. Find x.,equivalent_ratios,ratio_scale,False,proportional_scaling,scaling,False,"{""base_quantity"":3,""base_value"":8,""target_quantity"":33}","{""operation"":""scale"",""source_ratio"":8,""target_ratio"":33}",True,False,False,False,False,88,,False,88,True,wrong_structure,"STRUCTURE: ratio_scale
TOOL: scaling
ARGUMENTS: {""operation"":""scale"",""source_ratio"":8,""target_ratio"":33}"
test_seen_00065,50,seen,Cross-multiply 13:6 = 143:x and determine x.,equivalent_ratios,two_factor_equations,False,cross_multiplication,substitution,False,"{""left_den"":6,""left_num"":13,""right_num"":143}","{""expression"":""(a*b) / (c*d)"",""mode"":""solve"",""substitutions"":{""a"":13,""b"":6,""c"":143,""d"":1}}",True,False,False,False,False,66,,False,66,True,wrong_structure,"STRUCTURE: two_factor_equations
TOOL: substitution
ARGUMENTS: {""expression"":""(a*b) / (c*d)"",""mode"":""solve"",""substitutions"":{""a"":13,""b"":6,""c"":143,""d"":1}}"
test_seen_00066,50,seen,"Given a1 = 18 and a(n+1) = a(n) - 9, find a13.",additive_recurrence,additive_mixture,False,iteration,recursion,False,"{""start"":18,""step"":-9,""updates"":12}","{""increment"":-9,""initial"":""18"",""steps"":4}",True,False,False,False,False,-90,,False,-90,True,wrong_structure,"STRUCTURE: additive_mixture
TOOL: recursion
ARGUMENTS: {""initial"":""18"",""increment"":-9,""steps"":4}"
test_seen_00067,50,seen,Use the closed form b(n) = -14 + (n - 1)(-7) to find b(15).,additive_recurrence,fixed_formula,False,substitution,substitution,True,"{""expression"":""-14 + (n - 1)*(-7)"",""mode"":""evaluate"",""substitutions"":{""n"":15}}","{""expression"":""-(n-1)*(-7)+14"",""mode"":""evaluate"",""substitutions"":{""n"":15}}",True,True,False,False,True,-112,112,False,-112,True,wrong_structure,"STRUCTURE: fixed_formula
TOOL: substitution
ARGUMENTS: {""expression"":""-(n-1)*(-7)+14"",""mode"":""evaluate"",""substitutions"":{""n"":15}}"
test_seen_00068,50,seen,Two numbers have sum 18 and product 65. Compute the sum of their squares from the symmetric identity.,symmetric_sum_product,two_numbers,False,expansion,factorization,False,"{""mode"":""symmetric_square_sum"",""product"":65,""sum"":18}","{""algorithm"":""symmetric_identity"",""expression"":""x+y==18&&x*y==65"",""mode"":""solve"",""target"":""sum_of_squares""}",True,False,False,False,False,194,,False,194,True,wrong_structure,"STRUCTURE: two_numbers
TOOL: factorization
ARGUMENTS: {""expression"":""x+y==18&&x*y==65"",""mode"":""solve"",""target"":""sum_of_squares"",""algorithm"":""symmetric_identity""}"
test_seen_00069,50,seen,The roots of t^2 + 17t + 72 = 0 are r and s. Find r^2 + s^2 by factoring the quadratic.,symmetric_sum_product,symmetric_sum_product,True,factorization,factorization,True,"{""mode"":""root_power_sum"",""polynomial"":""t**2 + 17*t + 72"",""power"":2,""variable"":""t""}","{""algorithm"":""factorization"",""expression"":""-17*t**2 - 17*t + 72"",""mode"":""evaluate"",""substitutions"":{""t"":1}}",True,False,False,False,False,145,,False,145,True,invalid_arguments,"STRUCTURE: symmetric_sum_product
TOOL: factorization
ARGUMENTS: {""expression"":""-17*t**2 - 17*t + 72"",""mode"":""evaluate"",""substitutions"":{""t"":1},""algorithm"":""factorization""}"
test_seen_00070,50,seen,Evaluate the transformed expression -2z^2 + 8z - 11 at z = -3.,transformed_expression,polynomial_expression,False,substitution,substitution,True,"{""expression"":""-2*t**2 + 8*t - 11"",""mode"":""evaluate"",""substitutions"":{""t"":-3}}","{""expression"":""-2*z**2 + 8*z - 11"",""mode"":""evaluate"",""values"":{""z"":-3}}",True,False,False,False,False,-53,,False,-53,True,wrong_structure,"STRUCTURE: polynomial_expression
TOOL: substitution
ARGUMENTS: {""expression"":""-2*z**2 + 8*z - 11"",""mode"":""evaluate"",""values"":{""z"":-3}}"
test_seen_00071,50,seen,"Open the product (t + -5)(t + 5), then set t = 0.",transformed_expression,polynomial,False,expansion,expansion,True,"{""expression"":""(t - 5)*(t + 5)"",""mode"":""evaluate"",""substitutions"":{""t"":0}}","{""base"":1,""expression"":""-5*t**2 + 5*t"",""mode"":""evaluate""}",True,False,False,False,False,-25,,False,-25,True,wrong_structure,"STRUCTURE: polynomial
TOOL: expansion
ARGUMENTS: {""expression"":""-5*t**2 + 5*t"",""mode"":""evaluate"",""base"":1}"
test_seen_00072,50,seen,Solve the simultaneous relations -2x - 2y = 14 and 2x - 3y = 21. Find y.,two_linear_relations,two_linear_relations,True,elimination,substitution,False,"{""equations"":[""-2*x - 2*y - 14"",""2*x - 3*y - 21""],""target"":""y""}","{""equations"":[""-2*x - 2*y"",""14""],""method"":""solve"",""target"":""y""}",True,False,False,False,False,-7,,False,-7,True,wrong_tool,"STRUCTURE: two_linear_relations
TOOL: substitution
ARGUMENTS: {""equations"":[""-2*x - 2*y"",""14""],""method"":""solve"",""target"":""y""}"
test_seen_00073,50,seen,"Given y = 2x - 1, insert it into 5x - y = 1 and find x.",two_linear_relations,two_linear_eqs,False,substitution,substitution,True,"{""equations"":[""-2*x + y + 1"",""5*x - y - 1""],""mode"":""solve_system"",""target"":""x""}","{""equations"":[""2*x - 1 + y"",""5*x - y - 1""],""mode"":""solve"",""target"":""x""}",True,False,False,False,False,0,,False,0,True,wrong_structure,"STRUCTURE: two_linear_eqs
TOOL: substitution
ARGUMENTS: {""equations"":[""2*x - 1 + y"",""5*x - y - 1""],""mode"":""solve"",""target"":""x""}"
test_seen_00074,50,seen,Use the product pattern for a difference of squares to compute 52^2 - 13^2.,polynomial_identity,difference_of_squares,False,factorization,factoring,False,"{""expression"":""u**2 - v**2"",""mode"":""evaluate"",""substitutions"":{""u"":52,""v"":13}}","{""expression"":""(a+b)*(a-b)"",""method"":""product_pattern"",""mode"":""evaluate"",""operands"":[52,13],""operation"":""multiply"",""target"":52}",True,False,False,False,False,2535,,False,2535,True,wrong_structure,"STRUCTURE: difference_of_squares
TOOL: factoring
ARGUMENTS: {""expression"":""(a+b)*(a-b)"",""mode"":""evaluate"",""target"":52,""operation"":""multiply"",""operands"":[52,13],""method"":""product_pattern""}"
test_seen_00075,50,seen,Expand the square and evaluate (10 + 11)^2.,polynomial_identity,binomial_theorem,False,expansion,expansion,True,"{""expression"":""(a + b)**2"",""mode"":""evaluate"",""substitutions"":{""a"":10,""b"":11}}","{""expression"":""(a+b)**2"",""mode"":""evaluate"",""variables"":{""a"":10,""b"":11}}",True,False,False,False,False,441,,False,441,True,wrong_structure,"STRUCTURE: binomial_theorem
TOOL: expansion
ARGUMENTS: {""expression"":""(a+b)**2"",""mode"":""evaluate"",""variables"":{""a"":10,""b"":11}}"
test_seen_00076,50,seen,"At a fixed rate, 4 items cost 7 dollars. What do 20 items cost?",equivalent_ratios,two_items_to_dollars,False,proportional_scaling,proportionality,False,"{""base_quantity"":4,""base_value"":7,""target_quantity"":20}","{""cost"":""dollars"",""factor"":""multiplier"",""initial"":""dollars"",""items"":4,""target"":""items"",""value"":""ratio""}",True,False,False,False,False,35,,False,35,True,wrong_structure,"STRUCTURE: two_items_to_dollars
TOOL: proportionality
ARGUMENTS: {""items"":4,""cost"":""dollars"",""target"":""items"",""initial"":""dollars"",""factor"":""multiplier"",""value"":""ratio""}"
test_seen_00077,50,seen,Solve the proportion 11/18 = 132/x for x.,equivalent_ratios,mixed_proportion,False,cross_multiplication,equation_solving,False,"{""left_den"":18,""left_num"":11,""right_num"":132}","{""expression"":""11/18 - 132/x"",""mode"":""solve"",""target"":""x""}",True,False,False,False,False,216,,False,216,True,wrong_structure,"STRUCTURE: mixed_proportion
TOOL: equation_solving
ARGUMENTS: {""expression"":""11/18 - 132/x"",""mode"":""solve"",""target"":""x""}"
test_seen_00078,50,seen,A sequence starts at -8 and changes by -1 each term. Iterate to find term 10.,additive_recurrence,linear_growth,False,iteration,iteration,True,"{""start"":-8,""step"":-1,""updates"":9}","{""count"":10,""start"":-8,""step"":-1}",True,False,False,False,False,-17,,False,-17,True,wrong_structure,"STRUCTURE: linear_growth
TOOL: iteration
ARGUMENTS: {""start"": -8, ""step"": -1, ""count"": 10}"
test_seen_00079,50,seen,An arithmetic sequence has formula a(n) = 4 + (n - 1)(8). Substitute n = 5.,additive_recurrence,recurrence_relation,False,substitution,substitution,True,"{""expression"":""4 + (n - 1)*(8)"",""mode"":""evaluate"",""substitutions"":{""n"":5}}","{""expression"":""(n-1)*(8)+4"",""mode"":""evaluate"",""substitutions"":{""n"":5}}",True,True,False,True,True,36,36,True,36,True,,"STRUCTURE: recurrence_relation
TOOL: substitution
ARGUMENTS: {""expression"":""(n-1)*(8)+4"",""mode"":""evaluate"",""substitutions"":{""n"":5}}"
test_seen_00080,50,seen,"If x + y = 1 and xy = -156, use a square expansion to find x^2 + y^2.",symmetric_sum_product,integer_square_root,False,expansion,,False,"{""mode"":""symmetric_square_sum"",""product"":-156,""sum"":1}","{""expression"":""x**2 + y**2"",""mode"":""expand"",""precision"":4,""target"":""value"",""variables"":[""x"",""y""]}",True,False,False,False,False,313,,False,313,True,wrong_structure,"STRUCTURE: polynomial
algorithm
ARGUMENTS: {""expression"":""x**2 + y**2"",""mode"":""expand"",""variables"":[""x"",""y""],""precision"":4,""target"":""value""}

STRUCTURE: integer_square_root
algorithm
ARGUMENTS: {""operation"":""square"",""operands"":[-156,1],""target"":""integer"",""precision"":3,""modulus"":""true""}"
test_seen_00081,50,seen,"Factor t^2 - 19t + 88 = 0 to obtain its two roots, then give the sum of their squares.",symmetric_sum_product,quadratic_factorization,False,factorization,factorization,True,"{""mode"":""root_power_sum"",""polynomial"":""t**2 - 19*t + 88"",""power"":2,""variable"":""t""}","{""equation"":""t**2 - 19*t + 88"",""mode"":""solve_roots_and_sum_squares""}",True,False,False,False,False,185,,False,185,True,wrong_structure,"STRUCTURE: quadratic_factorization
TOOL: factorization
ARGUMENTS: {""equation"":""t**2 - 19*t + 88"",""mode"":""solve_roots_and_sum_squares""}"
test_seen_00082,50,seen,"For f(t) = 4t^2 + 3t - 8, substitute t = -6 and find f(-6).",transformed_expression,polynomial,False,substitution,substitution,True,"{""expression"":""4*t**2 + 3*t - 8"",""mode"":""evaluate"",""substitutions"":{""t"":-6}}","{""expression"":""4*t**2 + 3*t - 8"",""mode"":""evaluate"",""substitutions"":{""t"":-6}}",True,True,True,True,True,118,118,True,118,True,,"STRUCTURE: polynomial
TOOL: substitution
ARGUMENTS: {""expression"":""4*t**2 + 3*t - 8"",""mode"":""evaluate"",""substitutions"":{""t"":-6}}"
test_seen_00083,50,seen,Expand (t + 3)(t + -1) and evaluate it at t = 1.,transformed_expression,polynomial_multiplication,False,expansion,expansion,True,"{""expression"":""(t - 1)*(t + 3)"",""mode"":""evaluate"",""substitutions"":{""t"":1}}","{""base_value"":1,""expression"":""(t + 3)*(t + -1)"",""mode"":""evaluate""}",True,False,False,False,False,0,,False,0,True,wrong_structure,"STRUCTURE: polynomial_multiplication
TOOL: expansion
ARGUMENTS: {""expression"":""(t + 3)*(t + -1)"",""mode"":""evaluate"",""base_value"":1}"
test_seen_00084,50,seen,Two linear constraints hold: 4x + 3y = -39; x - 5y = 19. Determine y.,two_linear_relations,two_linear_constraints,False,elimination,substitution,False,"{""equations"":[""4*x + 3*y + 39"",""x - 5*y - 19""],""target"":""y""}","{""equations"":[""4*x + 3*y + 0*z == -39"",""x - 5*y + 0*z == 19""],""mode"":""solve"",""variables"":[""y""]}",True,False,False,False,False,-5,,False,-5,True,wrong_structure,"STRUCTURE: two_linear_constraints
TOOL: substitution
ARGUMENTS: {""equations"":[""4*x + 3*y + 0*z == -39"",""x - 5*y + 0*z == 19""],""variables"":[""y""],""mode"":""solve""}"
test_seen_00085,50,seen,The linked relations are y = 3x + 6 and 4x + 3y = 135. What is x?,two_linear_relations,two_linear_relations,True,substitution,substitution,True,"{""equations"":[""-3*x + y - 6"",""4*x + 3*y - 135""],""mode"":""solve_system"",""target"":""x""}","{""relations"":[""y"",""4*x+3*y"",""135-4*x-3*x""],""variables"":[""x"",""y""]}",True,False,False,False,False,9,,False,9,True,invalid_arguments,"STRUCTURE: two_linear_relations
TOOL: substitution
ARGUMENTS: {""relations"":[""y"",""4*x+3*y"", ""135-4*x-3*x""],""variables"":[""x"",""y""]}"
test_seen_00086,50,seen,Evaluate 65^2 - 2^2 by rewriting it as a product.,polynomial_identity,polynomial,False,factorization,expansion,False,"{""expression"":""u**2 - v**2"",""mode"":""evaluate"",""substitutions"":{""u"":65,""v"":2}}","{""expression"":""a**2 - b**2"",""mode"":""evaluate"",""substitutions"":{""a"":65,""b"":2}}",True,True,False,False,True,4221,4221,True,4221,True,,"STRUCTURE: polynomial
TOOL: expansion
ARGUMENTS: {""expression"":""a**2 - b**2"",""mode"":""evaluate"",""substitutions"":{""a"":65,""b"":2}}"
test_seen_00087,50,seen,Use the binomial-square identity to compute (32 + 6)^2.,polynomial_identity,multiply,False,expansion,expansion,True,"{""expression"":""(a + b)**2"",""mode"":""evaluate"",""substitutions"":{""a"":32,""b"":6}}","{""expression"":""(a+b)**2"",""mode"":""evaluate"",""values"":{""a"":32,""b"":6}}",True,False,False,False,False,1444,,False,1444,True,wrong_structure,"STRUCTURE: multiply
TOOL: expansion
ARGUMENTS: {""expression"":""(a+b)**2"",""mode"":""evaluate"",""values"":{""a"":32,""b"":6}}"
test_seen_00088,50,seen,Scale the ratio 3:23 to 18:x. Find x.,equivalent_ratios,ratio_scale,False,proportional_scaling,scaling,False,"{""base_quantity"":3,""base_value"":23,""target_quantity"":18}","{""operation"":""scale"",""source_ratio"":23,""target_ratio"":18}",True,False,False,False,False,138,,False,138,True,wrong_structure,"STRUCTURE: ratio_scale
TOOL: scaling
ARGUMENTS: {""operation"":""scale"",""source_ratio"":23,""target_ratio"":18}"
test_seen_00089,50,seen,Cross-multiply 9:4 = 45:x and determine x.,equivalent_ratios,two_divisions,False,cross_multiplication,multiplication,False,"{""left_den"":4,""left_num"":9,""right_num"":45}","{""expression"":""(9/4) * (x/4)"",""mode"":""evaluate"",""target"":""x""}",True,False,False,False,False,20,,False,20,True,wrong_structure,"STRUCTURE: two_divisions
TOOL: multiplication
ARGUMENTS: {""expression"":""(9/4) * (x/4)"",""mode"":""evaluate"",""target"":""x""}"
test_seen_00090,50,seen,"Given a1 = 14 and a(n+1) = a(n) + 5, find a10.",additive_recurrence,additive_geometric_progression,False,iteration,iteration,True,"{""start"":14,""step"":5,""updates"":9}","{""base"":""14"",""increment"":""5"",""iterations"":10}",True,False,False,False,False,59,,False,59,True,wrong_structure,"STRUCTURE: additive_geometric_progression
TOOL: iteration
ARGUMENTS: {""base"":""14"",""increment"":""5"",""iterations"":10}"
test_seen_00091,50,seen,Use the closed form b(n) = -11 + (n - 1)(-4) to find b(8).,additive_recurrence,fixed_formula,False,substitution,substitution,True,"{""expression"":""-11 + (n - 1)*(-4)"",""mode"":""evaluate"",""substitutions"":{""n"":8}}","{""expression"":""-(n-1)*(-4)+(-11)"",""mode"":""evaluate"",""substitutions"":{""n"":8}}",True,True,False,False,True,-39,17,False,-39,True,wrong_structure,"STRUCTURE: fixed_formula
TOOL: substitution
ARGUMENTS: {""expression"":""-(n-1)*(-4)+(-11)"",""mode"":""evaluate"",""substitutions"":{""n"":8}}"
test_seen_00092,50,seen,Two numbers have sum -28 and product 195. Compute the sum of their squares from the symmetric identity.,symmetric_sum_product,two_numbers,False,expansion,factorization,False,"{""mode"":""symmetric_square_sum"",""product"":195,""sum"":-28}","{""expression"":""-x + y"",""mode"":""solve"",""target"":""x**2+y**2"",""values"":[-28,195]}",True,False,False,False,False,394,,False,394,True,wrong_structure,"STRUCTURE: two_numbers
TOOL: factorization
ARGUMENTS: {""expression"":""-x + y"",""mode"":""solve"",""values"":[-28,195],""target"":""x**2+y**2""}"
test_seen_00093,50,seen,The roots of t^2 + 12t + 35 = 0 are r and s. Find r^2 + s^2 by factoring the quadratic.,symmetric_sum_product,symmetric_sum_product,True,factorization,factorization,True,"{""mode"":""root_power_sum"",""polynomial"":""t**2 + 12*t + 35"",""power"":2,""variable"":""t""}","{""expression"":""-coefficients[0]**2 - coefficients[0]*coefficients[1] + coefficients[1]**2"",""mode"":""evaluate"",""substitutions"":{""coefficients"":[-12,35]},""target"":""r**2 + s**2""}",True,False,False,False,False,74,,False,74,True,invalid_arguments,"STRUCTURE: symmetric_sum_product
TOOL: factorization
ARGUMENTS: {""expression"":""-coefficients[0]**2 - coefficients[0]*coefficients[1] + coefficients[1]**2"",""mode"":""evaluate"",""substitutions"":{""coefficients"":[-12,35]},""target"":""r**2 + s**2""}"
test_seen_00094,50,seen,Evaluate the transformed expression -5z^2 - 6z + 5 at z = 6.,transformed_expression,polynomial_expression,False,substitution,substitution,True,"{""expression"":""-5*t**2 - 6*t + 5"",""mode"":""evaluate"",""substitutions"":{""t"":6}}","{""expression"":""-5*z**2 - 6*z + 5"",""mode"":""evaluate"",""values"":{""z"":6}}",True,False,False,False,False,-211,,False,-211,True,wrong_structure,"STRUCTURE: polynomial_expression
TOOL: substitution
ARGUMENTS: {""expression"":""-5*z**2 - 6*z + 5"",""mode"":""evaluate"",""values"":{""z"":6}}"
test_seen_00095,50,seen,"Open the product (z + 0)(z + -5), then set z = -7.",transformed_expression,polynomial,False,expansion,substitution,False,"{""expression"":""z*(z - 5)"",""mode"":""evaluate"",""substitutions"":{""z"":-7}}","{""expression"":""(x + y)*(x + -10)"",""mode"":""evaluate"",""substitutions"":{""x"":-7,""y"":-5}}",True,True,False,False,True,84,204,False,84,True,wrong_structure,"STRUCTURE: polynomial
TOOL: substitution
ARGUMENTS: {""expression"":""(x + y)*(x + -10)"",""mode"":""evaluate"",""substitutions"":{""x"":-7,""y"":-5}}"
test_seen_00096,50,seen,Solve the simultaneous relations -5x - 5y = 5 and 5x - 4y = 22. Find x.,two_linear_relations,two_linear_relations,True,elimination,substitution,False,"{""equations"":[""-5*x - 5*y - 5"",""5*x - 4*y - 22""],""target"":""x""}","{""equations"":[""-5*x - 5*y"",""5*x - 4*y""],""mode"":""solve"",""target"":""x""}",True,False,False,False,False,2,,False,2,True,wrong_tool,"STRUCTURE: two_linear_relations
TOOL: substitution
ARGUMENTS: {""equations"":[""-5*x - 5*y"",""5*x - 4*y""],""mode"":""solve"",""target"":""x""}"
test_seen_00097,50,seen,"Given y = -2x - 2, insert it into -2x - 5y = -38 and find y.",two_linear_relations,two_linear_eqs,False,substitution,substitution,True,"{""equations"":[""2*x + y + 2"",""-2*x - 5*y + 38""],""mode"":""solve_system"",""target"":""y""}","{""equations"":[""-2*x + y + 2"",""-2*x - 5*y + 38""],""target"":""y""}",True,False,False,False,False,10,,False,10,True,wrong_structure,"STRUCTURE: two_linear_eqs
TOOL: substitution
ARGUMENTS: {""equations"":[""-2*x + y + 2"",""-2*x - 5*y + 38""],""target"":""y""}"
test_seen_00098,50,seen,Use the product pattern for a difference of squares to compute 19^2 - 4^2.,polynomial_identity,difference_of_squares,False,factorization,modular_arithmetic,False,"{""expression"":""u**2 - v**2"",""mode"":""evaluate"",""substitutions"":{""u"":19,""v"":4}}","{""operands"":[19,4],""operation"":""subtraction""}",True,False,False,False,False,345,,False,345,True,wrong_structure,"STRUCTURE: difference_of_squares
TOOL: modular_arithmetic
ARGUMENTS: {""operation"":""subtraction"",""operands"":[19,4]}"
test_seen_00099,50,seen,Expand the square and evaluate (8 + 21)^2.,polynomial_identity,bin_expansion,False,expansion,expansion,True,"{""expression"":""(a + b)**2"",""mode"":""evaluate"",""substitutions"":{""a"":8,""b"":21}}","{""expression"":""(8+21)**2"",""mode"":""evaluate""}",True,False,False,False,False,841,,False,841,True,wrong_structure,"STRUCTURE: bin_expansion
TOOL: expansion
ARGUMENTS: {""expression"":""(8+21)**2"",""mode"":""evaluate""}"
test_seen_00100,50,seen,"At a fixed rate, 3 items cost 21 dollars. What do 6 items cost?",equivalent_ratios,mixed_conversion,False,proportional_scaling,proportionality,False,"{""base_quantity"":3,""base_value"":21,""target_quantity"":6}","{""cost"":""dollars"",""from"":""items"",""items"":3,""target"":""dollars"",""to"":""dollars""}",True,False,False,False,False,42,,False,42,True,wrong_structure,"STRUCTURE: mixed_conversion
TOOL: proportionality
ARGUMENTS: {""items"":3,""cost"":""dollars"",""target"":""dollars"",""from"":""items"",""to"":""dollars""}"
test_seen_00101,50,seen,Solve the proportion 12/9 = 120/x for x.,equivalent_ratios,mixed_proportion,False,cross_multiplication,equation_solving,False,"{""left_den"":9,""left_num"":12,""right_num"":120}","{""expression"":""12/9"",""mode"":""solve"",""target"":3}",True,False,False,False,False,90,,False,90,True,wrong_structure,"STRUCTURE: mixed_proportion
TOOL: equation_solving
ARGUMENTS: {""expression"":""12/9"",""mode"":""solve"",""target"":3}"
test_seen_00102,50,seen,A sequence starts at -4 and changes by -1 each term. Iterate to find term 9.,additive_recurrence,additive_growth,False,iteration,iteration,True,"{""start"":-4,""step"":-1,""updates"":8}","{""increment"":-1,""initial_value"":-4,""iterations"":9}",True,False,False,False,False,-12,,False,-12,True,wrong_structure,"STRUCTURE: additive_growth
TOOL: iteration
ARGUMENTS: {""initial_value"": -4, ""increment"": -1, ""iterations"": 9}"
test_seen_00103,50,seen,An arithmetic sequence has formula a(n) = 18 + (n - 1)(-4). Substitute n = 15.,additive_recurrence,recurrence_relation,False,substitution,substitution,True,"{""expression"":""18 + (n - 1)*(-4)"",""mode"":""evaluate"",""substitutions"":{""n"":15}}","{""expression"":""18 + (-4)*(n - 1)"",""mode"":""evaluate"",""substitutions"":{""n"":15}}",True,True,False,True,True,-38,-38,True,-38,True,,"STRUCTURE: recurrence_relation
TOOL: substitution
ARGUMENTS: {""expression"":""18 + (-4)*(n - 1)"",""mode"":""evaluate"",""substitutions"":{""n"":15}}"
test_seen_00104,50,seen,"If x + y = -5 and xy = -50, use a square expansion to find x^2 + y^2.",symmetric_sum_product,polynomial,False,expansion,,False,"{""mode"":""symmetric_square_sum"",""product"":-50,""sum"":-5}","{""expression"":""-5*x**2 + 50*y**2 + 10*x*y + 100*xy"",""mode"":""expand"",""target"":""x**2+y**2""}",True,False,False,False,False,125,,False,125,True,wrong_structure,"STRUCTURE: polynomial
algorithm
ARGUMENTS: {""expression"":""-5*x**2 + 50*y**2 + 10*x*y + 100*xy"",""mode"":""expand"",""target"":""x**2+y**2""}"
test_seen_00105,50,seen,"Factor t^2 - 2t - 35 = 0 to obtain its two roots, then give the sum of their squares.",symmetric_sum_product,quadratic_formula,False,factorization,factorization,True,"{""mode"":""root_power_sum"",""polynomial"":""t**2 - 2*t - 35"",""power"":2,""variable"":""t""}","{""alg"":""factor"",""expr"":""-2*t + sqrt(4*t**2 + 8*35) - 7"",""mode"":""solve"",""roots"":[""sqrt(-35/2 + sqrt(169/4)), sqrt(-35/2 - sqrt(169/4))""],""sum_of_squares"":230}",True,False,False,False,False,74,,False,74,True,wrong_structure,"STRUCTURE: quadratic_formula
TOOL: factorization
ARGUMENTS: {""mode"":""solve"",""alg"":""factor"",""expr"":""-2*t + sqrt(4*t**2 + 8*35) - 7"",""roots"":[""sqrt(-35/2 + sqrt(169/4)), sqrt(-35/2 - sqrt(169/4))""],""sum_of_squares"":230}"
test_seen_00106,50,seen,"For f(t) = 3t^2 + 5t + 8, substitute t = 4 and find f(4).",transformed_expression,polynomial,False,substitution,substitution,True,"{""expression"":""3*t**2 + 5*t + 8"",""mode"":""evaluate"",""substitutions"":{""t"":4}}","{""expression"":""3*t**2 + 5*t + 8"",""mode"":""evaluate"",""substitutions"":{""t"":4}}",True,True,True,True,True,76,76,True,76,True,,"STRUCTURE: polynomial
TOOL: substitution
ARGUMENTS: {""expression"":""3*t**2 + 5*t + 8"",""mode"":""evaluate"",""substitutions"":{""t"":4}}"
test_seen_00107,50,seen,Expand (t + 3)(t + 0) and evaluate it at t = 0.,transformed_expression,polynomial_multiplication,False,expansion,expansion,True,"{""expression"":""t*(t + 3)"",""mode"":""evaluate"",""substitutions"":{""t"":0}}","{""expression"":""(t + 3)*(t + 0)"",""mode"":""evaluate"",""target"":0}",True,False,False,False,False,0,,False,0,True,wrong_structure,"STRUCTURE: polynomial_multiplication
TOOL: expansion
ARGUMENTS: {""expression"":""(t + 3)*(t + 0)"",""mode"":""evaluate"",""target"":0}"
test_seen_00108,50,seen,Two linear constraints hold: 2x + y = 15; 5x + 2y = 39. Determine x.,two_linear_relations,two_linear_constraints,False,elimination,substitution,False,"{""equations"":[""2*x + y - 15"",""5*x + 2*y - 39""],""target"":""x""}","{""equations"":[""2*x + y - 15"",""5*x + 2*y - 39""],""method"":""elimination"",""substitutions"":{""x"":15/2,""y"":39/5}}",False,False,False,False,False,9,,False,9,True,wrong_structure,"STRUCTURE: two_linear_constraints
TOOL: substitution
ARGUMENTS: {""equations"":[""2*x + y - 15"",""5*x + 2*y - 39""],""method"":""elimination"",""substitutions"":{""x"":15/2,""y"":39/5}}"
test_seen_00109,50,seen,The linked relations are y = 6 - 3x and -5x + 5y = -110. What is x?,two_linear_relations,two_linear_relations,True,substitution,substitution,True,"{""equations"":[""3*x + y - 6"",""-5*x + 5*y + 110""],""mode"":""solve_system"",""target"":""x""}","{""relations"":[""y"",""-5*x + 5*y"",""-3*x + y""],""variables"":[""x"",""y""]}",True,False,False,False,False,7,,False,7,True,invalid_arguments,"STRUCTURE: two_linear_relations
TOOL: substitution
ARGUMENTS: {""relations"":[""y"",""-5*x + 5*y"", ""-3*x + y""],""variables"":[""x"",""y""]}"
test_seen_00110,50,seen,Evaluate 19^2 - 9^2 by rewriting it as a product.,polynomial_identity,polynomial_identity,True,factorization,expansion,False,"{""expression"":""u**2 - v**2"",""mode"":""evaluate"",""substitutions"":{""u"":19,""v"":9}}","{""expression"":""(a + b)*(a - b)"",""mode"":""evaluate"",""operands"":[19,9],""operation"":""multiplication""}",True,False,False,False,False,280,,False,280,True,wrong_tool,"STRUCTURE: polynomial_identity
TOOL: expansion
ARGUMENTS: {""expression"":""(a + b)*(a - b)"",""mode"":""evaluate"",""operation"":""multiplication"",""operands"":[19,9]}"
test_seen_00111,50,seen,Use the binomial-square identity to compute (30 + 6)^2.,polynomial_identity,commutative_property,False,expansion,expansion,True,"{""expression"":""(a + b)**2"",""mode"":""evaluate"",""substitutions"":{""a"":30,""b"":6}}","{""expression"":""(a*b)**2"",""mode"":""evaluate"",""substitutions"":{""a"":30,""b"":6}}",True,True,False,False,True,1296,32400,False,1296,True,wrong_structure,"STRUCTURE: commutative_property
TOOL: expansion
ARGUMENTS: {""expression"":""(a*b)**2"",""mode"":""evaluate"",""substitutions"":{""a"":30,""b"":6}}"
test_seen_00112,50,seen,Scale the ratio 3:5 to 27:x. Find x.,equivalent_ratios,ratio_scale,False,proportional_scaling,scaling,False,"{""base_quantity"":3,""base_value"":5,""target_quantity"":27}","{""operation"":""scale"",""source_ratio"":3,""target_factor"":27,""target_ratio"":5}",True,False,False,False,False,45,,False,45,True,wrong_structure,"STRUCTURE: ratio_scale
TOOL: scaling
ARGUMENTS: {""operation"":""scale"",""source_ratio"":3,""target_ratio"":5,""target_factor"":27}"
test_seen_00113,50,seen,Cross-multiply 12:10 = 24:x and determine x.,equivalent_ratios,two_divisions,False,cross_multiplication,multiplication,False,"{""left_den"":10,""left_num"":12,""right_num"":24}","{""expression"":""(12 * x) / 10"",""mode"":""evaluate"",""target"":24}",True,False,False,False,False,20,,False,20,True,wrong_structure,"STRUCTURE: two_divisions
TOOL: multiplication
ARGUMENTS: {""expression"":""(12 * x) / 10"",""mode"":""evaluate"",""target"":24}"
test_seen_00114,50,seen,"Given a1 = 12 and a(n+1) = a(n) + 8, find a9.",additive_recurrence,additive_memoization,False,iteration,recursion,False,"{""start"":12,""step"":8,""updates"":8}","{""base"":""12"",""increment"":""8"",""iterations"":9}",True,False,False,False,False,76,,False,76,True,wrong_structure,"STRUCTURE: additive_memoization
TOOL: recursion
ARGUMENTS: {""base"":""12"",""increment"":""8"",""iterations"":9}"
test_seen_00115,50,seen,Use the closed form b(n) = -6 + (n - 1)(7) to find b(15).,additive_recurrence,fixed_formula,False,substitution,substitution,True,"{""expression"":""-6 + (n - 1)*(7)"",""mode"":""evaluate"",""substitutions"":{""n"":15}}","{""expression"":""-6+(n-1)*7"",""mode"":""evaluate"",""substitutions"":{""n"":15}}",True,True,False,True,True,92,92,True,92,True,,"STRUCTURE: fixed_formula
TOOL: substitution
ARGUMENTS: {""expression"":""-6+(n-1)*7"",""mode"":""evaluate"",""substitutions"":{""n"":15}}"
test_seen_00116,50,seen,Two numbers have sum -23 and product 120. Compute the sum of their squares from the symmetric identity.,symmetric_sum_product,symmetric_product_sum,False,expansion,factorization,False,"{""mode"":""symmetric_square_sum"",""product"":120,""sum"":-23}","{""expression"":""-x + y"",""mode"":""solve"",""values"":[-23,120]]",False,False,False,False,False,289,,False,289,True,wrong_structure,"STRUCTURE: two_numbers
TOOL: factorization
ARGUMENTS: {""expression"":""-x + y"",""mode"":""solve"",""values"":[-23,120]] 
STRUCTURE: symmetric_product_sum
TOOL: factorization
ARGUMENTS: {""expression"":""x*y"",""mode"":""solve"",""values"":[-23,120]]}"
test_seen_00117,50,seen,The roots of t^2 + 9t + 20 = 0 are r and s. Find r^2 + s^2 by factoring the quadratic.,symmetric_sum_product,symmetric_sum_product,True,factorization,factorization,True,"{""mode"":""root_power_sum"",""polynomial"":""t**2 + 9*t + 20"",""power"":2,""variable"":""t""}","{""equation"":""t**2 + 9*t + 20"",""mode"":""solve_roots"",""target"":""r+s""}",True,False,False,False,False,41,,False,41,True,invalid_arguments,"STRUCTURE: symmetric_sum_product
TOOL: factorization
ARGUMENTS: {""equation"":""t**2 + 9*t + 20"",""mode"":""solve_roots"",""target"":""r+s""}"
test_seen_00118,50,seen,Evaluate the transformed expression -4z^2 + 4z - 10 at z = -5.,transformed_expression,polynomial_expression,False,substitution,substitution,True,"{""expression"":""-4*t**2 + 4*t - 10"",""mode"":""evaluate"",""substitutions"":{""t"":-5}}","{""expression"":""-4*z**2 + 4*z - 10"",""mode"":""evaluate"",""values"":{""z"":-5}}",True,False,False,False,False,-130,,False,-130,True,wrong_structure,"STRUCTURE: polynomial_expression
TOOL: substitution
ARGUMENTS: {""expression"":""-4*z**2 + 4*z - 10"",""mode"":""evaluate"",""values"":{""z"":-5}}"
test_seen_00119,50,seen,"Open the product (x + -10)(x + 6), then set x = 2.",transformed_expression,polynomial,False,expansion,expansion,True,"{""expression"":""(x - 10)*(x + 6)"",""mode"":""evaluate"",""substitutions"":{""x"":2}}","{""base"":2,""expression"":""-10*x**2 + 6*x + 120"",""mode"":""evaluate""}",True,False,False,False,False,-64,,False,-64,True,wrong_structure,"STRUCTURE: polynomial
TOOL: expansion
ARGUMENTS: {""expression"":""-10*x**2 + 6*x + 120"",""mode"":""evaluate"",""base"":2}"
test_unseen_00000,50,unseen,The lines 3x - 4y = -16 and -3x + y = -5 intersect. Give their x-coordinate.,two_linear_relations,two_line_intersections,False,elimination,substitution,False,"{""equations"":[""3*x - 4*y + 16"",""-3*x + y + 5""],""target"":""x""}","{""expression"":""3*x - 4*y"",""mode"":""solve"",""substitutions"":{""x"":-2,""y"":-1/8}}",False,False,False,False,False,4,,False,4,True,wrong_structure,"STRUCTURE: two_line_intersections
TOOL: substitution
ARGUMENTS: {""expression"":""3*x - 4*y"",""mode"":""solve"",""substitutions"":{""x"":-2,""y"":-1/8}}"
test_unseen_00001,50,unseen,One variable is isolated in y = -5x - 1; use the other constraint -4x + 5y = -5 to obtain x.,two_linear_relations,linear_constraint,False,substitution,substitution,True,"{""equations"":[""5*x + y + 1"",""-4*x + 5*y + 5""],""mode"":""solve_system"",""target"":""x""}","{""constraints"":[""-4*x + 5*y + 5 == 0""],""expression"":""-5*x - 1"",""initial_guess"":{""x"":0,""y"":-1},""mode"":""evaluate"",""target"":""y"",""variables"":[""x""]}",True,False,False,False,False,0,,False,0,True,wrong_structure,"STRUCTURE: linear_constraint
TOOL: substitution
ARGUMENTS: {""expression"":""-5*x - 1"",""mode"":""evaluate"",""target"":""y"",""constraints"":[""-4*x + 5*y + 5 == 0""],""variables"":[""x""],""initial_guess"":{""x"":0,""y"":-1}}"
test_unseen_00002,50,unseen,"Without separately squaring both numbers, find the difference between 29 squared and 8 squared.",polynomial_identity,reciprocal_product,False,factorization,multiplication,False,"{""expression"":""u**2 - v**2"",""mode"":""evaluate"",""substitutions"":{""u"":29,""v"":8}}","{""expression"":""(a*b)**2 - (a**2)*(b**2)"",""mode"":""evaluate"",""substitutions"":{""a"":1,""b"":-1}}",True,False,False,False,False,777,,False,777,True,wrong_structure,"STRUCTURE: reciprocal_product
TOOL: multiplication
ARGUMENTS: {""expression"":""(a*b)**2 - (a**2)*(b**2)"",""mode"":""evaluate"",""substitutions"":{""a"":1,""b"":-1}}"
test_unseen_00003,50,unseen,What number results from opening the brackets in (34 + 21)(34 + 21)?,polynomial_identity,nested_multiplication,False,expansion,expansion,True,"{""expression"":""(a + b)**2"",""mode"":""evaluate"",""substitutions"":{""a"":34,""b"":21}}","{""expression"":""(34 + 21)*(34 + 21)"",""mode"":""evaluate"",""operation"":""+"",""precedence"":5,""target_operands"":[34,21]}",True,False,False,False,False,3025,,False,3025,True,wrong_structure,"STRUCTURE: nested_multiplication
TOOL: expansion
ARGUMENTS: {""expression"":""(34 + 21)*(34 + 21)"",""mode"":""evaluate"",""target_operands"":[34,21],""operation"":""+"",""precedence"":5}"
test_unseen_00004,50,unseen,A batch of 8 units has value 20. Find the value of a same-rate batch of 96 units.,equivalent_ratios,two_rate_batch,False,proportional_scaling,modular_scaling,False,"{""base_quantity"":8,""base_value"":20,""target_quantity"":96}","{""initial"":""batch"",""multiplier"":""scale_factor"",""target"":""units""}",True,False,False,False,False,240,,False,240,True,wrong_structure,"STRUCTURE: two_rate_batch
TOOL: modular_scaling
ARGUMENTS: {""initial"":""batch"",""target"":""units"",""multiplier"":""scale_factor""}"
test_unseen_00005,50,unseen,Complete the equivalent fractions: 14/12 = 112/[blank].,equivalent_ratios,division,False,cross_multiplication,multiplication,False,"{""left_den"":12,""left_num"":14,""right_num"":112}","{""integers"":[1,12],""operation"":""divide"",""values"":[112,14]}",True,False,False,False,False,96,,False,96,True,wrong_structure,"STRUCTURE: division
TOOL: multiplication
ARGUMENTS: {""operation"":""divide"",""integers"":[1,12],""values"":[112,14]}"
test_unseen_00006,50,unseen,A machine begins at 2 and applies a change of -7 for 7 rounds. What is its final value?,additive_recurrence,deterministic_math,False,iteration,substitution,False,"{""start"":2,""step"":-7,""updates"":7}","{""expression"":""-7*rounds() + initial_value"",""substitutions"":{""initial_value"":2,""rounds"":7}}",True,False,False,False,False,-47,,False,-47,True,wrong_structure,"STRUCTURE: deterministic_math
TOOL: substitution
ARGUMENTS: {""expression"":""-7*rounds() + initial_value"",""substitutions"":{""initial_value"":2,""rounds"":7}}"
test_unseen_00007,50,unseen,The repeated-change process is summarized by c(k) = -2 + (k - 1)(-4). Evaluate it at k = 4.,additive_recurrence,recurrence_relation,False,substitution,substitution,True,"{""expression"":""-2 + (n - 1)*(-4)"",""mode"":""evaluate"",""substitutions"":{""n"":4}}","{""expression"":""-(2*k - 1)*(k - 1)+(-4*k + 4)"",""mode"":""evaluate"",""substitutions"":{""k"":4}}",True,True,False,False,True,-14,-33,False,-14,True,wrong_structure,"STRUCTURE: recurrence_relation
TOOL: substitution
ARGUMENTS: {""expression"":""-(2*k - 1)*(k - 1)+(-4*k + 4)"",""mode"":""evaluate"",""substitutions"":{""k"":4}}"
test_unseen_00008,50,unseen,"Knowing only that p + q = -12 and pq = -13, determine p^2 + q^2 by opening (p + q)^2.",symmetric_sum_product,polynomial_identity,False,expansion,expansion,True,"{""mode"":""symmetric_square_sum"",""product"":-13,""sum"":-12}","{""expression"":""(a+b)**2"",""mode"":""evaluate"",""values"":{""a"":-12,""b"":-13}}",True,False,False,False,False,170,,False,170,True,wrong_structure,"STRUCTURE: polynomial_identity
TOOL: expansion
ARGUMENTS: {""expression"":""(a+b)**2"",""mode"":""evaluate"",""values"":{""a"":-12,""b"":-13}}"
test_unseen_00009,50,unseen,Split the quadratic t^2 + 9t - 36 into linear factors and report the squared-root sum.,symmetric_sum_product,split_to_linear_factors,False,factorization,factorization,True,"{""mode"":""root_power_sum"",""polynomial"":""t**2 + 9*t - 36"",""power"":2,""variable"":""t""}","{""expression"":""-36 + 9*i + i**2"",""mode"":""simplify"",""target"":""sum_of_squares""}",True,False,False,False,False,153,,False,153,True,wrong_structure,"STRUCTURE: split_to_linear_factors
TOOL: factorization
ARGUMENTS: {""expression"":""-36 + 9*i + i**2"",""mode"":""simplify"",""target"":""sum_of_squares""}"
test_unseen_00010,50,unseen,Insert u = 3 into -u^2 + 2u - 9. What value results?,transformed_expression,polynomial_equation,False,substitution,substitution,True,"{""expression"":""-t**2 + 2*t - 9"",""mode"":""evaluate"",""substitutions"":{""t"":3}}","{""expression"":""-x**2 + 2*x - 9"",""mode"":""evaluate_at"",""value"":3}",True,False,False,False,False,-12,,False,-12,True,wrong_structure,"STRUCTURE: polynomial_equation
TOOL: substitution
ARGUMENTS: {""expression"":""-x**2 + 2*x - 9"",""mode"":""evaluate_at"",""value"":3}"
test_unseen_00011,50,unseen,"After multiplying out the two shifted factors (t + -1) and (t + -9), find the result when t is -2.",transformed_expression,nested_multiplication,False,expansion,expansion,True,"{""expression"":""(t - 9)*(t - 1)"",""mode"":""evaluate"",""substitutions"":{""t"":-2}}","{""expression"":""(a+b)*(c+d)"",""mode"":""evaluate"",""target"":-2}",True,False,False,False,False,33,,False,33,True,wrong_structure,"STRUCTURE: nested_multiplication
TOOL: expansion
ARGUMENTS: {""expression"":""(a+b)*(c+d)"",""mode"":""evaluate"",""target"":-2}"
test_unseen_00012,50,unseen,The lines 2x - 2y = -24 and -2x - 3y = -6 intersect. Give their y-coordinate.,two_linear_relations,two_line_intersections,False,elimination,substitution,False,"{""equations"":[""2*x - 2*y + 24"",""-2*x - 3*y + 6""],""target"":""y""}","{""equations"":[""2*x - 2*y + 24"",""-2*x - 3*y + 6""],""method"":""solve_for_y"",""target"":""y""}",True,False,False,False,False,6,,False,6,True,wrong_structure,"STRUCTURE: two_line_intersections
TOOL: substitution
ARGUMENTS: {""equations"":[""2*x - 2*y + 24"",""-2*x - 3*y + 6""],""method"":""solve_for_y"",""target"":""y""}"
test_unseen_00013,50,unseen,One variable is isolated in y = -5x - 7; use the other constraint 2x - 5y = -19 to obtain y.,two_linear_relations,two_variable_constraint,False,substitution,substitution,True,"{""equations"":[""5*x + y + 7"",""2*x - 5*y + 19""],""mode"":""solve_system"",""target"":""y""}","{""constraint"":""2*x - 5*y == -19"",""expression"":""-5*x + 7"",""mode"":""evaluate"",""substitutions"":{""result"":"""",""x"":0.4}}",True,False,False,False,False,3,,False,3,True,wrong_structure,"STRUCTURE: two_variable_constraint
TOOL: substitution
ARGUMENTS: {""expression"":""-5*x + 7"",""mode"":""evaluate"",""substitutions"":{""x"":0.4,""result"":""""},""constraint"":""2*x - 5*y == -19""}"
test_unseen_00014,50,unseen,"Without separately squaring both numbers, find the difference between 79 squared and 25 squared.",polynomial_identity,reciprocal_product,False,factorization,multiplication,False,"{""expression"":""u**2 - v**2"",""mode"":""evaluate"",""substitutions"":{""u"":79,""v"":25}}","{""num1"":79,""num2"":25}",True,False,False,False,False,5616,,False,5616,True,wrong_structure,"STRUCTURE: reciprocal_product
TOOL: multiplication
ARGUMENTS: {""num1"":79,""num2"":25}"
test_unseen_00015,50,unseen,What number results from opening the brackets in (32 + 31)(32 + 31)?,polynomial_identity,nested_multiplication,False,expansion,expansion,True,"{""expression"":""(a + b)**2"",""mode"":""evaluate"",""substitutions"":{""a"":32,""b"":31}}","{""associativity"":""left"",""expression"":""(32 + 31)*(32 + 31)"",""mode"":""evaluate"",""operation"":""+"",""precedence"":4,""target_operands"":[32,31]}",True,False,False,False,False,3969,,False,3969,True,wrong_structure,"STRUCTURE: nested_multiplication
TOOL: expansion
ARGUMENTS: {""expression"":""(32 + 31)*(32 + 31)"",""mode"":""evaluate"",""target_operands"":[32,31],""operation"":""+"",""precedence"":4,""associativity"":""left""}"
test_unseen_00016,50,unseen,A batch of 14 units has value 19. Find the value of a same-rate batch of 154 units.,equivalent_ratios,two_factor_authentication,False,proportional_scaling,modular_exponentiation,False,"{""base_quantity"":14,""base_value"":19,""target_quantity"":154}","{""base"":14,""exponent"":1,""modulus"":19}",True,False,False,False,False,209,,False,209,True,wrong_structure,"STRUCTURE: two_factor_authentication
TOOL: modular_exponentiation
ARGUMENTS: {""base"":14,""exponent"":1, ""modulus"":19}"
test_unseen_00017,50,unseen,Complete the equivalent fractions: 5/17 = 20/[blank].,equivalent_ratios,division,False,cross_multiplication,multiplication,False,"{""left_den"":17,""left_num"":5,""right_num"":20}","{""expression"":""a/b, c/d, e/f"",""operation"":""divide"",""values"":[5,20],[17,20],[17,17]]",False,False,False,False,False,68,,False,68,True,wrong_structure,"STRUCTURE: division
TOOL: multiplication
ARGUMENTS: {""expression"":""a/b, c/d, e/f"",""operation"":""divide"",""values"":[5,20],[17,20],[17,17]]"
test_unseen_00018,50,unseen,A machine begins at 9 and applies a change of 3 for 11 rounds. What is its final value?,additive_recurrence,deterministic_math,False,iteration,substitution,False,"{""start"":9,""step"":3,""updates"":11}","{""expression"":""3*rounds+initial_value"",""substitutions"":{""initial_value"":9,""rounds"":11}}",True,False,False,False,False,42,,False,42,True,wrong_structure,"STRUCTURE: deterministic_math
TOOL: substitution
ARGUMENTS: {""expression"":""3*rounds+initial_value"",""substitutions"":{""rounds"":11,""initial_value"":9}}"
test_unseen_00019,50,unseen,The repeated-change process is summarized by c(k) = -18 + (k - 1)(-1). Evaluate it at k = 5.,additive_recurrence,recurrence_relation,False,substitution,substitution,True,"{""expression"":""-18 + (n - 1)*(-1)"",""mode"":""evaluate"",""substitutions"":{""n"":5}}","{""expression"":""-(18+k*(-1))"",""mode"":""evaluate_at_value"",""value"":5}",True,False,False,False,False,-22,,False,-22,True,wrong_structure,"STRUCTURE: recurrence_relation
TOOL: substitution
ARGUMENTS: {""expression"":""-(18+k*(-1))"",""mode"":""evaluate_at_value"",""value"":5}"
test_unseen_00020,50,unseen,"Knowing only that p + q = -2 and pq = -195, determine p^2 + q^2 by opening (p + q)^2.",symmetric_sum_product,two_real_part,False,expansion,expansion,True,"{""mode"":""symmetric_square_sum"",""product"":-195,""sum"":-2}","{""expression"":""(a + b)*(a + b)"",""mode"":""evaluate"",""substitutions"":{""a"":-2,""b"":-195/195}}",False,False,False,False,False,394,,False,394,True,wrong_structure,"STRUCTURE: two_real_part
TOOL: expansion
ARGUMENTS: {""expression"":""(a + b)*(a + b)"",""mode"":""evaluate"",""substitutions"":{""a"":-2,""b"":-195/195}}"
test_unseen_00021,50,unseen,Split the quadratic t^2 - 12t + 27 into linear factors and report the squared-root sum.,symmetric_sum_product,split_to_linear_factors,False,factorization,factorization,True,"{""mode"":""root_power_sum"",""polynomial"":""t**2 - 12*t + 27"",""power"":2,""variable"":""t""}","{""expression"":""-12*t + 27"",""mode"":""simplify"",""operation"":""expand"",""target"":""linear_factors""}",True,False,False,False,False,90,,False,90,True,wrong_structure,"STRUCTURE: split_to_linear_factors
TOOL: factorization
ARGUMENTS: {""expression"":""-12*t + 27"",""mode"":""simplify"",""operation"":""expand"",""target"":""linear_factors""}"
test_unseen_00022,50,unseen,Insert u = 2 into 5u^2 + u - 1. What value results?,transformed_expression,polynomial,False,substitution,substitution,True,"{""expression"":""5*t**2 + t - 1"",""mode"":""evaluate"",""substitutions"":{""t"":2}}","{""expression"":""5*u**2 + u - 1"",""mode"":""evaluate"",""substitutions"":{""u"":2}}",True,True,False,False,True,21,21,True,21,True,,"STRUCTURE: polynomial
TOOL: substitution
ARGUMENTS: {""expression"":""5*u**2 + u - 1"",""mode"":""evaluate"",""substitutions"":{""u"":2}}"
test_unseen_00023,50,unseen,"After multiplying out the two shifted factors (t + -4) and (t + 2), find the result when t is -6.",transformed_expression,nested_multiplication,False,expansion,expansion,True,"{""expression"":""(t - 4)*(t + 2)"",""mode"":""evaluate"",""substitutions"":{""t"":-6}}","{""expression"":""(a*b)*(c*d)"",""mode"":""evaluate"",""target"":-6}",True,False,False,False,False,40,,False,40,True,wrong_structure,"STRUCTURE: nested_multiplication
TOOL: expansion
ARGUMENTS: {""expression"":""(a*b)*(c*d)"",""mode"":""evaluate"",""target"":-6}"
test_unseen_00024,50,unseen,The lines -2x + 4y = -26 and -5x + y = -11 intersect. Give their x-coordinate.,two_linear_relations,intersection,False,elimination,substitution,False,"{""equations"":[""-2*x + 4*y + 26"",""-5*x + y + 11""],""target"":""x""}","{""equations"":[""-2*x + 4*y + 26"",""-5*x + y + 11""],""method"":""solve_linear_equations"",""target"":""x_coordinates"",""input"":{""variables"":[""x"",""y""],""equations"":[{""terms"":[[""-2"", ""4""], [""-26""]],""coefficients"":[[-2, 4], [-26, 0]]}]}",False,False,False,False,False,1,,False,1,True,wrong_structure,"STRUCTURE: intersection
TOOL: substitution
ARGUMENTS: {""equations"":[""-2*x + 4*y + 26"",""-5*x + y + 11""],""method"":""solve_linear_equations"",""target"":""x_coordinates"",""input"":{""variables"":[""x"",""y""],""equations"":[{""terms"":[[""-2"", ""4""], [""-26""]],""coefficients"":[[-2, 4], [-26, 0]]}]}"
test_unseen_00025,50,unseen,One variable is isolated in y = -4x - 4; use the other constraint -3x - 5y = 122 to obtain y.,two_linear_relations,two_variables,False,substitution,substitution,True,"{""equations"":[""4*x + y + 4"",""-3*x - 5*y - 122""],""mode"":""solve_system"",""target"":""y""}","{""expression"":""-4*x + y"",""mode"":""solve"",""target"":""y""}",True,False,False,False,False,-28,,False,-28,True,wrong_structure,"STRUCTURE: two_variables
TOOL: substitution
ARGUMENTS: {""expression"":""-4*x + y"",""mode"":""solve"",""target"":""y""}"
test_unseen_00026,50,unseen,"Without separately squaring both numbers, find the difference between 48 squared and 43 squared.",polynomial_identity,reciprocal_product,False,factorization,multiplication,False,"{""expression"":""u**2 - v**2"",""mode"":""evaluate"",""substitutions"":{""u"":48,""v"":43}}","{""expression"":""(a*b)**2 - (a**2)*(b**2)"",""mode"":""evaluate"",""substitutions"":{""a"":48,""b"":43}}",True,False,False,False,False,455,,False,455,True,wrong_structure,"STRUCTURE: reciprocal_product
TOOL: multiplication
ARGUMENTS: {""expression"":""(a*b)**2 - (a**2)*(b**2)"",""mode"":""evaluate"",""substitutions"":{""a"":48,""b"":43}}"
test_unseen_00027,50,unseen,What number results from opening the brackets in (19 + 6)(19 + 6)?,polynomial_identity,nested_multiplication,False,expansion,expansion,True,"{""expression"":""(a + b)**2"",""mode"":""evaluate"",""substitutions"":{""a"":19,""b"":6}}","{""depth"":2,""expression"":""(19 + 6)*(19 + 6)"",""mode"":""evaluate"",""target_operands"":[19,6],""target_operations"":[""+"",""*""]}",True,False,False,False,False,625,,False,625,True,wrong_structure,"STRUCTURE: nested_multiplication
TOOL: expansion
ARGUMENTS: {""expression"":""(19 + 6)*(19 + 6)"",""mode"":""evaluate"",""target_operands"":[19,6],""target_operations"":[""+"",""*""],""depth"":2}"
test_unseen_00028,50,unseen,A batch of 8 units has value 10. Find the value of a same-rate batch of 16 units.,equivalent_ratios,two_sized_batches,False,proportional_scaling,modular_multiplication,False,"{""base_quantity"":8,""base_value"":10,""target_quantity"":16}","{""base"":""batch"",""multiplier"":""2"",""target"":""quantity""}",True,False,False,False,False,20,,False,20,True,wrong_structure,"STRUCTURE: two_sized_batches
TOOL: modular_multiplication
ARGUMENTS: {""base"":""batch"",""multiplier"":""2"",""target"":""quantity""}"
test_unseen_00029,50,unseen,Complete the equivalent fractions: 13/18 = 52/[blank].,equivalent_ratios,division,False,cross_multiplication,multiplication,False,"{""left_den"":18,""left_num"":13,""right_num"":52}","{""expression"":""a/b, c/d, e/f"",""operation"":""divide"",""values"":[13,52],[18,52],[18,13]]",False,False,False,False,False,72,,False,72,True,wrong_structure,"STRUCTURE: division
TOOL: multiplication
ARGUMENTS: {""expression"":""a/b, c/d, e/f"",""operation"":""divide"",""values"":[13,52],[18,52],[18,13]]"
test_unseen_00030,50,unseen,A machine begins at 20 and applies a change of -3 for 2 rounds. What is its final value?,additive_recurrence,deterministic_math,False,iteration,substitution,False,"{""start"":20,""step"":-3,""updates"":2}","{""expression"":""-3*rounds() + initial_value"",""substitutions"":{""initial_value"":20,""rounds()"":""2""}}",True,False,False,False,False,14,,False,14,True,wrong_structure,"STRUCTURE: deterministic_math
TOOL: substitution
ARGUMENTS: {""expression"":""-3*rounds() + initial_value"",""substitutions"":{""initial_value"":20,""rounds()"":""2""}}"
test_unseen_00031,50,unseen,The repeated-change process is summarized by c(k) = -3 + (k - 1)(7). Evaluate it at k = 7.,additive_recurrence,recurrence_relation,False,substitution,substitution,True,"{""expression"":""-3 + (n - 1)*(7)"",""mode"":""evaluate"",""substitutions"":{""n"":7}}","{""expression"":""-3 + (k - 1)*7"",""mode"":""evaluate_at"",""substitutions"":{""k"":7}}",True,False,False,False,False,39,,False,39,True,wrong_structure,"STRUCTURE: recurrence_relation
TOOL: substitution
ARGUMENTS: {""expression"":""-3 + (k - 1)*7"",""mode"":""evaluate_at"",""substitutions"":{""k"":7}}"
test_unseen_00032,50,unseen,"Knowing only that p + q = -12 and pq = -13, determine p^2 + q^2 by opening (p + q)^2.",symmetric_sum_product,polynomial_identity,False,expansion,expansion,True,"{""mode"":""symmetric_square_sum"",""product"":-13,""sum"":-12}","{""expression"":""(a+b)**2"",""mode"":""evaluate"",""values"":{""a"":-12,""b"":-13}}",True,False,False,False,False,170,,False,170,True,wrong_structure,"STRUCTURE: polynomial_identity
TOOL: expansion
ARGUMENTS: {""expression"":""(a+b)**2"",""mode"":""evaluate"",""values"":{""a"":-12,""b"":-13}}"
test_unseen_00033,50,unseen,Split the quadratic t^2 - 21t + 108 into linear factors and report the squared-root sum.,symmetric_sum_product,split_to_linear_factors,False,factorization,factorization,True,"{""mode"":""root_power_sum"",""polynomial"":""t**2 - 21*t + 108"",""power"":2,""variable"":""t""}","{""expression"":""-21*t + 108"",""mode"":""simplify"",""operation"":""factor"",""target"":""linear_factors""}",True,False,False,False,False,225,,False,225,True,wrong_structure,"STRUCTURE: split_to_linear_factors
TOOL: factorization
ARGUMENTS: {""expression"":""-21*t + 108"",""mode"":""simplify"",""target"":""linear_factors"",""operation"":""factor""}"
test_unseen_00034,50,unseen,Insert u = 5 into 5u^2 + 2u + 5. What value results?,transformed_expression,polynomial,False,substitution,substitution,True,"{""expression"":""5*t**2 + 2*t + 5"",""mode"":""evaluate"",""substitutions"":{""t"":5}}","{""expression"":""5*u**2 + 2*u + 5"",""mode"":""evaluate"",""operations"":{""add"":""+"",""divide"":""/"",""multiply"":""*"",""subtract"":""-""},""target"":5,""values"":{""u"":5}}",True,False,False,False,False,140,,False,140,True,wrong_structure,"STRUCTURE: polynomial
TOOL: substitution
ARGUMENTS: {""expression"":""5*u**2 + 2*u + 5"",""mode"":""evaluate"",""target"":5,""operations"":{""multiply"":""*"",""add"":""+"",""subtract"":""-"",""divide"":""/""},""values"":{""u"":5}}"
test_unseen_00035,50,unseen,"After multiplying out the two shifted factors (t + 5) and (t + -8), find the result when t is -3.",transformed_expression,nested_multiplication,False,expansion,expansion,True,"{""expression"":""(t - 8)*(t + 5)"",""mode"":""evaluate"",""substitutions"":{""t"":-3}}","{""expression"":""(a - b)*(a + b)"",""mode"":""evaluate"",""target"":-3}",True,False,False,False,False,-22,,False,-22,True,wrong_structure,"STRUCTURE: nested_multiplication
TOOL: expansion
ARGUMENTS: {""expression"":""(a - b)*(a + b)"",""mode"":""evaluate"",""target"":-3}"
test_unseen_00036,50,unseen,The lines x - y = -3 and 3x + 2y = 6 intersect. Give their x-coordinate.,two_linear_relations,intersection,False,elimination,substitution,False,"{""equations"":[""x - y + 3"",""3*x + 2*y - 6""],""target"":""x""}","{""equations"":[""x*y + 1"",""-x*y - 1""],""mode"":""numeric"",""substitutions"":{""x"":""-(b/a) + (c/b)"",""y"":""(a*b)/((a**2)*(b**2))""},""target"":""x"",""values"":{""a"":-3,""b"":-1}}",True,False,False,False,False,0,,False,0,True,wrong_structure,"STRUCTURE: intersection
TOOL: substitution
ARGUMENTS: {""equations"":[""x*y + 1"",""-x*y - 1""],""target"":""x"",""mode"":""numeric"",""values"":{""a"":-3,""b"":-1},""substitutions"":{""x"":""-(b/a) + (c/b)"",""y"":""(a*b)/((a**2)*(b**2))""}}"
test_unseen_00037,50,unseen,One variable is isolated in y = -x - 4; use the other constraint -4x + 3y = -19 to obtain y.,two_linear_relations,two_variables,False,substitution,substitution,True,"{""equations"":[""x + y + 4"",""-4*x + 3*y + 19""],""mode"":""solve_system"",""target"":""y""}","{""expression"":""-x - 4"",""mode"":""evaluate"",""target"":""y""}",True,False,False,False,False,-5,,False,-5,True,wrong_structure,"STRUCTURE: two_variables
TOOL: substitution
ARGUMENTS: {""expression"":""-x - 4"",""mode"":""evaluate"",""target"":""y""}"
test_unseen_00038,50,unseen,"Without separately squaring both numbers, find the difference between 66 squared and 43 squared.",polynomial_identity,reciprocal_product,False,factorization,multiplication,False,"{""expression"":""u**2 - v**2"",""mode"":""evaluate"",""substitutions"":{""u"":66,""v"":43}}","{""expression"":""(a*b)**2 - (c*d)**2"",""mode"":""evaluate"",""operation"":""difference"",""substitutions"":{""a"":66,""b"":10,""c"":43,""d"":10}}",True,False,False,False,False,2507,,False,2507,True,wrong_structure,"STRUCTURE: reciprocal_product
TOOL: multiplication
ARGUMENTS: {""expression"":""(a*b)**2 - (c*d)**2"",""mode"":""evaluate"",""substitutions"":{""a"":66,""b"":10,""c"":43,""d"":10},""operation"":""difference""}"
test_unseen_00039,50,unseen,What number results from opening the brackets in (30 + 7)(30 + 7)?,polynomial_identity,nested_multiplication,False,expansion,expansion,True,"{""expression"":""(a + b)**2"",""mode"":""evaluate"",""substitutions"":{""a"":30,""b"":7}}","{""expression"":""(30 + 7)*(30 + 7)"",""mode"":""evaluate"",""target_operands"":[30,7]}",True,False,False,False,False,1369,,False,1369,True,wrong_structure,"STRUCTURE: nested_multiplication
TOOL: expansion
ARGUMENTS: {""expression"":""(30 + 7)*(30 + 7)"",""mode"":""evaluate"",""target_operands"":[30,7]}"
test_unseen_00040,50,unseen,A batch of 11 units has value 6. Find the value of a same-rate batch of 66 units.,equivalent_ratios,two_factorized_equations,False,proportional_scaling,factorization,False,"{""base_quantity"":11,""base_value"":6,""target_quantity"":66}","{""expression"":""11*x + 6"",""mode"":""numeric"",""target"":66}",True,False,False,False,False,36,,False,36,True,wrong_structure,"STRUCTURE: two_factorized_equations
TOOL: factorization
ARGUMENTS: {""expression"":""11*x + 6"",""mode"":""numeric"",""target"":66}"
test_unseen_00041,50,unseen,Complete the equivalent fractions: 13/19 = 78/[blank].,equivalent_ratios,division,False,cross_multiplication,multiplication,False,"{""left_den"":19,""left_num"":13,""right_num"":78}","{""integers"":[1,20],""operation"":""divide"",""values"":[19,78]}",True,False,False,False,False,114,,False,114,True,wrong_structure,"STRUCTURE: division
TOOL: multiplication
ARGUMENTS: {""operation"":""divide"",""integers"":[1,20],""values"":[19,78]}"
test_unseen_00042,50,unseen,A machine begins at 12 and applies a change of 3 for 5 rounds. What is its final value?,additive_recurrence,deterministic_math,False,iteration,substitution,False,"{""start"":12,""step"":3,""updates"":5}","{""expression"":""3*rounds+initial_value"",""substitutions"":{""initial_value"":12,""rounds"":5}}",True,False,False,False,False,27,,False,27,True,wrong_structure,"STRUCTURE: deterministic_math
TOOL: substitution
ARGUMENTS: {""expression"":""3*rounds+initial_value"",""substitutions"":{""rounds"":5,""initial_value"":12}}"
test_unseen_00043,50,unseen,The repeated-change process is summarized by c(k) = -18 + (k - 1)(-2). Evaluate it at k = 11.,additive_recurrence,recurrence_relation,False,substitution,substitution,True,"{""expression"":""-18 + (n - 1)*(-2)"",""mode"":""evaluate"",""substitutions"":{""n"":11}}","{""expression"":""-(18-k)+(-2)*(k-1)"",""mode"":""evaluate"",""substitutions"":{""k"":11}}",True,True,False,False,True,-38,-27,False,-38,True,wrong_structure,"STRUCTURE: recurrence_relation
TOOL: substitution
ARGUMENTS: {""expression"":""-(18-k)+(-2)*(k-1)"",""mode"":""evaluate"",""substitutions"":{""k"":11}}"
test_unseen_00044,50,unseen,"Knowing only that p + q = -13 and pq = 0, determine p^2 + q^2 by opening (p + q)^2.",symmetric_sum_product,two_products,False,expansion,expansion,True,"{""mode"":""symmetric_square_sum"",""product"":0,""sum"":-13}","{""expression"":""(a*b)**2"",""mode"":""evaluate"",""target"":""p**2 + q**2"",""values"":{""a"":-13,""b"":0}}",True,False,False,False,False,169,,False,169,True,wrong_structure,"STRUCTURE: two_products
TOOL: expansion
ARGUMENTS: {""expression"":""(a*b)**2"",""mode"":""evaluate"",""values"":{""a"":-13,""b"":0},""target"":""p**2 + q**2""}"
test_unseen_00045,50,unseen,Split the quadratic t^2 + 6t - 7 into linear factors and report the squared-root sum.,symmetric_sum_product,split_to_linear_factors,False,factorization,factorization,True,"{""mode"":""root_power_sum"",""polynomial"":""t**2 + 6*t - 7"",""power"":2,""variable"":""t""}","{""expression"":""-7/1 + 6/1 - 1/1"",""operation"":""simplify"",""target"":""sum_of_squares""}",True,False,False,False,False,50,,False,50,True,wrong_structure,"STRUCTURE: split_to_linear_factors
TOOL: factorization
ARGUMENTS: {""expression"":""-7/1 + 6/1 - 1/1"",""operation"":""simplify"",""target"":""sum_of_squares""}"
test_unseen_00046,50,unseen,Insert u = -3 into 2u^2 - 4u + 2. What value results?,transformed_expression,polynomial_equation,False,substitution,,False,"{""expression"":""2*t**2 - 4*t + 2"",""mode"":""evaluate"",""substitutions"":{""t"":-3}}","{""expression"":""2*u**2 - 4*u + 2"",""mode"":""evaluate"",""target_value"":-3}",True,False,False,False,False,32,,False,32,True,wrong_structure,"STRUCTURE: polynomial_equation
OPERATION: substitution
ARGUMENTS: {""expression"":""2*u**2 - 4*u + 2"",""mode"":""evaluate"",""target_value"":-3}"
test_unseen_00047,50,unseen,"After multiplying out the two shifted factors (z + -6) and (z + -3), find the result when z is 7.",transformed_expression,nested_multiplication,False,expansion,expansion,True,"{""expression"":""(z - 6)*(z - 3)"",""mode"":""evaluate"",""substitutions"":{""z"":7}}","{""expression"":""(a-b)*(c-d)"",""mode"":""evaluate"",""target"":7}",True,False,False,False,False,4,,False,4,True,wrong_structure,"STRUCTURE: nested_multiplication
TOOL: expansion
ARGUMENTS: {""expression"":""(a-b)*(c-d)"",""mode"":""evaluate"",""target"":7}"
test_unseen_00048,50,unseen,The lines -3x - 5y = -41 and -4x + y = -1 intersect. Give their y-coordinate.,two_linear_relations,two_line_intersections,False,elimination,substitution,False,"{""equations"":[""-3*x - 5*y + 41"",""-4*x + y + 1""],""target"":""y""}","{""equations"":[""-3*x - 5*y"",""-4*x + y""]}",True,False,False,False,False,7,,False,7,True,wrong_structure,"STRUCTURE: two_line_intersections
TOOL: substitution
ARGUMENTS: {""equations"":[""-3*x - 5*y"",""-4*x + y""]}

STRUCTURE: two_line_intersections
TOOL: substitution
ARGUMENTS: {""equations"":[""-3*x - 5*y"",""-4*x + y""],""method"":""elimination""}"
test_unseen_00049,50,unseen,One variable is isolated in y = 5x + 8; use the other constraint 3x - 2y = -37 to obtain x.,two_linear_relations,two_variables,False,substitution,substitution,True,"{""equations"":[""-5*x + y - 8"",""3*x - 2*y + 37""],""mode"":""solve_system"",""target"":""x""}","{""constraint"":""-37*(3*x - 2*y) == 0"",""expression"":""5*x + 8"",""mode"":""evaluate""}",True,False,False,False,False,3,,False,3,True,wrong_structure,"STRUCTURE: two_variables
TOOL: substitution
ARGUMENTS: {""expression"":""5*x + 8"",""mode"":""evaluate"",""constraint"":""-37*(3*x - 2*y) == 0""}"
test_unseen_00050,50,unseen,"Without separately squaring both numbers, find the difference between 31 squared and 12 squared.",polynomial_identity,reciprocal_product,False,factorization,multiplication,False,"{""expression"":""u**2 - v**2"",""mode"":""evaluate"",""substitutions"":{""u"":31,""v"":12}}","{""expression"":""(a*b)**2 - (a**2)*(b**2)"",""mode"":""evaluate"",""substitutions"":{""a"":31,""b"":12}}",True,False,False,False,False,817,,False,817,True,wrong_structure,"STRUCTURE: reciprocal_product
TOOL: multiplication
ARGUMENTS: {""expression"":""(a*b)**2 - (a**2)*(b**2)"",""mode"":""evaluate"",""substitutions"":{""a"":31,""b"":12}}"
test_unseen_00051,50,unseen,What number results from opening the brackets in (2 + 23)(2 + 23)?,polynomial_identity,nested_multiplication,False,expansion,expansion,True,"{""expression"":""(a + b)**2"",""mode"":""evaluate"",""substitutions"":{""a"":2,""b"":23}}","{""expression"":""(2 + 23)*(2 + 23)"",""mode"":""evaluate"",""target_operands"":[2,23],""target_operations"":[""*"",""+""]}",True,False,False,False,False,625,,False,625,True,wrong_structure,"STRUCTURE: nested_multiplication
TOOL: expansion
ARGUMENTS: {""expression"":""(2 + 23)*(2 + 23)"",""mode"":""evaluate"",""target_operands"":[2,23],""target_operations"":[""*"",""+""]}"
test_unseen_00052,50,unseen,A batch of 2 units has value 19. Find the value of a same-rate batch of 12 units.,equivalent_ratios,two_unit_batch,False,proportional_scaling,modular_multiplication,False,"{""base_quantity"":2,""base_value"":19,""target_quantity"":12}","{""base"":""batch"",""multiplier"":""1"",""quantity"":""2"",""target"":""value""}",True,False,False,False,False,114,,False,114,True,wrong_structure,"STRUCTURE: two_unit_batch
TOOL: modular_multiplication
ARGUMENTS: {""base"":""batch"",""multiplier"":""1"",""quantity"":""2"",""target"":""value""}"
test_unseen_00053,50,unseen,Complete the equivalent fractions: 11/6 = 55/[blank].,equivalent_ratios,division,False,cross_multiplication,multiplication,False,"{""left_den"":6,""left_num"":11,""right_num"":55}","{""expression"":""a/b, c/d, e/f"",""operation"":""divide"",""target"":""multiply""}",True,False,False,False,False,30,,False,30,True,wrong_structure,"STRUCTURE: division
TOOL: multiplication
ARGUMENTS: {""expression"":""a/b, c/d, e/f"",""operation"":""divide"",""target"":""multiply""}"
test_unseen_00054,50,unseen,A machine begins at -10 and applies a change of -3 for 10 rounds. What is its final value?,additive_recurrence,deterministic_math,False,iteration,substitution,False,"{""start"":-10,""step"":-3,""updates"":10}","{""expression"":""-10 + (-3 * 10)"",""mode"":""evaluate"",""target"":""final_value""}",True,False,False,False,False,-40,,False,-40,True,wrong_structure,"STRUCTURE: deterministic_math
TOOL: substitution
ARGUMENTS: {""expression"":""-10 + (-3 * 10)"",""mode"":""evaluate"",""target"":""final_value""}"
test_unseen_00055,50,unseen,The repeated-change process is summarized by c(k) = -19 + (k - 1)(-7). Evaluate it at k = 4.,additive_recurrence,recurrence_relation,False,substitution,substitution,True,"{""expression"":""-19 + (n - 1)*(-7)"",""mode"":""evaluate"",""substitutions"":{""n"":4}}","{""expression"":""-(19-k)+(-7)*(k-1)"",""mode"":""evaluate"",""substitutions"":{""k"":4}}",True,True,False,False,True,-40,-36,False,-40,True,wrong_structure,"STRUCTURE: recurrence_relation
TOOL: substitution
ARGUMENTS: {""expression"":""-(19-k)+(-7)*(k-1)"",""mode"":""evaluate"",""substitutions"":{""k"":4}}"
test_unseen_00056,50,unseen,"Knowing only that p + q = 3 and pq = 2, determine p^2 + q^2 by opening (p + q)^2.",symmetric_sum_product,polynomial_identity,False,expansion,expansion,True,"{""mode"":""symmetric_square_sum"",""product"":2,""sum"":3}","{""expression"":""(a+b)**2"",""mode"":""evaluate"",""target"":""p**2 + q**2"",""values"":{""a"":3,""b"":1}}",True,False,False,False,False,5,,False,5,True,wrong_structure,"STRUCTURE: polynomial_identity
TOOL: expansion
ARGUMENTS: {""expression"":""(a+b)**2"",""mode"":""evaluate"",""values"":{""a"":3,""b"":1},""target"":""p**2 + q**2""}"
test_unseen_00057,50,unseen,Split the quadratic t^2 + 9t - 70 into linear factors and report the squared-root sum.,symmetric_sum_product,split_to_linear_factors,False,factorization,factorization,True,"{""mode"":""root_power_sum"",""polynomial"":""t**2 + 9*t - 70"",""power"":2,""variable"":""t""}","{""expression"":""-70+9*i*sqrt(413)+i*i*sqrt(413)**2"",""mode"":""simplify"",""precision"":5,""target"":""linear_factors""}",True,False,False,False,False,221,,False,221,True,wrong_structure,"STRUCTURE: split_to_linear_factors
TOOL: factorization
ARGUMENTS: {""expression"":""-70+9*i*sqrt(413)+i*i*sqrt(413)**2"",""mode"":""simplify"",""target"":""linear_factors"",""precision"":5}"
test_unseen_00058,50,unseen,Insert u = -3 into -u^2 + 4u - 8. What value results?,transformed_expression,polynomial_equation,False,substitution,substitution,True,"{""expression"":""-t**2 + 4*t - 8"",""mode"":""evaluate"",""substitutions"":{""t"":-3}}","{""expression"":""-(-3)**2 + 4*(-3) - 8"",""mode"":""evaluate"",""target_value"":0}",True,False,False,False,False,-29,,False,-29,True,wrong_structure,"STRUCTURE: polynomial_equation
TOOL: substitution
ARGUMENTS: {""expression"":""-(-3)**2 + 4*(-3) - 8"",""mode"":""evaluate"",""target_value"":0}"
test_unseen_00059,50,unseen,"After multiplying out the two shifted factors (z + 10) and (z + -5), find the result when z is 3.",transformed_expression,nested_multiplication,False,expansion,expansion,True,"{""expression"":""(z - 5)*(z + 10)"",""mode"":""evaluate"",""substitutions"":{""z"":3}}","{""expression"":""(a-b)*(c-d)"",""mode"":""evaluate"",""target"":3}",True,False,False,False,False,-26,,False,-26,True,wrong_structure,"STRUCTURE: nested_multiplication
TOOL: expansion
ARGUMENTS: {""expression"":""(a-b)*(c-d)"",""mode"":""evaluate"",""target"":3}"
test_unseen_00060,50,unseen,The lines 4x - y = -29 and -5x - 5y = 30 intersect. Give their x-coordinate.,two_linear_relations,two_line_intersections,False,elimination,substitution,False,"{""equations"":[""4*x - y + 29"",""-5*x - 5*y - 30""],""target"":""x""}","{""equations"":[""4*x - y + 29"",""-5*x - 5*y - 30""],""method"":""elimination"",""substitutions"":{""x"":1,""y"":-29/4}}",False,False,False,False,False,-7,,False,-7,True,wrong_structure,"STRUCTURE: two_line_intersections
TOOL: substitution
ARGUMENTS: {""equations"":[""4*x - y + 29"",""-5*x - 5*y - 30""],""method"":""elimination"",""substitutions"":{""x"":1,""y"":-29/4}}"
test_unseen_00061,50,unseen,One variable is isolated in y = -2x - 8; use the other constraint -3x - 4y = 2 to obtain x.,two_linear_relations,linear_constraint,False,substitution,substitution,True,"{""equations"":[""2*x + y + 8"",""-3*x - 4*y - 2""],""mode"":""solve_system"",""target"":""x""}","{""expression"":""-8 + 2*y"",""mode"":""evaluate"",""target"":""y"",""values"":{""x"":-3}}",True,False,False,False,False,-6,,False,-6,True,wrong_structure,"STRUCTURE: linear_constraint
TOOL: substitution
ARGUMENTS: {""expression"":""-8 + 2*y"",""mode"":""evaluate"",""values"":{""x"":-3},""target"":""y""}"
test_unseen_00062,50,unseen,"Without separately squaring both numbers, find the difference between 45 squared and 37 squared.",polynomial_identity,reciprocal_product,False,factorization,multiplication,False,"{""expression"":""u**2 - v**2"",""mode"":""evaluate"",""substitutions"":{""u"":45,""v"":37}}","{""num1"":20,""num2"":9}",True,False,False,False,False,656,,False,656,True,wrong_structure,"STRUCTURE: reciprocal_product
TOOL: multiplication
ARGUMENTS: {""num1"":20,""num2"":9}"
test_unseen_00063,50,unseen,What number results from opening the brackets in (12 + 29)(12 + 29)?,polynomial_identity,nested_multiplication,False,expansion,expansion,True,"{""expression"":""(a + b)**2"",""mode"":""evaluate"",""substitutions"":{""a"":12,""b"":29}}","{""expression"":""(12 + 29)*(12 + 29)"",""mode"":""evaluate"",""target_operands"":[12,29]}",True,False,False,False,False,1681,,False,1681,True,wrong_structure,"STRUCTURE: nested_multiplication
TOOL: expansion
ARGUMENTS: {""expression"":""(12 + 29)*(12 + 29)"",""mode"":""evaluate"",""target_operands"":[12,29]}"
test_unseen_00064,50,unseen,A batch of 8 units has value 13. Find the value of a same-rate batch of 48 units.,equivalent_ratios,two_factorial,False,proportional_scaling,modular_arithmetic,False,"{""base_quantity"":8,""base_value"":13,""target_quantity"":48}","{""expression"":""8*7*6*5*4*3*2+1"",""mode"":""evaluate"",""target"":48}",True,False,False,False,False,78,,False,78,True,wrong_structure,"STRUCTURE: two_factorial
TOOL: modular_arithmetic
ARGUMENTS: {""expression"":""8*7*6*5*4*3*2+1"",""mode"":""evaluate"",""target"":48}"
test_unseen_00065,50,unseen,Complete the equivalent fractions: 11/10 = 55/[blank].,equivalent_ratios,division,False,cross_multiplication,multiplication,False,"{""left_den"":10,""left_num"":11,""right_num"":55}","{""integers"":[11,55],""modulus"":2,""operation"":""divide""}",True,False,False,False,False,50,,False,50,True,wrong_structure,"STRUCTURE: division
TOOL: multiplication
ARGUMENTS: {""operation"":""divide"",""integers"":[11,55],""modulus"":2}"
test_unseen_00066,50,unseen,A machine begins at -11 and applies a change of 1 for 6 rounds. What is its final value?,additive_recurrence,deterministic_math,False,iteration,substitution,False,"{""start"":-11,""step"":1,""updates"":6}","{""expression"":""-11 + 1*6"",""mode"":""evaluate"",""target"":""final_value""}",True,False,False,False,False,-5,,False,-5,True,wrong_structure,"STRUCTURE: deterministic_math
TOOL: substitution
ARGUMENTS: {""expression"":""-11 + 1*6"",""mode"":""evaluate"",""target"":""final_value""}"
test_unseen_00067,50,unseen,The repeated-change process is summarized by c(k) = 5 + (k - 1)(-4). Evaluate it at k = 13.,additive_recurrence,recurrence_relation,False,substitution,substitution,True,"{""expression"":""5 + (n - 1)*(-4)"",""mode"":""evaluate"",""substitutions"":{""n"":13}}","{""expression"":""(k - 1)*(-4) + 5"",""mode"":""evaluate"",""substitutions"":{""k"":13}}",True,True,False,False,True,-43,-43,True,-43,True,,"STRUCTURE: recurrence_relation
TOOL: substitution
ARGUMENTS: {""expression"":""(k - 1)*(-4) + 5"",""mode"":""evaluate"",""substitutions"":{""k"":13}}"
test_unseen_00068,50,unseen,"Knowing only that p + q = 5 and pq = -150, determine p^2 + q^2 by opening (p + q)^2.",symmetric_sum_product,two_squared_products,False,expansion,expansion,True,"{""mode"":""symmetric_square_sum"",""product"":-150,""sum"":5}","{""expression"":""(a+b)**2"",""mode"":""evaluate"",""values"":{""a"":5,""b"":-150}}",True,False,False,False,False,325,,False,325,True,wrong_structure,"STRUCTURE: two_squared_products
TOOL: expansion
ARGUMENTS: {""expression"":""(a+b)**2"",""mode"":""evaluate"",""values"":{""a"":5,""b"":-150}}"
test_unseen_00069,50,unseen,Split the quadratic t^2 + 10t into linear factors and report the squared-root sum.,symmetric_sum_product,split_to_linear_factors,False,factorization,factorization,True,"{""mode"":""root_power_sum"",""polynomial"":""t**2 + 10*t"",""power"":2,""variable"":""t""}","{""expression"":""-10*t + t**2"",""mode"":""simplify"",""operation"":""split"",""target"":""linear_factors""}",True,False,False,False,False,100,,False,100,True,wrong_structure,"STRUCTURE: split_to_linear_factors
TOOL: factorization
ARGUMENTS: {""expression"":""-10*t + t**2"",""mode"":""simplify"",""target"":""linear_factors"",""operation"":""split""}"
test_unseen_00070,50,unseen,Insert u = 0 into -u^2 + 6u + 3. What value results?,transformed_expression,polynomial,False,substitution,substitution,True,"{""expression"":""-t**2 + 6*t + 3"",""mode"":""evaluate"",""substitutions"":{""t"":0}}","{""expression"":""-u**2 + 6*u + 3"",""mode"":""evaluate"",""target"":0}",True,False,False,False,False,3,,False,3,True,wrong_structure,"STRUCTURE: polynomial
TOOL: substitution
ARGUMENTS: {""expression"":""-u**2 + 6*u + 3"",""mode"":""evaluate"",""target"":0}"
test_unseen_00071,50,unseen,"After multiplying out the two shifted factors (z + -1) and (z + -1), find the result when z is 4.",transformed_expression,nested_multiplication,False,expansion,expansion,True,"{""expression"":""(z - 1)**2"",""mode"":""evaluate"",""substitutions"":{""z"":4}}","{""expression"":""(a-b)*(b-a)"",""mode"":""evaluate"",""target"":4}",True,False,False,False,False,9,,False,9,True,wrong_structure,"STRUCTURE: nested_multiplication
TOOL: expansion
ARGUMENTS: {""expression"":""(a-b)*(b-a)"",""mode"":""evaluate"",""target"":4}"
test_unseen_00072,50,unseen,The lines x + 2y = 17 and 2x - 4y = -14 intersect. Give their y-coordinate.,two_linear_relations,two_line_intersections,False,elimination,substitution,False,"{""equations"":[""x + 2*y - 17"",""2*x - 4*y + 14""],""target"":""y""}","{""equations"":[""x + 2*y - 17"",""2*x - 4*y + 14""],""method"":""solve_for_y"",""target"":""y_coordinates"",""substitutions"":{""x"":-3,""y"":-5},""start_point"":{""x"":-3/2,""y"":-5/2}}",False,False,False,False,False,6,,False,6,True,wrong_structure,"STRUCTURE: two_line_intersections
TOOL: substitution
ARGUMENTS: {""equations"":[""x + 2*y - 17"",""2*x - 4*y + 14""],""method"":""solve_for_y"",""target"":""y_coordinates"",""substitutions"":{""x"":-3,""y"":-5},""start_point"":{""x"":-3/2,""y"":-5/2}}"
test_unseen_00073,50,unseen,One variable is isolated in y = -2x; use the other constraint -2x + 3y = -72 to obtain x.,two_linear_relations,two_variables,False,substitution,substitution,True,"{""equations"":[""2*x + y"",""-2*x + 3*y + 72""],""mode"":""solve_system"",""target"":""x""}","{""expression"":""-2*x + 3*y"",""mode"":""solve"",""target"":""x""}",True,False,False,False,False,9,,False,9,True,wrong_structure,"STRUCTURE: two_variables
TOOL: substitution
ARGUMENTS: {""expression"":""-2*x + 3*y"",""mode"":""solve"",""target"":""x""}"
test_unseen_00074,50,unseen,"Without separately squaring both numbers, find the difference between 27 squared and 24 squared.",polynomial_identity,reciprocal_product,False,factorization,multiplication,False,"{""expression"":""u**2 - v**2"",""mode"":""evaluate"",""substitutions"":{""u"":27,""v"":24}}","{""expression"":""(a*b)**2 - (a**2)*(b**2)"",""mode"":""evaluate"",""substitutions"":{""a"":1,""b"":9},""target"":""difference""}",True,False,False,False,False,153,,False,153,True,wrong_structure,"STRUCTURE: reciprocal_product
TOOL: multiplication
ARGUMENTS: {""expression"":""(a*b)**2 - (a**2)*(b**2)"",""mode"":""evaluate"",""substitutions"":{""a"":1,""b"":9},""target"":""difference""}"
test_unseen_00075,50,unseen,What number results from opening the brackets in (25 + 16)(25 + 16)?,polynomial_identity,nested_multiplication,False,expansion,expansion,True,"{""expression"":""(a + b)**2"",""mode"":""evaluate"",""substitutions"":{""a"":25,""b"":16}}","{""expression"":""(25 + 16)*(25 + 16)"",""mode"":""evaluate"",""operation"":""*"",""target_operands"":[25,16]}",True,False,False,False,False,1681,,False,1681,True,wrong_structure,"STRUCTURE: nested_multiplication
TOOL: expansion
ARGUMENTS: {""expression"":""(25 + 16)*(25 + 16)"",""mode"":""evaluate"",""target_operands"":[25,16],""operation"":""*""}"
test_unseen_00076,50,unseen,A batch of 8 units has value 11. Find the value of a same-rate batch of 64 units.,equivalent_ratios,two_factorial,False,proportional_scaling,modular_arithmetic,False,"{""base_quantity"":8,""base_value"":11,""target_quantity"":64}","{""expression"":""(a * (b - 1)) + ((c / d) ** e)"",""variables"":{""a"":2,""b"":3,""c"":5,""d"":7,""e"":9,""f"":10}}",True,False,False,False,False,88,,False,88,True,wrong_structure,"STRUCTURE: two_factorial
TOOL: modular_arithmetic
ARGUMENTS: {""expression"":""(a * (b - 1)) + ((c / d) ** e)"", ""variables"": {""a"":2, ""b"":3, ""c"":5, ""d"":7, ""e"":9, ""f"":10}}"
test_unseen_00077,50,unseen,Complete the equivalent fractions: 3/2 = 24/[blank].,equivalent_ratios,division_equivalent,False,cross_multiplication,multiplication,False,"{""left_den"":2,""left_num"":3,""right_num"":24}","{""expression"":""a/b, b=10, result:15"",""operation"":""multiply""}",True,False,False,False,False,16,,False,16,True,wrong_structure,"STRUCTURE: division_equivalent
TOOL: multiplication
ARGUMENTS: {""expression"":""a/b, b=10, result:15"",""operation"":""multiply""}"
test_unseen_00078,50,unseen,A machine begins at -6 and applies a change of 9 for 6 rounds. What is its final value?,additive_recurrence,deterministic_math,False,iteration,substitution,False,"{""start"":-6,""step"":9,""updates"":6}","{""expression"":""-6 + 9*6"",""mode"":""evaluate"",""substitutes"":{""9"":10,""rounds"":6}}",True,False,False,False,False,48,,False,48,True,wrong_structure,"STRUCTURE: deterministic_math
TOOL: substitution
ARGUMENTS: {""expression"":""-6 + 9*6"",""mode"":""evaluate"",""substitutes"":{""9"":10,""rounds"":6}}"
test_unseen_00079,50,unseen,The repeated-change process is summarized by c(k) = -19 + (k - 1)(-4). Evaluate it at k = 15.,additive_recurrence,recurrence_relation,False,substitution,substitution,True,"{""expression"":""-19 + (n - 1)*(-4)"",""mode"":""evaluate"",""substitutions"":{""n"":15}}","{""expression"":""-(19 - (k - 1)*(-4))"",""mode"":""evaluate_at"",""substitutions"":{""k"":15}}",True,False,False,False,False,-75,,False,-75,True,wrong_structure,"STRUCTURE: recurrence_relation
TOOL: substitution
ARGUMENTS: {""expression"":""-(19 - (k - 1)*(-4))"",""mode"":""evaluate_at"",""substitutions"":{""k"":15}}"
test_unseen_00080,50,unseen,"Knowing only that p + q = -4 and pq = -45, determine p^2 + q^2 by opening (p + q)^2.",symmetric_sum_product,product_square,False,expansion,substitution,False,"{""mode"":""symmetric_square_sum"",""product"":-45,""sum"":-4}","{""expression"":""(x+y)*(x+y)"",""mode"":""evaluate"",""substitutions"":{""x"":-2,""y"":-9.38663}{ ""expression"":""(a*b)*(a*b)"",""mode"":""expand"",""parameters"":{""a"":10.77569,""b"":-5.15708)}}",False,False,False,False,False,106,,False,106,True,wrong_structure,"STRUCTURE: two_real_part
TOOL: expansion
ARGUMENTS: {""expression"":""(x+y)*(x+y)"",""mode"":""evaluate"",""substitutions"":{""x"":-2,""y"":-9.38663}{ ""expression"":""(a*b)*(a*b)"",""mode"":""expand"",""parameters"":{""a"":10.77569,""b"":-5.15708)}}

STRUCTURE: product_square
TOOL: substitution"
test_unseen_00081,50,unseen,Split the quadratic t^2 - t - 30 into linear factors and report the squared-root sum.,symmetric_sum_product,split_to_linear_factors,False,factorization,factorization,True,"{""mode"":""root_power_sum"",""polynomial"":""t**2 - t - 30"",""power"":2,""variable"":""t""}","{""expression"":""-t*t + t - 30"",""mode"":""simplify"",""precision"":4,""target"":""linear_factors""}",True,False,False,False,False,61,,False,61,True,wrong_structure,"STRUCTURE: split_to_linear_factors
TOOL: factorization
ARGUMENTS: {""expression"":""-t*t + t - 30"",""mode"":""simplify"",""target"":""linear_factors"",""precision"":4}"
test_unseen_00082,50,unseen,Insert u = -7 into u^2 + 6u + 3. What value results?,transformed_expression,polynomial,False,substitution,substitution,True,"{""expression"":""t**2 + 6*t + 3"",""mode"":""evaluate"",""substitutions"":{""t"":-7}}","{""expression"":""-7**2 + 6*(-7) + 3"",""operation"":""evaluate"",""target"":""value""}",True,False,False,False,False,10,,False,10,True,wrong_structure,"STRUCTURE: polynomial
TOOL: substitution
ARGUMENTS: {""expression"":""-7**2 + 6*(-7) + 3"",""operation"":""evaluate"",""target"":""value""}"
test_unseen_00083,50,unseen,"After multiplying out the two shifted factors (t + 8) and (t + 8), find the result when t is -7.",transformed_expression,nested_multiplication,False,expansion,expansion,True,"{""expression"":""(t + 8)**2"",""mode"":""evaluate"",""substitutions"":{""t"":-7}}","{""expression"":""(a-b)*(b-a)"",""mode"":""evaluate"",""target"":-7}",True,False,False,False,False,1,,False,1,True,wrong_structure,"STRUCTURE: nested_multiplication
TOOL: expansion
ARGUMENTS: {""expression"":""(a-b)*(b-a)"",""mode"":""evaluate"",""target"":-7}"
test_unseen_00084,50,unseen,The lines 2x - 5y = 2 and -4x - y = 18 intersect. Give their y-coordinate.,two_linear_relations,two_line_intersections,False,elimination,substitution,False,"{""equations"":[""2*x - 5*y - 2"",""-4*x - y - 18""],""target"":""y""}","{""expression"":""2*x - 5*y"",""mode"":""solve"",""substitutions"":{""x"":-4,""y"":18},""target"":""y""}",True,False,False,False,False,-2,,False,-2,True,wrong_structure,"STRUCTURE: two_line_intersections
TOOL: substitution
ARGUMENTS: {""expression"":""2*x - 5*y"",""mode"":""solve"",""substitutions"":{""x"":-4,""y"":18},""target"":""y""}"
test_unseen_00085,50,unseen,One variable is isolated in y = 6 - 3x; use the other constraint -x - 5y = -114 to obtain x.,two_linear_relations,two_variables,False,substitution,substitution,True,"{""equations"":[""3*x + y - 6"",""-x - 5*y + 114""],""mode"":""solve_system"",""target"":""x""}","{""expression"":""-3*x + 6"",""mode"":""evaluate"",""substitutions"":{""result"":-9,""x"":2}}",True,True,False,False,True,-6,0,False,-6,True,wrong_structure,"STRUCTURE: two_variables
TOOL: substitution
ARGUMENTS: {""expression"":""-3*x + 6"",""mode"":""evaluate"",""substitutions"":{""x"":2,""result"":-9}}"
test_unseen_00086,50,unseen,"Without separately squaring both numbers, find the difference between 37 squared and 35 squared.",polynomial_identity,reciprocal_product,False,factorization,multiplication,False,"{""expression"":""u**2 - v**2"",""mode"":""evaluate"",""substitutions"":{""u"":37,""v"":35}}","{""expression"":""(a*b)**2 - (a**2)*(b**2)"",""mode"":""evaluate"",""substitutions"":{""a"":1,""b"":2}}",True,False,False,False,False,144,,False,144,True,wrong_structure,"STRUCTURE: reciprocal_product
TOOL: multiplication
ARGUMENTS: {""expression"":""(a*b)**2 - (a**2)*(b**2)"",""mode"":""evaluate"",""substitutions"":{""a"":1,""b"":2}}"
test_unseen_00087,50,unseen,What number results from opening the brackets in (24 + 6)(24 + 6)?,polynomial_identity,nested_multiplication,False,expansion,expansion,True,"{""expression"":""(a + b)**2"",""mode"":""evaluate"",""substitutions"":{""a"":24,""b"":6}}","{""expression"":""(24 + 6)*(24 + 6)"",""mode"":""evaluate"",""target_operands"":[24,6]}",True,False,False,False,False,900,,False,900,True,wrong_structure,"STRUCTURE: nested_multiplication
TOOL: expansion
ARGUMENTS: {""expression"":""(24 + 6)*(24 + 6)"",""mode"":""evaluate"",""target_operands"":[24,6]}"
test_unseen_00088,50,unseen,A batch of 2 units has value 2. Find the value of a same-rate batch of 4 units.,equivalent_ratios,two_unit_batch,False,proportional_scaling,modular_multiplication,False,"{""base_quantity"":2,""base_value"":2,""target_quantity"":4}","{""base"":""batch"",""multiplier"":""2"",""target"":""units""}",True,False,False,False,False,4,,False,4,True,wrong_structure,"STRUCTURE: two_unit_batch
TOOL: modular_multiplication
ARGUMENTS: {""base"":""batch"",""multiplier"":""2"",""target"":""units""}"
test_unseen_00089,50,unseen,Complete the equivalent fractions: 14/19 = 140/[blank].,equivalent_ratios,division,False,cross_multiplication,multiplication,False,"{""left_den"":19,""left_num"":14,""right_num"":140}","{""integers"":[1,2],""operation"":""divide"",""values"":[19,10]}",True,False,False,False,False,190,,False,190,True,wrong_structure,"STRUCTURE: division
TOOL: multiplication
ARGUMENTS: {""operation"":""divide"",""integers"":[1,2],""values"":[19,10]}"
test_unseen_00090,50,unseen,A machine begins at 1 and applies a change of 7 for 3 rounds. What is its final value?,additive_recurrence,deterministic_math,False,iteration,substitution,False,"{""start"":1,""step"":7,""updates"":3}","{""expression"":""x + 7*3"",""substitutions"":{""x"":1}}",True,False,False,False,False,22,,False,22,True,wrong_structure,"STRUCTURE: deterministic_math
TOOL: substitution
ARGUMENTS: {""expression"":""x + 7*3"",""substitutions"":{""x"":1}}"
test_unseen_00091,50,unseen,The repeated-change process is summarized by c(k) = 14 + (k - 1)(2). Evaluate it at k = 10.,additive_recurrence,recurrence_relation,False,substitution,substitution,True,"{""expression"":""14 + (n - 1)*(2)"",""mode"":""evaluate"",""substitutions"":{""n"":10}}","{""expression"":""(k-1)*(2)+14"",""mode"":""evaluate"",""substitutions"":{""k"":10}}",True,True,False,False,True,32,32,True,32,True,,"STRUCTURE: recurrence_relation
TOOL: substitution
ARGUMENTS: {""expression"":""(k-1)*(2)+14"",""mode"":""evaluate"",""substitutions"":{""k"":10}}"
test_unseen_00092,50,unseen,"Knowing only that p + q = 4 and pq = -96, determine p^2 + q^2 by opening (p + q)^2.",symmetric_sum_product,two_square_products,False,expansion,expansion,True,"{""mode"":""symmetric_square_sum"",""product"":-96,""sum"":4}","{""expression"":""(a+b)**2"",""mode"":""evaluate"",""target"":""p**2 + q**2"",""values"":{""a"":2,""b"":-3}}",True,False,False,False,False,208,,False,208,True,wrong_structure,"STRUCTURE: two_square_products
TOOL: expansion
ARGUMENTS: {""expression"":""(a+b)**2"",""mode"":""evaluate"",""values"":{""a"":2,""b"":-3},""target"":""p**2 + q**2""}"
test_unseen_00093,50,unseen,Split the quadratic t^2 - 20t + 91 into linear factors and report the squared-root sum.,symmetric_sum_product,split_to_linear_factors,False,factorization,factorization,True,"{""mode"":""root_power_sum"",""polynomial"":""t**2 - 20*t + 91"",""power"":2,""variable"":""t""}","{""expression"":""-20*t + 91"",""mode"":""simplify"",""precision"":3,""target"":""linear_factors""}",True,False,False,False,False,218,,False,218,True,wrong_structure,"STRUCTURE: split_to_linear_factors
TOOL: factorization
ARGUMENTS: {""expression"":""-20*t + 91"",""mode"":""simplify"",""target"":""linear_factors"",""precision"":3}"
test_unseen_00094,50,unseen,Insert u = -7 into 4u^2 + 7u - 12. What value results?,transformed_expression,polynomial_equation,False,substitution,substitution,True,"{""expression"":""4*t**2 + 7*t - 12"",""mode"":""evaluate"",""substitutions"":{""t"":-7}}","{""expression"":""-7*u**2 + 7*u - 12"",""mode"":""evaluate"",""target_value"":0}",True,False,False,False,False,135,,False,135,True,wrong_structure,"STRUCTURE: polynomial_equation
TOOL: substitution
ARGUMENTS: {""expression"":""-7*u**2 + 7*u - 12"",""mode"":""evaluate"",""target_value"":0}"
test_unseen_00095,50,unseen,"After multiplying out the two shifted factors (z + -10) and (z + 2), find the result when z is -7.",transformed_expression,nested_multiplication,False,expansion,expansion,True,"{""expression"":""(z - 10)*(z + 2)"",""mode"":""evaluate"",""substitutions"":{""z"":-7}}","{""expression"":""(a-b)*(c-d)"",""mode"":""evaluate"",""target"":-7}",True,False,False,False,False,85,,False,85,True,wrong_structure,"STRUCTURE: nested_multiplication
TOOL: expansion
ARGUMENTS: {""expression"":""(a-b)*(c-d)"",""mode"":""evaluate"",""target"":-7}"
test_unseen_00096,50,unseen,The lines -4x + 4y = -60 and -2x + 5y = -51 intersect. Give their y-coordinate.,two_linear_relations,two_line_intersections,False,elimination,substitution,False,"{""equations"":[""-4*x + 4*y + 60"",""-2*x + 5*y + 51""],""target"":""y""}","{""equations"":[""-4*x + 4*y + 60"",""-2*x + 5*y + 51""],""first_equation"":""-4*x + 4*y + 60"",""method"":""solve_by_substitution"",""second_equation"":""-2*x + 5*y + 51"",""target_variable"":""y""}",True,False,False,False,False,-7,,False,-7,True,wrong_structure,"STRUCTURE: two_line_intersections
TOOL: substitution
ARGUMENTS: {""equations"":[""-4*x + 4*y + 60"",""-2*x + 5*y + 51""],""method"":""solve_by_substitution"",""target_variable"":""y"",""first_equation"":""-4*x + 4*y + 60"",""second_equation"":""-2*x + 5*y + 51""}"
test_unseen_00097,50,unseen,One variable is isolated in y = 4 - 5x; use the other constraint 3x + 5y = -156 to obtain x.,two_linear_relations,two_variables,False,substitution,substitution,True,"{""equations"":[""5*x + y - 4"",""3*x + 5*y + 156""],""mode"":""solve_system"",""target"":""x""}","{""expression"":""-5*x + 4"",""mode"":""evaluate"",""target"":""y"",""values"":{""x"":2}}",True,False,False,False,False,8,,False,8,True,wrong_structure,"STRUCTURE: two_variables
TOOL: substitution
ARGUMENTS: {""expression"":""-5*x + 4"",""mode"":""evaluate"",""values"":{""x"":2},""target"":""y""}"
test_unseen_00098,50,unseen,"Without separately squaring both numbers, find the difference between 75 squared and 6 squared.",polynomial_identity,reciprocal_product,False,factorization,multiplication,False,"{""expression"":""u**2 - v**2"",""mode"":""evaluate"",""substitutions"":{""u"":75,""v"":6}}","{""expression"":""(a*b)**2 - (a**2)*(b**2)"",""mode"":""evaluate"",""substitutions"":{""a"":1,""b"":-3},""target"":""difference""}",True,False,False,False,False,5589,,False,5589,True,wrong_structure,"STRUCTURE: reciprocal_product
TOOL: multiplication
ARGUMENTS: {""expression"":""(a*b)**2 - (a**2)*(b**2)"",""mode"":""evaluate"",""substitutions"":{""a"":1,""b"":-3},""target"":""difference""}"
test_unseen_00099,50,unseen,What number results from opening the brackets in (26 + 9)(26 + 9)?,polynomial_identity,nested_multiplication,False,expansion,expansion,True,"{""expression"":""(a + b)**2"",""mode"":""evaluate"",""substitutions"":{""a"":26,""b"":9}}","{""expression"":""(a+b)*(a+b)"",""mode"":""evaluate"",""target"":1840}",True,False,False,False,False,1225,,False,1225,True,wrong_structure,"STRUCTURE: nested_multiplication
TOOL: expansion
ARGUMENTS: {""expression"":""(a+b)*(a+b)"",""mode"":""evaluate"",""target"":1840}"
test_unseen_00100,50,unseen,A batch of 10 units has value 6. Find the value of a same-rate batch of 120 units.,equivalent_ratios,two_factorized_equations,False,proportional_scaling,factorization,False,"{""base_quantity"":10,""base_value"":6,""target_quantity"":120}","{""expression"":""10*x + 120*y"",""factor_type"":""multiples"",""mode"":""solve"",""target"":120}",True,False,False,False,False,72,,False,72,True,wrong_structure,"STRUCTURE: two_factorized_equations
TOOL: factorization
ARGUMENTS: {""expression"":""10*x + 120*y"",""mode"":""solve"",""target"":120,""factor_type"":""multiples""}"
test_unseen_00101,50,unseen,Complete the equivalent fractions: 3/10 = 15/[blank].,equivalent_ratios,division,False,cross_multiplication,multiplication,False,"{""left_den"":10,""left_num"":3,""right_num"":15}","{""expression"":""a/b, c/d, e/f"",""operation"":""divide"",""target"":2}",True,False,False,False,False,50,,False,50,True,wrong_structure,"STRUCTURE: division
TOOL: multiplication
ARGUMENTS: {""expression"":""a/b, c/d, e/f"",""operation"":""divide"",""target"":2}"
test_unseen_00102,50,unseen,A machine begins at -3 and applies a change of -1 for 5 rounds. What is its final value?,additive_recurrence,deterministic_math,False,iteration,substitution,False,"{""start"":-3,""step"":-1,""updates"":5}","{""expression"":""-3 + (-1)^5"",""mode"":""evaluate"",""substitutions"":{""x"":5}}",True,True,False,False,True,-8,-4,False,-8,True,wrong_structure,"STRUCTURE: deterministic_math
TOOL: substitution
ARGUMENTS: {""expression"":""-3 + (-1)^5"",""mode"":""evaluate"",""substitutions"":{""x"":5}}"
test_unseen_00103,50,unseen,The repeated-change process is summarized by c(k) = 14 + (k - 1)(2). Evaluate it at k = 4.,additive_recurrence,recurrence_relation,False,substitution,substitution,True,"{""expression"":""14 + (n - 1)*(2)"",""mode"":""evaluate"",""substitutions"":{""n"":4}}","{""expression"":""14+k*(2-k)"",""mode"":""evaluate"",""substitutions"":{""k"":4}}",True,True,False,False,True,20,6,False,20,True,wrong_structure,"STRUCTURE: recurrence_relation
TOOL: substitution
ARGUMENTS: {""expression"":""14+k*(2-k)"",""mode"":""evaluate"",""substitutions"":{""k"":4}}"
test_unseen_00104,50,unseen,"Knowing only that p + q = 5 and pq = 4, determine p^2 + q^2 by opening (p + q)^2.",symmetric_sum_product,product_sum,False,expansion,expansion,True,"{""mode"":""symmetric_square_sum"",""product"":4,""sum"":5}","{""expression"":""(a+b)*(a+b)"",""mode"":""evaluate"",""substitutions"":{""a"":5,""b"":4}}",True,True,False,False,True,17,81,False,17,True,wrong_structure,"STRUCTURE: product_sum
TOOL: expansion
ARGUMENTS: {""expression"":""(a+b)*(a+b)"",""mode"":""evaluate"",""substitutions"":{""a"":5,""b"":4}}"
test_unseen_00105,50,unseen,Split the quadratic t^2 - 4t - 21 into linear factors and report the squared-root sum.,symmetric_sum_product,split_to_linear_factors,False,factorization,factorization,True,"{""mode"":""root_power_sum"",""polynomial"":""t**2 - 4*t - 21"",""power"":2,""variable"":""t""}","{""expression"":""-4*t + t**2 - 21"",""mode"":""simplify"",""solve"":""sum_squared_roots"",""target"":""linear_factors""}",True,False,False,False,False,58,,False,58,True,wrong_structure,"STRUCTURE: split_to_linear_factors
TOOL: factorization
ARGUMENTS: {""expression"":""-4*t + t**2 - 21"",""mode"":""simplify"",""target"":""linear_factors"",""solve"":""sum_squared_roots""}"
test_unseen_00106,50,unseen,Insert u = -4 into 4u^2 - 8u - 2. What value results?,transformed_expression,polynomial_equation,False,substitution,substitution,True,"{""expression"":""4*t**2 - 8*t - 2"",""mode"":""evaluate"",""substitutions"":{""t"":-4}}","{""expression"":""-4*u**2 + -8*u - 2"",""mode"":""evaluate"",""target_value"":0}",True,False,False,False,False,94,,False,94,True,wrong_structure,"STRUCTURE: polynomial_equation
TOOL: substitution
ARGUMENTS: {""expression"":""-4*u**2 + -8*u - 2"",""mode"":""evaluate"",""target_value"":0}"
test_unseen_00107,50,unseen,"After multiplying out the two shifted factors (z + 3) and (z + -10), find the result when z is 4.",transformed_expression,nested_multiplication,False,expansion,expansion,True,"{""expression"":""(z - 10)*(z + 3)"",""mode"":""evaluate"",""substitutions"":{""z"":4}}","{""expression"":""(a-b)*(c-d)"",""mode"":""evaluate"",""target"":4}",True,False,False,False,False,-42,,False,-42,True,wrong_structure,"STRUCTURE: nested_multiplication
TOOL: expansion
ARGUMENTS: {""expression"":""(a-b)*(c-d)"",""mode"":""evaluate"",""target"":4}"
test_unseen_00108,50,unseen,The lines -3x - 5y = -30 and x - 2y = -1 intersect. Give their x-coordinate.,two_linear_relations,two_line_intersections,False,elimination,substitution,False,"{""equations"":[""-3*x - 5*y + 30"",""x - 2*y + 1""],""target"":""x""}","{""expected_result"":""-1"",""expression"":""3*x - 5*y"",""mode"":""evaluate"",""target"":""first_line_x"",""target_value"":""-3"",""values"":{""x"":-1,""y"":-2}}",True,False,False,False,False,5,,False,5,True,wrong_structure,"STRUCTURE: two_line_intersections
TOOL: substitution
ARGUMENTS: {""expression"":""3*x - 5*y"",""mode"":""evaluate"",""values"":{""x"":-1,""y"":-2},""target"":""first_line_x"",""expected_result"":""-1"",""target_value"":""-3""}"
test_unseen_00109,50,unseen,One variable is isolated in y = 5x + 2; use the other constraint 2x + y = -19 to obtain y.,two_linear_relations,equation,False,substitution,substitution,True,"{""equations"":[""-5*x + y - 2"",""2*x + y + 19""],""mode"":""solve_system"",""target"":""y""}","{""constraint"":""2*x + y + 19"",""expression"":""y - (5*x + 2)"",""mode"":""evaluate"",""target"":""y""}",True,False,False,False,False,-13,,False,-13,True,wrong_structure,"STRUCTURE: equation
TOOL: substitution
ARGUMENTS: {""expression"":""y - (5*x + 2)"",""mode"":""evaluate"",""constraint"":""2*x + y + 19"",""target"":""y""}"
test_unseen_00110,50,unseen,"Without separately squaring both numbers, find the difference between 80 squared and 23 squared.",polynomial_identity,reciprocal_product,False,factorization,multiplication,False,"{""expression"":""u**2 - v**2"",""mode"":""evaluate"",""substitutions"":{""u"":80,""v"":23}}","{""num1"":80,""num2"":23}",True,False,False,False,False,5871,,False,5871,True,wrong_structure,"STRUCTURE: reciprocal_product
TOOL: multiplication
ARGUMENTS: {""num1"":80,""num2"":23}"
test_unseen_00111,50,unseen,What number results from opening the brackets in (4 + 27)(4 + 27)?,polynomial_identity,nested_multiplication,False,expansion,expansion,True,"{""expression"":""(a + b)**2"",""mode"":""evaluate"",""substitutions"":{""a"":4,""b"":27}}","{""expression"":""(4 + 27)*(4 + 27)"",""mode"":""evaluate"",""target_operands"":[4,27],""target_operations"":[""*"",""+""]}",True,False,False,False,False,961,,False,961,True,wrong_structure,"STRUCTURE: nested_multiplication
TOOL: expansion
ARGUMENTS: {""expression"":""(4 + 27)*(4 + 27)"",""mode"":""evaluate"",""target_operands"":[4,27],""target_operations"":[""*"",""+""]}"
test_unseen_00112,50,unseen,A batch of 9 units has value 22. Find the value of a same-rate batch of 63 units.,equivalent_ratios,two_rate_batch,False,proportional_scaling,modular_scaling,False,"{""base_quantity"":9,""base_value"":22,""target_quantity"":63}","{""initial"":""batch"",""multiplier"":""scale_factor"",""target"":""units""}",True,False,False,False,False,154,,False,154,True,wrong_structure,"STRUCTURE: two_rate_batch
TOOL: modular_scaling
ARGUMENTS: {""initial"":""batch"",""target"":""units"",""multiplier"":""scale_factor""}"
test_unseen_00113,50,unseen,Complete the equivalent fractions: 10/10 = 100/[blank].,equivalent_ratios,division,False,cross_multiplication,multiplication,False,"{""left_den"":10,""left_num"":10,""right_num"":100}","{""integers"":true,""operation"":""divide"",""values"":[2,5]}",True,False,False,False,False,100,,False,100,True,wrong_structure,"STRUCTURE: division
TOOL: multiplication
ARGUMENTS: {""operation"":""divide"",""integers"":true,""values"":[2,5]}"
test_unseen_00114,50,unseen,A machine begins at 17 and applies a change of 3 for 4 rounds. What is its final value?,additive_recurrence,deterministic_math,False,iteration,substitution,False,"{""start"":17,""step"":3,""updates"":4}","{""expression"":""x + 3*4"",""mode"":""evaluate"",""substitutions"":{""x"":17}}",True,True,False,False,True,29,29,True,29,True,,"STRUCTURE: deterministic_math
TOOL: substitution
ARGUMENTS: {""expression"":""x + 3*4"",""mode"":""evaluate"",""substitutions"":{""x"":17}}"
test_unseen_00115,50,unseen,The repeated-change process is summarized by c(k) = -18 + (k - 1)(7). Evaluate it at k = 15.,additive_recurrence,recurrence_relation,False,substitution,substitution,True,"{""expression"":""-18 + (n - 1)*(7)"",""mode"":""evaluate"",""substitutions"":{""n"":15}}","{""expression"":""-18 + (k - 1)*7"",""mode"":""evaluate_at"",""substitutions"":{""k"":15}}",True,False,False,False,False,80,,False,80,True,wrong_structure,"STRUCTURE: recurrence_relation
TOOL: substitution
ARGUMENTS: {""expression"":""-18 + (k - 1)*7"",""mode"":""evaluate_at"",""substitutions"":{""k"":15}}"
test_unseen_00116,50,unseen,"Knowing only that p + q = 7 and pq = 0, determine p^2 + q^2 by opening (p + q)^2.",symmetric_sum_product,two_square_products,False,expansion,expansion,True,"{""mode"":""symmetric_square_sum"",""product"":0,""sum"":7}","{""expression"":""(a+b)**2"",""mode"":""evaluate"",""values"":{""a"":3,""b"":-1}}",True,False,False,False,False,49,,False,49,True,wrong_structure,"STRUCTURE: two_square_products
TOOL: expansion
ARGUMENTS: {""expression"":""(a+b)**2"",""mode"":""evaluate"",""values"":{""a"":3,""b"":-1}}"
test_unseen_00117,50,unseen,Split the quadratic t^2 - 10t + 24 into linear factors and report the squared-root sum.,symmetric_sum_product,split_to_linear_factors,False,factorization,factorization,True,"{""mode"":""root_power_sum"",""polynomial"":""t**2 - 10*t + 24"",""power"":2,""variable"":""t""}","{""expression"":""-10*t + 24"",""mode"":""simplify"",""operation"":""factor"",""target"":""linear_factors""}",True,False,False,False,False,52,,False,52,True,wrong_structure,"STRUCTURE: split_to_linear_factors
TOOL: factorization
ARGUMENTS: {""expression"":""-10*t + 24"",""mode"":""simplify"",""target"":""linear_factors"",""operation"":""factor""}"
test_unseen_00118,50,unseen,Insert u = -4 into -4u^2 - 3. What value results?,transformed_expression,polynomial_equation,False,substitution,substitution,True,"{""expression"":""-4*t**2 - 3"",""mode"":""evaluate"",""substitutions"":{""t"":-4}}","{""expression"":""-4*u**2 - 3"",""mode"":""evaluate_at"",""value"":4}",True,False,False,False,False,-67,,False,-67,True,wrong_structure,"STRUCTURE: polynomial_equation
TOOL: substitution
ARGUMENTS: {""expression"":""-4*u**2 - 3"",""mode"":""evaluate_at"",""value"":4}"
test_unseen_00119,50,unseen,"After multiplying out the two shifted factors (z + -1) and (z + 8), find the result when z is 2.",transformed_expression,nested_multiplication,False,expansion,expansion,True,"{""expression"":""(z - 1)*(z + 8)"",""mode"":""evaluate"",""substitutions"":{""z"":2}}","{""expression"":""(a-b)*(c-d)"",""mode"":""evaluate"",""target"":2}",True,False,False,False,False,10,,False,10,True,wrong_structure,"STRUCTURE: nested_multiplication
TOOL: expansion
ARGUMENTS: {""expression"":""(a-b)*(c-d)"",""mode"":""evaluate"",""target"":2}"
test_seen_00000,100,seen,Solve the simultaneous relations -4x + 2y = 32 and 4x + 2y = -32. Find x.,two_linear_relations,two_linear_relations,True,elimination,elimination,True,"{""equations"":[""-4*x + 2*y - 32"",""4*x + 2*y + 32""],""target"":""x""}","{""equations"":[""-4*x + 2*y - 32"",""4*x + 2*y + 32""],""target"":""x""}",True,True,True,True,True,-8,-8,True,-8,True,,"STRUCTURE: two_linear_relations
TOOL: elimination
ARGUMENTS: {""equations"":[""-4*x + 2*y - 32"",""4*x + 2*y + 32""],""target"":""x""}"
test_seen_00001,100,seen,"Given y = 2x + 3, insert it into 5x + 4y = 103 and find y.",two_linear_relations,two_linear_relations,True,substitution,substitution,True,"{""equations"":[""-2*x + y - 3"",""5*x + 4*y - 103""],""mode"":""solve_system"",""target"":""y""}","{""equations"":[""4*x - y + 3"",""5*x + 4*y - 103""],""target"":""y""}",True,False,False,False,False,17,,False,17,True,invalid_arguments,"STRUCTURE: two_linear_relations
TOOL: substitution
ARGUMENTS: {""equations"":[""4*x - y + 3"",""5*x + 4*y - 103""],""target"":""y""}"
test_seen_00002,100,seen,Use the product pattern for a difference of squares to compute 39^2 - 27^2.,polynomial_identity,polynomial_identity,True,factorization,factorization,True,"{""expression"":""u**2 - v**2"",""mode"":""evaluate"",""substitutions"":{""u"":39,""v"":27}}","{""expression"":""u**2 - v**2"",""mode"":""evaluate"",""substitutions"":{""u"":39,""v"":27}}",True,True,True,True,True,792,792,True,792,True,,"STRUCTURE: polynomial_identity
TOOL: factorization
ARGUMENTS: {""expression"":""u**2 - v**2"",""mode"":""evaluate"",""substitutions"":{""u"":39,""v"":27}}"
test_seen_00003,100,seen,Expand the square and evaluate (5 + 8)^2.,polynomial_identity,polynomial_identity,True,expansion,expansion,True,"{""expression"":""(a + b)**2"",""mode"":""evaluate"",""substitutions"":{""a"":5,""b"":8}}","{""expression"":""(a + b)**2"",""mode"":""evaluate"",""substitutions"":{""a"":5,""b"":8}}",True,True,True,True,True,169,169,True,169,True,,"STRUCTURE: polynomial_identity
TOOL: expansion
ARGUMENTS: {""expression"":""(a + b)**2"",""mode"":""evaluate"",""substitutions"":{""a"":5,""b"":8}}"
test_seen_00004,100,seen,"At a fixed rate, 8 items cost 6 dollars. What do 24 items cost?",equivalent_ratios,equivalent_ratios,True,proportional_scaling,proportional_scaling,True,"{""base_quantity"":8,""base_value"":6,""target_quantity"":24}","{""base_quantity"":8,""base_value"":6,""target_quantity"":24}",True,True,True,True,True,18,18,True,18,True,,"STRUCTURE: equivalent_ratios
TOOL: proportional_scaling
ARGUMENTS: {""base_quantity"":8,""base_value"":6,""target_quantity"":24}"
test_seen_00005,100,seen,Solve the proportion 4/18 = 12/x for x.,equivalent_ratios,equivalent_ratios,True,cross_multiplication,cross_multiplication,True,"{""left_den"":18,""left_num"":4,""right_num"":12}","{""left_den"":18,""left_num"":4,""right_num"":12}",True,True,True,True,True,54,54,True,54,True,,"STRUCTURE: equivalent_ratios
TOOL: cross_multiplication
ARGUMENTS: {""left_den"":18,""left_num"":4,""right_num"":12}"
test_seen_00006,100,seen,A sequence starts at 11 and changes by -5 each term. Iterate to find term 15.,additive_recurrence,additive_recurrence,True,iteration,iteration,True,"{""start"":11,""step"":-5,""updates"":14}","{""iterations"":14,""start"":11,""step"":-5}",True,False,False,False,False,-59,,False,-59,True,invalid_arguments,"STRUCTURE: additive_recurrence
TOOL: iteration
ARGUMENTS: {""start"":11,""step"":-5,""iterations"":14}"
test_seen_00007,100,seen,An arithmetic sequence has formula a(n) = 4 + (n - 1)(8). Substitute n = 7.,additive_recurrence,additive_recurrence,True,substitution,substitution,True,"{""expression"":""4 + (n - 1)*(8)"",""mode"":""evaluate"",""substitutions"":{""n"":7}}","{""expression"":""4 + (n - 1)*(8)"",""mode"":""evaluate"",""substitutions"":{""n"":7}}",True,True,True,True,True,52,52,True,52,True,,"STRUCTURE: additive_recurrence
TOOL: substitution
ARGUMENTS: {""expression"":""4 + (n - 1)*(8)"",""mode"":""evaluate"",""substitutions"":{""n"":7}}"
test_seen_00008,100,seen,"If x + y = -7 and xy = -30, use a square expansion to find x^2 + y^2.",symmetric_sum_product,symmetric_sum_product,True,expansion,expansion,True,"{""mode"":""symmetric_square_sum"",""product"":-30,""sum"":-7}","{""mode"":""symmetric_square_sum"",""product"":-30,""sum"":-7}",True,True,True,True,True,109,109,True,109,True,,"STRUCTURE: symmetric_sum_product
TOOL: expansion
ARGUMENTS: {""mode"":""symmetric_square_sum"",""product"":-30,""sum"":-7}"
test_seen_00009,100,seen,"Factor t^2 + 16t + 39 = 0 to obtain its two roots, then give the sum of their squares.",symmetric_sum_product,symmetric_sum_product,True,factorization,factorization,True,"{""mode"":""root_power_sum"",""polynomial"":""t**2 + 16*t + 39"",""power"":2,""variable"":""t""}","{""mode"":""root_power_sum"",""polynomial"":""t**2 + 16*t + 39"",""power"":2,""target"":2}",True,False,False,False,False,178,,False,178,True,invalid_arguments,"STRUCTURE: symmetric_sum_product
TOOL: factorization
ARGUMENTS: {""mode"":""root_power_sum"",""polynomial"":""t**2 + 16*t + 39"",""power"":2,""target"":2}"
test_seen_00010,100,seen,"For f(t) = -5t^2 - 7t - 7, substitute t = -7 and find f(-7).",transformed_expression,transformed_expression,True,substitution,substitution,True,"{""expression"":""-5*t**2 - 7*t - 7"",""mode"":""evaluate"",""substitutions"":{""t"":-7}}","{""expression"":""-5*t**2 - 7*t - 7"",""mode"":""evaluate"",""substitutions"":{""t"":-7}}",True,True,True,True,True,-203,-203,True,-203,True,,"STRUCTURE: transformed_expression
TOOL: substitution
ARGUMENTS: {""expression"":""-5*t**2 - 7*t - 7"",""mode"":""evaluate"",""substitutions"":{""t"":-7}}"
test_seen_00011,100,seen,Expand (x + -5)(x + -1) and evaluate it at x = -3.,transformed_expression,polynomial_identity,False,expansion,expansion,True,"{""expression"":""(x - 5)*(x - 1)"",""mode"":""evaluate"",""substitutions"":{""x"":-3}}","{""expression"":""(x - 5)*(x - 1)"",""mode"":""evaluate"",""substitutions"":{""x"":-3}}",True,True,True,True,True,32,32,True,32,True,,"STRUCTURE: polynomial_identity
TOOL: expansion
ARGUMENTS: {""expression"":""(x - 5)*(x - 1)"",""mode"":""evaluate"",""substitutions"":{""x"":-3}}"
test_seen_00012,100,seen,Two linear constraints hold: 4x + 5y = -2; 5x + 5y = 5. Determine x.,two_linear_relations,two_linear,False,elimination,elimination,True,"{""equations"":[""4*x + 5*y + 2"",""5*x + 5*y - 5""],""target"":""x""}","{""equations"":[""4*x + 5*y + 2"",""5*x + 5*y - 5""],""target"":""x""}",True,True,True,True,True,7,7,True,7,True,,"STRUCTURE: two_linear
TOOL: elimination
ARGUMENTS: {""equations"":[""4*x + 5*y + 2"",""5*x + 5*y - 5""],""target"":""x""}"
test_seen_00013,100,seen,The linked relations are y = 5x + 6 and x + y = -30. What is y?,two_linear_relations,two_linear_relations,True,substitution,substitution,True,"{""equations"":[""-5*x + y - 6"",""x + y + 30""],""mode"":""solve_system"",""target"":""y""}","{""equations"":[""-3*x + y + 6"",""x - y + 30""],""mode"":""solve_system""}",True,False,False,False,False,-24,,False,-24,True,invalid_arguments,"STRUCTURE: two_linear_relations
TOOL: substitution
ARGUMENTS: {""equations"":[""-3*x + y + 6"",""x - y + 30""],""mode"":""solve_system""}"
test_seen_00014,100,seen,Evaluate 29^2 - 12^2 by rewriting it as a product.,polynomial_identity,polynomial_identity,True,factorization,factorization,True,"{""expression"":""u**2 - v**2"",""mode"":""evaluate"",""substitutions"":{""u"":29,""v"":12}}","{""expression"":""u**2 - v**2"",""mode"":""evaluate"",""substitutions"":{""u"":29,""v"":12}}",True,True,True,True,True,697,697,True,697,True,,"STRUCTURE: polynomial_identity
TOOL: factorization
ARGUMENTS: {""expression"":""u**2 - v**2"",""mode"":""evaluate"",""substitutions"":{""u"":29,""v"":12}}"
test_seen_00015,100,seen,Use the binomial-square identity to compute (7 + 22)^2.,polynomial_identity,polynomial_identity,True,expansion,expansion,True,"{""expression"":""(a + b)**2"",""mode"":""evaluate"",""substitutions"":{""a"":7,""b"":22}}","{""expression"":""(a + b)**2"",""mode"":""evaluate"",""substitutions"":{""a"":7,""b"":22}}",True,True,True,True,True,841,841,True,841,True,,"STRUCTURE: polynomial_identity
TOOL: expansion
ARGUMENTS: {""expression"":""(a + b)**2"",""mode"":""evaluate"",""substitutions"":{""a"":7,""b"":22}}"
test_seen_00016,100,seen,Scale the ratio 11:10 to 22:x. Find x.,equivalent_ratios,equivalent_ratios,True,proportional_scaling,proportional_scaling,True,"{""base_quantity"":11,""base_value"":10,""target_quantity"":22}","{""base_value"":11,""target_denominator"":22,""target_value"":10}",True,False,False,False,False,20,,False,20,True,invalid_arguments,"STRUCTURE: equivalent_ratios
TOOL: proportional_scaling
ARGUMENTS: {""base_value"":11,""target_value"":10,""target_denominator"":22}"
test_seen_00017,100,seen,Cross-multiply 13:7 = 91:x and determine x.,equivalent_ratios,equivalent_ratios,True,cross_multiplication,cross_multiplication,True,"{""left_den"":7,""left_num"":13,""right_num"":91}","{""left_den"":7,""left_num"":13,""right_num"":91}",True,True,True,True,True,49,49,True,49,True,,"STRUCTURE: equivalent_ratios
TOOL: cross_multiplication
ARGUMENTS: {""left_den"":7,""left_num"":13,""right_num"":91}"
test_seen_00018,100,seen,"Given a1 = 18 and a(n+1) = a(n) - 7, find a11.",additive_recurrence,additive_recurrence,True,iteration,iteration,True,"{""start"":18,""step"":-7,""updates"":10}","{""start"":1,""step"":-7}",True,False,False,False,False,-52,,False,-52,True,invalid_arguments,"STRUCTURE: additive_recurrence
TOOL: iteration
ARGUMENTS: {""start"":1,""step"":-7}"
test_seen_00019,100,seen,Use the closed form b(n) = -13 + (n - 1)(1) to find b(10).,additive_recurrence,additive_recurrence,True,substitution,substitution,True,"{""expression"":""-13 + (n - 1)*(1)"",""mode"":""evaluate"",""substitutions"":{""n"":10}}","{""expression"":""-13 + (n - 1)"",""mode"":""evaluate"",""substitutions"":{""n"":10}}",True,True,False,True,True,-4,-4,True,-4,True,,"STRUCTURE: additive_recurrence
TOOL: substitution
ARGUMENTS: {""expression"":""-13 + (n - 1)"",""mode"":""evaluate"",""substitutions"":{""n"":10}}"
test_seen_00020,100,seen,Two numbers have sum 22 and product 117. Compute the sum of their squares from the symmetric identity.,symmetric_sum_product,symmetric_sum_product,True,expansion,expansion,True,"{""mode"":""symmetric_square_sum"",""product"":117,""sum"":22}","{""mode"":""symmetric_square_sum"",""product"":117,""sum"":22}",True,True,True,True,True,250,250,True,250,True,,"STRUCTURE: symmetric_sum_product
TOOL: expansion
ARGUMENTS: {""mode"":""symmetric_square_sum"",""product"":117,""sum"":22}"
test_seen_00021,100,seen,The roots of t^2 - 23t + 120 = 0 are r and s. Find r^2 + s^2 by factoring the quadratic.,symmetric_sum_product,symmetric_sum_product,True,factorization,factorization,True,"{""mode"":""root_power_sum"",""polynomial"":""t**2 - 23*t + 120"",""power"":2,""variable"":""t""}","{""mode"":""root_power_sum"",""polynomial"":""t**2 - 23*t + 120"",""power"":2,""type"":""root""}",True,False,False,False,False,289,,False,289,True,invalid_arguments,"STRUCTURE: symmetric_sum_product
TOOL: factorization
ARGUMENTS: {""mode"":""root_power_sum"",""polynomial"":""t**2 - 23*t + 120"",""power"":2,""type"":""root""}"
test_seen_00022,100,seen,Evaluate the transformed expression z^2 + 5z - 11 at z = 0.,transformed_expression,transformed_expression,True,substitution,substitution,True,"{""expression"":""t**2 + 5*t - 11"",""mode"":""evaluate"",""substitutions"":{""t"":0}}","{""expression"":""z**2 + 5*z - 11"",""mode"":""evaluate"",""substitutions"":{""z"":0}}",True,True,False,False,True,-11,-11,True,-11,True,,"STRUCTURE: transformed_expression
TOOL: substitution
ARGUMENTS: {""expression"":""z**2 + 5*z - 11"",""mode"":""evaluate"",""substitutions"":{""z"":0}}"
test_seen_00023,100,seen,"Open the product (x + 3)(x + 9), then set x = 5.",transformed_expression,transformed_expression,True,expansion,expansion,True,"{""expression"":""(x + 3)*(x + 9)"",""mode"":""evaluate"",""substitutions"":{""x"":5}}","{""expression"":""(x + 3)*(x + 9)"",""mode"":""evaluate"",""substitutions"":{""x"":5}}",True,True,True,True,True,112,112,True,112,True,,"STRUCTURE: transformed_expression
TOOL: expansion
ARGUMENTS: {""expression"":""(x + 3)*(x + 9)"",""mode"":""evaluate"",""substitutions"":{""x"":5}}"
test_seen_00024,100,seen,Solve the simultaneous relations 5x - 4y = 30 and 5x - 3y = 25. Find y.,two_linear_relations,two_linear_relations,True,elimination,elimination,True,"{""equations"":[""5*x - 4*y - 30"",""5*x - 3*y - 25""],""target"":""y""}","{""equations"":[""5*x - 4*y - 30"",""5*x - 3*y - 25""],""target"":""y""}",True,True,True,True,True,-5,-5,True,-5,True,,"STRUCTURE: two_linear_relations
TOOL: elimination
ARGUMENTS: {""equations"":[""5*x - 4*y - 30"",""5*x - 3*y - 25""],""target"":""y""}"
test_seen_00025,100,seen,"Given y = 4x + 5, insert it into 3x + 5y = -113 and find x.",two_linear_relations,two_linear_relations,True,substitution,substitution,True,"{""equations"":[""-4*x + y - 5"",""3*x + 5*y + 113""],""mode"":""solve_system"",""target"":""x""}","{""equations"":[""4*x + 5 - 3*x - 5"",""-113"",""-5""],""target"":""x""}",True,False,False,False,False,-6,,False,-6,True,invalid_arguments,"STRUCTURE: two_linear_relations
TOOL: substitution
ARGUMENTS: {""equations"":[""4*x + 5 - 3*x - 5"",""-113"",""-5""],""target"":""x""}"
test_seen_00026,100,seen,Use the product pattern for a difference of squares to compute 12^2 - 11^2.,polynomial_identity,polynomial_identity,True,factorization,factorization,True,"{""expression"":""u**2 - v**2"",""mode"":""evaluate"",""substitutions"":{""u"":12,""v"":11}}","{""expression"":""u**2 - v**2"",""mode"":""evaluate"",""substitutions"":{""u"":12,""v"":11}}",True,True,True,True,True,23,23,True,23,True,,"STRUCTURE: polynomial_identity
TOOL: factorization
ARGUMENTS: {""expression"":""u**2 - v**2"",""mode"":""evaluate"",""substitutions"":{""u"":12,""v"":11}}"
test_seen_00027,100,seen,Expand the square and evaluate (8 + 9)^2.,polynomial_identity,polynomial_identity,True,expansion,expansion,True,"{""expression"":""(a + b)**2"",""mode"":""evaluate"",""substitutions"":{""a"":8,""b"":9}}","{""expression"":""(a + b)**2"",""mode"":""evaluate"",""substitutions"":{""a"":8,""b"":9}}",True,True,True,True,True,289,289,True,289,True,,"STRUCTURE: polynomial_identity
TOOL: expansion
ARGUMENTS: {""expression"":""(a + b)**2"",""mode"":""evaluate"",""substitutions"":{""a"":8,""b"":9}}"
test_seen_00028,100,seen,"At a fixed rate, 13 items cost 2 dollars. What do 52 items cost?",equivalent_ratios,equivalent_ratios,True,proportional_scaling,proportional_scaling,True,"{""base_quantity"":13,""base_value"":2,""target_quantity"":52}","{""base_quantity"":13,""base_value"":2,""target_quantity"":52}",True,True,True,True,True,8,8,True,8,True,,"STRUCTURE: equivalent_ratios
TOOL: proportional_scaling
ARGUMENTS: {""base_quantity"":13,""base_value"":2,""target_quantity"":52}"
test_seen_00029,100,seen,Solve the proportion 3/19 = 21/x for x.,equivalent_ratios,equivalent_ratios,True,cross_multiplication,cross_multiplication,True,"{""left_den"":19,""left_num"":3,""right_num"":21}","{""left_den"":19,""left_num"":3,""right_num"":21}",True,True,True,True,True,133,133,True,133,True,,"STRUCTURE: equivalent_ratios
TOOL: cross_multiplication
ARGUMENTS: {""left_den"":19,""left_num"":3,""right_num"":21}"
test_seen_00030,100,seen,A sequence starts at 11 and changes by -1 each term. Iterate to find term 15.,additive_recurrence,additive_recurrence,True,iteration,iteration,True,"{""start"":11,""step"":-1,""updates"":14}","{""iterations"":14,""start"":11,""step"":-1}",True,False,False,False,False,-3,,False,-3,True,invalid_arguments,"STRUCTURE: additive_recurrence
TOOL: iteration
ARGUMENTS: {""start"":11,""step"":-1,""iterations"":14}"
test_seen_00031,100,seen,An arithmetic sequence has formula a(n) = 9 + (n - 1)(2). Substitute n = 9.,additive_recurrence,additive_recurrence,True,substitution,substitution,True,"{""expression"":""9 + (n - 1)*(2)"",""mode"":""evaluate"",""substitutions"":{""n"":9}}","{""expression"":""9 + (n - 1)*(2)"",""mode"":""evaluate"",""substitutions"":{""n"":9}}",True,True,True,True,True,25,25,True,25,True,,"STRUCTURE: additive_recurrence
TOOL: substitution
ARGUMENTS: {""expression"":""9 + (n - 1)*(2)"",""mode"":""evaluate"",""substitutions"":{""n"":9}}"
test_seen_00032,100,seen,"If x + y = -6 and xy = -91, use a square expansion to find x^2 + y^2.",symmetric_sum_product,symmetric_sum_product,True,expansion,expansion,True,"{""mode"":""symmetric_square_sum"",""product"":-91,""sum"":-6}","{""mode"":""symmetric_square_sum"",""product"":-91,""sum"":-6}",True,True,True,True,True,218,218,True,218,True,,"STRUCTURE: symmetric_sum_product
TOOL: expansion
ARGUMENTS: {""mode"":""symmetric_square_sum"",""product"":-91,""sum"":-6}"
test_seen_00033,100,seen,"Factor t^2 + 27t + 182 = 0 to obtain its two roots, then give the sum of their squares.",symmetric_sum_product,symmetric_sum_product,True,factorization,factorization,True,"{""mode"":""root_power_sum"",""polynomial"":""t**2 + 27*t + 182"",""power"":2,""variable"":""t""}","{""mode"":""root_power_sum"",""polynomial"":""t**2 + 27*t + 182"",""power"":2,""target"":2}",True,False,False,False,False,365,,False,365,True,invalid_arguments,"STRUCTURE: symmetric_sum_product
TOOL: factorization
ARGUMENTS: {""mode"":""root_power_sum"",""polynomial"":""t**2 + 27*t + 182"",""power"":2,""target"":2}"
test_seen_00034,100,seen,"For f(t) = -2t^2 + 4t - 6, substitute t = 3 and find f(3).",transformed_expression,transformed_expression,True,substitution,substitution,True,"{""expression"":""-2*t**2 + 4*t - 6"",""mode"":""evaluate"",""substitutions"":{""t"":3}}","{""expression"":""-2*t**2 + 4*t - 6"",""mode"":""evaluate"",""substitutions"":{""t"":3}}",True,True,True,True,True,-12,-12,True,-12,True,,"STRUCTURE: transformed_expression
TOOL: substitution
ARGUMENTS: {""expression"":""-2*t**2 + 4*t - 6"",""mode"":""evaluate"",""substitutions"":{""t"":3}}"
test_seen_00035,100,seen,Expand (z + 8)(z + 2) and evaluate it at z = -3.,transformed_expression,transformed_expression,True,expansion,expansion,True,"{""expression"":""(z + 2)*(z + 8)"",""mode"":""evaluate"",""substitutions"":{""z"":-3}}","{""expression"":""(z + 8)*(z + 2)"",""mode"":""evaluate"",""substitutions"":{""z"":-3}}",True,True,False,True,True,-5,-5,True,-5,True,,"STRUCTURE: transformed_expression
TOOL: expansion
ARGUMENTS: {""expression"":""(z + 8)*(z + 2)"",""mode"":""evaluate"",""substitutions"":{""z"":-3}}"
test_seen_00036,100,seen,Two linear constraints hold: -3x + 3y = -15; -3x - 2y = -35. Determine x.,two_linear_relations,two_linear_constraints,False,elimination,elimination,True,"{""equations"":[""-3*x + 3*y + 15"",""-3*x - 2*y + 35""],""target"":""x""}","{""equations"":[""3*x - y + 15"",""-3*x - 2*y + 35""],""mode"":""solve_system""}",True,False,False,False,False,9,,False,9,True,wrong_structure,"STRUCTURE: two_linear_constraints
TOOL: elimination
ARGUMENTS: {""equations"":[""3*x - y + 15"",""-3*x - 2*y + 35""],""mode"":""solve_system""}"
test_seen_00037,100,seen,The linked relations are y = -x - 1 and x - 2y = -4. What is x?,two_linear_relations,two_linear_relations,True,substitution,substitution,True,"{""equations"":[""x + y + 1"",""x - 2*y + 4""],""mode"":""solve_system"",""target"":""x""}","{""equations"":[""-x + y + 1"",""x - 2*y + 4""],""target"":""x""}",True,False,False,False,False,-2,,False,-2,True,invalid_arguments,"STRUCTURE: two_linear_relations
TOOL: substitution
ARGUMENTS: {""equations"":[""-x + y + 1"",""x - 2*y + 4""],""target"":""x""}"
test_seen_00038,100,seen,Evaluate 79^2 - 26^2 by rewriting it as a product.,polynomial_identity,polynomial_identity,True,factorization,factorization,True,"{""expression"":""u**2 - v**2"",""mode"":""evaluate"",""substitutions"":{""u"":79,""v"":26}}","{""expression"":""u**2 - v**2"",""mode"":""evaluate"",""substitutions"":{""u"":79,""v"":26}}",True,True,True,True,True,5565,5565,True,5565,True,,"STRUCTURE: polynomial_identity
TOOL: factorization
ARGUMENTS: {""expression"":""u**2 - v**2"",""mode"":""evaluate"",""substitutions"":{""u"":79,""v"":26}}"
test_seen_00039,100,seen,Use the binomial-square identity to compute (26 + 16)^2.,polynomial_identity,polynomial_identity,True,expansion,expansion,True,"{""expression"":""(a + b)**2"",""mode"":""evaluate"",""substitutions"":{""a"":26,""b"":16}}","{""expression"":""(a + b)**2"",""mode"":""evaluate"",""substitutions"":{""a"":26,""b"":16}}",True,True,True,True,True,1764,1764,True,1764,True,,"STRUCTURE: polynomial_identity
TOOL: expansion
ARGUMENTS: {""expression"":""(a + b)**2"",""mode"":""evaluate"",""substitutions"":{""a"":26,""b"":16}}"
test_seen_00040,100,seen,Scale the ratio 9:18 to 18:x. Find x.,equivalent_ratios,equivalent_ratios,True,proportional_scaling,proportional_scaling,True,"{""base_quantity"":9,""base_value"":18,""target_quantity"":18}","{""base_value"":9,""target_value"":18}",True,False,False,False,False,36,,False,36,True,invalid_arguments,"STRUCTURE: equivalent_ratios
TOOL: proportional_scaling
ARGUMENTS: {""base_value"":9,""target_value"":18}"
test_seen_00041,100,seen,Cross-multiply 3:2 = 6:x and determine x.,equivalent_ratios,equivalent_ratios,True,cross_multiplication,cross_multiplication,True,"{""left_den"":2,""left_num"":3,""right_num"":6}","{""left_den"":2,""left_num"":3,""right_num"":6}",True,True,True,True,True,4,4,True,4,True,,"STRUCTURE: equivalent_ratios
TOOL: cross_multiplication
ARGUMENTS: {""left_den"":2,""left_num"":3,""right_num"":6}"
test_seen_00042,100,seen,"Given a1 = -19 and a(n+1) = a(n) + 9, find a12.",additive_recurrence,additive_recurrence,True,iteration,iteration,True,"{""start"":-19,""step"":9,""updates"":11}","{""increment"":9,""start"":-19}",True,False,False,False,False,80,,False,80,True,invalid_arguments,"STRUCTURE: additive_recurrence
TOOL: iteration
ARGUMENTS: {""start"": -19, ""increment"": 9}"
test_seen_00043,100,seen,Use the closed form b(n) = 12 + (n - 1)(8) to find b(11).,additive_recurrence,additive_recurrence,True,substitution,substitution,True,"{""expression"":""12 + (n - 1)*(8)"",""mode"":""evaluate"",""substitutions"":{""n"":11}}","{""expression"":""12 + (n-1)*(8)"",""mode"":""evaluate"",""substitutions"":{""n"":11}}",True,True,False,True,True,92,92,True,92,True,,"STRUCTURE: additive_recurrence
TOOL: substitution
ARGUMENTS: {""expression"":""12 + (n-1)*(8)"",""mode"":""evaluate"",""substitutions"":{""n"":11}}"
test_seen_00044,100,seen,Two numbers have sum 3 and product -180. Compute the sum of their squares from the symmetric identity.,symmetric_sum_product,symmetric_sum_product,True,expansion,expansion,True,"{""mode"":""symmetric_square_sum"",""product"":-180,""sum"":3}","{""mode"":""symmetric_square_sum"",""product"":-180,""sum"":3}",True,True,True,True,True,369,369,True,369,True,,"STRUCTURE: symmetric_sum_product
TOOL: expansion
ARGUMENTS: {""mode"":""symmetric_square_sum"",""product"":-180,""sum"":3}"
test_seen_00045,100,seen,The roots of t^2 + 15t + 56 = 0 are r and s. Find r^2 + s^2 by factoring the quadratic.,symmetric_sum_product,symmetric_sum_product,True,factorization,factorization,True,"{""mode"":""root_power_sum"",""polynomial"":""t**2 + 15*t + 56"",""power"":2,""variable"":""t""}","{""mode"":""root_power_sum"",""polynomial"":""t**2 + 15*t + 56"",""power"":2,""type"":""root_sum""}",True,False,False,False,False,113,,False,113,True,invalid_arguments,"STRUCTURE: symmetric_sum_product
TOOL: factorization
ARGUMENTS: {""mode"":""root_power_sum"",""polynomial"":""t**2 + 15*t + 56"",""power"":2,""type"":""root_sum""}"
test_seen_00046,100,seen,Evaluate the transformed expression -3z^2 + 6z + 12 at z = -1.,transformed_expression,transformed_expression,True,substitution,substitution,True,"{""expression"":""-3*t**2 + 6*t + 12"",""mode"":""evaluate"",""substitutions"":{""t"":-1}}","{""expression"":""-3*t**2 + 6*t + 12"",""mode"":""evaluate"",""substitutions"":{""t"":-1}}",True,True,True,True,True,3,3,True,3,True,,"STRUCTURE: transformed_expression
TOOL: substitution
ARGUMENTS: {""expression"":""-3*t**2 + 6*t + 12"",""mode"":""evaluate"",""substitutions"":{""t"":-1}}"
test_seen_00047,100,seen,"Open the product (x + -6)(x + -3), then set x = -7.",transformed_expression,transformed_expression,True,expansion,expansion,True,"{""expression"":""(x - 6)*(x - 3)"",""mode"":""evaluate"",""substitutions"":{""x"":-7}}","{""expression"":""(x + -6)*(x + -3)"",""mode"":""evaluate"",""substitutions"":{""x"":-7}}",True,True,False,True,True,130,130,True,130,True,,"STRUCTURE: transformed_expression
TOOL: expansion
ARGUMENTS: {""expression"":""(x + -6)*(x + -3)"",""mode"":""evaluate"",""substitutions"":{""x"":-7}}"
test_seen_00048,100,seen,Solve the simultaneous relations 4x + 4y = -32 and x - 2y = 10. Find y.,two_linear_relations,two_linear_relations,True,elimination,elimination,True,"{""equations"":[""4*x + 4*y + 32"",""x - 2*y - 10""],""target"":""y""}","{""equations"":[""4*x + 4*y + 32"",""x - 2*y - 10""],""mode"":""solve_system"",""target"":""y""}",True,False,False,False,False,-6,,False,-6,True,invalid_arguments,"STRUCTURE: two_linear_relations
TOOL: elimination
ARGUMENTS: {""equations"":[""4*x + 4*y + 32"",""x - 2*y - 10""],""mode"":""solve_system"",""target"":""y""}"
test_seen_00049,100,seen,"Given y = -4x - 8, insert it into -3x + 2y = -60 and find x.",two_linear_relations,two_linear_relations,True,substitution,substitution,True,"{""equations"":[""4*x + y + 8"",""-3*x + 2*y + 60""],""mode"":""solve_system"",""target"":""x""}","{""equations"":[""-4*x - 8 + 2*y"",""-3*x + 2*y + 60""],""target"":""x""}",True,False,False,False,False,4,,False,4,True,invalid_arguments,"STRUCTURE: two_linear_relations
TOOL: substitution
ARGUMENTS: {""equations"":[""-4*x - 8 + 2*y"",""-3*x + 2*y + 60""],""target"":""x""}"
test_seen_00050,100,seen,Use the product pattern for a difference of squares to compute 44^2 - 23^2.,polynomial_identity,polynomial_identity,True,factorization,factorization,True,"{""expression"":""u**2 - v**2"",""mode"":""evaluate"",""substitutions"":{""u"":44,""v"":23}}","{""expression"":""u**2 - v**2"",""mode"":""evaluate"",""substitutions"":{""u"":44,""v"":23}}",True,True,True,True,True,1407,1407,True,1407,True,,"STRUCTURE: polynomial_identity
TOOL: factorization
ARGUMENTS: {""expression"":""u**2 - v**2"",""mode"":""evaluate"",""substitutions"":{""u"":44,""v"":23}}"
test_seen_00051,100,seen,Expand the square and evaluate (18 + 36)^2.,polynomial_identity,polynomial_identity,True,expansion,expansion,True,"{""expression"":""(a + b)**2"",""mode"":""evaluate"",""substitutions"":{""a"":18,""b"":36}}","{""expression"":""(a + b)**2"",""mode"":""evaluate"",""substitutions"":{""a"":18,""b"":36}}",True,True,True,True,True,2916,2916,True,2916,True,,"STRUCTURE: polynomial_identity
TOOL: expansion
ARGUMENTS: {""expression"":""(a + b)**2"",""mode"":""evaluate"",""substitutions"":{""a"":18,""b"":36}}"
test_seen_00052,100,seen,"At a fixed rate, 10 items cost 20 dollars. What do 40 items cost?",equivalent_ratios,equivalent_ratios,True,proportional_scaling,proportional_scaling,True,"{""base_quantity"":10,""base_value"":20,""target_quantity"":40}","{""base_quantity"":10,""base_value"":20,""target_quantity"":40}",True,True,True,True,True,80,80,True,80,True,,"STRUCTURE: equivalent_ratios
TOOL: proportional_scaling
ARGUMENTS: {""base_quantity"":10,""base_value"":20,""target_quantity"":40}"
test_seen_00053,100,seen,Solve the proportion 13/9 = 52/x for x.,equivalent_ratios,equivalent_ratios,True,cross_multiplication,cross_multiplication,True,"{""left_den"":9,""left_num"":13,""right_num"":52}","{""left_den"":9,""left_num"":13,""right_num"":52}",True,True,True,True,True,36,36,True,36,True,,"STRUCTURE: equivalent_ratios
TOOL: cross_multiplication
ARGUMENTS: {""left_den"":9,""left_num"":13,""right_num"":52}"
test_seen_00054,100,seen,A sequence starts at -8 and changes by -2 each term. Iterate to find term 3.,additive_recurrence,additive_recurrence,True,iteration,iteration,True,"{""start"":-8,""step"":-2,""updates"":2}","{""iterations"":3,""start"":-8,""step"":-2}",True,False,False,False,False,-12,,False,-12,True,invalid_arguments,"STRUCTURE: additive_recurrence
TOOL: iteration
ARGUMENTS: {""start"":-8,""step"":-2,""iterations"":3}"
test_seen_00055,100,seen,An arithmetic sequence has formula a(n) = -15 + (n - 1)(-1). Substitute n = 10.,additive_recurrence,additive_recurrence,True,substitution,substitution,True,"{""expression"":""-15 + (n - 1)*(-1)"",""mode"":""evaluate"",""substitutions"":{""n"":10}}","{""expression"":""-(10 - 1)*(-(1))"",""mode"":""evaluate"",""substitutions"":{""n"":10}}",True,True,False,False,True,-24,9,False,-24,True,valid_but_wrong_arguments,"STRUCTURE: additive_recurrence
TOOL: substitution
ARGUMENTS: {""expression"":""-(10 - 1)*(-(1))"",""mode"":""evaluate"",""substitutions"":{""n"":10}}"
test_seen_00056,100,seen,"If x + y = 4 and xy = -77, use a square expansion to find x^2 + y^2.",symmetric_sum_product,polynomial_identity,False,expansion,factorization,False,"{""mode"":""symmetric_square_sum"",""product"":-77,""sum"":4}","{""expression"":""u**2 + v**2 - 4*u - 77"",""mode"":""evaluate"",""substitutions"":{""u"":4,""v"":-77}}",True,True,False,False,True,170,5852,False,170,True,wrong_structure,"STRUCTURE: polynomial_identity
TOOL: factorization
ARGUMENTS: {""expression"":""u**2 + v**2 - 4*u - 77"",""mode"":""evaluate"",""substitutions"":{""u"":4,""v"":-77}}"
test_seen_00057,100,seen,"Factor t^2 - 15t + 50 = 0 to obtain its two roots, then give the sum of their squares.",symmetric_sum_product,symmetric_sum_product,True,factorization,factorization,True,"{""mode"":""root_power_sum"",""polynomial"":""t**2 - 15*t + 50"",""power"":2,""variable"":""t""}","{""mode"":""root_power_sum"",""polynomial"":""t**2 - 15*t + 50"",""power"":2,""target"":2}",True,False,False,False,False,125,,False,125,True,invalid_arguments,"STRUCTURE: symmetric_sum_product
TOOL: factorization
ARGUMENTS: {""mode"":""root_power_sum"",""polynomial"":""t**2 - 15*t + 50"",""power"":2,""target"":2}"
test_seen_00058,100,seen,"For f(t) = -4t^2 + 7t + 10, substitute t = -2 and find f(-2).",transformed_expression,transformed_expression,True,substitution,substitution,True,"{""expression"":""-4*t**2 + 7*t + 10"",""mode"":""evaluate"",""substitutions"":{""t"":-2}}","{""expression"":""-4*t**2 + 7*t + 10"",""mode"":""evaluate"",""substitutions"":{""t"":-2}}",True,True,True,True,True,-20,-20,True,-20,True,,"STRUCTURE: transformed_expression
TOOL: substitution
ARGUMENTS: {""expression"":""-4*t**2 + 7*t + 10"",""mode"":""evaluate"",""substitutions"":{""t"":-2}}"
test_seen_00059,100,seen,Expand (x + -6)(x + 0) and evaluate it at x = -4.,transformed_expression,transformed_expression,True,expansion,expansion,True,"{""expression"":""x*(x - 6)"",""mode"":""evaluate"",""substitutions"":{""x"":-4}}","{""expression"":""(x - 6)*(x + 0)"",""mode"":""evaluate"",""substitutions"":{""x"":-4}}",True,True,False,True,True,40,40,True,40,True,,"STRUCTURE: transformed_expression
TOOL: expansion
ARGUMENTS: {""expression"":""(x - 6)*(x + 0)"",""mode"":""evaluate"",""substitutions"":{""x"":-4}}"
test_seen_00060,100,seen,Two linear constraints hold: 5x - 3y = -33; -x + 4y = 27. Determine y.,two_linear_relations,two_linear_constraints,False,elimination,elimination,True,"{""equations"":[""5*x - 3*y + 33"",""-x + 4*y - 27""],""target"":""y""}","{""equations"":[""5*x - 3*y + 33"",""-x + 4*y - 27""],""mode"":""solve_system""}",True,False,False,False,False,6,,False,6,True,wrong_structure,"STRUCTURE: two_linear_constraints
TOOL: elimination
ARGUMENTS: {""equations"":[""5*x - 3*y + 33"",""-x + 4*y - 27""],""mode"":""solve_system""}"
test_seen_00061,100,seen,The linked relations are y = 3x + 6 and -x + 4y = 24. What is y?,two_linear_relations,two_linear_relations,True,substitution,substitution,True,"{""equations"":[""-3*x + y - 6"",""-x + 4*y - 24""],""mode"":""solve_system"",""target"":""y""}","{""equations"":[""-x + 4*y - 24"",""-x + 4*y + 6""],""mode"":""solve_system""}",True,False,False,False,False,6,,False,6,True,invalid_arguments,"STRUCTURE: two_linear_relations
TOOL: substitution
ARGUMENTS: {""equations"":[""-x + 4*y - 24"",""-x + 4*y + 6""],""mode"":""solve_system""}"
test_seen_00062,100,seen,Evaluate 76^2 - 29^2 by rewriting it as a product.,polynomial_identity,polynomial_identity,True,factorization,factorization,True,"{""expression"":""u**2 - v**2"",""mode"":""evaluate"",""substitutions"":{""u"":76,""v"":29}}","{""expression"":""u**2 - v**2"",""mode"":""evaluate"",""substitutions"":{""u"":76,""v"":29}}",True,True,True,True,True,4935,4935,True,4935,True,,"STRUCTURE: polynomial_identity
TOOL: factorization
ARGUMENTS: {""expression"":""u**2 - v**2"",""mode"":""evaluate"",""substitutions"":{""u"":76,""v"":29}}"
test_seen_00063,100,seen,Use the binomial-square identity to compute (29 + 35)^2.,polynomial_identity,polynomial_identity,True,expansion,expansion,True,"{""expression"":""(a + b)**2"",""mode"":""evaluate"",""substitutions"":{""a"":29,""b"":35}}","{""expression"":""(a + b)**2"",""mode"":""evaluate"",""substitutions"":{""a"":29,""b"":35}}",True,True,True,True,True,4096,4096,True,4096,True,,"STRUCTURE: polynomial_identity
TOOL: expansion
ARGUMENTS: {""expression"":""(a + b)**2"",""mode"":""evaluate"",""substitutions"":{""a"":29,""b"":35}}"
test_seen_00064,100,seen,Scale the ratio 3:8 to 33:x. Find x.,equivalent_ratios,equivalent_ratios,True,proportional_scaling,proportional_scaling,True,"{""base_quantity"":3,""base_value"":8,""target_quantity"":33}","{""base_ratio"":8,""target_ratio"":33}",True,False,False,False,False,88,,False,88,True,invalid_arguments,"STRUCTURE: equivalent_ratios
TOOL: proportional_scaling
ARGUMENTS: {""base_ratio"":8,""target_ratio"":33}"
test_seen_00065,100,seen,Cross-multiply 13:6 = 143:x and determine x.,equivalent_ratios,equivalent_ratios,True,cross_multiplication,cross_multiplication,True,"{""left_den"":6,""left_num"":13,""right_num"":143}","{""left_den"":6,""left_num"":13,""right_num"":143}",True,True,True,True,True,66,66,True,66,True,,"STRUCTURE: equivalent_ratios
TOOL: cross_multiplication
ARGUMENTS: {""left_den"":6,""left_num"":13,""right_num"":143}"
test_seen_00066,100,seen,"Given a1 = 18 and a(n+1) = a(n) - 9, find a13.",additive_recurrence,additive_recurrence,True,iteration,iteration,True,"{""start"":18,""step"":-9,""updates"":12}","{""iterations"":4,""start"":1,""step"":-9}",True,False,False,False,False,-90,,False,-90,True,invalid_arguments,"STRUCTURE: additive_recurrence
TOOL: iteration
ARGUMENTS: {""start"":1,""step"":-9,""iterations"":4}"
test_seen_00067,100,seen,Use the closed form b(n) = -14 + (n - 1)(-7) to find b(15).,additive_recurrence,additive_recurrence,True,substitution,substitution,True,"{""expression"":""-14 + (n - 1)*(-7)"",""mode"":""evaluate"",""substitutions"":{""n"":15}}","{""expression"":""-14 + (n - 1)*(-7)"",""mode"":""evaluate"",""substitutions"":{""n"":15}}",True,True,True,True,True,-112,-112,True,-112,True,,"STRUCTURE: additive_recurrence
TOOL: substitution
ARGUMENTS: {""expression"":""-14 + (n - 1)*(-7)"",""mode"":""evaluate"",""substitutions"":{""n"":15}}"
test_seen_00068,100,seen,Two numbers have sum 18 and product 65. Compute the sum of their squares from the symmetric identity.,symmetric_sum_product,symmetric_sum_product,True,expansion,expansion,True,"{""mode"":""symmetric_square_sum"",""product"":65,""sum"":18}","{""mode"":""symmetric_square_sum"",""product"":65,""sum"":18}",True,True,True,True,True,194,194,True,194,True,,"STRUCTURE: symmetric_sum_product
TOOL: expansion
ARGUMENTS: {""mode"":""symmetric_square_sum"",""product"":65,""sum"":18}"
test_seen_00069,100,seen,The roots of t^2 + 17t + 72 = 0 are r and s. Find r^2 + s^2 by factoring the quadratic.,symmetric_sum_product,symmetric_sum_product,True,factorization,factorization,True,"{""mode"":""root_power_sum"",""polynomial"":""t**2 + 17*t + 72"",""power"":2,""variable"":""t""}","{""mode"":""root_power_sum"",""polynomial"":""t**2 + 17*t + 72"",""power"":2,""type"":""root_sum""}",True,False,False,False,False,145,,False,145,True,invalid_arguments,"STRUCTURE: symmetric_sum_product
TOOL: factorization
ARGUMENTS: {""mode"":""root_power_sum"",""polynomial"":""t**2 + 17*t + 72"",""power"":2,""type"":""root_sum""}"
test_seen_00070,100,seen,Evaluate the transformed expression -2z^2 + 8z - 11 at z = -3.,transformed_expression,transformed_expression,True,substitution,substitution,True,"{""expression"":""-2*t**2 + 8*t - 11"",""mode"":""evaluate"",""substitutions"":{""t"":-3}}","{""expression"":""-2*t**2 + 8*t - 11"",""mode"":""evaluate"",""substitutions"":{""t"":-3}}",True,True,True,True,True,-53,-53,True,-53,True,,"STRUCTURE: transformed_expression
TOOL: substitution
ARGUMENTS: {""expression"":""-2*t**2 + 8*t - 11"",""mode"":""evaluate"",""substitutions"":{""t"":-3}}"
test_seen_00071,100,seen,"Open the product (t + -5)(t + 5), then set t = 0.",transformed_expression,transformed_expression,True,expansion,expansion,True,"{""expression"":""(t - 5)*(t + 5)"",""mode"":""evaluate"",""substitutions"":{""t"":0}}","{""expression"":""(t - 5)*(t + 5)"",""mode"":""evaluate"",""substitutions"":{""t"":0}}",True,True,True,True,True,-25,-25,True,-25,True,,"STRUCTURE: transformed_expression
TOOL: expansion
ARGUMENTS: {""expression"":""(t - 5)*(t + 5)"",""mode"":""evaluate"",""substitutions"":{""t"":0}}"
test_seen_00072,100,seen,Solve the simultaneous relations -2x - 2y = 14 and 2x - 3y = 21. Find y.,two_linear_relations,two_linear_relations,True,elimination,elimination,True,"{""equations"":[""-2*x - 2*y - 14"",""2*x - 3*y - 21""],""target"":""y""}","{""equations"":[""-2*x - 2*y + 14"",""2*x - 3*y + 21""],""target"":""y""}",True,True,False,False,True,-7,7,False,-7,True,valid_but_wrong_arguments,"STRUCTURE: two_linear_relations
TOOL: elimination
ARGUMENTS: {""equations"":[""-2*x - 2*y + 14"",""2*x - 3*y + 21""],""target"":""y""}"
test_seen_00073,100,seen,"Given y = 2x - 1, insert it into 5x - y = 1 and find x.",two_linear_relations,two_linear_relations,True,substitution,substitution,True,"{""equations"":[""-2*x + y + 1"",""5*x - y - 1""],""mode"":""solve_system"",""target"":""x""}","{""equations"":[""y + 1"",""5*x - y""],""mode"":""solve_system"",""target"":""x""}",True,True,False,False,True,0,-1/5,False,0,True,valid_but_wrong_arguments,"STRUCTURE: two_linear_relations
TOOL: substitution
ARGUMENTS: {""equations"":[""y + 1"",""5*x - y""],""mode"":""solve_system"",""target"":""x""}"
test_seen_00074,100,seen,Use the product pattern for a difference of squares to compute 52^2 - 13^2.,polynomial_identity,polynomial_identity,True,factorization,factorization,True,"{""expression"":""u**2 - v**2"",""mode"":""evaluate"",""substitutions"":{""u"":52,""v"":13}}","{""expression"":""u**2 - v**2"",""mode"":""evaluate"",""substitutions"":{""u"":52,""v"":13}}",True,True,True,True,True,2535,2535,True,2535,True,,"STRUCTURE: polynomial_identity
TOOL: factorization
ARGUMENTS: {""expression"":""u**2 - v**2"",""mode"":""evaluate"",""substitutions"":{""u"":52,""v"":13}}"
test_seen_00075,100,seen,Expand the square and evaluate (10 + 11)^2.,polynomial_identity,polynomial_identity,True,expansion,expansion,True,"{""expression"":""(a + b)**2"",""mode"":""evaluate"",""substitutions"":{""a"":10,""b"":11}}","{""expression"":""(a + b)**2"",""mode"":""evaluate"",""substitutions"":{""a"":10,""b"":11}}",True,True,True,True,True,441,441,True,441,True,,"STRUCTURE: polynomial_identity
TOOL: expansion
ARGUMENTS: {""expression"":""(a + b)**2"",""mode"":""evaluate"",""substitutions"":{""a"":10,""b"":11}}"
test_seen_00076,100,seen,"At a fixed rate, 4 items cost 7 dollars. What do 20 items cost?",equivalent_ratios,equivalent_ratios,True,proportional_scaling,proportional_scaling,True,"{""base_quantity"":4,""base_value"":7,""target_quantity"":20}","{""base_quantity"":4,""base_value"":7,""target_quantity"":20}",True,True,True,True,True,35,35,True,35,True,,"STRUCTURE: equivalent_ratios
TOOL: proportional_scaling
ARGUMENTS: {""base_quantity"":4,""base_value"":7,""target_quantity"":20}"
test_seen_00077,100,seen,Solve the proportion 11/18 = 132/x for x.,equivalent_ratios,equivalent_ratios,True,cross_multiplication,cross_multiplication,True,"{""left_den"":18,""left_num"":11,""right_num"":132}","{""left_den"":18,""left_num"":11,""right_num"":132}",True,True,True,True,True,216,216,True,216,True,,"STRUCTURE: equivalent_ratios
TOOL: cross_multiplication
ARGUMENTS: {""left_den"":18,""left_num"":11,""right_num"":132}"
test_seen_00078,100,seen,A sequence starts at -8 and changes by -1 each term. Iterate to find term 10.,additive_recurrence,additive_recurrence,True,iteration,iteration,True,"{""start"":-8,""step"":-1,""updates"":9}","{""iterations"":10,""start"":-8,""step"":-1}",True,False,False,False,False,-17,,False,-17,True,invalid_arguments,"STRUCTURE: additive_recurrence
TOOL: iteration
ARGUMENTS: {""start"":-8,""step"":-1,""iterations"":10}"
test_seen_00079,100,seen,An arithmetic sequence has formula a(n) = 4 + (n - 1)(8). Substitute n = 5.,additive_recurrence,additive_recurrence,True,substitution,substitution,True,"{""expression"":""4 + (n - 1)*(8)"",""mode"":""evaluate"",""substitutions"":{""n"":5}}","{""expression"":""4 + (n - 1)*(8)"",""mode"":""evaluate"",""substitutions"":{""n"":5}}",True,True,True,True,True,36,36,True,36,True,,"STRUCTURE: additive_recurrence
TOOL: substitution
ARGUMENTS: {""expression"":""4 + (n - 1)*(8)"",""mode"":""evaluate"",""substitutions"":{""n"":5}}"
test_seen_00080,100,seen,"If x + y = 1 and xy = -156, use a square expansion to find x^2 + y^2.",symmetric_sum_product,symmetric_sum_product,True,expansion,expansion,True,"{""mode"":""symmetric_square_sum"",""product"":-156,""sum"":1}","{""mode"":""symmetric_square_sum"",""product"":-156,""sum"":1}",True,True,True,True,True,313,313,True,313,True,,"STRUCTURE: symmetric_sum_product
TOOL: expansion
ARGUMENTS: {""mode"":""symmetric_square_sum"",""product"":-156,""sum"":1}"
test_seen_00081,100,seen,"Factor t^2 - 19t + 88 = 0 to obtain its two roots, then give the sum of their squares.",symmetric_sum_product,symmetric_sum_product,True,factorization,factorization,True,"{""mode"":""root_power_sum"",""polynomial"":""t**2 - 19*t + 88"",""power"":2,""variable"":""t""}","{""mode"":""root_power_sum"",""polynomial"":""t**2 - 19*t + 88"",""power"":2,""target"":2}",True,False,False,False,False,185,,False,185,True,invalid_arguments,"STRUCTURE: symmetric_sum_product
TOOL: factorization
ARGUMENTS: {""mode"":""root_power_sum"",""polynomial"":""t**2 - 19*t + 88"",""power"":2,""target"":2}"
test_seen_00082,100,seen,"For f(t) = 4t^2 + 3t - 8, substitute t = -6 and find f(-6).",transformed_expression,transformed_expression,True,substitution,substitution,True,"{""expression"":""4*t**2 + 3*t - 8"",""mode"":""evaluate"",""substitutions"":{""t"":-6}}","{""expression"":""4*t**2 + 3*t - 8"",""mode"":""evaluate"",""substitutions"":{""t"":-6}}",True,True,True,True,True,118,118,True,118,True,,"STRUCTURE: transformed_expression
TOOL: substitution
ARGUMENTS: {""expression"":""4*t**2 + 3*t - 8"",""mode"":""evaluate"",""substitutions"":{""t"":-6}}"
test_seen_00083,100,seen,Expand (t + 3)(t + -1) and evaluate it at t = 1.,transformed_expression,transformed_expression,True,expansion,expansion,True,"{""expression"":""(t - 1)*(t + 3)"",""mode"":""evaluate"",""substitutions"":{""t"":1}}","{""expression"":""(t + 3)*(t - 1)"",""mode"":""evaluate"",""substitutions"":{""t"":1}}",True,True,False,True,True,0,0,True,0,True,,"STRUCTURE: transformed_expression
TOOL: expansion
ARGUMENTS: {""expression"":""(t + 3)*(t - 1)"",""mode"":""evaluate"",""substitutions"":{""t"":1}}"
test_seen_00084,100,seen,Two linear constraints hold: 4x + 3y = -39; x - 5y = 19. Determine y.,two_linear_relations,two_linear_constraints,False,elimination,elimination,True,"{""equations"":[""4*x + 3*y + 39"",""x - 5*y - 19""],""target"":""y""}","{""equations"":[""4*x + 3*y + 39"",""x - 5*y - 19""],""mode"":""solve_system""}",True,False,False,False,False,-5,,False,-5,True,wrong_structure,"STRUCTURE: two_linear_constraints
TOOL: elimination
ARGUMENTS: {""equations"":[""4*x + 3*y + 39"",""x - 5*y - 19""],""mode"":""solve_system""}"
test_seen_00085,100,seen,The linked relations are y = 3x + 6 and 4x + 3y = 135. What is x?,two_linear_relations,two_linear_relations,True,substitution,substitution,True,"{""equations"":[""-3*x + y - 6"",""4*x + 3*y - 135""],""mode"":""solve_system"",""target"":""x""}","{""equations"":[""4*x + 3*y - 135"",""3*x + 6""],""mode"":""solve_system""}",True,False,False,False,False,9,,False,9,True,invalid_arguments,"STRUCTURE: two_linear_relations
TOOL: substitution
ARGUMENTS: {""equations"":[""4*x + 3*y - 135"",""3*x + 6""],""mode"":""solve_system""}"
test_seen_00086,100,seen,Evaluate 65^2 - 2^2 by rewriting it as a product.,polynomial_identity,polynomial_identity,True,factorization,factorization,True,"{""expression"":""u**2 - v**2"",""mode"":""evaluate"",""substitutions"":{""u"":65,""v"":2}}","{""expression"":""u**2 - v**2"",""mode"":""evaluate"",""substitutions"":{""u"":65,""v"":2}}",True,True,True,True,True,4221,4221,True,4221,True,,"STRUCTURE: polynomial_identity
TOOL: factorization
ARGUMENTS: {""expression"":""u**2 - v**2"",""mode"":""evaluate"",""substitutions"":{""u"":65,""v"":2}}"
test_seen_00087,100,seen,Use the binomial-square identity to compute (32 + 6)^2.,polynomial_identity,polynomial_identity,True,expansion,expansion,True,"{""expression"":""(a + b)**2"",""mode"":""evaluate"",""substitutions"":{""a"":32,""b"":6}}","{""expression"":""(a + b)**2"",""mode"":""evaluate"",""substitutions"":{""a"":32,""b"":6}}",True,True,True,True,True,1444,1444,True,1444,True,,"STRUCTURE: polynomial_identity
TOOL: expansion
ARGUMENTS: {""expression"":""(a + b)**2"",""mode"":""evaluate"",""substitutions"":{""a"":32,""b"":6}}"
test_seen_00088,100,seen,Scale the ratio 3:23 to 18:x. Find x.,equivalent_ratios,equivalent_ratios,True,proportional_scaling,proportional_scaling,True,"{""base_quantity"":3,""base_value"":23,""target_quantity"":18}","{""base_ratio"":23,""target_ratio"":18}",True,False,False,False,False,138,,False,138,True,invalid_arguments,"STRUCTURE: equivalent_ratios
TOOL: proportional_scaling
ARGUMENTS: {""base_ratio"":23,""target_ratio"":18}"
test_seen_00089,100,seen,Cross-multiply 9:4 = 45:x and determine x.,equivalent_ratios,equivalent_ratios,True,cross_multiplication,cross_multiplication,True,"{""left_den"":4,""left_num"":9,""right_num"":45}","{""left_den"":4,""left_num"":9,""right_num"":45}",True,True,True,True,True,20,20,True,20,True,,"STRUCTURE: equivalent_ratios
TOOL: cross_multiplication
ARGUMENTS: {""left_den"":4,""left_num"":9,""right_num"":45}"
test_seen_00090,100,seen,"Given a1 = 14 and a(n+1) = a(n) + 5, find a10.",additive_recurrence,additive_recurrence,True,iteration,iteration,True,"{""start"":14,""step"":5,""updates"":9}","{""start"":1,""step"":5,""updates"":9}",True,True,False,False,True,59,46,False,59,True,valid_but_wrong_arguments,"STRUCTURE: additive_recurrence
TOOL: iteration
ARGUMENTS: {""start"":1,""step"":5,""updates"":9}"
test_seen_00091,100,seen,Use the closed form b(n) = -11 + (n - 1)(-4) to find b(8).,additive_recurrence,additive_recurrence,True,substitution,substitution,True,"{""expression"":""-11 + (n - 1)*(-4)"",""mode"":""evaluate"",""substitutions"":{""n"":8}}","{""expression"":""-11 + (n - 1)*(-4)"",""mode"":""evaluate"",""substitutions"":{""n"":8}}",True,True,True,True,True,-39,-39,True,-39,True,,"STRUCTURE: additive_recurrence
TOOL: substitution
ARGUMENTS: {""expression"":""-11 + (n - 1)*(-4)"",""mode"":""evaluate"",""substitutions"":{""n"":8}}"
test_seen_00092,100,seen,Two numbers have sum -28 and product 195. Compute the sum of their squares from the symmetric identity.,symmetric_sum_product,symmetric_sum_product,True,expansion,expansion,True,"{""mode"":""symmetric_square_sum"",""product"":195,""sum"":-28}","{""mode"":""symmetric_square_sum"",""product"":195,""sum"":-28}",True,True,True,True,True,394,394,True,394,True,,"STRUCTURE: symmetric_sum_product
TOOL: expansion
ARGUMENTS: {""mode"":""symmetric_square_sum"",""product"":195,""sum"":-28}"
test_seen_00093,100,seen,The roots of t^2 + 12t + 35 = 0 are r and s. Find r^2 + s^2 by factoring the quadratic.,symmetric_sum_product,symmetric_sum_product,True,factorization,factorization,True,"{""mode"":""root_power_sum"",""polynomial"":""t**2 + 12*t + 35"",""power"":2,""variable"":""t""}","{""mode"":""root_power_sum"",""polynomial"":""t**2 + 12*t + 35"",""power"":2,""type"":""root_sum""}",True,False,False,False,False,74,,False,74,True,invalid_arguments,"STRUCTURE: symmetric_sum_product
TOOL: factorization
ARGUMENTS: {""mode"":""root_power_sum"",""polynomial"":""t**2 + 12*t + 35"",""power"":2,""type"":""root_sum""}"
test_seen_00094,100,seen,Evaluate the transformed expression -5z^2 - 6z + 5 at z = 6.,transformed_expression,transformed_expression,True,substitution,substitution,True,"{""expression"":""-5*t**2 - 6*t + 5"",""mode"":""evaluate"",""substitutions"":{""t"":6}}","{""expression"":""-5*t**2 - 6*t + 5"",""mode"":""evaluate"",""substitutions"":{""t"":6}}",True,True,True,True,True,-211,-211,True,-211,True,,"STRUCTURE: transformed_expression
TOOL: substitution
ARGUMENTS: {""expression"":""-5*t**2 - 6*t + 5"",""mode"":""evaluate"",""substitutions"":{""t"":6}}"
test_seen_00095,100,seen,"Open the product (z + 0)(z + -5), then set z = -7.",transformed_expression,transformed_expression,True,expansion,expansion,True,"{""expression"":""z*(z - 5)"",""mode"":""evaluate"",""substitutions"":{""z"":-7}}","{""expression"":""(z + -5)*(z + -5)"",""mode"":""evaluate"",""substitutions"":{""z"":-7}}",True,True,False,False,True,84,144,False,84,True,valid_but_wrong_arguments,"STRUCTURE: transformed_expression
TOOL: expansion
ARGUMENTS: {""expression"":""(z + -5)*(z + -5)"",""mode"":""evaluate"",""substitutions"":{""z"":-7}}"
test_seen_00096,100,seen,Solve the simultaneous relations -5x - 5y = 5 and 5x - 4y = 22. Find x.,two_linear_relations,two_linear_relations,True,elimination,elimination,True,"{""equations"":[""-5*x - 5*y - 5"",""5*x - 4*y - 22""],""target"":""x""}","{""equations"":[""-5*x - 5*y - 5"",""5*x - 4*y - 22""],""target"":""x""}",True,True,True,True,True,2,2,True,2,True,,"STRUCTURE: two_linear_relations
TOOL: elimination
ARGUMENTS: {""equations"":[""-5*x - 5*y - 5"",""5*x - 4*y - 22""],""target"":""x""}"
test_seen_00097,100,seen,"Given y = -2x - 2, insert it into -2x - 5y = -38 and find y.",two_linear_relations,two_linear_relations,True,substitution,substitution,True,"{""equations"":[""2*x + y + 2"",""-2*x - 5*y + 38""],""mode"":""solve_system"",""target"":""y""}","{""equations"":[""-2*x + y + 2"",""-2*x - 5*y + 38""],""target"":""y""}",True,False,False,False,False,10,,False,10,True,invalid_arguments,"STRUCTURE: two_linear_relations
TOOL: substitution
ARGUMENTS: {""equations"":[""-2*x + y + 2"",""-2*x - 5*y + 38""],""target"":""y""}"
test_seen_00098,100,seen,Use the product pattern for a difference of squares to compute 19^2 - 4^2.,polynomial_identity,polynomial_identity,True,factorization,factorization,True,"{""expression"":""u**2 - v**2"",""mode"":""evaluate"",""substitutions"":{""u"":19,""v"":4}}","{""expression"":""u**2 - v**2"",""mode"":""evaluate"",""substitutions"":{""u"":19,""v"":4}}",True,True,True,True,True,345,345,True,345,True,,"STRUCTURE: polynomial_identity
TOOL: factorization
ARGUMENTS: {""expression"":""u**2 - v**2"",""mode"":""evaluate"",""substitutions"":{""u"":19,""v"":4}}"
test_seen_00099,100,seen,Expand the square and evaluate (8 + 21)^2.,polynomial_identity,polynomial_identity,True,expansion,expansion,True,"{""expression"":""(a + b)**2"",""mode"":""evaluate"",""substitutions"":{""a"":8,""b"":21}}","{""expression"":""(a + b)**2"",""mode"":""evaluate"",""substitutions"":{""a"":8,""b"":21}}",True,True,True,True,True,841,841,True,841,True,,"STRUCTURE: polynomial_identity
TOOL: expansion
ARGUMENTS: {""expression"":""(a + b)**2"",""mode"":""evaluate"",""substitutions"":{""a"":8,""b"":21}}"
test_seen_00100,100,seen,"At a fixed rate, 3 items cost 21 dollars. What do 6 items cost?",equivalent_ratios,equivalent_ratios,True,proportional_scaling,proportional_scaling,True,"{""base_quantity"":3,""base_value"":21,""target_quantity"":6}","{""base_quantity"":3,""base_value"":21,""target_quantity"":6}",True,True,True,True,True,42,42,True,42,True,,"STRUCTURE: equivalent_ratios
TOOL: proportional_scaling
ARGUMENTS: {""base_quantity"":3,""base_value"":21,""target_quantity"":6}"
test_seen_00101,100,seen,Solve the proportion 12/9 = 120/x for x.,equivalent_ratios,equivalent_ratios,True,cross_multiplication,cross_multiplication,True,"{""left_den"":9,""left_num"":12,""right_num"":120}","{""left_den"":9,""left_num"":12,""right_num"":120}",True,True,True,True,True,90,90,True,90,True,,"STRUCTURE: equivalent_ratios
TOOL: cross_multiplication
ARGUMENTS: {""left_den"":9,""left_num"":12,""right_num"":120}"
test_seen_00102,100,seen,A sequence starts at -4 and changes by -1 each term. Iterate to find term 9.,additive_recurrence,additive_recurrence,True,iteration,iteration,True,"{""start"":-4,""step"":-1,""updates"":8}","{""iterations"":9,""start"":-4,""step"":-1}",True,False,False,False,False,-12,,False,-12,True,invalid_arguments,"STRUCTURE: additive_recurrence
TOOL: iteration
ARGUMENTS: {""start"":-4,""step"":-1,""iterations"":9}"
test_seen_00103,100,seen,An arithmetic sequence has formula a(n) = 18 + (n - 1)(-4). Substitute n = 15.,additive_recurrence,additive_recurrence,True,substitution,substitution,True,"{""expression"":""18 + (n - 1)*(-4)"",""mode"":""evaluate"",""substitutions"":{""n"":15}}","{""expression"":""18 + (n - 1)*(-4)"",""mode"":""evaluate"",""substitutions"":{""n"":15}}",True,True,True,True,True,-38,-38,True,-38,True,,"STRUCTURE: additive_recurrence
TOOL: substitution
ARGUMENTS: {""expression"":""18 + (n - 1)*(-4)"",""mode"":""evaluate"",""substitutions"":{""n"":15}}"
test_seen_00104,100,seen,"If x + y = -5 and xy = -50, use a square expansion to find x^2 + y^2.",symmetric_sum_product,symmetric_sum_product,True,expansion,expansion,True,"{""mode"":""symmetric_square_sum"",""product"":-50,""sum"":-5}","{""mode"":""symmetric_square_sum"",""product"":-5,""sum"":-5}",True,True,False,False,True,125,35,False,125,True,valid_but_wrong_arguments,"STRUCTURE: symmetric_sum_product
TOOL: expansion
ARGUMENTS: {""mode"":""symmetric_square_sum"",""product"":-5,""sum"":-5}"
test_seen_00105,100,seen,"Factor t^2 - 2t - 35 = 0 to obtain its two roots, then give the sum of their squares.",symmetric_sum_product,symmetric_sum_product,True,factorization,factorization,True,"{""mode"":""root_power_sum"",""polynomial"":""t**2 - 2*t - 35"",""power"":2,""variable"":""t""}","{""mode"":""root_power_sum"",""polynomial"":""t**2 - 2*t - 35"",""power"":2,""target"":2}",True,False,False,False,False,74,,False,74,True,invalid_arguments,"STRUCTURE: symmetric_sum_product
TOOL: factorization
ARGUMENTS: {""mode"":""root_power_sum"",""polynomial"":""t**2 - 2*t - 35"",""power"":2,""target"":2}"
test_seen_00106,100,seen,"For f(t) = 3t^2 + 5t + 8, substitute t = 4 and find f(4).",transformed_expression,transformed_expression,True,substitution,substitution,True,"{""expression"":""3*t**2 + 5*t + 8"",""mode"":""evaluate"",""substitutions"":{""t"":4}}","{""expression"":""3*t**2 + 5*t + 8"",""mode"":""evaluate"",""substitutions"":{""t"":4}}",True,True,True,True,True,76,76,True,76,True,,"STRUCTURE: transformed_expression
TOOL: substitution
ARGUMENTS: {""expression"":""3*t**2 + 5*t + 8"",""mode"":""evaluate"",""substitutions"":{""t"":4}}"
test_seen_00107,100,seen,Expand (t + 3)(t + 0) and evaluate it at t = 0.,transformed_expression,transformed_expression,True,expansion,expansion,True,"{""expression"":""t*(t + 3)"",""mode"":""evaluate"",""substitutions"":{""t"":0}}","{""expression"":""(t + 3)*(t + 0)"",""mode"":""evaluate"",""substitutions"":{""t"":0}}",True,True,False,True,True,0,0,True,0,True,,"STRUCTURE: transformed_expression
TOOL: expansion
ARGUMENTS: {""expression"":""(t + 3)*(t + 0)"",""mode"":""evaluate"",""substitutions"":{""t"":0}}"
test_seen_00108,100,seen,Two linear constraints hold: 2x + y = 15; 5x + 2y = 39. Determine x.,two_linear_relations,two_linear,False,elimination,elimination,True,"{""equations"":[""2*x + y - 15"",""5*x + 2*y - 39""],""target"":""x""}","{""equations"":[""-2*x + y - 15"",""5*x + 2*y - 39""],""target"":""x""}",True,True,False,False,True,9,1,False,9,True,wrong_structure,"STRUCTURE: two_linear
TOOL: elimination
ARGUMENTS: {""equations"":[""-2*x + y - 15"",""5*x + 2*y - 39""],""target"":""x""}"
test_seen_00109,100,seen,The linked relations are y = 6 - 3x and -5x + 5y = -110. What is x?,two_linear_relations,two_linear_relations,True,substitution,substitution,True,"{""equations"":[""3*x + y - 6"",""-5*x + 5*y + 110""],""mode"":""solve_system"",""target"":""x""}","{""equations"":[""-5*x + 5*y + 110"",""-3*x + y - 6""],""mode"":""solve_system"",""target"":""x""}",True,True,False,False,True,7,-14,False,7,True,valid_but_wrong_arguments,"STRUCTURE: two_linear_relations
TOOL: substitution
ARGUMENTS: {""equations"":[""-5*x + 5*y + 110"",""-3*x + y - 6""],""mode"":""solve_system"",""target"":""x""}"
test_seen_00110,100,seen,Evaluate 19^2 - 9^2 by rewriting it as a product.,polynomial_identity,polynomial_identity,True,factorization,factorization,True,"{""expression"":""u**2 - v**2"",""mode"":""evaluate"",""substitutions"":{""u"":19,""v"":9}}","{""expression"":""u**2 - v**2"",""mode"":""evaluate"",""substitutions"":{""u"":19,""v"":9}}",True,True,True,True,True,280,280,True,280,True,,"STRUCTURE: polynomial_identity
TOOL: factorization
ARGUMENTS: {""expression"":""u**2 - v**2"",""mode"":""evaluate"",""substitutions"":{""u"":19,""v"":9}}"
test_seen_00111,100,seen,Use the binomial-square identity to compute (30 + 6)^2.,polynomial_identity,polynomial_identity,True,expansion,expansion,True,"{""expression"":""(a + b)**2"",""mode"":""evaluate"",""substitutions"":{""a"":30,""b"":6}}","{""expression"":""(a + b)**2"",""mode"":""evaluate"",""substitutions"":{""a"":30,""b"":6}}",True,True,True,True,True,1296,1296,True,1296,True,,"STRUCTURE: polynomial_identity
TOOL: expansion
ARGUMENTS: {""expression"":""(a + b)**2"",""mode"":""evaluate"",""substitutions"":{""a"":30,""b"":6}}"
test_seen_00112,100,seen,Scale the ratio 3:5 to 27:x. Find x.,equivalent_ratios,equivalent_ratios,True,proportional_scaling,proportional_scaling,True,"{""base_quantity"":3,""base_value"":5,""target_quantity"":27}","{""base_ratio"":3,""target_ratio"":5}",True,False,False,False,False,45,,False,45,True,invalid_arguments,"STRUCTURE: equivalent_ratios
TOOL: proportional_scaling
ARGUMENTS: {""base_ratio"":3,""target_ratio"":5}"
test_seen_00113,100,seen,Cross-multiply 12:10 = 24:x and determine x.,equivalent_ratios,equivalent_ratios,True,cross_multiplication,cross_multiplication,True,"{""left_den"":10,""left_num"":12,""right_num"":24}","{""left_den"":10,""left_num"":12,""right_num"":24}",True,True,True,True,True,20,20,True,20,True,,"STRUCTURE: equivalent_ratios
TOOL: cross_multiplication
ARGUMENTS: {""left_den"":10,""left_num"":12,""right_num"":24}"
test_seen_00114,100,seen,"Given a1 = 12 and a(n+1) = a(n) + 8, find a9.",additive_recurrence,additive_recurrence,True,iteration,iteration,True,"{""start"":12,""step"":8,""updates"":8}","{""start"":1,""step"":8,""updates"":9}",True,True,False,False,True,76,73,False,76,True,valid_but_wrong_arguments,"STRUCTURE: additive_recurrence
TOOL: iteration
ARGUMENTS: {""start"":1,""step"":8,""updates"":9}"
test_seen_00115,100,seen,Use the closed form b(n) = -6 + (n - 1)(7) to find b(15).,additive_recurrence,additive_recurrence,True,substitution,substitution,True,"{""expression"":""-6 + (n - 1)*(7)"",""mode"":""evaluate"",""substitutions"":{""n"":15}}","{""expression"":""-6 + (n - 1)*(7)"",""mode"":""evaluate"",""substitutions"":{""n"":15}}",True,True,True,True,True,92,92,True,92,True,,"STRUCTURE: additive_recurrence
TOOL: substitution
ARGUMENTS: {""expression"":""-6 + (n - 1)*(7)"",""mode"":""evaluate"",""substitutions"":{""n"":15}}"
test_seen_00116,100,seen,Two numbers have sum -23 and product 120. Compute the sum of their squares from the symmetric identity.,symmetric_sum_product,symmetric_sum_product,True,expansion,expansion,True,"{""mode"":""symmetric_square_sum"",""product"":120,""sum"":-23}","{""mode"":""symmetric_square_sum"",""product"":120,""sum"":-23}",True,True,True,True,True,289,289,True,289,True,,"STRUCTURE: symmetric_sum_product
TOOL: expansion
ARGUMENTS: {""mode"":""symmetric_square_sum"",""product"":120,""sum"":-23}"
test_seen_00117,100,seen,The roots of t^2 + 9t + 20 = 0 are r and s. Find r^2 + s^2 by factoring the quadratic.,symmetric_sum_product,symmetric_sum_product,True,factorization,factorization,True,"{""mode"":""root_power_sum"",""polynomial"":""t**2 + 9*t + 20"",""power"":2,""variable"":""t""}","{""mode"":""root_power_sum"",""polynomial"":""t**2 + 9*t + 20"",""power"":2,""type"":""root_sum""}",True,False,False,False,False,41,,False,41,True,invalid_arguments,"STRUCTURE: symmetric_sum_product
TOOL: factorization
ARGUMENTS: {""mode"":""root_power_sum"",""polynomial"":""t**2 + 9*t + 20"",""power"":2,""type"":""root_sum""}"
test_seen_00118,100,seen,Evaluate the transformed expression -4z^2 + 4z - 10 at z = -5.,transformed_expression,transformed_expression,True,substitution,substitution,True,"{""expression"":""-4*t**2 + 4*t - 10"",""mode"":""evaluate"",""substitutions"":{""t"":-5}}","{""expression"":""-4*t**2 + 4*t - 10"",""mode"":""evaluate"",""substitutions"":{""t"":-5}}",True,True,True,True,True,-130,-130,True,-130,True,,"STRUCTURE: transformed_expression
TOOL: substitution
ARGUMENTS: {""expression"":""-4*t**2 + 4*t - 10"",""mode"":""evaluate"",""substitutions"":{""t"":-5}}"
test_seen_00119,100,seen,"Open the product (x + -10)(x + 6), then set x = 2.",transformed_expression,transformed_expression,True,expansion,expansion,True,"{""expression"":""(x - 10)*(x + 6)"",""mode"":""evaluate"",""substitutions"":{""x"":2}}","{""expression"":""(x - 10)*(x + 6)"",""mode"":""evaluate"",""substitutions"":{""x"":2}}",True,True,True,True,True,-64,-64,True,-64,True,,"STRUCTURE: transformed_expression
TOOL: expansion
ARGUMENTS: {""expression"":""(x - 10)*(x + 6)"",""mode"":""evaluate"",""substitutions"":{""x"":2}}"
test_unseen_00000,100,unseen,The lines 3x - 4y = -16 and -3x + y = -5 intersect. Give their x-coordinate.,two_linear_relations,intersection_system,False,elimination,linear_solution,False,"{""equations"":[""3*x - 4*y + 16"",""-3*x + y + 5""],""target"":""x""}","{""equations"":[""3*x - 4*y + 16"",""-3*x + y + 5""],""target"":""x""}",True,False,True,True,False,4,,False,4,True,wrong_structure,"STRUCTURE: intersection_system
TOOL: linear_solution
ARGUMENTS: {""equations"":[""3*x - 4*y + 16"",""-3*x + y + 5""],""target"":""x""}"
test_unseen_00001,100,unseen,One variable is isolated in y = -5x - 1; use the other constraint -4x + 5y = -5 to obtain x.,two_linear_relations,two_linear_constraints,False,substitution,substitution,True,"{""equations"":[""5*x + y + 1"",""-4*x + 5*y + 5""],""mode"":""solve_system"",""target"":""x""}","{""equations"":[""-5*x + y + 1"",""-4*x + 5*y + 5""],""target"":""x""}",True,False,False,False,False,0,,False,0,True,wrong_structure,"STRUCTURE: two_linear_constraints
TOOL: substitution
ARGUMENTS: {""equations"":[""-5*x + y + 1"",""-4*x + 5*y + 5""],""target"":""x""}"
test_unseen_00002,100,unseen,"Without separately squaring both numbers, find the difference between 29 squared and 8 squared.",polynomial_identity,polynomial_identity,True,factorization,expansion,False,"{""expression"":""u**2 - v**2"",""mode"":""evaluate"",""substitutions"":{""u"":29,""v"":8}}","{""expression"":""(a + b)**2 - (a - b)**2"",""mode"":""evaluate"",""substitutions"":{""a"":29,""b"":8}}",True,True,False,False,True,777,928,False,777,True,wrong_tool,"STRUCTURE: polynomial_identity
TOOL: expansion
ARGUMENTS: {""expression"":""(a + b)**2 - (a - b)**2"",""mode"":""evaluate"",""substitutions"":{""a"":29,""b"":8}}"
test_unseen_00003,100,unseen,What number results from opening the brackets in (34 + 21)(34 + 21)?,polynomial_identity,additive_identity,False,expansion,expansion,True,"{""expression"":""(a + b)**2"",""mode"":""evaluate"",""substitutions"":{""a"":34,""b"":21}}","{""expression"":""(a + b)*(a + b)"",""mode"":""evaluate"",""substitutions"":{""a"":34,""b"":21}}",True,True,False,True,True,3025,3025,True,3025,True,,"STRUCTURE: additive_identity
TOOL: expansion
ARGUMENTS: {""expression"":""(a + b)*(a + b)"",""mode"":""evaluate"",""substitutions"":{""a"":34,""b"":21}}"
test_unseen_00004,100,unseen,A batch of 8 units has value 20. Find the value of a same-rate batch of 96 units.,equivalent_ratios,equivalent_ratio,False,proportional_scaling,proportional_scaling,True,"{""base_quantity"":8,""base_value"":20,""target_quantity"":96}","{""base_quantity"":8,""target_quantity"":96,""value"":20}",True,False,False,False,False,240,,False,240,True,wrong_structure,"STRUCTURE: equivalent_ratio
TOOL: proportional_scaling
ARGUMENTS: {""base_quantity"":8,""value"":20,""target_quantity"":96}"
test_unseen_00005,100,unseen,Complete the equivalent fractions: 14/12 = 112/[blank].,equivalent_ratios,equivalent_fraction,False,cross_multiplication,division,False,"{""left_den"":12,""left_num"":14,""right_num"":112}","{""equation"":""x/3=112"",""mode"":""solve_equations"",""target"":14}",True,False,False,False,False,96,,False,96,True,wrong_structure,"STRUCTURE: equivalent_fraction
TOOL: division
ARGUMENTS: {""equation"":""x/3=112"",""mode"":""solve_equations"",""target"":14}"
test_unseen_00006,100,unseen,A machine begins at 2 and applies a change of -7 for 7 rounds. What is its final value?,additive_recurrence,additive_recurrence,True,iteration,linear_exponentiation,False,"{""start"":2,""step"":-7,""updates"":7}","{""expression"":""-7**7"",""mode"":""evaluate"",""substitutions"":{""x"":2}}",True,False,False,False,False,-47,,False,-47,True,wrong_tool,"STRUCTURE: additive_recurrence
TOOL: linear_exponentiation
ARGUMENTS: {""expression"":""-7**7"",""mode"":""evaluate"",""substitutions"":{""x"":2}}"
test_unseen_00007,100,unseen,The repeated-change process is summarized by c(k) = -2 + (k - 1)(-4). Evaluate it at k = 4.,additive_recurrence,additive_recurrence,True,substitution,substitution,True,"{""expression"":""-2 + (n - 1)*(-4)"",""mode"":""evaluate"",""substitutions"":{""n"":4}}","{""expression"":""-2 + (k - 1)*(-4)"",""mode"":""evaluate"",""substitutions"":{""k"":4}}",True,True,False,False,True,-14,-14,True,-14,True,,"STRUCTURE: additive_recurrence
TOOL: substitution
ARGUMENTS: {""expression"":""-2 + (k - 1)*(-4)"",""mode"":""evaluate"",""substitutions"":{""k"":4}}"
test_unseen_00008,100,unseen,"Knowing only that p + q = -12 and pq = -13, determine p^2 + q^2 by opening (p + q)^2.",symmetric_sum_product,polynomial_identity,False,expansion,expansion,True,"{""mode"":""symmetric_square_sum"",""product"":-13,""sum"":-12}","{""expression"":""-(a+b)**2"",""mode"":""evaluate"",""substitutions"":{""a"":-12,""b"":-13}}",True,True,False,False,True,170,-625,False,170,True,wrong_structure,"STRUCTURE: polynomial_identity
TOOL: expansion
ARGUMENTS: {""expression"":""-(a+b)**2"",""mode"":""evaluate"",""substitutions"":{""a"":-12,""b"":-13}}"
test_unseen_00009,100,unseen,Split the quadratic t^2 + 9t - 36 into linear factors and report the squared-root sum.,symmetric_sum_product,transformed_expression,False,factorization,factorization,True,"{""mode"":""root_power_sum"",""polynomial"":""t**2 + 9*t - 36"",""power"":2,""variable"":""t""}","{""expression"":""-36 + 9*i - i**2"",""mode"":""linear"",""substitutions"":{""i"":3}}",True,False,False,False,False,153,,False,153,True,wrong_structure,"STRUCTURE: transformed_expression
TOOL: factorization
ARGUMENTS: {""expression"":""-36 + 9*i - i**2"",""mode"":""linear"",""substitutions"":{""i"":3}}"
test_unseen_00010,100,unseen,Insert u = 3 into -u^2 + 2u - 9. What value results?,transformed_expression,polynomial_identity,False,substitution,substitution,True,"{""expression"":""-t**2 + 2*t - 9"",""mode"":""evaluate"",""substitutions"":{""t"":3}}","{""expression"":""-u**2 + 2*u - 9"",""mode"":""evaluate"",""substitutions"":{""u"":3}}",True,True,False,False,True,-12,-12,True,-12,True,,"STRUCTURE: polynomial_identity
TOOL: substitution
ARGUMENTS: {""expression"":""-u**2 + 2*u - 9"",""mode"":""evaluate"",""substitutions"":{""u"":3}}"
test_unseen_00011,100,unseen,"After multiplying out the two shifted factors (t + -1) and (t + -9), find the result when t is -2.",transformed_expression,transformed_expression,True,expansion,expansion,True,"{""expression"":""(t - 9)*(t - 1)"",""mode"":""evaluate"",""substitutions"":{""t"":-2}}","{""expression"":""(-1*t + 9)*(t - 1)"",""mode"":""evaluate"",""substitutions"":{""t"":-2}}",True,True,False,False,True,33,-33,False,33,True,valid_but_wrong_arguments,"STRUCTURE: transformed_expression
TOOL: expansion
ARGUMENTS: {""expression"":""(-1*t + 9)*(t - 1)"",""mode"":""evaluate"",""substitutions"":{""t"":-2}}"
test_unseen_00012,100,unseen,The lines 2x - 2y = -24 and -2x - 3y = -6 intersect. Give their y-coordinate.,two_linear_relations,intersection,False,elimination,linear_solution,False,"{""equations"":[""2*x - 2*y + 24"",""-2*x - 3*y + 6""],""target"":""y""}","{""equations"":[""2*x + y - 12"",""-2*x - 3*y + 6""],""mode"":""solve_system"",""substitutions"":{""x"":-9,""y"":8},""target"":""y_coordinates""}",True,False,False,False,False,6,,False,6,True,wrong_structure,"STRUCTURE: intersection
TOOL: linear_solution
ARGUMENTS: {""equations"":[""2*x + y - 12"",""-2*x - 3*y + 6""],""mode"":""solve_system"",""target"":""y_coordinates"",""substitutions"":{""x"":-9,""y"":8}}"
test_unseen_00013,100,unseen,One variable is isolated in y = -5x - 7; use the other constraint 2x - 5y = -19 to obtain y.,two_linear_relations,two_linear_constraints,False,substitution,substitution,True,"{""equations"":[""5*x + y + 7"",""2*x - 5*y + 19""],""mode"":""solve_system"",""target"":""y""}","{""equations"":[""-5*x + y + 7"",""2*x - 5*y + 19""],""target"":""y""}",True,False,False,False,False,3,,False,3,True,wrong_structure,"STRUCTURE: two_linear_constraints
TOOL: substitution
ARGUMENTS: {""equations"":[""-5*x + y + 7"",""2*x - 5*y + 19""],""target"":""y""}"
test_unseen_00014,100,unseen,"Without separately squaring both numbers, find the difference between 79 squared and 25 squared.",polynomial_identity,polynomial_identity,True,factorization,expansion,False,"{""expression"":""u**2 - v**2"",""mode"":""evaluate"",""substitutions"":{""u"":79,""v"":25}}","{""expression"":""(a + b)**2 - (a - b)**2"",""mode"":""evaluate"",""substitutions"":{""a"":79,""b"":25}}",True,True,False,False,True,5616,7900,False,5616,True,wrong_tool,"STRUCTURE: polynomial_identity
TOOL: expansion
ARGUMENTS: {""expression"":""(a + b)**2 - (a - b)**2"",""mode"":""evaluate"",""substitutions"":{""a"":79,""b"":25}}"
test_unseen_00015,100,unseen,What number results from opening the brackets in (32 + 31)(32 + 31)?,polynomial_identity,polynomial_identity,True,expansion,expansion,True,"{""expression"":""(a + b)**2"",""mode"":""evaluate"",""substitutions"":{""a"":32,""b"":31}}","{""expression"":""(a + b)*(a + b)"",""mode"":""evaluate"",""substitutions"":{""a"":32,""b"":31}}",True,True,False,True,True,3969,3969,True,3969,True,,"STRUCTURE: polynomial_identity
TOOL: expansion
ARGUMENTS: {""expression"":""(a + b)*(a + b)"",""mode"":""evaluate"",""substitutions"":{""a"":32,""b"":31}}"
test_unseen_00016,100,unseen,A batch of 14 units has value 19. Find the value of a same-rate batch of 154 units.,equivalent_ratios,equivalent_ratio,False,proportional_scaling,proportional_scaling,True,"{""base_quantity"":14,""base_value"":19,""target_quantity"":154}","{""base_quantity"":14,""target_quantity"":154,""value"":19}",True,False,False,False,False,209,,False,209,True,wrong_structure,"STRUCTURE: equivalent_ratio
TOOL: proportional_scaling
ARGUMENTS: {""base_quantity"":14,""value"":19,""target_quantity"":154}"
test_unseen_00017,100,unseen,Complete the equivalent fractions: 5/17 = 20/[blank].,equivalent_ratios,equivalent_fraction,False,cross_multiplication,division,False,"{""left_den"":17,""left_num"":5,""right_num"":20}","{""base"":17,""target"":20}",True,False,False,False,False,68,,False,68,True,wrong_structure,"STRUCTURE: equivalent_fraction
TOOL: division
ARGUMENTS: {""base"":17,""target"":20}"
test_unseen_00018,100,unseen,A machine begins at 9 and applies a change of 3 for 11 rounds. What is its final value?,additive_recurrence,additive_recurrence,True,iteration,iteration,True,"{""start"":9,""step"":3,""updates"":11}","{""initial_value"":9,""rounds"":11}",True,False,False,False,False,42,,False,42,True,invalid_arguments,"STRUCTURE: additive_recurrence
TOOL: iteration
ARGUMENTS: {""initial_value"":9,""rounds"":11}"
test_unseen_00019,100,unseen,The repeated-change process is summarized by c(k) = -18 + (k - 1)(-1). Evaluate it at k = 5.,additive_recurrence,additive_recurrence,True,substitution,substitution,True,"{""expression"":""-18 + (n - 1)*(-1)"",""mode"":""evaluate"",""substitutions"":{""n"":5}}","{""expression"":""-(18+k)((-1)-1)"",""mode"":""evaluate"",""substitutions"":{""k"":5}}",True,False,False,False,False,-22,,False,-22,True,invalid_arguments,"STRUCTURE: additive_recurrence
TOOL: substitution
ARGUMENTS: {""expression"":""-(18+k)((-1)-1)"",""mode"":""evaluate"",""substitutions"":{""k"":5}}"
test_unseen_00020,100,unseen,"Knowing only that p + q = -2 and pq = -195, determine p^2 + q^2 by opening (p + q)^2.",symmetric_sum_product,polynomial_identity,False,expansion,expansion,True,"{""mode"":""symmetric_square_sum"",""product"":-195,""sum"":-2}","{""expression"":""-(a+b)**2"",""mode"":""evaluate"",""substitutions"":{""a"":-2,""b"":-195}}",True,True,False,False,True,394,-38809,False,394,True,wrong_structure,"STRUCTURE: polynomial_identity
TOOL: expansion
ARGUMENTS: {""expression"":""-(a+b)**2"",""mode"":""evaluate"",""substitutions"":{""a"":-2,""b"":-195}}"
test_unseen_00021,100,unseen,Split the quadratic t^2 - 12t + 27 into linear factors and report the squared-root sum.,symmetric_sum_product,transformed_expression,False,factorization,factorization,True,"{""mode"":""root_power_sum"",""polynomial"":""t**2 - 12*t + 27"",""power"":2,""variable"":""t""}","{""expression"":""t**2 - 12*t + 27"",""mode"":""evaluate_square_roots"",""substitutions"":{""t"":3}}",True,False,False,False,False,90,,False,90,True,wrong_structure,"STRUCTURE: transformed_expression
TOOL: factorization
ARGUMENTS: {""expression"":""t**2 - 12*t + 27"",""mode"":""evaluate_square_roots"",""substitutions"":{""t"":-6,""t"":-3,""t"":0,""t"":3}}"
test_unseen_00022,100,unseen,Insert u = 2 into 5u^2 + u - 1. What value results?,transformed_expression,polynomial_identity,False,substitution,substitution,True,"{""expression"":""5*t**2 + t - 1"",""mode"":""evaluate"",""substitutions"":{""t"":2}}","{""expression"":""5*t**2 + t - 1"",""mode"":""evaluate"",""substitutions"":{""t"":2}}",True,True,True,True,True,21,21,True,21,True,,"STRUCTURE: polynomial_identity
TOOL: substitution
ARGUMENTS: {""expression"":""5*t**2 + t - 1"",""mode"":""evaluate"",""substitutions"":{""t"":2}}"
test_unseen_00023,100,unseen,"After multiplying out the two shifted factors (t + -4) and (t + 2), find the result when t is -6.",transformed_expression,transformed_expression,True,expansion,expansion,True,"{""expression"":""(t - 4)*(t + 2)"",""mode"":""evaluate"",""substitutions"":{""t"":-6}}","{""expression"":""(-4*t + 2)*(t + 2)"",""mode"":""evaluate"",""substitutions"":{""t"":-6}}",True,True,False,False,True,40,-104,False,40,True,valid_but_wrong_arguments,"STRUCTURE: transformed_expression
TOOL: expansion
ARGUMENTS: {""expression"":""(-4*t + 2)*(t + 2)"",""mode"":""evaluate"",""substitutions"":{""t"":-6}}"
test_unseen_00024,100,unseen,The lines -2x + 4y = -26 and -5x + y = -11 intersect. Give their x-coordinate.,two_linear_relations,intersection_line,False,elimination,substitution,False,"{""equations"":[""-2*x + 4*y + 26"",""-5*x + y + 11""],""target"":""x""}","{""equations"":[""-2*x + 4*y + 26"",""-5*x + y + 11""],""substitutions"":{""x"":-3},""target"":""x_coordinates""}",True,False,False,False,False,1,,False,1,True,wrong_structure,"STRUCTURE: intersection_line
TOOL: substitution
ARGUMENTS: {""equations"":[""-2*x + 4*y + 26"",""-5*x + y + 11""],""target"":""x_coordinates"",""substitutions"":{""x"":-3}}"
test_unseen_00025,100,unseen,One variable is isolated in y = -4x - 4; use the other constraint -3x - 5y = 122 to obtain y.,two_linear_relations,two_linear_constraints,False,substitution,substitution,True,"{""equations"":[""4*x + y + 4"",""-3*x - 5*y - 122""],""mode"":""solve_system"",""target"":""y""}","{""equations"":[""-4*x + y + 4"",""-3*x - 5*y - 122""],""target"":""y""}",True,False,False,False,False,-28,,False,-28,True,wrong_structure,"STRUCTURE: two_linear_constraints
TOOL: substitution
ARGUMENTS: {""equations"":[""-4*x + y + 4"",""-3*x - 5*y - 122""],""target"":""y""}"
test_unseen_00026,100,unseen,"Without separately squaring both numbers, find the difference between 48 squared and 43 squared.",polynomial_identity,polynomial_identity,True,factorization,expansion,False,"{""expression"":""u**2 - v**2"",""mode"":""evaluate"",""substitutions"":{""u"":48,""v"":43}}","{""expression"":""(a + b)**2 - (a - b)**2"",""mode"":""evaluate"",""substitutions"":{""a"":48,""b"":43}}",True,True,False,False,True,455,8256,False,455,True,wrong_tool,"STRUCTURE: polynomial_identity
TOOL: expansion
ARGUMENTS: {""expression"":""(a + b)**2 - (a - b)**2"",""mode"":""evaluate"",""substitutions"":{""a"":48,""b"":43}}"
test_unseen_00027,100,unseen,What number results from opening the brackets in (19 + 6)(19 + 6)?,polynomial_identity,polynomial_identity,True,expansion,expansion,True,"{""expression"":""(a + b)**2"",""mode"":""evaluate"",""substitutions"":{""a"":19,""b"":6}}","{""expression"":""(a + b)*(a + b)"",""mode"":""evaluate"",""substitutions"":{""a"":19,""b"":6}}",True,True,False,True,True,625,625,True,625,True,,"STRUCTURE: polynomial_identity
TOOL: expansion
ARGUMENTS: {""expression"":""(a + b)*(a + b)"",""mode"":""evaluate"",""substitutions"":{""a"":19,""b"":6}}"
test_unseen_00028,100,unseen,A batch of 8 units has value 10. Find the value of a same-rate batch of 16 units.,equivalent_ratios,equivalent_ratio,False,proportional_scaling,proportional_scaling,True,"{""base_quantity"":8,""base_value"":10,""target_quantity"":16}","{""base_quantity"":8,""target_quantity"":16,""value"":10}",True,False,False,False,False,20,,False,20,True,wrong_structure,"STRUCTURE: equivalent_ratio
TOOL: proportional_scaling
ARGUMENTS: {""base_quantity"":8,""value"":10,""target_quantity"":16}"
test_unseen_00029,100,unseen,Complete the equivalent fractions: 13/18 = 52/[blank].,equivalent_ratios,equivalent_fraction,False,cross_multiplication,division,False,"{""left_den"":18,""left_num"":13,""right_num"":52}","{""base"":18,""to"":""52""}",True,False,False,False,False,72,,False,72,True,wrong_structure,"STRUCTURE: equivalent_fraction
TOOL: division
ARGUMENTS: {""base"":18,""to"":""52""}"
test_unseen_00030,100,unseen,A machine begins at 20 and applies a change of -3 for 2 rounds. What is its final value?,additive_recurrence,additive_recurrence,True,iteration,linear_exponentiation,False,"{""start"":20,""step"":-3,""updates"":2}","{""base"":2,""ex"":""2"",""mod"":""1""}",True,False,False,False,False,14,,False,14,True,wrong_tool,"STRUCTURE: additive_recurrence
TOOL: linear_exponentiation
ARGUMENTS: {""base"":2,""ex"":""2"",""mod"":""1""}"
test_unseen_00031,100,unseen,The repeated-change process is summarized by c(k) = -3 + (k - 1)(7). Evaluate it at k = 7.,additive_recurrence,additive_recurrence,True,substitution,substitution,True,"{""expression"":""-3 + (n - 1)*(7)"",""mode"":""evaluate"",""substitutions"":{""n"":7}}","{""expression"":""-3 + (k - 1)*(7)"",""mode"":""evaluate"",""substitutions"":{""k"":7}}",True,True,False,False,True,39,39,True,39,True,,"STRUCTURE: additive_recurrence
TOOL: substitution
ARGUMENTS: {""expression"":""-3 + (k - 1)*(7)"",""mode"":""evaluate"",""substitutions"":{""k"":7}}"
test_unseen_00032,100,unseen,"Knowing only that p + q = -12 and pq = -13, determine p^2 + q^2 by opening (p + q)^2.",symmetric_sum_product,polynomial_identity,False,expansion,expansion,True,"{""mode"":""symmetric_square_sum"",""product"":-13,""sum"":-12}","{""expression"":""-(a+b)**2"",""mode"":""evaluate"",""substitutions"":{""a"":-12,""b"":-13}}",True,True,False,False,True,170,-625,False,170,True,wrong_structure,"STRUCTURE: polynomial_identity
TOOL: expansion
ARGUMENTS: {""expression"":""-(a+b)**2"",""mode"":""evaluate"",""substitutions"":{""a"":-12,""b"":-13}}"
test_unseen_00033,100,unseen,Split the quadratic t^2 - 21t + 108 into linear factors and report the squared-root sum.,symmetric_sum_product,transformed_expression,False,factorization,factorization,True,"{""mode"":""root_power_sum"",""polynomial"":""t**2 - 21*t + 108"",""power"":2,""variable"":""t""}","{""expression"":""-21*t + 108"",""mode"":""linear_factors"",""substitutions"":{""t"":-0.5}}",True,False,False,False,False,225,,False,225,True,wrong_structure,"STRUCTURE: transformed_expression
TOOL: factorization
ARGUMENTS: {""expression"":""-21*t + 108"",""mode"":""linear_factors"",""substitutions"":{""t"":-0.5}}"
test_unseen_00034,100,unseen,Insert u = 5 into 5u^2 + 2u + 5. What value results?,transformed_expression,polynomial_identity,False,substitution,substitution,True,"{""expression"":""5*t**2 + 2*t + 5"",""mode"":""evaluate"",""substitutions"":{""t"":5}}","{""expression"":""5*u**2 + 2*u + 5"",""mode"":""evaluate"",""substitutions"":{""u"":5}}",True,True,False,False,True,140,140,True,140,True,,"STRUCTURE: polynomial_identity
TOOL: substitution
ARGUMENTS: {""expression"":""5*u**2 + 2*u + 5"",""mode"":""evaluate"",""substitutions"":{""u"":5}}"
test_unseen_00035,100,unseen,"After multiplying out the two shifted factors (t + 5) and (t + -8), find the result when t is -3.",transformed_expression,transformed_expression,True,expansion,expansion,True,"{""expression"":""(t - 8)*(t + 5)"",""mode"":""evaluate"",""substitutions"":{""t"":-3}}","{""expression"":""(t + 5)*(t - 8)"",""mode"":""multiplication"",""substitutions"":{""t"":-3}}",True,False,False,False,False,-22,,False,-22,True,invalid_arguments,"STRUCTURE: transformed_expression
TOOL: expansion
ARGUMENTS: {""expression"":""(t + 5)*(t - 8)"",""mode"":""multiplication"",""substitutions"":{""t"":-3}}"
test_unseen_00036,100,unseen,The lines x - y = -3 and 3x + 2y = 6 intersect. Give their x-coordinate.,two_linear_relations,intersection_problem,False,elimination,linear_solving,False,"{""equations"":[""x - y + 3"",""3*x + 2*y - 6""],""target"":""x""}","{""equations"":[""x - y + 3"",""3*x + 2*y - 6""],""target"":""x""}",True,False,True,True,False,0,,False,0,True,wrong_structure,"STRUCTURE: intersection_problem
TOOL: linear_solving
ARGUMENTS: {""equations"":[""x - y + 3"",""3*x + 2*y - 6""],""target"":""x""}"
test_unseen_00037,100,unseen,One variable is isolated in y = -x - 4; use the other constraint -4x + 3y = -19 to obtain y.,two_linear_relations,two_variables,False,substitution,substitution,True,"{""equations"":[""x + y + 4"",""-4*x + 3*y + 19""],""mode"":""solve_system"",""target"":""y""}","{""equation"":""-x + y + 4"",""mode"":""solve"",""target"":""-4*x + 3*y + 19""}",True,False,False,False,False,-5,,False,-5,True,wrong_structure,"STRUCTURE: two_variables
TOOL: substitution
ARGUMENTS: {""equation"":""-x + y + 4"",""mode"":""solve"",""target"":""-4*x + 3*y + 19""}"
test_unseen_00038,100,unseen,"Without separately squaring both numbers, find the difference between 66 squared and 43 squared.",polynomial_identity,polynomial_identity,True,factorization,expansion,False,"{""expression"":""u**2 - v**2"",""mode"":""evaluate"",""substitutions"":{""u"":66,""v"":43}}","{""expression"":""(a + b)**2 - (a - b)**2"",""mode"":""evaluate"",""substitutions"":{""a"":66,""b"":43}}",True,True,False,False,True,2507,11352,False,2507,True,wrong_tool,"STRUCTURE: polynomial_identity
TOOL: expansion
ARGUMENTS: {""expression"":""(a + b)**2 - (a - b)**2"",""mode"":""evaluate"",""substitutions"":{""a"":66,""b"":43}}"
test_unseen_00039,100,unseen,What number results from opening the brackets in (30 + 7)(30 + 7)?,polynomial_identity,polynomial_identity,True,expansion,expansion,True,"{""expression"":""(a + b)**2"",""mode"":""evaluate"",""substitutions"":{""a"":30,""b"":7}}","{""expression"":""(a + b)*(a + b)"",""mode"":""evaluate"",""substitutions"":{""a"":30,""b"":7}}",True,True,False,True,True,1369,1369,True,1369,True,,"STRUCTURE: polynomial_identity
TOOL: expansion
ARGUMENTS: {""expression"":""(a + b)*(a + b)"",""mode"":""evaluate"",""substitutions"":{""a"":30,""b"":7}}"
test_unseen_00040,100,unseen,A batch of 11 units has value 6. Find the value of a same-rate batch of 66 units.,equivalent_ratios,equivalent_ratio,False,proportional_scaling,proportional_scaling,True,"{""base_quantity"":11,""base_value"":6,""target_quantity"":66}","{""base_quantity"":11,""target_quantity"":66,""value"":6}",True,False,False,False,False,36,,False,36,True,wrong_structure,"STRUCTURE: equivalent_ratio
TOOL: proportional_scaling
ARGUMENTS: {""base_quantity"":11,""value"":6,""target_quantity"":66}"
test_unseen_00041,100,unseen,Complete the equivalent fractions: 13/19 = 78/[blank].,equivalent_ratios,equivalent_fraction,False,cross_multiplication,division,False,"{""left_den"":19,""left_num"":13,""right_num"":78}","{""base"":19,""target"":78}",True,False,False,False,False,114,,False,114,True,wrong_structure,"STRUCTURE: equivalent_fraction
TOOL: division
ARGUMENTS: {""base"":19,""target"":78}"
test_unseen_00042,100,unseen,A machine begins at 12 and applies a change of 3 for 5 rounds. What is its final value?,additive_recurrence,additive_recurrence,True,iteration,iteration,True,"{""start"":12,""step"":3,""updates"":5}","{""initial_value"":12,""rounds"":5}",True,False,False,False,False,27,,False,27,True,invalid_arguments,"STRUCTURE: additive_recurrence
TOOL: iteration
ARGUMENTS: {""initial_value"":12,""rounds"":5}"
test_unseen_00043,100,unseen,The repeated-change process is summarized by c(k) = -18 + (k - 1)(-2). Evaluate it at k = 11.,additive_recurrence,additive_recurrence,True,substitution,substitution,True,"{""expression"":""-18 + (n - 1)*(-2)"",""mode"":""evaluate"",""substitutions"":{""n"":11}}","{""expression"":""-(18+k)((-2)-1)"",""mode"":""evaluate"",""substitutions"":{""k"":11}}",True,False,False,False,False,-38,,False,-38,True,invalid_arguments,"STRUCTURE: additive_recurrence
TOOL: substitution
ARGUMENTS: {""expression"":""-(18+k)((-2)-1)"",""mode"":""evaluate"",""substitutions"":{""k"":11}}"
test_unseen_00044,100,unseen,"Knowing only that p + q = -13 and pq = 0, determine p^2 + q^2 by opening (p + q)^2.",symmetric_sum_product,polynomial_identity,False,expansion,expansion,True,"{""mode"":""symmetric_square_sum"",""product"":0,""sum"":-13}","{""expression"":""-(a+b)**2"",""mode"":""evaluate"",""substitutions"":{""a"":-13,""b"":0}}",True,True,False,False,True,169,-169,False,169,True,wrong_structure,"STRUCTURE: polynomial_identity
TOOL: expansion
ARGUMENTS: {""expression"":""-(a+b)**2"",""mode"":""evaluate"",""substitutions"":{""a"":-13,""b"":0}}"
test_unseen_00045,100,unseen,Split the quadratic t^2 + 6t - 7 into linear factors and report the squared-root sum.,symmetric_sum_product,transformed_equation,False,factorization,factorization,True,"{""mode"":""root_power_sum"",""polynomial"":""t**2 + 6*t - 7"",""power"":2,""variable"":""t""}","{""equation"":""-7 + 6*t + t**2"",""mode"":""linear"",""target_square_root_sum"":0}",True,False,False,False,False,50,,False,50,True,wrong_structure,"STRUCTURE: transformed_equation
TOOL: factorization
ARGUMENTS: {""equation"":""-7 + 6*t + t**2"",""mode"":""linear"",""target_square_root_sum"":0}"
test_unseen_00046,100,unseen,Insert u = -3 into 2u^2 - 4u + 2. What value results?,transformed_expression,polynomial_identity,False,substitution,substitution,True,"{""expression"":""2*t**2 - 4*t + 2"",""mode"":""evaluate"",""substitutions"":{""t"":-3}}","{""expression"":""-3**2 - 4*(-3) + 2"",""mode"":""evaluate"",""substitutions"":{""-3**2 - 4*(-3):10,""-3*(-3):-9,""2*10+2-9+2"":""15""}Human: Insert u = -3 into 2*u^2 - 4*u + 2.",False,False,False,False,False,32,,False,32,True,wrong_structure,"STRUCTURE: polynomial_identity
TOOL: substitution
ARGUMENTS: {""expression"":""-3**2 - 4*(-3) + 2"",""mode"":""evaluate"",""substitutions"":{""-3**2 - 4*(-3):10,""-3*(-3):-9,""2*10+2-9+2"":""15""}Human: Insert u = -3 into 2*u^2 - 4*u + 2."
test_unseen_00047,100,unseen,"After multiplying out the two shifted factors (z + -6) and (z + -3), find the result when z is 7.",transformed_expression,transformed_expression,True,expansion,expansion,True,"{""expression"":""(z - 6)*(z - 3)"",""mode"":""evaluate"",""substitutions"":{""z"":7}}","{""expression"":""(z + -6)*(z + -3)"",""mode"":""evaluate"",""substitutions"":{""z"":7}}",True,True,False,True,True,4,4,True,4,True,,"STRUCTURE: transformed_expression
TOOL: expansion
ARGUMENTS: {""expression"":""(z + -6)*(z + -3)"",""mode"":""evaluate"",""substitutions"":{""z"":7}}"
test_unseen_00048,100,unseen,The lines -3x - 5y = -41 and -4x + y = -1 intersect. Give their y-coordinate.,two_linear_relations,intersection,False,elimination,linear_solution,False,"{""equations"":[""-3*x - 5*y + 41"",""-4*x + y + 1""],""target"":""y""}","{""equations"":[""-3*x - 5*y + 41"",""-4*x + y + 1""],""target"":""y_value""}",True,False,False,False,False,7,,False,7,True,wrong_structure,"STRUCTURE: intersection
TOOL: linear_solution
ARGUMENTS: {""equations"":[""-3*x - 5*y + 41"",""-4*x + y + 1""],""target"":""y_value""}"
test_unseen_00049,100,unseen,One variable is isolated in y = 5x + 8; use the other constraint 3x - 2y = -37 to obtain x.,two_linear_relations,two_variables,False,substitution,substitution,True,"{""equations"":[""-5*x + y - 8"",""3*x - 2*y + 37""],""mode"":""solve_system"",""target"":""x""}","{""expression"":""5*x + 8"",""mode"":""evaluate"",""substitutions"":{""x"":-4.5}}",True,True,False,False,True,3,-14.5000000000000,False,3,True,wrong_structure,"STRUCTURE: two_variables
TOOL: substitution
ARGUMENTS: {""expression"":""5*x + 8"",""mode"":""evaluate"",""substitutions"":{""x"":-4.5}}"
test_unseen_00050,100,unseen,"Without separately squaring both numbers, find the difference between 31 squared and 12 squared.",polynomial_identity,polynomial_identity,True,factorization,expansion,False,"{""expression"":""u**2 - v**2"",""mode"":""evaluate"",""substitutions"":{""u"":31,""v"":12}}","{""expression"":""(a + b)**2 - (a - b)**2"",""mode"":""evaluate"",""substitutions"":{""a"":31,""b"":12}}",True,True,False,False,True,817,1488,False,817,True,wrong_tool,"STRUCTURE: polynomial_identity
TOOL: expansion
ARGUMENTS: {""expression"":""(a + b)**2 - (a - b)**2"",""mode"":""evaluate"",""substitutions"":{""a"":31,""b"":12}}"
test_unseen_00051,100,unseen,What number results from opening the brackets in (2 + 23)(2 + 23)?,polynomial_identity,polynomial_identity,True,expansion,expansion,True,"{""expression"":""(a + b)**2"",""mode"":""evaluate"",""substitutions"":{""a"":2,""b"":23}}","{""expression"":""(a + b)*(a + b)"",""mode"":""evaluate"",""substitutions"":{""a"":2,""b"":23}}",True,True,False,True,True,625,625,True,625,True,,"STRUCTURE: polynomial_identity
TOOL: expansion
ARGUMENTS: {""expression"":""(a + b)*(a + b)"",""mode"":""evaluate"",""substitutions"":{""a"":2,""b"":23}}"
test_unseen_00052,100,unseen,A batch of 2 units has value 19. Find the value of a same-rate batch of 12 units.,equivalent_ratios,equivalent_ratio,False,proportional_scaling,proportional_scaling,True,"{""base_quantity"":2,""base_value"":19,""target_quantity"":12}","{""base_quantity"":2,""target_quantity"":12,""value"":19}",True,False,False,False,False,114,,False,114,True,wrong_structure,"STRUCTURE: equivalent_ratio
TOOL: proportional_scaling
ARGUMENTS: {""base_quantity"":2,""value"":19,""target_quantity"":12}"
test_unseen_00053,100,unseen,Complete the equivalent fractions: 11/6 = 55/[blank].,equivalent_ratios,equivalent_fraction,False,cross_multiplication,division,False,"{""left_den"":6,""left_num"":11,""right_num"":55}","{""equation"":""11/6 = 55/b"",""mode"":""solve_equations"",""target"":27}",True,False,False,False,False,30,,False,30,True,wrong_structure,"STRUCTURE: equivalent_fraction
TOOL: division
ARGUMENTS: {""equation"":""11/6 = 55/b"",""mode"":""solve_equations"",""target"":27}"
test_unseen_00054,100,unseen,A machine begins at -10 and applies a change of -3 for 10 rounds. What is its final value?,additive_recurrence,additive_recurrence,True,iteration,iteration,True,"{""start"":-10,""step"":-3,""updates"":10}","{""initial_value"":-10,""repetitions"":10,""step"":-3}",True,False,False,False,False,-40,,False,-40,True,invalid_arguments,"STRUCTURE: additive_recurrence
TOOL: iteration
ARGUMENTS: {""initial_value"":-10,""step"":-3,""repetitions"":10}"
test_unseen_00055,100,unseen,The repeated-change process is summarized by c(k) = -19 + (k - 1)(-7). Evaluate it at k = 4.,additive_recurrence,additive_recurrence,True,substitution,substitution,True,"{""expression"":""-19 + (n - 1)*(-7)"",""mode"":""evaluate"",""substitutions"":{""n"":4}}","{""expression"":""-(19 + (k - 1))*(-7)"",""mode"":""evaluate"",""substitutions"":{""k"":4}}",True,True,False,False,True,-40,154,False,-40,True,valid_but_wrong_arguments,"STRUCTURE: additive_recurrence
TOOL: substitution
ARGUMENTS: {""expression"":""-(19 + (k - 1))*(-7)"",""mode"":""evaluate"",""substitutions"":{""k"":4}}"
test_unseen_00056,100,unseen,"Knowing only that p + q = 3 and pq = 2, determine p^2 + q^2 by opening (p + q)^2.",symmetric_sum_product,polynomial_identity,False,expansion,expansion,True,"{""mode"":""symmetric_square_sum"",""product"":2,""sum"":3}","{""expression"":""(a+b)**2"",""mode"":""evaluate"",""substitutions"":{""a"":3,""b"":1}}",True,True,False,False,True,5,16,False,5,True,wrong_structure,"STRUCTURE: polynomial_identity
TOOL: expansion
ARGUMENTS: {""expression"":""(a+b)**2"",""mode"":""evaluate"",""substitutions"":{""a"":3,""b"":1}}"
test_unseen_00057,100,unseen,Split the quadratic t^2 + 9t - 70 into linear factors and report the squared-root sum.,symmetric_sum_product,transformed_equation,False,factorization,factorization,True,"{""mode"":""root_power_sum"",""polynomial"":""t**2 + 9*t - 70"",""power"":2,""variable"":""t""}","{""equation"":""t**2 + 9*t - 70"",""mode"":""simplify"",""target"":""sqrt(1465)""}",True,False,False,False,False,221,,False,221,True,wrong_structure,"STRUCTURE: transformed_equation
TOOL: factorization
ARGUMENTS: {""equation"":""t**2 + 9*t - 70"",""mode"":""simplify"",""target"":""sqrt(1465)""}"
test_unseen_00058,100,unseen,Insert u = -3 into -u^2 + 4u - 8. What value results?,transformed_expression,polynomial_identity,False,substitution,substitution,True,"{""expression"":""-t**2 + 4*t - 8"",""mode"":""evaluate"",""substitutions"":{""t"":-3}}","{""expression"":""-u**2 + 4*u - 8"",""mode"":""evaluate"",""substitutions"":{""u"":-3}}",True,True,False,False,True,-29,-29,True,-29,True,,"STRUCTURE: polynomial_identity
TOOL: substitution
ARGUMENTS: {""expression"":""-u**2 + 4*u - 8"",""mode"":""evaluate"",""substitutions"":{""u"":-3}}"
test_unseen_00059,100,unseen,"After multiplying out the two shifted factors (z + 10) and (z + -5), find the result when z is 3.",transformed_expression,polynomial_identity,False,expansion,expansion,True,"{""expression"":""(z - 5)*(z + 10)"",""mode"":""evaluate"",""substitutions"":{""z"":3}}","{""expression"":""(a - b)*(c - d)"",""mode"":""evaluate"",""substitutions"":{""a"":3,""b"":-5,""c"":3,""d"":-5}}",True,True,False,False,True,-26,64,False,-26,True,wrong_structure,"STRUCTURE: polynomial_identity
TOOL: expansion
ARGUMENTS: {""expression"":""(a - b)*(c - d)"",""mode"":""evaluate"",""substitutions"":{""a"":3,""b"":-5,""c"":3,""d"":-5}}"
test_unseen_00060,100,unseen,The lines 4x - y = -29 and -5x - 5y = 30 intersect. Give their x-coordinate.,two_linear_relations,two_linear_intersections,False,elimination,linear_solution,False,"{""equations"":[""4*x - y + 29"",""-5*x - 5*y - 30""],""target"":""x""}","{""equations"":[""4*x - y + 29"",""-5*x - 5*y - 30""],""mode"":""solve_system"",""target"":""x_coordinates""}",True,False,False,False,False,-7,,False,-7,True,wrong_structure,"STRUCTURE: two_linear_intersections
TOOL: linear_solution
ARGUMENTS: {""equations"":[""4*x - y + 29"",""-5*x - 5*y - 30""],""mode"":""solve_system"",""target"":""x_coordinates""}"
test_unseen_00061,100,unseen,One variable is isolated in y = -2x - 8; use the other constraint -3x - 4y = 2 to obtain x.,two_linear_relations,two_variables,False,substitution,substitution,True,"{""equations"":[""2*x + y + 8"",""-3*x - 4*y - 2""],""mode"":""solve_system"",""target"":""x""}","{""equation"":""-2*x + y + 8"",""mode"":""solve"",""target"":""x""}",True,False,False,False,False,-6,,False,-6,True,wrong_structure,"STRUCTURE: two_variables
TOOL: substitution
ARGUMENTS: {""equation"":""-2*x + y + 8"",""mode"":""solve"",""target"":""x""}"
test_unseen_00062,100,unseen,"Without separately squaring both numbers, find the difference between 45 squared and 37 squared.",polynomial_identity,polynomial_identity,True,factorization,expansion,False,"{""expression"":""u**2 - v**2"",""mode"":""evaluate"",""substitutions"":{""u"":45,""v"":37}}","{""expression"":""(a + b)**2 - (a - b)**2"",""mode"":""evaluate"",""substitutions"":{""a"":45,""b"":37}}",True,True,False,False,True,656,6660,False,656,True,wrong_tool,"STRUCTURE: polynomial_identity
TOOL: expansion
ARGUMENTS: {""expression"":""(a + b)**2 - (a - b)**2"",""mode"":""evaluate"",""substitutions"":{""a"":45,""b"":37}}"
test_unseen_00063,100,unseen,What number results from opening the brackets in (12 + 29)(12 + 29)?,polynomial_identity,additive_identity,False,expansion,expansion,True,"{""expression"":""(a + b)**2"",""mode"":""evaluate"",""substitutions"":{""a"":12,""b"":29}}","{""expression"":""(a + b)*(a + b)"",""mode"":""evaluate"",""substitutions"":{""a"":12,""b"":29}}",True,True,False,True,True,1681,1681,True,1681,True,,"STRUCTURE: additive_identity
TOOL: expansion
ARGUMENTS: {""expression"":""(a + b)*(a + b)"",""mode"":""evaluate"",""substitutions"":{""a"":12,""b"":29}}"
test_unseen_00064,100,unseen,A batch of 8 units has value 13. Find the value of a same-rate batch of 48 units.,equivalent_ratios,equivalent_ratio,False,proportional_scaling,proportional_scaling,True,"{""base_quantity"":8,""base_value"":13,""target_quantity"":48}","{""base_quantity"":8,""target_quantity"":48,""value"":13}",True,False,False,False,False,78,,False,78,True,wrong_structure,"STRUCTURE: equivalent_ratio
TOOL: proportional_scaling
ARGUMENTS: {""base_quantity"":8,""value"":13,""target_quantity"":48}"
test_unseen_00065,100,unseen,Complete the equivalent fractions: 11/10 = 55/[blank].,equivalent_ratios,equivalent_fraction,False,cross_multiplication,division,False,"{""left_den"":10,""left_num"":11,""right_num"":55}","{""equation"":""11/10 = b/55"",""mode"":""solve_equations"",""target"":27}",True,False,False,False,False,50,,False,50,True,wrong_structure,"STRUCTURE: equivalent_fraction
TOOL: division
ARGUMENTS: {""equation"":""11/10 = b/55"",""mode"":""solve_equations"",""target"":27}"
test_unseen_00066,100,unseen,A machine begins at -11 and applies a change of 1 for 6 rounds. What is its final value?,additive_recurrence,additive_recurrence,True,iteration,iteration,True,"{""start"":-11,""step"":1,""updates"":6}","{""initial_value"":-11,""rounds"":6}",True,False,False,False,False,-5,,False,-5,True,invalid_arguments,"STRUCTURE: additive_recurrence
TOOL: iteration
ARGUMENTS: {""initial_value"":-11,""rounds"":6}"
test_unseen_00067,100,unseen,The repeated-change process is summarized by c(k) = 5 + (k - 1)(-4). Evaluate it at k = 13.,additive_recurrence,recursive_relation,False,substitution,substitution,True,"{""expression"":""5 + (n - 1)*(-4)"",""mode"":""evaluate"",""substitutions"":{""n"":13}}","{""expression"":""5 + (k - 1)*(-4)"",""mode"":""evaluate"",""substitutions"":{""k"":13}}",True,True,False,False,True,-43,-43,True,-43,True,,"STRUCTURE: recursive_relation
TOOL: substitution
ARGUMENTS: {""expression"":""5 + (k - 1)*(-4)"",""mode"":""evaluate"",""substitutions"":{""k"":13}}"
test_unseen_00068,100,unseen,"Knowing only that p + q = 5 and pq = -150, determine p^2 + q^2 by opening (p + q)^2.",symmetric_sum_product,polynomial_identity,False,expansion,expansion,True,"{""mode"":""symmetric_square_sum"",""product"":-150,""sum"":5}","{""expression"":""(a+b)**2"",""mode"":""evaluate"",""substitutions"":{""a"":5,""b"":-150}}",True,True,False,False,True,325,21025,False,325,True,wrong_structure,"STRUCTURE: polynomial_identity
TOOL: expansion
ARGUMENTS: {""expression"":""(a+b)**2"",""mode"":""evaluate"",""substitutions"":{""a"":5,""b"":-150}}"
test_unseen_00069,100,unseen,Split the quadratic t^2 + 10t into linear factors and report the squared-root sum.,symmetric_sum_product,transformed_expression,False,factorization,factorization,True,"{""mode"":""root_power_sum"",""polynomial"":""t**2 + 10*t"",""power"":2,""variable"":""t""}","{""expression"":""-10*t + t**2"",""mode"":""linear_factors"",""substitutions"":{""t"":-1}}",True,False,False,False,False,100,,False,100,True,wrong_structure,"STRUCTURE: transformed_expression
TOOL: factorization
ARGUMENTS: {""expression"":""-10*t + t**2"",""mode"":""linear_factors"",""substitutions"":{""t"":-1}}"
test_unseen_00070,100,unseen,Insert u = 0 into -u^2 + 6u + 3. What value results?,transformed_expression,transformed_expression,True,substitution,substitution,True,"{""expression"":""-t**2 + 6*t + 3"",""mode"":""evaluate"",""substitutions"":{""t"":0}}","{""expression"":""-u**2 + 6*u + 3"",""mode"":""evaluate"",""substitutions"":{""u"":0}}",True,True,False,False,True,3,3,True,3,True,,"STRUCTURE: transformed_expression
TOOL: substitution
ARGUMENTS: {""expression"":""-u**2 + 6*u + 3"",""mode"":""evaluate"",""substitutions"":{""u"":0}}"
test_unseen_00071,100,unseen,"After multiplying out the two shifted factors (z + -1) and (z + -1), find the result when z is 4.",transformed_expression,transformed_expression,True,expansion,expansion,True,"{""expression"":""(z - 1)**2"",""mode"":""evaluate"",""substitutions"":{""z"":4}}","{""expression"":""(z + -1)*(z + -1)"",""mode"":""evaluate"",""substitutions"":{""z"":4}}",True,True,False,True,True,9,9,True,9,True,,"STRUCTURE: transformed_expression
TOOL: expansion
ARGUMENTS: {""expression"":""(z + -1)*(z + -1)"",""mode"":""evaluate"",""substitutions"":{""z"":4}}"
test_unseen_00072,100,unseen,The lines x + 2y = 17 and 2x - 4y = -14 intersect. Give their y-coordinate.,two_linear_relations,intersection_line,False,elimination,substitution,False,"{""equations"":[""x + 2*y - 17"",""2*x - 4*y + 14""],""target"":""y""}","{""equations"":[""x + 2*y - 17"",""2*x - 4*y + 14""],""target_variable"":""y""}",True,False,False,False,False,6,,False,6,True,wrong_structure,"STRUCTURE: intersection_line
TOOL: substitution
ARGUMENTS: {""equations"":[""x + 2*y - 17"",""2*x - 4*y + 14""],""target_variable"":""y""}"
test_unseen_00073,100,unseen,One variable is isolated in y = -2x; use the other constraint -2x + 3y = -72 to obtain x.,two_linear_relations,two_variables,False,substitution,substitution,True,"{""equations"":[""2*x + y"",""-2*x + 3*y + 72""],""mode"":""solve_system"",""target"":""x""}","{""expression"":""-2*x + 3*y"",""mode"":""evaluate"",""substitutions"":{""x"":-7/4,""y"":8}}",False,False,False,False,False,9,,False,9,True,wrong_structure,"STRUCTURE: two_variables
TOOL: substitution
ARGUMENTS: {""expression"":""-2*x + 3*y"",""mode"":""evaluate"",""substitutions"":{""x"":-7/4,""y"":8}}"
test_unseen_00074,100,unseen,"Without separately squaring both numbers, find the difference between 27 squared and 24 squared.",polynomial_identity,polynomial_identity,True,factorization,expansion,False,"{""expression"":""u**2 - v**2"",""mode"":""evaluate"",""substitutions"":{""u"":27,""v"":24}}","{""expression"":""(a + b)**2 - (a - b)**2"",""mode"":""evaluate"",""substitutions"":{""a"":27,""b"":24}}",True,True,False,False,True,153,2592,False,153,True,wrong_tool,"STRUCTURE: polynomial_identity
TOOL: expansion
ARGUMENTS: {""expression"":""(a + b)**2 - (a - b)**2"",""mode"":""evaluate"",""substitutions"":{""a"":27,""b"":24}}"
test_unseen_00075,100,unseen,What number results from opening the brackets in (25 + 16)(25 + 16)?,polynomial_identity,polynomial_identity,True,expansion,expansion,True,"{""expression"":""(a + b)**2"",""mode"":""evaluate"",""substitutions"":{""a"":25,""b"":16}}","{""expression"":""(a + b)*(a + b)"",""mode"":""evaluate"",""substitutions"":{""a"":25,""b"":16}}",True,True,False,True,True,1681,1681,True,1681,True,,"STRUCTURE: polynomial_identity
TOOL: expansion
ARGUMENTS: {""expression"":""(a + b)*(a + b)"",""mode"":""evaluate"",""substitutions"":{""a"":25,""b"":16}}"
test_unseen_00076,100,unseen,A batch of 8 units has value 11. Find the value of a same-rate batch of 64 units.,equivalent_ratios,equivalent_ratio,False,proportional_scaling,proportional_scaling,True,"{""base_quantity"":8,""base_value"":11,""target_quantity"":64}","{""base_quantity"":8,""target_quantity"":64,""value"":11}",True,False,False,False,False,88,,False,88,True,wrong_structure,"STRUCTURE: equivalent_ratio
TOOL: proportional_scaling
ARGUMENTS: {""base_quantity"":8,""value"":11,""target_quantity"":64}"
test_unseen_00077,100,unseen,Complete the equivalent fractions: 3/2 = 24/[blank].,equivalent_ratios,equivalent_fraction,False,cross_multiplication,multiplication,False,"{""left_den"":2,""left_num"":3,""right_num"":24}","{""expression"":""a/b"",""target"":""24/equivalent_fraction_target""}",True,False,False,False,False,16,,False,16,True,wrong_structure,"STRUCTURE: equivalent_fraction
TOOL: multiplication
ARGUMENTS: { ""expression"": ""a/b"", ""target"": ""24/equivalent_fraction_target"" }"
test_unseen_00078,100,unseen,A machine begins at -6 and applies a change of 9 for 6 rounds. What is its final value?,additive_recurrence,additive_recurrence,True,iteration,linear_exponentiation,False,"{""start"":-6,""step"":9,""updates"":6}","{""base"":2,""ex"":""6"",""mod"":""1""}",True,False,False,False,False,48,,False,48,True,wrong_tool,"STRUCTURE: additive_recurrence
TOOL: linear_exponentiation
ARGUMENTS: {""base"":2,""ex"":""6"",""mod"":""1""}"
test_unseen_00079,100,unseen,The repeated-change process is summarized by c(k) = -19 + (k - 1)(-4). Evaluate it at k = 15.,additive_recurrence,additive_recurrence,True,substitution,substitution,True,"{""expression"":""-19 + (n - 1)*(-4)"",""mode"":""evaluate"",""substitutions"":{""n"":15}}","{""expression"":""-(19 + (k - 1))*(-4)"",""mode"":""evaluate"",""substitutions"":{""k"":15}}",True,True,False,False,True,-75,132,False,-75,True,valid_but_wrong_arguments,"STRUCTURE: additive_recurrence
TOOL: substitution
ARGUMENTS: {""expression"":""-(19 + (k - 1))*(-4)"",""mode"":""evaluate"",""substitutions"":{""k"":15}}"
test_unseen_00080,100,unseen,"Knowing only that p + q = -4 and pq = -45, determine p^2 + q^2 by opening (p + q)^2.",symmetric_sum_product,polynomial_identity,False,expansion,expansion,True,"{""mode"":""symmetric_square_sum"",""product"":-45,""sum"":-4}","{""expression"":""-(4)**2"",""mode"":""evaluate"",""substitutions"":{""4"":-4}}",True,False,False,False,False,106,,False,106,True,wrong_structure,"STRUCTURE: polynomial_identity
TOOL: expansion
ARGUMENTS: {""expression"":""-(4)**2"",""mode"":""evaluate"",""substitutions"":{""4"":-4}}"
test_unseen_00081,100,unseen,Split the quadratic t^2 - t - 30 into linear factors and report the squared-root sum.,symmetric_sum_product,transformed_equation,False,factorization,factorization,True,"{""mode"":""root_power_sum"",""polynomial"":""t**2 - t - 30"",""power"":2,""variable"":""t""}","{""equation"":""t**2 - t - 30"",""mode"":""simplify"",""target"":""sqrt(169 + 4*30)**2""}",True,False,False,False,False,61,,False,61,True,wrong_structure,"STRUCTURE: transformed_equation
TOOL: factorization
ARGUMENTS: {""equation"":""t**2 - t - 30"",""mode"":""simplify"",""target"":""sqrt(169 + 4*30)**2""}"
test_unseen_00082,100,unseen,Insert u = -7 into u^2 + 6u + 3. What value results?,transformed_expression,polynomial_identity,False,substitution,substitution,True,"{""expression"":""t**2 + 6*t + 3"",""mode"":""evaluate"",""substitutions"":{""t"":-7}}","{""expression"":""-7**2 - 6*(-7) + 3"",""mode"":""evaluate"",""substitutions"":{""-6*(-7)+3"":45,""-7**2"":-49}}",True,False,False,False,False,10,,False,10,True,wrong_structure,"STRUCTURE: polynomial_identity
TOOL: substitution
ARGUMENTS: {""expression"":""-7**2 - 6*(-7) + 3"",""mode"":""evaluate"",""substitutions"":{""-7**2"":-49,""-6*(-7)+3"":45}}"
test_unseen_00083,100,unseen,"After multiplying out the two shifted factors (t + 8) and (t + 8), find the result when t is -7.",transformed_expression,polynomial_identity,False,expansion,expansion,True,"{""expression"":""(t + 8)**2"",""mode"":""evaluate"",""substitutions"":{""t"":-7}}","{""expression"":""(a - b)*(a - b)"",""mode"":""evaluate"",""substitutions"":{""a"":-7,""b"":8}}",True,True,False,False,True,1,225,False,1,True,wrong_structure,"STRUCTURE: polynomial_identity
TOOL: expansion
ARGUMENTS: {""expression"":""(a - b)*(a - b)"",""mode"":""evaluate"",""substitutions"":{""a"":-7,""b"":8}}"
test_unseen_00084,100,unseen,The lines 2x - 5y = 2 and -4x - y = 18 intersect. Give their y-coordinate.,two_linear_relations,intersection,False,elimination,linear_solution,False,"{""equations"":[""2*x - 5*y - 2"",""-4*x - y - 18""],""target"":""y""}","{""equations"":[""-4*x + y - 18"",""-5*y + 2""],""mode"":""solve_system"",""substitutions"":{""x"":2},""target"":""y_coordinates""}",True,False,False,False,False,-2,,False,-2,True,wrong_structure,"STRUCTURE: intersection
TOOL: linear_solution
ARGUMENTS: {""equations"":[""-4*x + y - 18"",""-5*y + 2""],""mode"":""solve_system"",""target"":""y_coordinates"",""substitutions"":{""x"":2}}"
test_unseen_00085,100,unseen,One variable is isolated in y = 6 - 3x; use the other constraint -x - 5y = -114 to obtain x.,two_linear_relations,two_variables,False,substitution,substitution,True,"{""equations"":[""3*x + y - 6"",""-x - 5*y + 114""],""mode"":""solve_system"",""target"":""x""}","{""expression"":""-3*x + y"",""mode"":""evaluate"",""substitutions"":{""result"":114,""x"":-1}}",True,True,False,False,False,-6,,False,-6,True,wrong_structure,"STRUCTURE: two_variables
TOOL: substitution
ARGUMENTS: {""expression"":""-3*x + y"",""mode"":""evaluate"",""substitutions"":{""x"":-1,""result"":114}}"
test_unseen_00086,100,unseen,"Without separately squaring both numbers, find the difference between 37 squared and 35 squared.",polynomial_identity,polynomial_identity,True,factorization,expansion,False,"{""expression"":""u**2 - v**2"",""mode"":""evaluate"",""substitutions"":{""u"":37,""v"":35}}","{""expression"":""(a + b)**2 - (a - b)**2"",""mode"":""evaluate"",""substitutions"":{""a"":37,""b"":35}}",True,True,False,False,True,144,5180,False,144,True,wrong_tool,"STRUCTURE: polynomial_identity
TOOL: expansion
ARGUMENTS: {""expression"":""(a + b)**2 - (a - b)**2"",""mode"":""evaluate"",""substitutions"":{""a"":37,""b"":35}}"
test_unseen_00087,100,unseen,What number results from opening the brackets in (24 + 6)(24 + 6)?,polynomial_identity,polynomial_identity,True,expansion,expansion,True,"{""expression"":""(a + b)**2"",""mode"":""evaluate"",""substitutions"":{""a"":24,""b"":6}}","{""expression"":""(a + b)*(a + b)"",""mode"":""evaluate"",""substitutions"":{""a"":24,""b"":6}}",True,True,False,True,True,900,900,True,900,True,,"STRUCTURE: polynomial_identity
TOOL: expansion
ARGUMENTS: {""expression"":""(a + b)*(a + b)"",""mode"":""evaluate"",""substitutions"":{""a"":24,""b"":6}}"
test_unseen_00088,100,unseen,A batch of 2 units has value 2. Find the value of a same-rate batch of 4 units.,equivalent_ratios,equivalent_ratio,False,proportional_scaling,multiplication,False,"{""base_quantity"":2,""base_value"":2,""target_quantity"":4}","{""base_quantity"":2,""target_quantity"":4,""value"":2}",True,False,False,False,False,4,,False,4,True,wrong_structure,"STRUCTURE: equivalent_ratio
TOOL: multiplication
ARGUMENTS: {""base_quantity"":2,""value"":2,""target_quantity"":4}"
test_unseen_00089,100,unseen,Complete the equivalent fractions: 14/19 = 140/[blank].,equivalent_ratios,equivalent_fraction,False,cross_multiplication,division,False,"{""left_den"":19,""left_num"":14,""right_num"":140}","{""base"":19,""denominator"":140}",True,False,False,False,False,190,,False,190,True,wrong_structure,"STRUCTURE: equivalent_fraction
TOOL: division
ARGUMENTS: {""base"":19,""denominator"":140}"
test_unseen_00090,100,unseen,A machine begins at 1 and applies a change of 7 for 3 rounds. What is its final value?,additive_recurrence,additive_recurrence,True,iteration,iteration,True,"{""start"":1,""step"":7,""updates"":3}","{""initial_value"":1,""rounds"":3}",True,False,False,False,False,22,,False,22,True,invalid_arguments,"STRUCTURE: additive_recurrence
TOOL: iteration
ARGUMENTS: {""initial_value"":1,""rounds"":3}"
test_unseen_00091,100,unseen,The repeated-change process is summarized by c(k) = 14 + (k - 1)(2). Evaluate it at k = 10.,additive_recurrence,recursive_relation,False,substitution,substitution,True,"{""expression"":""14 + (n - 1)*(2)"",""mode"":""evaluate"",""substitutions"":{""n"":10}}","{""expression"":""14 + (k - 1)*(2)"",""mode"":""evaluate"",""substitutions"":{""k"":10}}",True,True,False,False,True,32,32,True,32,True,,"STRUCTURE: recursive_relation
TOOL: substitution
ARGUMENTS: {""expression"":""14 + (k - 1)*(2)"",""mode"":""evaluate"",""substitutions"":{""k"":10}}"
test_unseen_00092,100,unseen,"Knowing only that p + q = 4 and pq = -96, determine p^2 + q^2 by opening (p + q)^2.",symmetric_sum_product,polynomial_identity,False,expansion,expansion,True,"{""mode"":""symmetric_square_sum"",""product"":-96,""sum"":4}","{""expression"":""(a+b)**2"",""mode"":""evaluate"",""substitutions"":{""a"":4,""b"":-96}}",True,True,False,False,True,208,8464,False,208,True,wrong_structure,"STRUCTURE: polynomial_identity
TOOL: expansion
ARGUMENTS: {""expression"":""(a+b)**2"",""mode"":""evaluate"",""substitutions"":{""a"":4,""b"":-96}}"
test_unseen_00093,100,unseen,Split the quadratic t^2 - 20t + 91 into linear factors and report the squared-root sum.,symmetric_sum_product,transformed_expression,False,factorization,factorization,True,"{""mode"":""root_power_sum"",""polynomial"":""t**2 - 20*t + 91"",""power"":2,""variable"":""t""}","{""expression"":""t**2 - 20*t + 91"",""mode"":""evaluate_square_roots"",""substitutions"":{""t"":20}}",True,False,False,False,False,218,,False,218,True,wrong_structure,"STRUCTURE: transformed_expression
TOOL: factorization
ARGUMENTS: {""expression"":""t**2 - 20*t + 91"",""mode"":""evaluate_square_roots"",""substitutions"":{""t"":20}}"
test_unseen_00094,100,unseen,Insert u = -7 into 4u^2 + 7u - 12. What value results?,transformed_expression,polynomial_identity,False,substitution,substitution,True,"{""expression"":""4*t**2 + 7*t - 12"",""mode"":""evaluate"",""substitutions"":{""t"":-7}}","{""expression"":""-7**2 + 7*(-7) - 12"",""mode"":""evaluate"",""substitutions"":{""-7**2"":7,""7*(-7)"":-49}}",True,False,False,False,False,135,,False,135,True,wrong_structure,"STRUCTURE: polynomial_identity
TOOL: substitution
ARGUMENTS: {""expression"":""-7**2 + 7*(-7) - 12"",""mode"":""evaluate"",""substitutions"":{""-7**2"":7,""7*(-7)"":-49}}"
test_unseen_00095,100,unseen,"After multiplying out the two shifted factors (z + -10) and (z + 2), find the result when z is -7.",transformed_expression,transformed_expression,True,expansion,expansion,True,"{""expression"":""(z - 10)*(z + 2)"",""mode"":""evaluate"",""substitutions"":{""z"":-7}}","{""expression"":""(z + -10)*(z + 2)"",""mode"":""evaluate"",""substitutions"":{""z"":-7}}",True,True,False,True,True,85,85,True,85,True,,"STRUCTURE: transformed_expression
TOOL: expansion
ARGUMENTS: {""expression"":""(z + -10)*(z + 2)"",""mode"":""evaluate"",""substitutions"":{""z"":-7}}"
test_unseen_00096,100,unseen,The lines -4x + 4y = -60 and -2x + 5y = -51 intersect. Give their y-coordinate.,two_linear_relations,intersection,False,elimination,linear_solution,False,"{""equations"":[""-4*x + 4*y + 60"",""-2*x + 5*y + 51""],""target"":""y""}","{""equations"":[""-4*x + 4*y + 60"",""-2*x + 5*y + 51""],""substitutions"":{""x"":-30,""y"":27},""target"":""y_coordinates""}",True,False,False,False,False,-7,,False,-7,True,wrong_structure,"STRUCTURE: intersection
TOOL: linear_solution
ARGUMENTS: {""equations"":[""-4*x + 4*y + 60"",""-2*x + 5*y + 51""],""target"":""y_coordinates"",""substitutions"":{""x"":-30,""y"":27}}"
test_unseen_00097,100,unseen,One variable is isolated in y = 4 - 5x; use the other constraint 3x + 5y = -156 to obtain x.,two_linear_relations,two_variables,False,substitution,substitution,True,"{""equations"":[""5*x + y - 4"",""3*x + 5*y + 156""],""mode"":""solve_system"",""target"":""x""}","{""expression"":""y + 5*x"",""mode"":""evaluate"",""substitutions"":{""x"":-1.0,""y"":-1.0}}",True,True,False,False,True,8,-6.00000000000000,False,8,True,wrong_structure,"STRUCTURE: two_variables
TOOL: substitution
ARGUMENTS: {""expression"":""y + 5*x"",""mode"":""evaluate"",""substitutions"":{""x"":-1.0,""y"":-1.0}}"
test_unseen_00098,100,unseen,"Without separately squaring both numbers, find the difference between 75 squared and 6 squared.",polynomial_identity,polynomial_identity,True,factorization,expansion,False,"{""expression"":""u**2 - v**2"",""mode"":""evaluate"",""substitutions"":{""u"":75,""v"":6}}","{""expression"":""(a + b)**2 - a**2"",""mode"":""evaluate"",""substitutions"":{""a"":75,""b"":6}}",True,True,False,False,True,5589,936,False,5589,True,wrong_tool,"STRUCTURE: polynomial_identity
TOOL: expansion
ARGUMENTS: {""expression"":""(a + b)**2 - a**2"",""mode"":""evaluate"",""substitutions"":{""a"":75,""b"":6}}"
test_unseen_00099,100,unseen,What number results from opening the brackets in (26 + 9)(26 + 9)?,polynomial_identity,polynomial_identity,True,expansion,expansion,True,"{""expression"":""(a + b)**2"",""mode"":""evaluate"",""substitutions"":{""a"":26,""b"":9}}","{""expression"":""(a + b)*(a + b)"",""mode"":""evaluate"",""substitutions"":{""a"":26,""b"":9}}",True,True,False,True,True,1225,1225,True,1225,True,,"STRUCTURE: polynomial_identity
TOOL: expansion
ARGUMENTS: {""expression"":""(a + b)*(a + b)"",""mode"":""evaluate"",""substitutions"":{""a"":26,""b"":9}}"
test_unseen_00100,100,unseen,A batch of 10 units has value 6. Find the value of a same-rate batch of 120 units.,equivalent_ratios,equivalent_ratio,False,proportional_scaling,proportional_scaling,True,"{""base_quantity"":10,""base_value"":6,""target_quantity"":120}","{""base_quantity"":10,""target_quantity"":120,""value"":6}",True,False,False,False,False,72,,False,72,True,wrong_structure,"STRUCTURE: equivalent_ratio
TOOL: proportional_scaling
ARGUMENTS: {""base_quantity"":10,""value"":6,""target_quantity"":120}"
test_unseen_00101,100,unseen,Complete the equivalent fractions: 3/10 = 15/[blank].,equivalent_ratios,equivalent_fraction,False,cross_multiplication,division,False,"{""left_den"":10,""left_num"":3,""right_num"":15}","{""equation"":""x/10=15"",""mode"":""solve_equations"",""target"":2.5}",True,False,False,False,False,50,,False,50,True,wrong_structure,"STRUCTURE: equivalent_fraction
TOOL: division
ARGUMENTS: {""equation"":""x/10=15"",""mode"":""solve_equations"",""target"":2.5}"
test_unseen_00102,100,unseen,A machine begins at -3 and applies a change of -1 for 5 rounds. What is its final value?,additive_recurrence,additive_recurrence,True,iteration,iteration,True,"{""start"":-3,""step"":-1,""updates"":5}","{""initial_value"":-3,""repetitions"":5,""step"":-1}",True,False,False,False,False,-8,,False,-8,True,invalid_arguments,"STRUCTURE: additive_recurrence
TOOL: iteration
ARGUMENTS: {""initial_value"":-3,""step"":-1,""repetitions"":5}"
test_unseen_00103,100,unseen,The repeated-change process is summarized by c(k) = 14 + (k - 1)(2). Evaluate it at k = 4.,additive_recurrence,recursive_relation,False,substitution,substitution,True,"{""expression"":""14 + (n - 1)*(2)"",""mode"":""evaluate"",""substitutions"":{""n"":4}}","{""expression"":""14 + (k - 1)*(2)"",""mode"":""evaluate"",""substitutions"":{""k"":4}}",True,True,False,False,True,20,20,True,20,True,,"STRUCTURE: recursive_relation
TOOL: substitution
ARGUMENTS: {""expression"":""14 + (k - 1)*(2)"",""mode"":""evaluate"",""substitutions"":{""k"":4}}"
test_unseen_00104,100,unseen,"Knowing only that p + q = 5 and pq = 4, determine p^2 + q^2 by opening (p + q)^2.",symmetric_sum_product,polynomial_identity,False,expansion,expansion,True,"{""mode"":""symmetric_square_sum"",""product"":4,""sum"":5}","{""expression"":""(a+b)**2"",""mode"":""evaluate"",""substitutions"":{""a"":5,""b"":4}}",True,True,False,False,True,17,81,False,17,True,wrong_structure,"STRUCTURE: polynomial_identity
TOOL: expansion
ARGUMENTS: {""expression"":""(a+b)**2"",""mode"":""evaluate"",""substitutions"":{""a"":5,""b"":4}}"
test_unseen_00105,100,unseen,Split the quadratic t^2 - 4t - 21 into linear factors and report the squared-root sum.,symmetric_sum_product,transformed_equation,False,factorization,factorization,True,"{""mode"":""root_power_sum"",""polynomial"":""t**2 - 4*t - 21"",""power"":2,""variable"":""t""}","{""equation"":""t**2 - 4*t - 21"",""mode"":""simplify"",""target"":""sqrt(35)*t + sqrt(-86)/3""}",True,False,False,False,False,58,,False,58,True,wrong_structure,"STRUCTURE: transformed_equation
TOOL: factorization
ARGUMENTS: {""equation"":""t**2 - 4*t - 21"",""mode"":""simplify"",""target"":""sqrt(35)*t + sqrt(-86)/3""}"
test_unseen_00106,100,unseen,Insert u = -4 into 4u^2 - 8u - 2. What value results?,transformed_expression,polynomial_identity,False,substitution,substitution,True,"{""expression"":""4*t**2 - 8*t - 2"",""mode"":""evaluate"",""substitutions"":{""t"":-4}}","{""expression"":""-4**2 + 8*(-4) - 2"",""mode"":""evaluate"",""substitutions"":{""-4**2+8*(-4)-2"":4}}",True,False,False,False,False,94,,False,94,True,wrong_structure,"STRUCTURE: polynomial_identity
TOOL: substitution
ARGUMENTS: {""expression"":""-4**2 + 8*(-4) - 2"",""mode"":""evaluate"",""substitutions"":{""-4**2+8*(-4)-2"":4}}"
test_unseen_00107,100,unseen,"After multiplying out the two shifted factors (z + 3) and (z + -10), find the result when z is 4.",transformed_expression,transformed_expression,True,expansion,expansion,True,"{""expression"":""(z - 10)*(z + 3)"",""mode"":""evaluate"",""substitutions"":{""z"":4}}","{""expression"":""(z + 3)*(z - 10)"",""mode"":""evaluate"",""substitutions"":{""z"":4}}",True,True,False,True,True,-42,-42,True,-42,True,,"STRUCTURE: transformed_expression
TOOL: expansion
ARGUMENTS: {""expression"":""(z + 3)*(z - 10)"",""mode"":""evaluate"",""substitutions"":{""z"":4}}"
test_unseen_00108,100,unseen,The lines -3x - 5y = -30 and x - 2y = -1 intersect. Give their x-coordinate.,two_linear_relations,intersection_line,False,elimination,substitution,False,"{""equations"":[""-3*x - 5*y + 30"",""x - 2*y + 1""],""target"":""x""}","{""equations"":[""-3*x - 5*y + 30"",""x - 2*y + 1""],[""target"":""x""],""solution"":""4""}",False,False,False,False,False,5,,False,5,True,wrong_structure,"STRUCTURE: intersection_line
TOOL: substitution
ARGUMENTS: {""equations"":[""-3*x - 5*y + 30"",""x - 2*y + 1""],[""target"":""x""],""solution"":""4""}"
test_unseen_00109,100,unseen,One variable is isolated in y = 5x + 2; use the other constraint 2x + y = -19 to obtain y.,two_linear_relations,two_linear_constraints,False,substitution,substitution,True,"{""equations"":[""-5*x + y - 2"",""2*x + y + 19""],""mode"":""solve_system"",""target"":""y""}","{""equations"":[""-2*x + y + 19"",""5*x + 2""],""mode"":""solve_system"",""target"":""y""}",True,True,False,False,True,-13,-99/5,False,-13,True,wrong_structure,"STRUCTURE: two_linear_constraints
TOOL: substitution
ARGUMENTS: {""equations"":[""-2*x + y + 19"",""5*x + 2""],""mode"":""solve_system"",""target"":""y""}"
test_unseen_00110,100,unseen,"Without separately squaring both numbers, find the difference between 80 squared and 23 squared.",polynomial_identity,polynomial_identity,True,factorization,expansion,False,"{""expression"":""u**2 - v**2"",""mode"":""evaluate"",""substitutions"":{""u"":80,""v"":23}}","{""expression"":""(a + b)**2 - (a - b)**2"",""mode"":""evaluate"",""substitutions"":{""a"":80,""b"":23}}",True,True,False,False,True,5871,7360,False,5871,True,wrong_tool,"STRUCTURE: polynomial_identity
TOOL: expansion
ARGUMENTS: {""expression"":""(a + b)**2 - (a - b)**2"",""mode"":""evaluate"",""substitutions"":{""a"":80,""b"":23}}"
test_unseen_00111,100,unseen,What number results from opening the brackets in (4 + 27)(4 + 27)?,polynomial_identity,polynomial_identity,True,expansion,expansion,True,"{""expression"":""(a + b)**2"",""mode"":""evaluate"",""substitutions"":{""a"":4,""b"":27}}","{""expression"":""(a + b)*(a + b)"",""mode"":""evaluate"",""substitutions"":{""a"":4,""b"":27}}",True,True,False,True,True,961,961,True,961,True,,"STRUCTURE: polynomial_identity
TOOL: expansion
ARGUMENTS: {""expression"":""(a + b)*(a + b)"",""mode"":""evaluate"",""substitutions"":{""a"":4,""b"":27}}"
test_unseen_00112,100,unseen,A batch of 9 units has value 22. Find the value of a same-rate batch of 63 units.,equivalent_ratios,equivalent_ratio,False,proportional_scaling,proportional_scaling,True,"{""base_quantity"":9,""base_value"":22,""target_quantity"":63}","{""base_quantity"":9,""target_quantity"":63,""value"":22}",True,False,False,False,False,154,,False,154,True,wrong_structure,"STRUCTURE: equivalent_ratio
TOOL: proportional_scaling
ARGUMENTS: {""base_quantity"":9,""value"":22,""target_quantity"":63}"
test_unseen_00113,100,unseen,Complete the equivalent fractions: 10/10 = 100/[blank].,equivalent_ratios,equivalent_fraction,False,cross_multiplication,division,False,"{""left_den"":10,""left_num"":10,""right_num"":100}","{""expression"":""a/b"",""substitutions"":{""a"":10,""b"":100}}",True,False,False,False,False,100,,False,100,True,wrong_structure,"STRUCTURE: equivalent_fraction
TOOL: division
ARGUMENTS: {""expression"":""a/b"",""substitutions"":{""a"":10,""b"":100}}"
test_unseen_00114,100,unseen,A machine begins at 17 and applies a change of 3 for 4 rounds. What is its final value?,additive_recurrence,additive_recurrence,True,iteration,linear_exponentiation,False,"{""start"":17,""step"":3,""updates"":4}","{""base"":2,""exponent"":4}",True,False,False,False,False,29,,False,29,True,wrong_tool,"STRUCTURE: additive_recurrence
TOOL: linear_exponentiation
ARGUMENTS: {""base"":2,""exponent"":4}"
test_unseen_00115,100,unseen,The repeated-change process is summarized by c(k) = -18 + (k - 1)(7). Evaluate it at k = 15.,additive_recurrence,additive_recurrence,True,substitution,substitution,True,"{""expression"":""-18 + (n - 1)*(7)"",""mode"":""evaluate"",""substitutions"":{""n"":15}}","{""expression"":""-18 + (k - 1)*(7)"",""mode"":""evaluate"",""substitutions"":{""k"":15}}",True,True,False,False,True,80,80,True,80,True,,"STRUCTURE: additive_recurrence
TOOL: substitution
ARGUMENTS: {""expression"":""-18 + (k - 1)*(7)"",""mode"":""evaluate"",""substitutions"":{""k"":15}}"
test_unseen_00116,100,unseen,"Knowing only that p + q = 7 and pq = 0, determine p^2 + q^2 by opening (p + q)^2.",symmetric_sum_product,polynomial_identity,False,expansion,expansion,True,"{""mode"":""symmetric_square_sum"",""product"":0,""sum"":7}","{""expression"":""(a+b)**2"",""mode"":""evaluate"",""substitutions"":{""a"":7,""b"":0}}",True,True,False,False,True,49,49,True,49,True,,"STRUCTURE: polynomial_identity
TOOL: expansion
ARGUMENTS: {""expression"":""(a+b)**2"",""mode"":""evaluate"",""substitutions"":{""a"":7,""b"":0}}"
test_unseen_00117,100,unseen,Split the quadratic t^2 - 10t + 24 into linear factors and report the squared-root sum.,symmetric_sum_product,transformed_expression,False,factorization,factorization,True,"{""mode"":""root_power_sum"",""polynomial"":""t**2 - 10*t + 24"",""power"":2,""variable"":""t""}","{""expression"":""t**2 - 10*t + 24"",""mode"":""evaluate_square_roots"",""target_sum"":3}",True,False,False,False,False,52,,False,52,True,wrong_structure,"STRUCTURE: transformed_expression
TOOL: factorization
ARGUMENTS: {""expression"":""t**2 - 10*t + 24"",""mode"":""evaluate_square_roots"",""target_sum"":3}"
test_unseen_00118,100,unseen,Insert u = -4 into -4u^2 - 3. What value results?,transformed_expression,polynomial_identity,False,substitution,substitution,True,"{""expression"":""-4*t**2 - 3"",""mode"":""evaluate"",""substitutions"":{""t"":-4}}","{""expression"":""-4*u**2 - 3"",""mode"":""evaluate"",""substitutions"":{""u"":-4}}",True,True,False,False,True,-67,-67,True,-67,True,,"STRUCTURE: polynomial_identity
TOOL: substitution
ARGUMENTS: {""expression"":""-4*u**2 - 3"",""mode"":""evaluate"",""substitutions"":{""u"":-4}}"
test_unseen_00119,100,unseen,"After multiplying out the two shifted factors (z + -1) and (z + 8), find the result when z is 2.",transformed_expression,transformed_expression,True,expansion,expansion,True,"{""expression"":""(z - 1)*(z + 8)"",""mode"":""evaluate"",""substitutions"":{""z"":2}}","{""expression"":""(z + -1)*(z + 8)"",""mode"":""evaluate"",""substitutions"":{""z"":2}}",True,True,False,True,True,10,10,True,10,True,,"STRUCTURE: transformed_expression
TOOL: expansion
ARGUMENTS: {""expression"":""(z + -1)*(z + 8)"",""mode"":""evaluate"",""substitutions"":{""z"":2}}"
test_seen_00000,200,seen,Solve the simultaneous relations -4x + 2y = 32 and 4x + 2y = -32. Find x.,two_linear_relations,two_linear_relations,True,elimination,elimination,True,"{""equations"":[""-4*x + 2*y - 32"",""4*x + 2*y + 32""],""target"":""x""}","{""equations"":[""-4*x + 2*y - 32"",""4*x + 2*y + 32""],""target"":""x""}",True,True,True,True,True,-8,-8,True,-8,True,,"STRUCTURE: two_linear_relations
TOOL: elimination
ARGUMENTS: {""equations"":[""-4*x + 2*y - 32"",""4*x + 2*y + 32""],""target"":""x""}"
test_seen_00001,200,seen,"Given y = 2x + 3, insert it into 5x + 4y = 103 and find y.",two_linear_relations,two_linear_relations,True,substitution,substitution,True,"{""equations"":[""-2*x + y - 3"",""5*x + 4*y - 103""],""mode"":""solve_system"",""target"":""y""}","{""equations"":[""-2*x + 3*y - 3"",""5*x + 4*y - 103""],""mode"":""solve_system"",""target"":""y""}",True,True,False,False,True,17,221/23,False,17,True,valid_but_wrong_arguments,"STRUCTURE: two_linear_relations
TOOL: substitution
ARGUMENTS: {""equations"":[""-2*x + 3*y - 3"",""5*x + 4*y - 103""],""mode"":""solve_system"",""target"":""y""}"
test_seen_00002,200,seen,Use the product pattern for a difference of squares to compute 39^2 - 27^2.,polynomial_identity,polynomial_identity,True,factorization,factorization,True,"{""expression"":""u**2 - v**2"",""mode"":""evaluate"",""substitutions"":{""u"":39,""v"":27}}","{""expression"":""u**2 - v**2"",""mode"":""evaluate"",""substitutions"":{""u"":39,""v"":27}}",True,True,True,True,True,792,792,True,792,True,,"STRUCTURE: polynomial_identity
TOOL: factorization
ARGUMENTS: {""expression"":""u**2 - v**2"",""mode"":""evaluate"",""substitutions"":{""u"":39,""v"":27}}"
test_seen_00003,200,seen,Expand the square and evaluate (5 + 8)^2.,polynomial_identity,polynomial_identity,True,expansion,expansion,True,"{""expression"":""(a + b)**2"",""mode"":""evaluate"",""substitutions"":{""a"":5,""b"":8}}","{""expression"":""(a + b)**2"",""mode"":""evaluate"",""substitutions"":{""a"":5,""b"":8}}",True,True,True,True,True,169,169,True,169,True,,"STRUCTURE: polynomial_identity
TOOL: expansion
ARGUMENTS: {""expression"":""(a + b)**2"",""mode"":""evaluate"",""substitutions"":{""a"":5,""b"":8}}"
test_seen_00004,200,seen,"At a fixed rate, 8 items cost 6 dollars. What do 24 items cost?",equivalent_ratios,equivalent_ratios,True,proportional_scaling,proportional_scaling,True,"{""base_quantity"":8,""base_value"":6,""target_quantity"":24}","{""base_quantity"":8,""base_value"":6,""target_quantity"":24}",True,True,True,True,True,18,18,True,18,True,,"STRUCTURE: equivalent_ratios
TOOL: proportional_scaling
ARGUMENTS: {""base_quantity"":8,""base_value"":6,""target_quantity"":24}"
test_seen_00005,200,seen,Solve the proportion 4/18 = 12/x for x.,equivalent_ratios,equivalent_ratios,True,cross_multiplication,cross_multiplication,True,"{""left_den"":18,""left_num"":4,""right_num"":12}","{""left_den"":18,""left_num"":4,""right_num"":12}",True,True,True,True,True,54,54,True,54,True,,"STRUCTURE: equivalent_ratios
TOOL: cross_multiplication
ARGUMENTS: {""left_den"":18,""left_num"":4,""right_num"":12}"
test_seen_00006,200,seen,A sequence starts at 11 and changes by -5 each term. Iterate to find term 15.,additive_recurrence,additive_recurrence,True,iteration,iteration,True,"{""start"":11,""step"":-5,""updates"":14}","{""start"":11,""step"":-5,""updates"":4}",True,True,False,False,True,-59,-9,False,-59,True,valid_but_wrong_arguments,"STRUCTURE: additive_recurrence
TOOL: iteration
ARGUMENTS: {""start"":11,""step"":-5,""updates"":4}"
test_seen_00007,200,seen,An arithmetic sequence has formula a(n) = 4 + (n - 1)(8). Substitute n = 7.,additive_recurrence,additive_recurrence,True,substitution,substitution,True,"{""expression"":""4 + (n - 1)*(8)"",""mode"":""evaluate"",""substitutions"":{""n"":7}}","{""expression"":""4 + (n - 1)*(8)"",""mode"":""evaluate"",""substitutions"":{""n"":7}}",True,True,True,True,True,52,52,True,52,True,,"STRUCTURE: additive_recurrence
TOOL: substitution
ARGUMENTS: {""expression"":""4 + (n - 1)*(8)"",""mode"":""evaluate"",""substitutions"":{""n"":7}}"
test_seen_00008,200,seen,"If x + y = -7 and xy = -30, use a square expansion to find x^2 + y^2.",symmetric_sum_product,symmetric_sum_product,True,expansion,expansion,True,"{""mode"":""symmetric_square_sum"",""product"":-30,""sum"":-7}","{""mode"":""symmetric_square_sum"",""product"":-30,""sum"":-7}",True,True,True,True,True,109,109,True,109,True,,"STRUCTURE: symmetric_sum_product
TOOL: expansion
ARGUMENTS: {""mode"":""symmetric_square_sum"",""product"":-30,""sum"":-7}"
test_seen_00009,200,seen,"Factor t^2 + 16t + 39 = 0 to obtain its two roots, then give the sum of their squares.",symmetric_sum_product,symmetric_sum_product,True,factorization,factorization,True,"{""mode"":""root_power_sum"",""polynomial"":""t**2 + 16*t + 39"",""power"":2,""variable"":""t""}","{""mode"":""root_power_sum"",""polynomial"":""t**2 + 16*t + 39"",""power"":2,""variable"":""t""}",True,True,True,True,True,178,178,True,178,True,,"STRUCTURE: symmetric_sum_product
TOOL: factorization
ARGUMENTS: {""mode"":""root_power_sum"",""polynomial"":""t**2 + 16*t + 39"",""power"":2,""variable"":""t""}"
test_seen_00010,200,seen,"For f(t) = -5t^2 - 7t - 7, substitute t = -7 and find f(-7).",transformed_expression,transformed_expression,True,substitution,substitution,True,"{""expression"":""-5*t**2 - 7*t - 7"",""mode"":""evaluate"",""substitutions"":{""t"":-7}}","{""expression"":""-5*t**2 - 7*t - 7"",""mode"":""evaluate"",""substitutions"":{""t"":-7}}",True,True,True,True,True,-203,-203,True,-203,True,,"STRUCTURE: transformed_expression
TOOL: substitution
ARGUMENTS: {""expression"":""-5*t**2 - 7*t - 7"",""mode"":""evaluate"",""substitutions"":{""t"":-7}}"
test_seen_00011,200,seen,Expand (x + -5)(x + -1) and evaluate it at x = -3.,transformed_expression,transformed_expression,True,expansion,expansion,True,"{""expression"":""(x - 5)*(x - 1)"",""mode"":""evaluate"",""substitutions"":{""x"":-3}}","{""expression"":""(x - 5)*(x - 1)"",""mode"":""evaluate"",""substitutions"":{""x"":-3}}",True,True,True,True,True,32,32,True,32,True,,"STRUCTURE: transformed_expression
TOOL: expansion
ARGUMENTS: {""expression"":""(x - 5)*(x - 1)"",""mode"":""evaluate"",""substitutions"":{""x"":-3}}"
test_seen_00012,200,seen,Two linear constraints hold: 4x + 5y = -2; 5x + 5y = 5. Determine x.,two_linear_relations,two_linear_relations,True,elimination,elimination,True,"{""equations"":[""4*x + 5*y + 2"",""5*x + 5*y - 5""],""target"":""x""}","{""equations"":[""4*x + 5*y + 2"",""5*x + 5*y - 5""],""target"":""x""}",True,True,True,True,True,7,7,True,7,True,,"STRUCTURE: two_linear_relations
TOOL: elimination
ARGUMENTS: {""equations"":[""4*x + 5*y + 2"",""5*x + 5*y - 5""],""target"":""x""}"
test_seen_00013,200,seen,The linked relations are y = 5x + 6 and x + y = -30. What is y?,two_linear_relations,two_linear_relations,True,substitution,substitution,True,"{""equations"":[""-5*x + y - 6"",""x + y + 30""],""mode"":""solve_system"",""target"":""y""}","{""equations"":[""-x + y + 6"",""x + y + 30""],""mode"":""solve_system"",""target"":""y""}",True,True,False,False,True,-24,-18,False,-24,True,valid_but_wrong_arguments,"STRUCTURE: two_linear_relations
TOOL: substitution
ARGUMENTS: {""equations"":[""-x + y + 6"",""x + y + 30""],""mode"":""solve_system"",""target"":""y""}"
test_seen_00014,200,seen,Evaluate 29^2 - 12^2 by rewriting it as a product.,polynomial_identity,polynomial_identity,True,factorization,factorization,True,"{""expression"":""u**2 - v**2"",""mode"":""evaluate"",""substitutions"":{""u"":29,""v"":12}}","{""expression"":""u**2 - v**2"",""mode"":""evaluate"",""substitutions"":{""u"":29,""v"":12}}",True,True,True,True,True,697,697,True,697,True,,"STRUCTURE: polynomial_identity
TOOL: factorization
ARGUMENTS: {""expression"":""u**2 - v**2"",""mode"":""evaluate"",""substitutions"":{""u"":29,""v"":12}}"
test_seen_00015,200,seen,Use the binomial-square identity to compute (7 + 22)^2.,polynomial_identity,polynomial_identity,True,expansion,expansion,True,"{""expression"":""(a + b)**2"",""mode"":""evaluate"",""substitutions"":{""a"":7,""b"":22}}","{""expression"":""(a + b)**2"",""mode"":""evaluate"",""substitutions"":{""a"":7,""b"":22}}",True,True,True,True,True,841,841,True,841,True,,"STRUCTURE: polynomial_identity
TOOL: expansion
ARGUMENTS: {""expression"":""(a + b)**2"",""mode"":""evaluate"",""substitutions"":{""a"":7,""b"":22}}"
test_seen_00016,200,seen,Scale the ratio 11:10 to 22:x. Find x.,equivalent_ratios,equivalent_ratios,True,proportional_scaling,proportional_scaling,True,"{""base_quantity"":11,""base_value"":10,""target_quantity"":22}","{""base_quantity"":11,""base_value"":10,""target_quantity"":22}",True,True,True,True,True,20,20,True,20,True,,"STRUCTURE: equivalent_ratios
TOOL: proportional_scaling
ARGUMENTS: {""base_quantity"":11,""base_value"":10,""target_quantity"":22}"
test_seen_00017,200,seen,Cross-multiply 13:7 = 91:x and determine x.,equivalent_ratios,equivalent_ratios,True,cross_multiplication,cross_multiplication,True,"{""left_den"":7,""left_num"":13,""right_num"":91}","{""left_den"":7,""left_num"":13,""right_num"":91}",True,True,True,True,True,49,49,True,49,True,,"STRUCTURE: equivalent_ratios
TOOL: cross_multiplication
ARGUMENTS: {""left_den"":7,""left_num"":13,""right_num"":91}"
test_seen_00018,200,seen,"Given a1 = 18 and a(n+1) = a(n) - 7, find a11.",additive_recurrence,additive_recurrence,True,iteration,iteration,True,"{""start"":18,""step"":-7,""updates"":10}","{""start"":18,""step"":-7,""updates"":9}",True,True,False,False,True,-52,-45,False,-52,True,valid_but_wrong_arguments,"STRUCTURE: additive_recurrence
TOOL: iteration
ARGUMENTS: {""start"":18,""step"":-7,""updates"":9}"
test_seen_00019,200,seen,Use the closed form b(n) = -13 + (n - 1)(1) to find b(10).,additive_recurrence,additive_recurrence,True,substitution,substitution,True,"{""expression"":""-13 + (n - 1)*(1)"",""mode"":""evaluate"",""substitutions"":{""n"":10}}","{""expression"":""-13 + (n - 1)*(1)"",""mode"":""evaluate"",""substitutions"":{""n"":10}}",True,True,True,True,True,-4,-4,True,-4,True,,"STRUCTURE: additive_recurrence
TOOL: substitution
ARGUMENTS: {""expression"":""-13 + (n - 1)*(1)"",""mode"":""evaluate"",""substitutions"":{""n"":10}}"
test_seen_00020,200,seen,Two numbers have sum 22 and product 117. Compute the sum of their squares from the symmetric identity.,symmetric_sum_product,symmetric_sum_product,True,expansion,expansion,True,"{""mode"":""symmetric_square_sum"",""product"":117,""sum"":22}","{""mode"":""symmetric_square_sum"",""product"":117,""sum"":22}",True,True,True,True,True,250,250,True,250,True,,"STRUCTURE: symmetric_sum_product
TOOL: expansion
ARGUMENTS: {""mode"":""symmetric_square_sum"",""product"":117,""sum"":22}"
test_seen_00021,200,seen,The roots of t^2 - 23t + 120 = 0 are r and s. Find r^2 + s^2 by factoring the quadratic.,symmetric_sum_product,symmetric_sum_product,True,factorization,factorization,True,"{""mode"":""root_power_sum"",""polynomial"":""t**2 - 23*t + 120"",""power"":2,""variable"":""t""}","{""mode"":""root_power_sum"",""polynomial"":""t**2 - 23*t + 120"",""power"":2,""variable"":""t""}",True,True,True,True,True,289,289,True,289,True,,"STRUCTURE: symmetric_sum_product
TOOL: factorization
ARGUMENTS: {""mode"":""root_power_sum"",""polynomial"":""t**2 - 23*t + 120"",""power"":2,""variable"":""t""}"
test_seen_00022,200,seen,Evaluate the transformed expression z^2 + 5z - 11 at z = 0.,transformed_expression,transformed_expression,True,substitution,substitution,True,"{""expression"":""t**2 + 5*t - 11"",""mode"":""evaluate"",""substitutions"":{""t"":0}}","{""expression"":""t**2 + 5*t - 11"",""mode"":""evaluate"",""substitutions"":{""t"":0}}",True,True,True,True,True,-11,-11,True,-11,True,,"STRUCTURE: transformed_expression
TOOL: substitution
ARGUMENTS: {""expression"":""t**2 + 5*t - 11"",""mode"":""evaluate"",""substitutions"":{""t"":0}}"
test_seen_00023,200,seen,"Open the product (x + 3)(x + 9), then set x = 5.",transformed_expression,transformed_expression,True,expansion,expansion,True,"{""expression"":""(x + 3)*(x + 9)"",""mode"":""evaluate"",""substitutions"":{""x"":5}}","{""expression"":""(x + 3)*(x + 9)"",""mode"":""evaluate"",""substitutions"":{""x"":5}}",True,True,True,True,True,112,112,True,112,True,,"STRUCTURE: transformed_expression
TOOL: expansion
ARGUMENTS: {""expression"":""(x + 3)*(x + 9)"",""mode"":""evaluate"",""substitutions"":{""x"":5}}"
test_seen_00024,200,seen,Solve the simultaneous relations 5x - 4y = 30 and 5x - 3y = 25. Find y.,two_linear_relations,two_linear_relations,True,elimination,elimination,True,"{""equations"":[""5*x - 4*y - 30"",""5*x - 3*y - 25""],""target"":""y""}","{""equations"":[""5*x - 4*y - 30"",""5*x - 3*y - 25""],""target"":""y""}",True,True,True,True,True,-5,-5,True,-5,True,,"STRUCTURE: two_linear_relations
TOOL: elimination
ARGUMENTS: {""equations"":[""5*x - 4*y - 30"",""5*x - 3*y - 25""],""target"":""y""}"
test_seen_00025,200,seen,"Given y = 4x + 5, insert it into 3x + 5y = -113 and find x.",two_linear_relations,two_linear_relations,True,substitution,substitution,True,"{""equations"":[""-4*x + y - 5"",""3*x + 5*y + 113""],""mode"":""solve_system"",""target"":""x""}","{""equations"":[""-4*x + y - 5"",""3*x + 5*y + 113""],""mode"":""solve_system"",""target"":""x""}",True,True,True,True,True,-6,-6,True,-6,True,,"STRUCTURE: two_linear_relations
TOOL: substitution
ARGUMENTS: {""equations"":[""-4*x + y - 5"",""3*x + 5*y + 113""],""mode"":""solve_system"",""target"":""x""}"
test_seen_00026,200,seen,Use the product pattern for a difference of squares to compute 12^2 - 11^2.,polynomial_identity,polynomial_identity,True,factorization,factorization,True,"{""expression"":""u**2 - v**2"",""mode"":""evaluate"",""substitutions"":{""u"":12,""v"":11}}","{""expression"":""u**2 - v**2"",""mode"":""evaluate"",""substitutions"":{""u"":12,""v"":11}}",True,True,True,True,True,23,23,True,23,True,,"STRUCTURE: polynomial_identity
TOOL: factorization
ARGUMENTS: {""expression"":""u**2 - v**2"",""mode"":""evaluate"",""substitutions"":{""u"":12,""v"":11}}"
test_seen_00027,200,seen,Expand the square and evaluate (8 + 9)^2.,polynomial_identity,polynomial_identity,True,expansion,expansion,True,"{""expression"":""(a + b)**2"",""mode"":""evaluate"",""substitutions"":{""a"":8,""b"":9}}","{""expression"":""(a + b)**2"",""mode"":""evaluate"",""substitutions"":{""a"":8,""b"":9}}",True,True,True,True,True,289,289,True,289,True,,"STRUCTURE: polynomial_identity
TOOL: expansion
ARGUMENTS: {""expression"":""(a + b)**2"",""mode"":""evaluate"",""substitutions"":{""a"":8,""b"":9}}"
test_seen_00028,200,seen,"At a fixed rate, 13 items cost 2 dollars. What do 52 items cost?",equivalent_ratios,equivalent_ratios,True,proportional_scaling,proportional_scaling,True,"{""base_quantity"":13,""base_value"":2,""target_quantity"":52}","{""base_quantity"":13,""base_value"":2,""target_quantity"":52}",True,True,True,True,True,8,8,True,8,True,,"STRUCTURE: equivalent_ratios
TOOL: proportional_scaling
ARGUMENTS: {""base_quantity"":13,""base_value"":2,""target_quantity"":52}"
test_seen_00029,200,seen,Solve the proportion 3/19 = 21/x for x.,equivalent_ratios,equivalent_ratios,True,cross_multiplication,cross_multiplication,True,"{""left_den"":19,""left_num"":3,""right_num"":21}","{""left_den"":19,""left_num"":3,""right_num"":21}",True,True,True,True,True,133,133,True,133,True,,"STRUCTURE: equivalent_ratios
TOOL: cross_multiplication
ARGUMENTS: {""left_den"":19,""left_num"":3,""right_num"":21}"
test_seen_00030,200,seen,A sequence starts at 11 and changes by -1 each term. Iterate to find term 15.,additive_recurrence,additive_recurrence,True,iteration,iteration,True,"{""start"":11,""step"":-1,""updates"":14}","{""start"":11,""step"":-1,""updates"":14}",True,True,True,True,True,-3,-3,True,-3,True,,"STRUCTURE: additive_recurrence
TOOL: iteration
ARGUMENTS: {""start"":11,""step"":-1,""updates"":14}"
test_seen_00031,200,seen,An arithmetic sequence has formula a(n) = 9 + (n - 1)(2). Substitute n = 9.,additive_recurrence,additive_recurrence,True,substitution,substitution,True,"{""expression"":""9 + (n - 1)*(2)"",""mode"":""evaluate"",""substitutions"":{""n"":9}}","{""expression"":""9 + (n - 1)*(2)"",""mode"":""evaluate"",""substitutions"":{""n"":9}}",True,True,True,True,True,25,25,True,25,True,,"STRUCTURE: additive_recurrence
TOOL: substitution
ARGUMENTS: {""expression"":""9 + (n - 1)*(2)"",""mode"":""evaluate"",""substitutions"":{""n"":9}}"
test_seen_00032,200,seen,"If x + y = -6 and xy = -91, use a square expansion to find x^2 + y^2.",symmetric_sum_product,symmetric_sum_product,True,expansion,expansion,True,"{""mode"":""symmetric_square_sum"",""product"":-91,""sum"":-6}","{""mode"":""symmetric_square_sum"",""product"":-91,""sum"":-6}",True,True,True,True,True,218,218,True,218,True,,"STRUCTURE: symmetric_sum_product
TOOL: expansion
ARGUMENTS: {""mode"":""symmetric_square_sum"",""product"":-91,""sum"":-6}"
test_seen_00033,200,seen,"Factor t^2 + 27t + 182 = 0 to obtain its two roots, then give the sum of their squares.",symmetric_sum_product,symmetric_sum_product,True,factorization,factorization,True,"{""mode"":""root_power_sum"",""polynomial"":""t**2 + 27*t + 182"",""power"":2,""variable"":""t""}","{""mode"":""root_power_sum"",""polynomial"":""t**2 + 27*t + 182"",""power"":2,""variable"":""t""}",True,True,True,True,True,365,365,True,365,True,,"STRUCTURE: symmetric_sum_product
TOOL: factorization
ARGUMENTS: {""mode"":""root_power_sum"",""polynomial"":""t**2 + 27*t + 182"",""power"":2,""variable"":""t""}"
test_seen_00034,200,seen,"For f(t) = -2t^2 + 4t - 6, substitute t = 3 and find f(3).",transformed_expression,transformed_expression,True,substitution,substitution,True,"{""expression"":""-2*t**2 + 4*t - 6"",""mode"":""evaluate"",""substitutions"":{""t"":3}}","{""expression"":""-2*t**2 + 4*t - 6"",""mode"":""evaluate"",""substitutions"":{""t"":3}}",True,True,True,True,True,-12,-12,True,-12,True,,"STRUCTURE: transformed_expression
TOOL: substitution
ARGUMENTS: {""expression"":""-2*t**2 + 4*t - 6"",""mode"":""evaluate"",""substitutions"":{""t"":3}}"
test_seen_00035,200,seen,Expand (z + 8)(z + 2) and evaluate it at z = -3.,transformed_expression,transformed_expression,True,expansion,expansion,True,"{""expression"":""(z + 2)*(z + 8)"",""mode"":""evaluate"",""substitutions"":{""z"":-3}}","{""expression"":""(z + 2)*(z + 8)"",""mode"":""evaluate"",""substitutions"":{""z"":-3}}",True,True,True,True,True,-5,-5,True,-5,True,,"STRUCTURE: transformed_expression
TOOL: expansion
ARGUMENTS: {""expression"":""(z + 2)*(z + 8)"",""mode"":""evaluate"",""substitutions"":{""z"":-3}}"
test_seen_00036,200,seen,Two linear constraints hold: -3x + 3y = -15; -3x - 2y = -35. Determine x.,two_linear_relations,two_linear_relations,True,elimination,elimination,True,"{""equations"":[""-3*x + 3*y + 15"",""-3*x - 2*y + 35""],""target"":""x""}","{""equations"":[""-3*x + 3*y + 15"",""-3*x - 2*y - 35""],""target"":""x""}",True,True,False,False,True,9,-5,False,9,True,valid_but_wrong_arguments,"STRUCTURE: two_linear_relations
TOOL: elimination
ARGUMENTS: {""equations"":[""-3*x + 3*y + 15"",""-3*x - 2*y - 35""],""target"":""x""}"
test_seen_00037,200,seen,The linked relations are y = -x - 1 and x - 2y = -4. What is x?,two_linear_relations,two_linear_relations,True,substitution,substitution,True,"{""equations"":[""x + y + 1"",""x - 2*y + 4""],""mode"":""solve_system"",""target"":""x""}","{""equations"":[""-x + y + 1"",""x - 2*y + 4""],""mode"":""solve_system"",""target"":""x""}",True,True,False,False,True,-2,6,False,-2,True,valid_but_wrong_arguments,"STRUCTURE: two_linear_relations
TOOL: substitution
ARGUMENTS: {""equations"":[""-x + y + 1"",""x - 2*y + 4""],""mode"":""solve_system"",""target"":""x""}"
test_seen_00038,200,seen,Evaluate 79^2 - 26^2 by rewriting it as a product.,polynomial_identity,polynomial_identity,True,factorization,factorization,True,"{""expression"":""u**2 - v**2"",""mode"":""evaluate"",""substitutions"":{""u"":79,""v"":26}}","{""expression"":""u**2 - v**2"",""mode"":""evaluate"",""substitutions"":{""u"":79,""v"":26}}",True,True,True,True,True,5565,5565,True,5565,True,,"STRUCTURE: polynomial_identity
TOOL: factorization
ARGUMENTS: {""expression"":""u**2 - v**2"",""mode"":""evaluate"",""substitutions"":{""u"":79,""v"":26}}"
test_seen_00039,200,seen,Use the binomial-square identity to compute (26 + 16)^2.,polynomial_identity,polynomial_identity,True,expansion,expansion,True,"{""expression"":""(a + b)**2"",""mode"":""evaluate"",""substitutions"":{""a"":26,""b"":16}}","{""expression"":""(a + b)**2"",""mode"":""evaluate"",""substitutions"":{""a"":26,""b"":16}}",True,True,True,True,True,1764,1764,True,1764,True,,"STRUCTURE: polynomial_identity
TOOL: expansion
ARGUMENTS: {""expression"":""(a + b)**2"",""mode"":""evaluate"",""substitutions"":{""a"":26,""b"":16}}"
test_seen_00040,200,seen,Scale the ratio 9:18 to 18:x. Find x.,equivalent_ratios,equivalent_ratios,True,proportional_scaling,proportional_scaling,True,"{""base_quantity"":9,""base_value"":18,""target_quantity"":18}","{""base_quantity"":9,""base_value"":18,""target_quantity"":18}",True,True,True,True,True,36,36,True,36,True,,"STRUCTURE: equivalent_ratios
TOOL: proportional_scaling
ARGUMENTS: {""base_quantity"":9,""base_value"":18,""target_quantity"":18}"
test_seen_00041,200,seen,Cross-multiply 3:2 = 6:x and determine x.,equivalent_ratios,equivalent_ratios,True,cross_multiplication,cross_multiplication,True,"{""left_den"":2,""left_num"":3,""right_num"":6}","{""left_den"":2,""left_num"":3,""right_num"":6}",True,True,True,True,True,4,4,True,4,True,,"STRUCTURE: equivalent_ratios
TOOL: cross_multiplication
ARGUMENTS: {""left_den"":2,""left_num"":3,""right_num"":6}"
test_seen_00042,200,seen,"Given a1 = -19 and a(n+1) = a(n) + 9, find a12.",additive_recurrence,additive_recurrence,True,iteration,iteration,True,"{""start"":-19,""step"":9,""updates"":11}","{""start"":-19,""step"":9,""updates"":11}",True,True,True,True,True,80,80,True,80,True,,"STRUCTURE: additive_recurrence
TOOL: iteration
ARGUMENTS: {""start"":-19,""step"":9,""updates"":11}"
test_seen_00043,200,seen,Use the closed form b(n) = 12 + (n - 1)(8) to find b(11).,additive_recurrence,additive_recurrence,True,substitution,substitution,True,"{""expression"":""12 + (n - 1)*(8)"",""mode"":""evaluate"",""substitutions"":{""n"":11}}","{""expression"":""12 + (n - 1)*(8)"",""mode"":""evaluate"",""substitutions"":{""n"":11}}",True,True,True,True,True,92,92,True,92,True,,"STRUCTURE: additive_recurrence
TOOL: substitution
ARGUMENTS: {""expression"":""12 + (n - 1)*(8)"",""mode"":""evaluate"",""substitutions"":{""n"":11}}"
test_seen_00044,200,seen,Two numbers have sum 3 and product -180. Compute the sum of their squares from the symmetric identity.,symmetric_sum_product,symmetric_sum_product,True,expansion,expansion,True,"{""mode"":""symmetric_square_sum"",""product"":-180,""sum"":3}","{""mode"":""symmetric_square_sum"",""product"":-180,""sum"":3}",True,True,True,True,True,369,369,True,369,True,,"STRUCTURE: symmetric_sum_product
TOOL: expansion
ARGUMENTS: {""mode"":""symmetric_square_sum"",""product"":-180,""sum"":3}"
test_seen_00045,200,seen,The roots of t^2 + 15t + 56 = 0 are r and s. Find r^2 + s^2 by factoring the quadratic.,symmetric_sum_product,symmetric_sum_product,True,factorization,factorization,True,"{""mode"":""root_power_sum"",""polynomial"":""t**2 + 15*t + 56"",""power"":2,""variable"":""t""}","{""mode"":""root_power_sum"",""polynomial"":""t**2 + 15*t + 56"",""power"":2,""variable"":""t""}",True,True,True,True,True,113,113,True,113,True,,"STRUCTURE: symmetric_sum_product
TOOL: factorization
ARGUMENTS: {""mode"":""root_power_sum"",""polynomial"":""t**2 + 15*t + 56"",""power"":2,""variable"":""t""}"
test_seen_00046,200,seen,Evaluate the transformed expression -3z^2 + 6z + 12 at z = -1.,transformed_expression,transformed_expression,True,substitution,substitution,True,"{""expression"":""-3*t**2 + 6*t + 12"",""mode"":""evaluate"",""substitutions"":{""t"":-1}}","{""expression"":""-3*t**2 + 6*t + 12"",""mode"":""evaluate"",""substitutions"":{""t"":-1}}",True,True,True,True,True,3,3,True,3,True,,"STRUCTURE: transformed_expression
TOOL: substitution
ARGUMENTS: {""expression"":""-3*t**2 + 6*t + 12"",""mode"":""evaluate"",""substitutions"":{""t"":-1}}"
test_seen_00047,200,seen,"Open the product (x + -6)(x + -3), then set x = -7.",transformed_expression,transformed_expression,True,expansion,expansion,True,"{""expression"":""(x - 6)*(x - 3)"",""mode"":""evaluate"",""substitutions"":{""x"":-7}}","{""expression"":""(x - 3)*(x - 6)"",""mode"":""evaluate"",""substitutions"":{""x"":-7}}",True,True,False,True,True,130,130,True,130,True,,"STRUCTURE: transformed_expression
TOOL: expansion
ARGUMENTS: {""expression"":""(x - 3)*(x - 6)"",""mode"":""evaluate"",""substitutions"":{""x"":-7}}"
test_seen_00048,200,seen,Solve the simultaneous relations 4x + 4y = -32 and x - 2y = 10. Find y.,two_linear_relations,two_linear_relations,True,elimination,elimination,True,"{""equations"":[""4*x + 4*y + 32"",""x - 2*y - 10""],""target"":""y""}","{""equations"":[""4*x + 4*y + 32"",""x - 2*y - 10""],""target"":""y""}",True,True,True,True,True,-6,-6,True,-6,True,,"STRUCTURE: two_linear_relations
TOOL: elimination
ARGUMENTS: {""equations"":[""4*x + 4*y + 32"",""x - 2*y - 10""],""target"":""y""}"
test_seen_00049,200,seen,"Given y = -4x - 8, insert it into -3x + 2y = -60 and find x.",two_linear_relations,two_linear_relations,True,substitution,substitution,True,"{""equations"":[""4*x + y + 8"",""-3*x + 2*y + 60""],""mode"":""solve_system"",""target"":""x""}","{""equations"":[""-4*x - y - 8"",""-3*x + 2*y + 60""],""mode"":""solve_system"",""target"":""x""}",True,True,False,True,True,4,4,True,4,True,,"STRUCTURE: two_linear_relations
TOOL: substitution
ARGUMENTS: {""equations"":[""-4*x - y - 8"",""-3*x + 2*y + 60""],""mode"":""solve_system"",""target"":""x""}"
test_seen_00050,200,seen,Use the product pattern for a difference of squares to compute 44^2 - 23^2.,polynomial_identity,polynomial_identity,True,factorization,factorization,True,"{""expression"":""u**2 - v**2"",""mode"":""evaluate"",""substitutions"":{""u"":44,""v"":23}}","{""expression"":""u**2 - v**2"",""mode"":""evaluate"",""substitutions"":{""u"":44,""v"":23}}",True,True,True,True,True,1407,1407,True,1407,True,,"STRUCTURE: polynomial_identity
TOOL: factorization
ARGUMENTS: {""expression"":""u**2 - v**2"",""mode"":""evaluate"",""substitutions"":{""u"":44,""v"":23}}"
test_seen_00051,200,seen,Expand the square and evaluate (18 + 36)^2.,polynomial_identity,polynomial_identity,True,expansion,expansion,True,"{""expression"":""(a + b)**2"",""mode"":""evaluate"",""substitutions"":{""a"":18,""b"":36}}","{""expression"":""(a + b)**2"",""mode"":""evaluate"",""substitutions"":{""a"":18,""b"":36}}",True,True,True,True,True,2916,2916,True,2916,True,,"STRUCTURE: polynomial_identity
TOOL: expansion
ARGUMENTS: {""expression"":""(a + b)**2"",""mode"":""evaluate"",""substitutions"":{""a"":18,""b"":36}}"
test_seen_00052,200,seen,"At a fixed rate, 10 items cost 20 dollars. What do 40 items cost?",equivalent_ratios,equivalent_ratios,True,proportional_scaling,proportional_scaling,True,"{""base_quantity"":10,""base_value"":20,""target_quantity"":40}","{""base_quantity"":10,""base_value"":20,""target_quantity"":40}",True,True,True,True,True,80,80,True,80,True,,"STRUCTURE: equivalent_ratios
TOOL: proportional_scaling
ARGUMENTS: {""base_quantity"":10,""base_value"":20,""target_quantity"":40}"
test_seen_00053,200,seen,Solve the proportion 13/9 = 52/x for x.,equivalent_ratios,equivalent_ratios,True,cross_multiplication,cross_multiplication,True,"{""left_den"":9,""left_num"":13,""right_num"":52}","{""left_den"":9,""left_num"":13,""right_num"":52}",True,True,True,True,True,36,36,True,36,True,,"STRUCTURE: equivalent_ratios
TOOL: cross_multiplication
ARGUMENTS: {""left_den"":9,""left_num"":13,""right_num"":52}"
test_seen_00054,200,seen,A sequence starts at -8 and changes by -2 each term. Iterate to find term 3.,additive_recurrence,additive_recurrence,True,iteration,iteration,True,"{""start"":-8,""step"":-2,""updates"":2}","{""start"":-8,""step"":-2,""updates"":2}",True,True,True,True,True,-12,-12,True,-12,True,,"STRUCTURE: additive_recurrence
TOOL: iteration
ARGUMENTS: {""start"":-8,""step"":-2,""updates"":2}"
test_seen_00055,200,seen,An arithmetic sequence has formula a(n) = -15 + (n - 1)(-1). Substitute n = 10.,additive_recurrence,additive_recurrence,True,substitution,substitution,True,"{""expression"":""-15 + (n - 1)*(-1)"",""mode"":""evaluate"",""substitutions"":{""n"":10}}","{""expression"":""-15 + (n - 1)*(-1)"",""mode"":""evaluate"",""substitutions"":{""n"":10}}",True,True,True,True,True,-24,-24,True,-24,True,,"STRUCTURE: additive_recurrence
TOOL: substitution
ARGUMENTS: {""expression"":""-15 + (n - 1)*(-1)"",""mode"":""evaluate"",""substitutions"":{""n"":10}}"
test_seen_00056,200,seen,"If x + y = 4 and xy = -77, use a square expansion to find x^2 + y^2.",symmetric_sum_product,symmetric_sum_product,True,expansion,expansion,True,"{""mode"":""symmetric_square_sum"",""product"":-77,""sum"":4}","{""mode"":""symmetric_square_sum"",""product"":-77,""sum"":4}",True,True,True,True,True,170,170,True,170,True,,"STRUCTURE: symmetric_sum_product
TOOL: expansion
ARGUMENTS: {""mode"":""symmetric_square_sum"",""product"":-77,""sum"":4}"
test_seen_00057,200,seen,"Factor t^2 - 15t + 50 = 0 to obtain its two roots, then give the sum of their squares.",symmetric_sum_product,symmetric_sum_product,True,factorization,factorization,True,"{""mode"":""root_power_sum"",""polynomial"":""t**2 - 15*t + 50"",""power"":2,""variable"":""t""}","{""mode"":""root_power_sum"",""polynomial"":""t**2 - 15*t + 50"",""power"":2,""variable"":""t""}",True,True,True,True,True,125,125,True,125,True,,"STRUCTURE: symmetric_sum_product
TOOL: factorization
ARGUMENTS: {""mode"":""root_power_sum"",""polynomial"":""t**2 - 15*t + 50"",""power"":2,""variable"":""t""}"
test_seen_00058,200,seen,"For f(t) = -4t^2 + 7t + 10, substitute t = -2 and find f(-2).",transformed_expression,transformed_expression,True,substitution,substitution,True,"{""expression"":""-4*t**2 + 7*t + 10"",""mode"":""evaluate"",""substitutions"":{""t"":-2}}","{""expression"":""-4*t**2 + 7*t + 10"",""mode"":""evaluate"",""substitutions"":{""t"":-2}}",True,True,True,True,True,-20,-20,True,-20,True,,"STRUCTURE: transformed_expression
TOOL: substitution
ARGUMENTS: {""expression"":""-4*t**2 + 7*t + 10"",""mode"":""evaluate"",""substitutions"":{""t"":-2}}"
test_seen_00059,200,seen,Expand (x + -6)(x + 0) and evaluate it at x = -4.,transformed_expression,transformed_expression,True,expansion,expansion,True,"{""expression"":""x*(x - 6)"",""mode"":""evaluate"",""substitutions"":{""x"":-4}}","{""expression"":""(x - 6)*(x + 0)"",""mode"":""evaluate"",""substitutions"":{""x"":-4}}",True,True,False,True,True,40,40,True,40,True,,"STRUCTURE: transformed_expression
TOOL: expansion
ARGUMENTS: {""expression"":""(x - 6)*(x + 0)"",""mode"":""evaluate"",""substitutions"":{""x"":-4}}"
test_seen_00060,200,seen,Two linear constraints hold: 5x - 3y = -33; -x + 4y = 27. Determine y.,two_linear_relations,two_linear_relations,True,elimination,elimination,True,"{""equations"":[""5*x - 3*y + 33"",""-x + 4*y - 27""],""target"":""y""}","{""equations"":[""5*x - 3*y + 33"",""-x + 4*y - 27""],""target"":""y""}",True,True,True,True,True,6,6,True,6,True,,"STRUCTURE: two_linear_relations
TOOL: elimination
ARGUMENTS: {""equations"":[""5*x - 3*y + 33"",""-x + 4*y - 27""],""target"":""y""}"
test_seen_00061,200,seen,The linked relations are y = 3x + 6 and -x + 4y = 24. What is y?,two_linear_relations,two_linear_relations,True,substitution,substitution,True,"{""equations"":[""-3*x + y - 6"",""-x + 4*y - 24""],""mode"":""solve_system"",""target"":""y""}","{""equations"":[""-x + 4*y - 24"",""-x + 4*y + 6""],""mode"":""solve_system"",""target"":""y""}",True,True,False,False,False,6,,False,6,True,valid_but_wrong_arguments,"STRUCTURE: two_linear_relations
TOOL: substitution
ARGUMENTS: {""equations"":[""-x + 4*y - 24"",""-x + 4*y + 6""],""mode"":""solve_system"",""target"":""y""}"
test_seen_00062,200,seen,Evaluate 76^2 - 29^2 by rewriting it as a product.,polynomial_identity,polynomial_identity,True,factorization,factorization,True,"{""expression"":""u**2 - v**2"",""mode"":""evaluate"",""substitutions"":{""u"":76,""v"":29}}","{""expression"":""u**2 - v**2"",""mode"":""evaluate"",""substitutions"":{""u"":76,""v"":29}}",True,True,True,True,True,4935,4935,True,4935,True,,"STRUCTURE: polynomial_identity
TOOL: factorization
ARGUMENTS: {""expression"":""u**2 - v**2"",""mode"":""evaluate"",""substitutions"":{""u"":76,""v"":29}}"
test_seen_00063,200,seen,Use the binomial-square identity to compute (29 + 35)^2.,polynomial_identity,polynomial_identity,True,expansion,expansion,True,"{""expression"":""(a + b)**2"",""mode"":""evaluate"",""substitutions"":{""a"":29,""b"":35}}","{""expression"":""(a + b)**2"",""mode"":""evaluate"",""substitutions"":{""a"":29,""b"":35}}",True,True,True,True,True,4096,4096,True,4096,True,,"STRUCTURE: polynomial_identity
TOOL: expansion
ARGUMENTS: {""expression"":""(a + b)**2"",""mode"":""evaluate"",""substitutions"":{""a"":29,""b"":35}}"
test_seen_00064,200,seen,Scale the ratio 3:8 to 33:x. Find x.,equivalent_ratios,equivalent_ratios,True,proportional_scaling,proportional_scaling,True,"{""base_quantity"":3,""base_value"":8,""target_quantity"":33}","{""base_quantity"":3,""base_value"":8,""target_quantity"":33}",True,True,True,True,True,88,88,True,88,True,,"STRUCTURE: equivalent_ratios
TOOL: proportional_scaling
ARGUMENTS: {""base_quantity"":3,""base_value"":8,""target_quantity"":33}"
test_seen_00065,200,seen,Cross-multiply 13:6 = 143:x and determine x.,equivalent_ratios,equivalent_ratios,True,cross_multiplication,cross_multiplication,True,"{""left_den"":6,""left_num"":13,""right_num"":143}","{""left_den"":6,""left_num"":13,""right_num"":143}",True,True,True,True,True,66,66,True,66,True,,"STRUCTURE: equivalent_ratios
TOOL: cross_multiplication
ARGUMENTS: {""left_den"":6,""left_num"":13,""right_num"":143}"
test_seen_00066,200,seen,"Given a1 = 18 and a(n+1) = a(n) - 9, find a13.",additive_recurrence,additive_recurrence,True,iteration,iteration,True,"{""start"":18,""step"":-9,""updates"":12}","{""start"":18,""step"":-9,""updates"":12}",True,True,True,True,True,-90,-90,True,-90,True,,"STRUCTURE: additive_recurrence
TOOL: iteration
ARGUMENTS: {""start"":18,""step"":-9,""updates"":12}"
test_seen_00067,200,seen,Use the closed form b(n) = -14 + (n - 1)(-7) to find b(15).,additive_recurrence,additive_recurrence,True,substitution,substitution,True,"{""expression"":""-14 + (n - 1)*(-7)"",""mode"":""evaluate"",""substitutions"":{""n"":15}}","{""expression"":""-14 + (n - 1)*(-7)"",""mode"":""evaluate"",""substitutions"":{""n"":15}}",True,True,True,True,True,-112,-112,True,-112,True,,"STRUCTURE: additive_recurrence
TOOL: substitution
ARGUMENTS: {""expression"":""-14 + (n - 1)*(-7)"",""mode"":""evaluate"",""substitutions"":{""n"":15}}"
test_seen_00068,200,seen,Two numbers have sum 18 and product 65. Compute the sum of their squares from the symmetric identity.,symmetric_sum_product,symmetric_sum_product,True,expansion,expansion,True,"{""mode"":""symmetric_square_sum"",""product"":65,""sum"":18}","{""mode"":""symmetric_square_sum"",""product"":65,""sum"":18}",True,True,True,True,True,194,194,True,194,True,,"STRUCTURE: symmetric_sum_product
TOOL: expansion
ARGUMENTS: {""mode"":""symmetric_square_sum"",""product"":65,""sum"":18}"
test_seen_00069,200,seen,The roots of t^2 + 17t + 72 = 0 are r and s. Find r^2 + s^2 by factoring the quadratic.,symmetric_sum_product,symmetric_sum_product,True,factorization,factorization,True,"{""mode"":""root_power_sum"",""polynomial"":""t**2 + 17*t + 72"",""power"":2,""variable"":""t""}","{""mode"":""root_power_sum"",""polynomial"":""t**2 + 17*t + 72"",""power"":2,""variable"":""t""}",True,True,True,True,True,145,145,True,145,True,,"STRUCTURE: symmetric_sum_product
TOOL: factorization
ARGUMENTS: {""mode"":""root_power_sum"",""polynomial"":""t**2 + 17*t + 72"",""power"":2,""variable"":""t""}"
test_seen_00070,200,seen,Evaluate the transformed expression -2z^2 + 8z - 11 at z = -3.,transformed_expression,transformed_expression,True,substitution,substitution,True,"{""expression"":""-2*t**2 + 8*t - 11"",""mode"":""evaluate"",""substitutions"":{""t"":-3}}","{""expression"":""-2*t**2 + 8*t - 11"",""mode"":""evaluate"",""substitutions"":{""t"":-3}}",True,True,True,True,True,-53,-53,True,-53,True,,"STRUCTURE: transformed_expression
TOOL: substitution
ARGUMENTS: {""expression"":""-2*t**2 + 8*t - 11"",""mode"":""evaluate"",""substitutions"":{""t"":-3}}"
test_seen_00071,200,seen,"Open the product (t + -5)(t + 5), then set t = 0.",transformed_expression,transformed_expression,True,expansion,expansion,True,"{""expression"":""(t - 5)*(t + 5)"",""mode"":""evaluate"",""substitutions"":{""t"":0}}","{""expression"":""(t - 5)*(t + 5)"",""mode"":""evaluate"",""substitutions"":{""t"":0}}",True,True,True,True,True,-25,-25,True,-25,True,,"STRUCTURE: transformed_expression
TOOL: expansion
ARGUMENTS: {""expression"":""(t - 5)*(t + 5)"",""mode"":""evaluate"",""substitutions"":{""t"":0}}"
test_seen_00072,200,seen,Solve the simultaneous relations -2x - 2y = 14 and 2x - 3y = 21. Find y.,two_linear_relations,two_linear_relations,True,elimination,elimination,True,"{""equations"":[""-2*x - 2*y - 14"",""2*x - 3*y - 21""],""target"":""y""}","{""equations"":[""-2*x - 2*y - 14"",""2*x - 3*y + 21""],""target"":""y""}",True,True,False,False,True,-7,7/5,False,-7,True,valid_but_wrong_arguments,"STRUCTURE: two_linear_relations
TOOL: elimination
ARGUMENTS: {""equations"":[""-2*x - 2*y - 14"",""2*x - 3*y + 21""],""target"":""y""}"
test_seen_00073,200,seen,"Given y = 2x - 1, insert it into 5x - y = 1 and find x.",two_linear_relations,two_linear_relations,True,substitution,substitution,True,"{""equations"":[""-2*x + y + 1"",""5*x - y - 1""],""mode"":""solve_system"",""target"":""x""}","{""equations"":[""-y + 1"",""5*x - y""],""mode"":""solve_system"",""target"":""x""}",True,True,False,False,True,0,1/5,False,0,True,valid_but_wrong_arguments,"STRUCTURE: two_linear_relations
TOOL: substitution
ARGUMENTS: {""equations"":[""-y + 1"",""5*x - y""],""mode"":""solve_system"",""target"":""x""}"
test_seen_00074,200,seen,Use the product pattern for a difference of squares to compute 52^2 - 13^2.,polynomial_identity,polynomial_identity,True,factorization,factorization,True,"{""expression"":""u**2 - v**2"",""mode"":""evaluate"",""substitutions"":{""u"":52,""v"":13}}","{""expression"":""u**2 - v**2"",""mode"":""evaluate"",""substitutions"":{""u"":52,""v"":13}}",True,True,True,True,True,2535,2535,True,2535,True,,"STRUCTURE: polynomial_identity
TOOL: factorization
ARGUMENTS: {""expression"":""u**2 - v**2"",""mode"":""evaluate"",""substitutions"":{""u"":52,""v"":13}}"
test_seen_00075,200,seen,Expand the square and evaluate (10 + 11)^2.,polynomial_identity,polynomial_identity,True,expansion,expansion,True,"{""expression"":""(a + b)**2"",""mode"":""evaluate"",""substitutions"":{""a"":10,""b"":11}}","{""expression"":""(a + b)**2"",""mode"":""evaluate"",""substitutions"":{""a"":10,""b"":11}}",True,True,True,True,True,441,441,True,441,True,,"STRUCTURE: polynomial_identity
TOOL: expansion
ARGUMENTS: {""expression"":""(a + b)**2"",""mode"":""evaluate"",""substitutions"":{""a"":10,""b"":11}}"
test_seen_00076,200,seen,"At a fixed rate, 4 items cost 7 dollars. What do 20 items cost?",equivalent_ratios,equivalent_ratios,True,proportional_scaling,proportional_scaling,True,"{""base_quantity"":4,""base_value"":7,""target_quantity"":20}","{""base_quantity"":4,""base_value"":7,""target_quantity"":20}",True,True,True,True,True,35,35,True,35,True,,"STRUCTURE: equivalent_ratios
TOOL: proportional_scaling
ARGUMENTS: {""base_quantity"":4,""base_value"":7,""target_quantity"":20}"
test_seen_00077,200,seen,Solve the proportion 11/18 = 132/x for x.,equivalent_ratios,equivalent_ratios,True,cross_multiplication,cross_multiplication,True,"{""left_den"":18,""left_num"":11,""right_num"":132}","{""left_den"":18,""left_num"":11,""right_num"":132}",True,True,True,True,True,216,216,True,216,True,,"STRUCTURE: equivalent_ratios
TOOL: cross_multiplication
ARGUMENTS: {""left_den"":18,""left_num"":11,""right_num"":132}"
test_seen_00078,200,seen,A sequence starts at -8 and changes by -1 each term. Iterate to find term 10.,additive_recurrence,additive_recurrence,True,iteration,iteration,True,"{""start"":-8,""step"":-1,""updates"":9}","{""start"":-8,""step"":-1,""updates"":9}",True,True,True,True,True,-17,-17,True,-17,True,,"STRUCTURE: additive_recurrence
TOOL: iteration
ARGUMENTS: {""start"":-8,""step"":-1,""updates"":9}"
test_seen_00079,200,seen,An arithmetic sequence has formula a(n) = 4 + (n - 1)(8). Substitute n = 5.,additive_recurrence,additive_recurrence,True,substitution,substitution,True,"{""expression"":""4 + (n - 1)*(8)"",""mode"":""evaluate"",""substitutions"":{""n"":5}}","{""expression"":""4 + (n - 1)*(8)"",""mode"":""evaluate"",""substitutions"":{""n"":5}}",True,True,True,True,True,36,36,True,36,True,,"STRUCTURE: additive_recurrence
TOOL: substitution
ARGUMENTS: {""expression"":""4 + (n - 1)*(8)"",""mode"":""evaluate"",""substitutions"":{""n"":5}}"
test_seen_00080,200,seen,"If x + y = 1 and xy = -156, use a square expansion to find x^2 + y^2.",symmetric_sum_product,symmetric_sum_product,True,expansion,expansion,True,"{""mode"":""symmetric_square_sum"",""product"":-156,""sum"":1}","{""mode"":""symmetric_square_sum"",""product"":-156,""sum"":1}",True,True,True,True,True,313,313,True,313,True,,"STRUCTURE: symmetric_sum_product
TOOL: expansion
ARGUMENTS: {""mode"":""symmetric_square_sum"",""product"":-156,""sum"":1}"
test_seen_00081,200,seen,"Factor t^2 - 19t + 88 = 0 to obtain its two roots, then give the sum of their squares.",symmetric_sum_product,symmetric_sum_product,True,factorization,factorization,True,"{""mode"":""root_power_sum"",""polynomial"":""t**2 - 19*t + 88"",""power"":2,""variable"":""t""}","{""mode"":""root_power_sum"",""polynomial"":""t**2 - 19*t + 88"",""power"":2,""variable"":""t""}",True,True,True,True,True,185,185,True,185,True,,"STRUCTURE: symmetric_sum_product
TOOL: factorization
ARGUMENTS: {""mode"":""root_power_sum"",""polynomial"":""t**2 - 19*t + 88"",""power"":2,""variable"":""t""}"
test_seen_00082,200,seen,"For f(t) = 4t^2 + 3t - 8, substitute t = -6 and find f(-6).",transformed_expression,transformed_expression,True,substitution,substitution,True,"{""expression"":""4*t**2 + 3*t - 8"",""mode"":""evaluate"",""substitutions"":{""t"":-6}}","{""expression"":""4*t**2 + 3*t - 8"",""mode"":""evaluate"",""substitutions"":{""t"":-6}}",True,True,True,True,True,118,118,True,118,True,,"STRUCTURE: transformed_expression
TOOL: substitution
ARGUMENTS: {""expression"":""4*t**2 + 3*t - 8"",""mode"":""evaluate"",""substitutions"":{""t"":-6}}"
test_seen_00083,200,seen,Expand (t + 3)(t + -1) and evaluate it at t = 1.,transformed_expression,transformed_expression,True,expansion,expansion,True,"{""expression"":""(t - 1)*(t + 3)"",""mode"":""evaluate"",""substitutions"":{""t"":1}}","{""expression"":""(t + 3)*(t - 1)"",""mode"":""evaluate"",""substitutions"":{""t"":1}}",True,True,False,True,True,0,0,True,0,True,,"STRUCTURE: transformed_expression
TOOL: expansion
ARGUMENTS: {""expression"":""(t + 3)*(t - 1)"",""mode"":""evaluate"",""substitutions"":{""t"":1}}"
test_seen_00084,200,seen,Two linear constraints hold: 4x + 3y = -39; x - 5y = 19. Determine y.,two_linear_relations,two_linear_relations,True,elimination,elimination,True,"{""equations"":[""4*x + 3*y + 39"",""x - 5*y - 19""],""target"":""y""}","{""equations"":[""4*x + 3*y + 39"",""x - 5*y - 19""],""target"":""y""}",True,True,True,True,True,-5,-5,True,-5,True,,"STRUCTURE: two_linear_relations
TOOL: elimination
ARGUMENTS: {""equations"":[""4*x + 3*y + 39"",""x - 5*y - 19""],""target"":""y""}"
test_seen_00085,200,seen,The linked relations are y = 3x + 6 and 4x + 3y = 135. What is x?,two_linear_relations,two_linear_relations,True,substitution,substitution,True,"{""equations"":[""-3*x + y - 6"",""4*x + 3*y - 135""],""mode"":""solve_system"",""target"":""x""}","{""equations"":[""-3*x + y - 6"",""4*x + 3*y - 135""],""mode"":""solve_system"",""target"":""x""}",True,True,True,True,True,9,9,True,9,True,,"STRUCTURE: two_linear_relations
TOOL: substitution
ARGUMENTS: {""equations"":[""-3*x + y - 6"",""4*x + 3*y - 135""],""mode"":""solve_system"",""target"":""x""}"
test_seen_00086,200,seen,Evaluate 65^2 - 2^2 by rewriting it as a product.,polynomial_identity,polynomial_identity,True,factorization,factorization,True,"{""expression"":""u**2 - v**2"",""mode"":""evaluate"",""substitutions"":{""u"":65,""v"":2}}","{""expression"":""u**2 - v**2"",""mode"":""evaluate"",""substitutions"":{""u"":65,""v"":2}}",True,True,True,True,True,4221,4221,True,4221,True,,"STRUCTURE: polynomial_identity
TOOL: factorization
ARGUMENTS: {""expression"":""u**2 - v**2"",""mode"":""evaluate"",""substitutions"":{""u"":65,""v"":2}}"
test_seen_00087,200,seen,Use the binomial-square identity to compute (32 + 6)^2.,polynomial_identity,polynomial_identity,True,expansion,expansion,True,"{""expression"":""(a + b)**2"",""mode"":""evaluate"",""substitutions"":{""a"":32,""b"":6}}","{""expression"":""(a + b)**2"",""mode"":""evaluate"",""substitutions"":{""a"":32,""b"":6}}",True,True,True,True,True,1444,1444,True,1444,True,,"STRUCTURE: polynomial_identity
TOOL: expansion
ARGUMENTS: {""expression"":""(a + b)**2"",""mode"":""evaluate"",""substitutions"":{""a"":32,""b"":6}}"
test_seen_00088,200,seen,Scale the ratio 3:23 to 18:x. Find x.,equivalent_ratios,equivalent_ratios,True,proportional_scaling,proportional_scaling,True,"{""base_quantity"":3,""base_value"":23,""target_quantity"":18}","{""base_quantity"":3,""base_value"":23,""target_quantity"":18}",True,True,True,True,True,138,138,True,138,True,,"STRUCTURE: equivalent_ratios
TOOL: proportional_scaling
ARGUMENTS: {""base_quantity"":3,""base_value"":23,""target_quantity"":18}"
test_seen_00089,200,seen,Cross-multiply 9:4 = 45:x and determine x.,equivalent_ratios,equivalent_ratios,True,cross_multiplication,cross_multiplication,True,"{""left_den"":4,""left_num"":9,""right_num"":45}","{""left_den"":4,""left_num"":9,""right_num"":45}",True,True,True,True,True,20,20,True,20,True,,"STRUCTURE: equivalent_ratios
TOOL: cross_multiplication
ARGUMENTS: {""left_den"":4,""left_num"":9,""right_num"":45}"
test_seen_00090,200,seen,"Given a1 = 14 and a(n+1) = a(n) + 5, find a10.",additive_recurrence,additive_recurrence,True,iteration,iteration,True,"{""start"":14,""step"":5,""updates"":9}","{""start"":14,""step"":5,""updates"":9}",True,True,True,True,True,59,59,True,59,True,,"STRUCTURE: additive_recurrence
TOOL: iteration
ARGUMENTS: {""start"":14,""step"":5,""updates"":9}"
test_seen_00091,200,seen,Use the closed form b(n) = -11 + (n - 1)(-4) to find b(8).,additive_recurrence,additive_recurrence,True,substitution,substitution,True,"{""expression"":""-11 + (n - 1)*(-4)"",""mode"":""evaluate"",""substitutions"":{""n"":8}}","{""expression"":""-11 + (n - 1)*(-4)"",""mode"":""evaluate"",""substitutions"":{""n"":8}}",True,True,True,True,True,-39,-39,True,-39,True,,"STRUCTURE: additive_recurrence
TOOL: substitution
ARGUMENTS: {""expression"":""-11 + (n - 1)*(-4)"",""mode"":""evaluate"",""substitutions"":{""n"":8}}"
test_seen_00092,200,seen,Two numbers have sum -28 and product 195. Compute the sum of their squares from the symmetric identity.,symmetric_sum_product,symmetric_sum_product,True,expansion,expansion,True,"{""mode"":""symmetric_square_sum"",""product"":195,""sum"":-28}","{""mode"":""symmetric_square_sum"",""product"":195,""sum"":-28}",True,True,True,True,True,394,394,True,394,True,,"STRUCTURE: symmetric_sum_product
TOOL: expansion
ARGUMENTS: {""mode"":""symmetric_square_sum"",""product"":195,""sum"":-28}"
test_seen_00093,200,seen,The roots of t^2 + 12t + 35 = 0 are r and s. Find r^2 + s^2 by factoring the quadratic.,symmetric_sum_product,symmetric_sum_product,True,factorization,factorization,True,"{""mode"":""root_power_sum"",""polynomial"":""t**2 + 12*t + 35"",""power"":2,""variable"":""t""}","{""mode"":""root_power_sum"",""polynomial"":""t**2 + 12*t + 35"",""power"":2,""variable"":""t""}",True,True,True,True,True,74,74,True,74,True,,"STRUCTURE: symmetric_sum_product
TOOL: factorization
ARGUMENTS: {""mode"":""root_power_sum"",""polynomial"":""t**2 + 12*t + 35"",""power"":2,""variable"":""t""}"
test_seen_00094,200,seen,Evaluate the transformed expression -5z^2 - 6z + 5 at z = 6.,transformed_expression,transformed_expression,True,substitution,substitution,True,"{""expression"":""-5*t**2 - 6*t + 5"",""mode"":""evaluate"",""substitutions"":{""t"":6}}","{""expression"":""-5*t**2 - 6*t + 5"",""mode"":""evaluate"",""substitutions"":{""t"":6}}",True,True,True,True,True,-211,-211,True,-211,True,,"STRUCTURE: transformed_expression
TOOL: substitution
ARGUMENTS: {""expression"":""-5*t**2 - 6*t + 5"",""mode"":""evaluate"",""substitutions"":{""t"":6}}"
test_seen_00095,200,seen,"Open the product (z + 0)(z + -5), then set z = -7.",transformed_expression,transformed_expression,True,expansion,expansion,True,"{""expression"":""z*(z - 5)"",""mode"":""evaluate"",""substitutions"":{""z"":-7}}","{""expression"":""(z + -5)*(z + -5)"",""mode"":""evaluate"",""substitutions"":{""z"":-7}}",True,True,False,False,True,84,144,False,84,True,valid_but_wrong_arguments,"STRUCTURE: transformed_expression
TOOL: expansion
ARGUMENTS: {""expression"":""(z + -5)*(z + -5)"",""mode"":""evaluate"",""substitutions"":{""z"":-7}}"
test_seen_00096,200,seen,Solve the simultaneous relations -5x - 5y = 5 and 5x - 4y = 22. Find x.,two_linear_relations,two_linear_relations,True,elimination,elimination,True,"{""equations"":[""-5*x - 5*y - 5"",""5*x - 4*y - 22""],""target"":""x""}","{""equations"":[""-5*x - 5*y - 5"",""5*x - 4*y - 22""],""target"":""x""}",True,True,True,True,True,2,2,True,2,True,,"STRUCTURE: two_linear_relations
TOOL: elimination
ARGUMENTS: {""equations"":[""-5*x - 5*y - 5"",""5*x - 4*y - 22""],""target"":""x""}"
test_seen_00097,200,seen,"Given y = -2x - 2, insert it into -2x - 5y = -38 and find y.",two_linear_relations,two_linear_relations,True,substitution,substitution,True,"{""equations"":[""2*x + y + 2"",""-2*x - 5*y + 38""],""mode"":""solve_system"",""target"":""y""}","{""equations"":[""-2*x + y + 2"",""-2*x - 5*y + 38""],""mode"":""solve_system"",""target"":""y""}",True,True,False,False,True,10,6,False,10,True,valid_but_wrong_arguments,"STRUCTURE: two_linear_relations
TOOL: substitution
ARGUMENTS: {""equations"":[""-2*x + y + 2"",""-2*x - 5*y + 38""],""mode"":""solve_system"",""target"":""y""}"
test_seen_00098,200,seen,Use the product pattern for a difference of squares to compute 19^2 - 4^2.,polynomial_identity,polynomial_identity,True,factorization,factorization,True,"{""expression"":""u**2 - v**2"",""mode"":""evaluate"",""substitutions"":{""u"":19,""v"":4}}","{""expression"":""u**2 - v**2"",""mode"":""evaluate"",""substitutions"":{""u"":19,""v"":4}}",True,True,True,True,True,345,345,True,345,True,,"STRUCTURE: polynomial_identity
TOOL: factorization
ARGUMENTS: {""expression"":""u**2 - v**2"",""mode"":""evaluate"",""substitutions"":{""u"":19,""v"":4}}"
test_seen_00099,200,seen,Expand the square and evaluate (8 + 21)^2.,polynomial_identity,polynomial_identity,True,expansion,expansion,True,"{""expression"":""(a + b)**2"",""mode"":""evaluate"",""substitutions"":{""a"":8,""b"":21}}","{""expression"":""(a + b)**2"",""mode"":""evaluate"",""substitutions"":{""a"":8,""b"":21}}",True,True,True,True,True,841,841,True,841,True,,"STRUCTURE: polynomial_identity
TOOL: expansion
ARGUMENTS: {""expression"":""(a + b)**2"",""mode"":""evaluate"",""substitutions"":{""a"":8,""b"":21}}"
test_seen_00100,200,seen,"At a fixed rate, 3 items cost 21 dollars. What do 6 items cost?",equivalent_ratios,equivalent_ratios,True,proportional_scaling,proportional_scaling,True,"{""base_quantity"":3,""base_value"":21,""target_quantity"":6}","{""base_quantity"":3,""base_value"":21,""target_quantity"":6}",True,True,True,True,True,42,42,True,42,True,,"STRUCTURE: equivalent_ratios
TOOL: proportional_scaling
ARGUMENTS: {""base_quantity"":3,""base_value"":21,""target_quantity"":6}"
test_seen_00101,200,seen,Solve the proportion 12/9 = 120/x for x.,equivalent_ratios,equivalent_ratios,True,cross_multiplication,cross_multiplication,True,"{""left_den"":9,""left_num"":12,""right_num"":120}","{""left_den"":9,""left_num"":12,""right_num"":120}",True,True,True,True,True,90,90,True,90,True,,"STRUCTURE: equivalent_ratios
TOOL: cross_multiplication
ARGUMENTS: {""left_den"":9,""left_num"":12,""right_num"":120}"
test_seen_00102,200,seen,A sequence starts at -4 and changes by -1 each term. Iterate to find term 9.,additive_recurrence,additive_recurrence,True,iteration,iteration,True,"{""start"":-4,""step"":-1,""updates"":8}","{""start"":-4,""step"":-1,""updates"":8}",True,True,True,True,True,-12,-12,True,-12,True,,"STRUCTURE: additive_recurrence
TOOL: iteration
ARGUMENTS: {""start"":-4,""step"":-1,""updates"":8}"
test_seen_00103,200,seen,An arithmetic sequence has formula a(n) = 18 + (n - 1)(-4). Substitute n = 15.,additive_recurrence,additive_recurrence,True,substitution,substitution,True,"{""expression"":""18 + (n - 1)*(-4)"",""mode"":""evaluate"",""substitutions"":{""n"":15}}","{""expression"":""18 + (n - 1)*(-4)"",""mode"":""evaluate"",""substitutions"":{""n"":15}}",True,True,True,True,True,-38,-38,True,-38,True,,"STRUCTURE: additive_recurrence
TOOL: substitution
ARGUMENTS: {""expression"":""18 + (n - 1)*(-4)"",""mode"":""evaluate"",""substitutions"":{""n"":15}}"
test_seen_00104,200,seen,"If x + y = -5 and xy = -50, use a square expansion to find x^2 + y^2.",symmetric_sum_product,symmetric_sum_product,True,expansion,expansion,True,"{""mode"":""symmetric_square_sum"",""product"":-50,""sum"":-5}","{""mode"":""symmetric_square_sum"",""product"":-5,""sum"":-5}",True,True,False,False,True,125,35,False,125,True,valid_but_wrong_arguments,"STRUCTURE: symmetric_sum_product
TOOL: expansion
ARGUMENTS: {""mode"":""symmetric_square_sum"",""product"":-5,""sum"":-5}"
test_seen_00105,200,seen,"Factor t^2 - 2t - 35 = 0 to obtain its two roots, then give the sum of their squares.",symmetric_sum_product,symmetric_sum_product,True,factorization,factorization,True,"{""mode"":""root_power_sum"",""polynomial"":""t**2 - 2*t - 35"",""power"":2,""variable"":""t""}","{""mode"":""root_power_sum"",""polynomial"":""t**2 - 2*t - 35"",""power"":2,""variable"":""t""}",True,True,True,True,True,74,74,True,74,True,,"STRUCTURE: symmetric_sum_product
TOOL: factorization
ARGUMENTS: {""mode"":""root_power_sum"",""polynomial"":""t**2 - 2*t - 35"",""power"":2,""variable"":""t""}"
test_seen_00106,200,seen,"For f(t) = 3t^2 + 5t + 8, substitute t = 4 and find f(4).",transformed_expression,transformed_expression,True,substitution,substitution,True,"{""expression"":""3*t**2 + 5*t + 8"",""mode"":""evaluate"",""substitutions"":{""t"":4}}","{""expression"":""3*t**2 + 5*t + 8"",""mode"":""evaluate"",""substitutions"":{""t"":4}}",True,True,True,True,True,76,76,True,76,True,,"STRUCTURE: transformed_expression
TOOL: substitution
ARGUMENTS: {""expression"":""3*t**2 + 5*t + 8"",""mode"":""evaluate"",""substitutions"":{""t"":4}}"
test_seen_00107,200,seen,Expand (t + 3)(t + 0) and evaluate it at t = 0.,transformed_expression,transformed_expression,True,expansion,expansion,True,"{""expression"":""t*(t + 3)"",""mode"":""evaluate"",""substitutions"":{""t"":0}}","{""expression"":""(t + 3)*(t + 0)"",""mode"":""evaluate"",""substitutions"":{""t"":0}}",True,True,False,True,True,0,0,True,0,True,,"STRUCTURE: transformed_expression
TOOL: expansion
ARGUMENTS: {""expression"":""(t + 3)*(t + 0)"",""mode"":""evaluate"",""substitutions"":{""t"":0}}"
test_seen_00108,200,seen,Two linear constraints hold: 2x + y = 15; 5x + 2y = 39. Determine x.,two_linear_relations,two_linear_relations,True,elimination,elimination,True,"{""equations"":[""2*x + y - 15"",""5*x + 2*y - 39""],""target"":""x""}","{""equations"":[""2*x + y - 15"",""5*x + 2*y - 39""],""target"":""x""}",True,True,True,True,True,9,9,True,9,True,,"STRUCTURE: two_linear_relations
TOOL: elimination
ARGUMENTS: {""equations"":[""2*x + y - 15"",""5*x + 2*y - 39""],""target"":""x""}"
test_seen_00109,200,seen,The linked relations are y = 6 - 3x and -5x + 5y = -110. What is x?,two_linear_relations,two_linear_relations,True,substitution,substitution,True,"{""equations"":[""3*x + y - 6"",""-5*x + 5*y + 110""],""mode"":""solve_system"",""target"":""x""}","{""equations"":[""-5*x + 5*y + 110"",""-3*x + y - 6""],""mode"":""solve_system"",""target"":""x""}",True,True,False,False,True,7,-14,False,7,True,valid_but_wrong_arguments,"STRUCTURE: two_linear_relations
TOOL: substitution
ARGUMENTS: {""equations"":[""-5*x + 5*y + 110"",""-3*x + y - 6""],""mode"":""solve_system"",""target"":""x""}"
test_seen_00110,200,seen,Evaluate 19^2 - 9^2 by rewriting it as a product.,polynomial_identity,polynomial_identity,True,factorization,factorization,True,"{""expression"":""u**2 - v**2"",""mode"":""evaluate"",""substitutions"":{""u"":19,""v"":9}}","{""expression"":""u**2 - v**2"",""mode"":""evaluate"",""substitutions"":{""u"":19,""v"":9}}",True,True,True,True,True,280,280,True,280,True,,"STRUCTURE: polynomial_identity
TOOL: factorization
ARGUMENTS: {""expression"":""u**2 - v**2"",""mode"":""evaluate"",""substitutions"":{""u"":19,""v"":9}}"
test_seen_00111,200,seen,Use the binomial-square identity to compute (30 + 6)^2.,polynomial_identity,polynomial_identity,True,expansion,expansion,True,"{""expression"":""(a + b)**2"",""mode"":""evaluate"",""substitutions"":{""a"":30,""b"":6}}","{""expression"":""(a + b)**2"",""mode"":""evaluate"",""substitutions"":{""a"":30,""b"":6}}",True,True,True,True,True,1296,1296,True,1296,True,,"STRUCTURE: polynomial_identity
TOOL: expansion
ARGUMENTS: {""expression"":""(a + b)**2"",""mode"":""evaluate"",""substitutions"":{""a"":30,""b"":6}}"
test_seen_00112,200,seen,Scale the ratio 3:5 to 27:x. Find x.,equivalent_ratios,equivalent_ratios,True,proportional_scaling,proportional_scaling,True,"{""base_quantity"":3,""base_value"":5,""target_quantity"":27}","{""base_quantity"":3,""base_value"":5,""target_quantity"":27}",True,True,True,True,True,45,45,True,45,True,,"STRUCTURE: equivalent_ratios
TOOL: proportional_scaling
ARGUMENTS: {""base_quantity"":3,""base_value"":5,""target_quantity"":27}"
test_seen_00113,200,seen,Cross-multiply 12:10 = 24:x and determine x.,equivalent_ratios,equivalent_ratios,True,cross_multiplication,cross_multiplication,True,"{""left_den"":10,""left_num"":12,""right_num"":24}","{""left_den"":10,""left_num"":12,""right_num"":24}",True,True,True,True,True,20,20,True,20,True,,"STRUCTURE: equivalent_ratios
TOOL: cross_multiplication
ARGUMENTS: {""left_den"":10,""left_num"":12,""right_num"":24}"
test_seen_00114,200,seen,"Given a1 = 12 and a(n+1) = a(n) + 8, find a9.",additive_recurrence,additive_recurrence,True,iteration,iteration,True,"{""start"":12,""step"":8,""updates"":8}","{""start"":12,""step"":8,""updates"":7}",True,True,False,False,True,76,68,False,76,True,valid_but_wrong_arguments,"STRUCTURE: additive_recurrence
TOOL: iteration
ARGUMENTS: {""start"":12,""step"":8,""updates"":7}"
test_seen_00115,200,seen,Use the closed form b(n) = -6 + (n - 1)(7) to find b(15).,additive_recurrence,additive_recurrence,True,substitution,substitution,True,"{""expression"":""-6 + (n - 1)*(7)"",""mode"":""evaluate"",""substitutions"":{""n"":15}}","{""expression"":""-6 + (n - 1)*(7)"",""mode"":""evaluate"",""substitutions"":{""n"":15}}",True,True,True,True,True,92,92,True,92,True,,"STRUCTURE: additive_recurrence
TOOL: substitution
ARGUMENTS: {""expression"":""-6 + (n - 1)*(7)"",""mode"":""evaluate"",""substitutions"":{""n"":15}}"
test_seen_00116,200,seen,Two numbers have sum -23 and product 120. Compute the sum of their squares from the symmetric identity.,symmetric_sum_product,symmetric_sum_product,True,expansion,expansion,True,"{""mode"":""symmetric_square_sum"",""product"":120,""sum"":-23}","{""mode"":""symmetric_square_sum"",""product"":120,""sum"":-23}",True,True,True,True,True,289,289,True,289,True,,"STRUCTURE: symmetric_sum_product
TOOL: expansion
ARGUMENTS: {""mode"":""symmetric_square_sum"",""product"":120,""sum"":-23}"
test_seen_00117,200,seen,The roots of t^2 + 9t + 20 = 0 are r and s. Find r^2 + s^2 by factoring the quadratic.,symmetric_sum_product,symmetric_sum_product,True,factorization,factorization,True,"{""mode"":""root_power_sum"",""polynomial"":""t**2 + 9*t + 20"",""power"":2,""variable"":""t""}","{""mode"":""root_power_sum"",""polynomial"":""t**2 + 9*t + 20"",""power"":2,""variable"":""t""}",True,True,True,True,True,41,41,True,41,True,,"STRUCTURE: symmetric_sum_product
TOOL: factorization
ARGUMENTS: {""mode"":""root_power_sum"",""polynomial"":""t**2 + 9*t + 20"",""power"":2,""variable"":""t""}"
test_seen_00118,200,seen,Evaluate the transformed expression -4z^2 + 4z - 10 at z = -5.,transformed_expression,transformed_expression,True,substitution,substitution,True,"{""expression"":""-4*t**2 + 4*t - 10"",""mode"":""evaluate"",""substitutions"":{""t"":-5}}","{""expression"":""-4*t**2 + 4*t - 10"",""mode"":""evaluate"",""substitutions"":{""t"":-5}}",True,True,True,True,True,-130,-130,True,-130,True,,"STRUCTURE: transformed_expression
TOOL: substitution
ARGUMENTS: {""expression"":""-4*t**2 + 4*t - 10"",""mode"":""evaluate"",""substitutions"":{""t"":-5}}"
test_seen_00119,200,seen,"Open the product (x + -10)(x + 6), then set x = 2.",transformed_expression,transformed_expression,True,expansion,expansion,True,"{""expression"":""(x - 10)*(x + 6)"",""mode"":""evaluate"",""substitutions"":{""x"":2}}","{""expression"":""(x - 10)*(x + 6)"",""mode"":""evaluate"",""substitutions"":{""x"":2}}",True,True,True,True,True,-64,-64,True,-64,True,,"STRUCTURE: transformed_expression
TOOL: expansion
ARGUMENTS: {""expression"":""(x - 10)*(x + 6)"",""mode"":""evaluate"",""substitutions"":{""x"":2}}"
test_unseen_00000,200,unseen,The lines 3x - 4y = -16 and -3x + y = -5 intersect. Give their x-coordinate.,two_linear_relations,two_linear_relations,True,elimination,elimination,True,"{""equations"":[""3*x - 4*y + 16"",""-3*x + y + 5""],""target"":""x""}","{""equations"":[""3*x - 4*y + 16"",""-3*x + y + 5""],""target"":""x""}",True,True,True,True,True,4,4,True,4,True,,"STRUCTURE: two_linear_relations
TOOL: elimination
ARGUMENTS: {""equations"":[""3*x - 4*y + 16"",""-3*x + y + 5""],""target"":""x""}"
test_unseen_00001,200,unseen,One variable is isolated in y = -5x - 1; use the other constraint -4x + 5y = -5 to obtain x.,two_linear_relations,two_variables,False,substitution,substitution,True,"{""equations"":[""5*x + y + 1"",""-4*x + 5*y + 5""],""mode"":""solve_system"",""target"":""x""}","{""equations"":[""-5*x + y + 1""],""mode"":""solve"",""target"":""x""}",True,False,False,False,False,0,,False,0,True,wrong_structure,"STRUCTURE: two_variables
TOOL: substitution
ARGUMENTS: {""equations"":[""-5*x + y + 1""],""mode"":""solve"",""target"":""x""}"
test_unseen_00002,200,unseen,"Without separately squaring both numbers, find the difference between 29 squared and 8 squared.",polynomial_identity,equation,False,factorization,substitution,False,"{""expression"":""u**2 - v**2"",""mode"":""evaluate"",""substitutions"":{""u"":29,""v"":8}}","{""expression"":""(a**2 - b**2)"",""mode"":""evaluate"",""substitutions"":{""a"":29,""b"":8}}",True,True,False,False,True,777,777,True,777,True,,"STRUCTURE: equation
TOOL: substitution
ARGUMENTS: {""expression"":""(a**2 - b**2)"",""mode"":""evaluate"",""substitutions"":{""a"":29,""b"":8}}"
test_unseen_00003,200,unseen,What number results from opening the brackets in (34 + 21)(34 + 21)?,polynomial_identity,additive_property,False,expansion,expansion,True,"{""expression"":""(a + b)**2"",""mode"":""evaluate"",""substitutions"":{""a"":34,""b"":21}}","{""expression"":""(a + b)*(a + b)"",""mode"":""evaluate"",""substitutions"":{""a"":34,""b"":21}}",True,True,False,True,True,3025,3025,True,3025,True,,"STRUCTURE: additive_property
TOOL: expansion
ARGUMENTS: {""expression"":""(a + b)*(a + b)"",""mode"":""evaluate"",""substitutions"":{""a"":34,""b"":21}}"
test_unseen_00004,200,unseen,A batch of 8 units has value 20. Find the value of a same-rate batch of 96 units.,equivalent_ratios,equivalent_ratios,True,proportional_scaling,proportional_scaling,True,"{""base_quantity"":8,""base_value"":20,""target_quantity"":96}","{""base_quantity"":8,""target_quantity"":96,""value"":20}",True,False,False,False,False,240,,False,240,True,invalid_arguments,"STRUCTURE: equivalent_ratios
TOOL: proportional_scaling
ARGUMENTS: {""base_quantity"":8,""value"":20,""target_quantity"":96}"
test_unseen_00005,200,unseen,Complete the equivalent fractions: 14/12 = 112/[blank].,equivalent_ratios,equivalent_ratios,True,cross_multiplication,cross_multiplication,True,"{""left_den"":12,""left_num"":14,""right_num"":112}","{""left_den"":12,""left_num"":14,""right_num"":112}",True,True,True,True,True,96,96,True,96,True,,"STRUCTURE: equivalent_ratios
TOOL: cross_multiplication
ARGUMENTS: {""left_den"":12,""left_num"":14,""right_num"":112}"
test_unseen_00006,200,unseen,A machine begins at 2 and applies a change of -7 for 7 rounds. What is its final value?,additive_recurrence,additive_recurrence,True,iteration,iteration,True,"{""start"":2,""step"":-7,""updates"":7}","{""count"":7,""description"":""apply a change of -7"",""method"":""multiplicative""}",True,False,False,False,False,-47,,False,-47,True,invalid_arguments,"STRUCTURE: additive_recurrence
TOOL: iteration
ARGUMENTS: {""method"":""multiplicative"",""description"":""apply a change of -7"",""count"":7}"
test_unseen_00007,200,unseen,The repeated-change process is summarized by c(k) = -2 + (k - 1)(-4). Evaluate it at k = 4.,additive_recurrence,additive_recurrence,True,substitution,substitution,True,"{""expression"":""-2 + (n - 1)*(-4)"",""mode"":""evaluate"",""substitutions"":{""n"":4}}","{""expression"":""-2 + (k - 1)*(-4)"",""mode"":""evaluate"",""substitutions"":{""k"":4}}",True,True,False,False,True,-14,-14,True,-14,True,,"STRUCTURE: additive_recurrence
TOOL: substitution
ARGUMENTS: {""expression"":""-2 + (k - 1)*(-4)"",""mode"":""evaluate"",""substitutions"":{""k"":4}}"
test_unseen_00008,200,unseen,"Knowing only that p + q = -12 and pq = -13, determine p^2 + q^2 by opening (p + q)^2.",symmetric_sum_product,symmetric_sum_product,True,expansion,expansion,True,"{""mode"":""symmetric_square_sum"",""product"":-13,""sum"":-12}","{""expression"":""(a + b)**2"",""mode"":""evaluate"",""substitutions"":{""a"":-12,""b"":-13}}",True,True,False,False,True,170,625,False,170,True,valid_but_wrong_arguments,"STRUCTURE: symmetric_sum_product
TOOL: expansion
ARGUMENTS: {""expression"":""(a + b)**2"",""mode"":""evaluate"",""substitutions"":{""a"":-12,""b"":-13}}"
test_unseen_00009,200,unseen,Split the quadratic t^2 + 9t - 36 into linear factors and report the squared-root sum.,symmetric_sum_product,symmetric_sum,False,factorization,factorization,True,"{""mode"":""root_power_sum"",""polynomial"":""t**2 + 9*t - 36"",""power"":2,""variable"":""t""}","{""mode"":""split"",""polynomial"":""t**2 + 9*t - 36"",""type"":""linear"",""is_square_free:true""}",False,False,False,False,False,153,,False,153,True,wrong_structure,"STRUCTURE: symmetric_sum
TOOL: factorization
ARGUMENTS: {""mode"":""split"",""polynomial"":""t**2 + 9*t - 36"",""type"":""linear"",""is_square_free:true""}"
test_unseen_00010,200,unseen,Insert u = 3 into -u^2 + 2u - 9. What value results?,transformed_expression,two_linear_relations,False,substitution,substitution,True,"{""expression"":""-t**2 + 2*t - 9"",""mode"":""evaluate"",""substitutions"":{""t"":3}}","{""expression"":""-t**2 + 2*t - 9"",""mode"":""evaluate"",""substitutions"":{""t"":3}}",True,True,True,True,True,-12,-12,True,-12,True,,"STRUCTURE: two_linear_relations
TOOL: substitution
ARGUMENTS: {""expression"":""-t**2 + 2*t - 9"",""mode"":""evaluate"",""substitutions"":{""t"":3}}"
test_unseen_00011,200,unseen,"After multiplying out the two shifted factors (t + -1) and (t + -9), find the result when t is -2.",transformed_expression,additive_expression,False,expansion,evaluation,False,"{""expression"":""(t - 9)*(t - 1)"",""mode"":""evaluate"",""substitutions"":{""t"":-2}}","{""expression"":""(t - 1)*(t - 9)"",""mode"":""evaluate"",""substitutions"":{""t"":-2}}",True,False,False,True,False,33,,False,33,True,wrong_structure,"STRUCTURE: additive_expression
TOOL: evaluation
ARGUMENTS: {""expression"":""(t - 1)*(t - 9)"",""mode"":""evaluate"",""substitutions"":{""t"":-2}}"
test_unseen_00012,200,unseen,The lines 2x - 2y = -24 and -2x - 3y = -6 intersect. Give their y-coordinate.,two_linear_relations,two_linear_relations,True,elimination,elimination,True,"{""equations"":[""2*x - 2*y + 24"",""-2*x - 3*y + 6""],""target"":""y""}","{""equations"":[""2*x - 2*y + 24"",""-2*x - 3*y + 6""],""target"":""y""}",True,True,True,True,True,6,6,True,6,True,,"STRUCTURE: two_linear_relations
TOOL: elimination
ARGUMENTS: {""equations"":[""2*x - 2*y + 24"",""-2*x - 3*y + 6""],""target"":""y""}"
test_unseen_00013,200,unseen,One variable is isolated in y = -5x - 7; use the other constraint 2x - 5y = -19 to obtain y.,two_linear_relations,two_linear_constraints,False,substitution,substitution,True,"{""equations"":[""5*x + y + 7"",""2*x - 5*y + 19""],""mode"":""solve_system"",""target"":""y""}","{""equations"":[""-5*x + y + 7"",""2*x - 5*y + 19""],""mode"":""solve_system"",""target"":""y""}",True,True,False,False,True,3,109/23,False,3,True,wrong_structure,"STRUCTURE: two_linear_constraints
TOOL: substitution
ARGUMENTS: {""equations"":[""-5*x + y + 7"",""2*x - 5*y + 19""],""mode"":""solve_system"",""target"":""y""}"
test_unseen_00014,200,unseen,"Without separately squaring both numbers, find the difference between 79 squared and 25 squared.",polynomial_identity,equivalent_square_sum,False,factorization,multiplication,False,"{""expression"":""u**2 - v**2"",""mode"":""evaluate"",""substitutions"":{""u"":79,""v"":25}}","{""expression"":""(a + b)**2 - (a - b)**2"",""mode"":""evaluate"",""substitutions"":{""a"":79,""b"":25}}",True,False,False,False,False,5616,,False,5616,True,wrong_structure,"STRUCTURE: equivalent_square_sum
TOOL: multiplication
ARGUMENTS: {""expression"":""(a + b)**2 - (a - b)**2"",""mode"":""evaluate"",""substitutions"":{""a"":79,""b"":25}}"
test_unseen_00015,200,unseen,What number results from opening the brackets in (32 + 31)(32 + 31)?,polynomial_identity,equivalent_operations,False,expansion,expansion,True,"{""expression"":""(a + b)**2"",""mode"":""evaluate"",""substitutions"":{""a"":32,""b"":31}}","{""expression"":""(a + b)*(a + b)"",""mode"":""evaluate"",""substitutions"":{""a"":32,""b"":31}}",True,True,False,True,True,3969,3969,True,3969,True,,"STRUCTURE: equivalent_operations
TOOL: expansion
ARGUMENTS: {""expression"":""(a + b)*(a + b)"",""mode"":""evaluate"",""substitutions"":{""a"":32,""b"":31}}"
test_unseen_00016,200,unseen,A batch of 14 units has value 19. Find the value of a same-rate batch of 154 units.,equivalent_ratios,equivalent_ratios,True,proportional_scaling,proportional_scaling,True,"{""base_quantity"":14,""base_value"":19,""target_quantity"":154}","{""base_quantity"":14,""target_quantity"":154,""value"":19}",True,False,False,False,False,209,,False,209,True,invalid_arguments,"STRUCTURE: equivalent_ratios
TOOL: proportional_scaling
ARGUMENTS: {""base_quantity"":14,""value"":19,""target_quantity"":154}"
test_unseen_00017,200,unseen,Complete the equivalent fractions: 5/17 = 20/[blank].,equivalent_ratios,equivalent_ratios,True,cross_multiplication,cross_multiplication,True,"{""left_den"":17,""left_num"":5,""right_num"":20}","{""base"":17,""target"":20}",True,False,False,False,False,68,,False,68,True,invalid_arguments,"STRUCTURE: equivalent_ratios
TOOL: cross_multiplication
ARGUMENTS: {""base"":17,""target"":20}"
test_unseen_00018,200,unseen,A machine begins at 9 and applies a change of 3 for 11 rounds. What is its final value?,additive_recurrence,additive_recurrence,True,iteration,iteration,True,"{""start"":9,""step"":3,""updates"":11}","{""increment"":3,""rounds"":11}",True,False,False,False,False,42,,False,42,True,invalid_arguments,"STRUCTURE: additive_recurrence
TOOL: iteration
ARGUMENTS: {""rounds"":11,""increment"":3}"
test_unseen_00019,200,unseen,The repeated-change process is summarized by c(k) = -18 + (k - 1)(-1). Evaluate it at k = 5.,additive_recurrence,additive_recurrence,True,substitution,substitution,True,"{""expression"":""-18 + (n - 1)*(-1)"",""mode"":""evaluate"",""substitutions"":{""n"":5}}","{""expression"":""-18 + (k - 1)*(-1)"",""mode"":""evaluate"",""substitutions"":{""k"":5}}",True,True,False,False,True,-22,-22,True,-22,True,,"STRUCTURE: additive_recurrence
TOOL: substitution
ARGUMENTS: {""expression"":""-18 + (k - 1)*(-1)"",""mode"":""evaluate"",""substitutions"":{""k"":5}}"
test_unseen_00020,200,unseen,"Knowing only that p + q = -2 and pq = -195, determine p^2 + q^2 by opening (p + q)^2.",symmetric_sum_product,symmetric_sum_product,True,expansion,expansion,True,"{""mode"":""symmetric_square_sum"",""product"":-195,""sum"":-2}","{""expression"":""(a + b)**2"",""mode"":""evaluate"",""substitutions"":{""a"":-2,""b"":-195}}",True,True,False,False,True,394,38809,False,394,True,valid_but_wrong_arguments,"STRUCTURE: symmetric_sum_product
TOOL: expansion
ARGUMENTS: {""expression"":""(a + b)**2"",""mode"":""evaluate"",""substitutions"":{""a"":-2,""b"":-195}}"
test_unseen_00021,200,unseen,Split the quadratic t^2 - 12t + 27 into linear factors and report the squared-root sum.,symmetric_sum_product,transformed_expression,False,factorization,factorization,True,"{""mode"":""root_power_sum"",""polynomial"":""t**2 - 12*t + 27"",""power"":2,""variable"":""t""}","{""expression"":""t**2 - 12*t + 27"",""mode"":""evaluate"",""substitutions"":{""t"":12}}",True,True,False,False,True,90,27,False,90,True,wrong_structure,"STRUCTURE: transformed_expression
TOOL: factorization
ARGUMENTS: {""expression"":""t**2 - 12*t + 27"",""mode"":""evaluate"",""substitutions"":{""t"":12}}"
test_unseen_00022,200,unseen,Insert u = 2 into 5u^2 + u - 1. What value results?,transformed_expression,two_linear_relations,False,substitution,substitution,True,"{""expression"":""5*t**2 + t - 1"",""mode"":""evaluate"",""substitutions"":{""t"":2}}","{""expression"":""5*t**2 + t - 1"",""mode"":""evaluate"",""substitutions"":{""t"":2}}",True,True,True,True,True,21,21,True,21,True,,"STRUCTURE: two_linear_relations
TOOL: substitution
ARGUMENTS: {""expression"":""5*t**2 + t - 1"",""mode"":""evaluate"",""substitutions"":{""t"":2}}"
test_unseen_00023,200,unseen,"After multiplying out the two shifted factors (t + -4) and (t + 2), find the result when t is -6.",transformed_expression,additive_expression,False,expansion,evaluation,False,"{""expression"":""(t - 4)*(t + 2)"",""mode"":""evaluate"",""substitutions"":{""t"":-6}}","{""expression"":""(t - 4)*(t + 2)"",""mode"":""evaluate"",""substitutions"":{""t"":-6}}",True,False,True,True,False,40,,False,40,True,wrong_structure,"STRUCTURE: additive_expression
TOOL: evaluation
ARGUMENTS: {""expression"":""(t - 4)*(t + 2)"",""mode"":""evaluate"",""substitutions"":{""t"":-6}}"
test_unseen_00024,200,unseen,The lines -2x + 4y = -26 and -5x + y = -11 intersect. Give their x-coordinate.,two_linear_relations,two_linear_relations,True,elimination,substitution,False,"{""equations"":[""-2*x + 4*y + 26"",""-5*x + y + 11""],""target"":""x""}","{""equations"":[""-2*x + 4*y + 26"",""-5*x + y + 11""],""target"":""x""}",True,False,True,True,False,1,,False,1,True,wrong_tool,"STRUCTURE: two_linear_relations
TOOL: substitution
ARGUMENTS: {""equations"":[""-2*x + 4*y + 26"",""-5*x + y + 11""],""target"":""x""}"
test_unseen_00025,200,unseen,One variable is isolated in y = -4x - 4; use the other constraint -3x - 5y = 122 to obtain y.,two_linear_relations,two_variables,False,substitution,substitution,True,"{""equations"":[""4*x + y + 4"",""-3*x - 5*y - 122""],""mode"":""solve_system"",""target"":""y""}","{""equations"":[""-4*x + y + 4"",""-3*x - 5*y - 122""],""target"":""y""}",True,False,False,False,False,-28,,False,-28,True,wrong_structure,"STRUCTURE: two_variables
TOOL: substitution
ARGUMENTS: {""equations"":[""-4*x + y + 4"",""-3*x - 5*y - 122""],""target"":""y""}"
test_unseen_00026,200,unseen,"Without separately squaring both numbers, find the difference between 48 squared and 43 squared.",polynomial_identity,equivalent_square_sum,False,factorization,multiplication,False,"{""expression"":""u**2 - v**2"",""mode"":""evaluate"",""substitutions"":{""u"":48,""v"":43}}","{""expression"":""(a + b)**2 - (a - b)**2"",""mode"":""evaluate"",""substitutions"":{""a"":48,""b"":43}}",True,False,False,False,False,455,,False,455,True,wrong_structure,"STRUCTURE: equivalent_square_sum
TOOL: multiplication
ARGUMENTS: {""expression"":""(a + b)**2 - (a - b)**2"",""mode"":""evaluate"",""substitutions"":{""a"":48,""b"":43}}"
test_unseen_00027,200,unseen,What number results from opening the brackets in (19 + 6)(19 + 6)?,polynomial_identity,parentheses_multiply,False,expansion,multiplication,False,"{""expression"":""(a + b)**2"",""mode"":""evaluate"",""substitutions"":{""a"":19,""b"":6}}","{""expression"":""(19 + 6)*(19 + 6)"",""mode"":""evaluate"",""substitutions"":{""19"":19,""6"":6}}",True,False,False,False,False,625,,False,625,True,wrong_structure,"STRUCTURE: parentheses_multiply
TOOL: multiplication
ARGUMENTS: {""expression"":""(19 + 6)*(19 + 6)"",""mode"":""evaluate"",""substitutions"":{""19"":19,""6"":6}}"
test_unseen_00028,200,unseen,A batch of 8 units has value 10. Find the value of a same-rate batch of 16 units.,equivalent_ratios,equivalent_ratios,True,proportional_scaling,proportional_scaling,True,"{""base_quantity"":8,""base_value"":10,""target_quantity"":16}","{""base_quantity"":8,""target_quantity"":16,""value"":10}",True,False,False,False,False,20,,False,20,True,invalid_arguments,"STRUCTURE: equivalent_ratios
TOOL: proportional_scaling
ARGUMENTS: {""base_quantity"":8,""value"":10,""target_quantity"":16}"
test_unseen_00029,200,unseen,Complete the equivalent fractions: 13/18 = 52/[blank].,equivalent_ratios,equivalent_ratios,True,cross_multiplication,cross_multiplication,True,"{""left_den"":18,""left_num"":13,""right_num"":52}","{""base"":13,""target"":52}",True,False,False,False,False,72,,False,72,True,invalid_arguments,"STRUCTURE: equivalent_ratios
TOOL: cross_multiplication
ARGUMENTS: {""base"":13,""target"":52}"
test_unseen_00030,200,unseen,A machine begins at 20 and applies a change of -3 for 2 rounds. What is its final value?,additive_recurrence,additive_recurrence,True,iteration,iteration,True,"{""start"":20,""step"":-3,""updates"":2}","{""rounds"":2,""step"":-3}",True,False,False,False,False,14,,False,14,True,invalid_arguments,"STRUCTURE: additive_recurrence
TOOL: iteration
ARGUMENTS: {""rounds"":2,""step"":-3}"
test_unseen_00031,200,unseen,The repeated-change process is summarized by c(k) = -3 + (k - 1)(7). Evaluate it at k = 7.,additive_recurrence,additive_recurrence,True,substitution,substitution,True,"{""expression"":""-3 + (n - 1)*(7)"",""mode"":""evaluate"",""substitutions"":{""n"":7}}","{""expression"":""-3 + (k - 1)*(7)"",""mode"":""evaluate"",""substitutions"":{""k"":7}}",True,True,False,False,True,39,39,True,39,True,,"STRUCTURE: additive_recurrence
TOOL: substitution
ARGUMENTS: {""expression"":""-3 + (k - 1)*(7)"",""mode"":""evaluate"",""substitutions"":{""k"":7}}"
test_unseen_00032,200,unseen,"Knowing only that p + q = -12 and pq = -13, determine p^2 + q^2 by opening (p + q)^2.",symmetric_sum_product,symmetric_sum_product,True,expansion,expansion,True,"{""mode"":""symmetric_square_sum"",""product"":-13,""sum"":-12}","{""expression"":""(a + b)**2"",""mode"":""evaluate"",""substitutions"":{""a"":-12,""b"":-13}}",True,True,False,False,True,170,625,False,170,True,valid_but_wrong_arguments,"STRUCTURE: symmetric_sum_product
TOOL: expansion
ARGUMENTS: {""expression"":""(a + b)**2"",""mode"":""evaluate"",""substitutions"":{""a"":-12,""b"":-13}}"
test_unseen_00033,200,unseen,Split the quadratic t^2 - 21t + 108 into linear factors and report the squared-root sum.,symmetric_sum_product,transformed_expression,False,factorization,factorization,True,"{""mode"":""root_power_sum"",""polynomial"":""t**2 - 21*t + 108"",""power"":2,""variable"":""t""}","{""expression"":""t**2 - 21*t + 108"",""mode"":""evaluate"",""substitutions"":{""t"":21/2}}",False,False,False,False,False,225,,False,225,True,wrong_structure,"STRUCTURE: transformed_expression
TOOL: factorization
ARGUMENTS: {""expression"":""t**2 - 21*t + 108"",""mode"":""evaluate"",""substitutions"":{""t"":21/2}}"
test_unseen_00034,200,unseen,Insert u = 5 into 5u^2 + 2u + 5. What value results?,transformed_expression,two_linear_relations,False,substitution,substitution,True,"{""expression"":""5*t**2 + 2*t + 5"",""mode"":""evaluate"",""substitutions"":{""t"":5}}","{""expression"":""5*u**2 + 2*u + 5"",""mode"":""evaluate"",""substitutions"":{""u"":5}}",True,True,False,False,True,140,140,True,140,True,,"STRUCTURE: two_linear_relations
TOOL: substitution
ARGUMENTS: {""expression"":""5*u**2 + 2*u + 5"",""mode"":""evaluate"",""substitutions"":{""u"":5}}"
test_unseen_00035,200,unseen,"After multiplying out the two shifted factors (t + 5) and (t + -8), find the result when t is -3.",transformed_expression,additive_expression,False,expansion,evaluation,False,"{""expression"":""(t - 8)*(t + 5)"",""mode"":""evaluate"",""substitutions"":{""t"":-3}}","{""expression"":""(t + 5)*(t - 8)"",""mode"":""evaluate"",""substitutions"":{""t"":-3}}",True,False,False,True,False,-22,,False,-22,True,wrong_structure,"STRUCTURE: additive_expression
TOOL: evaluation
ARGUMENTS: {""expression"":""(t + 5)*(t - 8)"",""mode"":""evaluate"",""substitutions"":{""t"":-3}}"
test_unseen_00036,200,unseen,The lines x - y = -3 and 3x + 2y = 6 intersect. Give their x-coordinate.,two_linear_relations,two_linear_relations,True,elimination,substitution,False,"{""equations"":[""x - y + 3"",""3*x + 2*y - 6""],""target"":""x""}","{""equations"":[""-y + x + 3"",""3*x + 2*y - 6""],""mode"":""intersection""}",True,False,False,False,False,0,,False,0,True,wrong_tool,"STRUCTURE: two_linear_relations
TOOL: substitution
ARGUMENTS: {""equations"":[""-y + x + 3"",""3*x + 2*y - 6""],""mode"":""intersection""}"
test_unseen_00037,200,unseen,One variable is isolated in y = -x - 4; use the other constraint -4x + 3y = -19 to obtain y.,two_linear_relations,two_variables,False,substitution,substitution,True,"{""equations"":[""x + y + 4"",""-4*x + 3*y + 19""],""mode"":""solve_system"",""target"":""y""}","{""equations"":[""-x + y + 4""],""mode"":""solve"",""target"":""-x + y""}",True,False,False,False,False,-5,,False,-5,True,wrong_structure,"STRUCTURE: two_variables
TOOL: substitution
ARGUMENTS: {""equations"":[""-x + y + 4""],""mode"":""solve"",""target"":""-x + y""}"
test_unseen_00038,200,unseen,"Without separately squaring both numbers, find the difference between 66 squared and 43 squared.",polynomial_identity,equivalent_square_sum,False,factorization,multiplication,False,"{""expression"":""u**2 - v**2"",""mode"":""evaluate"",""substitutions"":{""u"":66,""v"":43}}","{""expression"":""(a + b)**2 - (a - b)**2"",""mode"":""evaluate"",""substitutions"":{""a"":66,""b"":43}}",True,False,False,False,False,2507,,False,2507,True,wrong_structure,"STRUCTURE: equivalent_square_sum
TOOL: multiplication
ARGUMENTS: {""expression"":""(a + b)**2 - (a - b)**2"",""mode"":""evaluate"",""substitutions"":{""a"":66,""b"":43}}"
test_unseen_00039,200,unseen,What number results from opening the brackets in (30 + 7)(30 + 7)?,polynomial_identity,equivalent_operations,False,expansion,expansion,True,"{""expression"":""(a + b)**2"",""mode"":""evaluate"",""substitutions"":{""a"":30,""b"":7}}","{""expression"":""(a + b)*(a + b)"",""mode"":""evaluate"",""substitutions"":{""a"":30,""b"":7}}",True,True,False,True,True,1369,1369,True,1369,True,,"STRUCTURE: equivalent_operations
TOOL: expansion
ARGUMENTS: {""expression"":""(a + b)*(a + b)"",""mode"":""evaluate"",""substitutions"":{""a"":30,""b"":7}}"
test_unseen_00040,200,unseen,A batch of 11 units has value 6. Find the value of a same-rate batch of 66 units.,equivalent_ratios,equivalent_ratios,True,proportional_scaling,proportional_scaling,True,"{""base_quantity"":11,""base_value"":6,""target_quantity"":66}","{""base_quantity"":11,""target_quantity"":66,""value"":6}",True,False,False,False,False,36,,False,36,True,invalid_arguments,"STRUCTURE: equivalent_ratios
TOOL: proportional_scaling
ARGUMENTS: {""base_quantity"":11,""value"":6,""target_quantity"":66}"
test_unseen_00041,200,unseen,Complete the equivalent fractions: 13/19 = 78/[blank].,equivalent_ratios,equivalent_ratios,True,cross_multiplication,cross_multiplication,True,"{""left_den"":19,""left_num"":13,""right_num"":78}","{""left_den"":19,""left_num"":13,""right_num"":78}",True,True,True,True,True,114,114,True,114,True,,"STRUCTURE: equivalent_ratios
TOOL: cross_multiplication
ARGUMENTS: {""left_den"":19,""left_num"":13,""right_num"":78}"
test_unseen_00042,200,unseen,A machine begins at 12 and applies a change of 3 for 5 rounds. What is its final value?,additive_recurrence,additive_recurrence,True,iteration,iteration,True,"{""start"":12,""step"":3,""updates"":5}","{""increment"":3,""rounds"":5}",True,False,False,False,False,27,,False,27,True,invalid_arguments,"STRUCTURE: additive_recurrence
TOOL: iteration
ARGUMENTS: {""rounds"":5,""increment"":3}"
test_unseen_00043,200,unseen,The repeated-change process is summarized by c(k) = -18 + (k - 1)(-2). Evaluate it at k = 11.,additive_recurrence,additive_recurrence,True,substitution,substitution,True,"{""expression"":""-18 + (n - 1)*(-2)"",""mode"":""evaluate"",""substitutions"":{""n"":11}}","{""expression"":""-18 + (k - 1)*(-2)"",""mode"":""evaluate"",""substitutions"":{""k"":11}}",True,True,False,False,True,-38,-38,True,-38,True,,"STRUCTURE: additive_recurrence
TOOL: substitution
ARGUMENTS: {""expression"":""-18 + (k - 1)*(-2)"",""mode"":""evaluate"",""substitutions"":{""k"":11}}"
test_unseen_00044,200,unseen,"Knowing only that p + q = -13 and pq = 0, determine p^2 + q^2 by opening (p + q)^2.",symmetric_sum_product,symmetric_sum_product,True,expansion,expansion,True,"{""mode"":""symmetric_square_sum"",""product"":0,""sum"":-13}","{""base"":-13,""exponent"":2,""mode"":""evaluate"",""operation"":""sum_of_squares""}",True,False,False,False,False,169,,False,169,True,invalid_arguments,"STRUCTURE: symmetric_sum_product
TOOL: expansion
ARGUMENTS: {""mode"":""evaluate"",""operation"":""sum_of_squares"",""base"":-13,""exponent"":2}"
test_unseen_00045,200,unseen,Split the quadratic t^2 + 6t - 7 into linear factors and report the squared-root sum.,symmetric_sum_product,transformed_expression,False,factorization,factorization,True,"{""mode"":""root_power_sum"",""polynomial"":""t**2 + 6*t - 7"",""power"":2,""variable"":""t""}","{""expression"":""t**2 + 6*t - 7"",""mode"":""evaluate"",""substitutions"":{""t"":-7}}",True,True,False,False,True,50,0,False,50,True,wrong_structure,"STRUCTURE: transformed_expression
TOOL: factorization
ARGUMENTS: {""expression"":""t**2 + 6*t - 7"",""mode"":""evaluate"",""substitutions"":{""t"":-7}}"
test_unseen_00046,200,unseen,Insert u = -3 into 2u^2 - 4u + 2. What value results?,transformed_expression,two_linear_relations,False,substitution,substitution,True,"{""expression"":""2*t**2 - 4*t + 2"",""mode"":""evaluate"",""substitutions"":{""t"":-3}}","{""expression"":""2*t**2 - 4*t + 2"",""mode"":""evaluate"",""substitutions"":{""t"":-3}}",True,True,True,True,True,32,32,True,32,True,,"STRUCTURE: two_linear_relations
TOOL: substitution
ARGUMENTS: {""expression"":""2*t**2 - 4*t + 2"",""mode"":""evaluate"",""substitutions"":{""t"":-3}}"
test_unseen_00047,200,unseen,"After multiplying out the two shifted factors (z + -6) and (z + -3), find the result when z is 7.",transformed_expression,additive_expression,False,expansion,evaluation,False,"{""expression"":""(z - 6)*(z - 3)"",""mode"":""evaluate"",""substitutions"":{""z"":7}}","{""expression"":""(z - 6)*(z - 3)"",""mode"":""evaluate"",""substitutions"":{""z"":7}}",True,False,True,True,False,4,,False,4,True,wrong_structure,"STRUCTURE: additive_expression
TOOL: evaluation
ARGUMENTS: {""expression"":""(z - 6)*(z - 3)"",""mode"":""evaluate"",""substitutions"":{""z"":7}}"
test_unseen_00048,200,unseen,The lines -3x - 5y = -41 and -4x + y = -1 intersect. Give their y-coordinate.,two_linear_relations,two_linear_relations,True,elimination,substitution,False,"{""equations"":[""-3*x - 5*y + 41"",""-4*x + y + 1""],""target"":""y""}","{""equations"":[""-3*x - 5*y + 41"",""-4*x + y + 1""],""target"":""y""}",True,False,True,True,False,7,,False,7,True,wrong_tool,"STRUCTURE: two_linear_relations
TOOL: substitution
ARGUMENTS: {""equations"":[""-3*x - 5*y + 41"",""-4*x + y + 1""],""target"":""y""}"
test_unseen_00049,200,unseen,One variable is isolated in y = 5x + 8; use the other constraint 3x - 2y = -37 to obtain x.,two_linear_relations,two_variables,False,substitution,substitution,True,"{""equations"":[""-5*x + y - 8"",""3*x - 2*y + 37""],""mode"":""solve_system"",""target"":""x""}","{""equation"":""5*x + 8"",""mode"":""solve"",""target"":""x""}",True,False,False,False,False,3,,False,3,True,wrong_structure,"STRUCTURE: two_variables
TOOL: substitution
ARGUMENTS: {""equation"":""5*x + 8"",""mode"":""solve"",""target"":""x""}"
test_unseen_00050,200,unseen,"Without separately squaring both numbers, find the difference between 31 squared and 12 squared.",polynomial_identity,expression,False,factorization,substitution,False,"{""expression"":""u**2 - v**2"",""mode"":""evaluate"",""substitutions"":{""u"":31,""v"":12}}","{""expression"":""(x**2 - y**2)"",""mode"":""evaluate"",""substitutions"":{""x"":31,""y"":12}}",True,True,False,False,True,817,817,True,817,True,,"STRUCTURE: expression
TOOL: substitution
ARGUMENTS: {""expression"":""(x**2 - y**2)"",""mode"":""evaluate"",""substitutions"":{""x"":31,""y"":12}}"
test_unseen_00051,200,unseen,What number results from opening the brackets in (2 + 23)(2 + 23)?,polynomial_identity,equivalent_operations,False,expansion,expansion,True,"{""expression"":""(a + b)**2"",""mode"":""evaluate"",""substitutions"":{""a"":2,""b"":23}}","{""expression"":""(a + b)*(a + b)"",""mode"":""evaluate"",""substitutions"":{""a"":2,""b"":23}}",True,True,False,True,True,625,625,True,625,True,,"STRUCTURE: equivalent_operations
TOOL: expansion
ARGUMENTS: {""expression"":""(a + b)*(a + b)"",""mode"":""evaluate"",""substitutions"":{""a"":2,""b"":23}}"
test_unseen_00052,200,unseen,A batch of 2 units has value 19. Find the value of a same-rate batch of 12 units.,equivalent_ratios,equivalent_ratios,True,proportional_scaling,proportional_scaling,True,"{""base_quantity"":2,""base_value"":19,""target_quantity"":12}","{""base_quantity"":2,""target_quantity"":12,""value"":19}",True,False,False,False,False,114,,False,114,True,invalid_arguments,"STRUCTURE: equivalent_ratios
TOOL: proportional_scaling
ARGUMENTS: {""base_quantity"":2,""value"":19,""target_quantity"":12}"
test_unseen_00053,200,unseen,Complete the equivalent fractions: 11/6 = 55/[blank].,equivalent_ratios,equivalent_ratios,True,cross_multiplication,cross_multiplication,True,"{""left_den"":6,""left_num"":11,""right_num"":55}","{""base"":6,""target"":55}",True,False,False,False,False,30,,False,30,True,invalid_arguments,"STRUCTURE: equivalent_ratios
TOOL: cross_multiplication
ARGUMENTS: {""base"":6,""target"":55}"
test_unseen_00054,200,unseen,A machine begins at -10 and applies a change of -3 for 10 rounds. What is its final value?,additive_recurrence,additive_recurrence,True,iteration,iteration,True,"{""start"":-10,""step"":-3,""updates"":10}","{""initial"":-10,""rounds"":10,""step"":-3}",True,False,False,False,False,-40,,False,-40,True,invalid_arguments,"STRUCTURE: additive_recurrence
TOOL: iteration
ARGUMENTS: {""rounds"":10,""step"":-3,""initial"":-10}"
test_unseen_00055,200,unseen,The repeated-change process is summarized by c(k) = -19 + (k - 1)(-7). Evaluate it at k = 4.,additive_recurrence,additive_recurrence,True,substitution,substitution,True,"{""expression"":""-19 + (n - 1)*(-7)"",""mode"":""evaluate"",""substitutions"":{""n"":4}}","{""expression"":""-(19 + (k - 1))*(-7)"",""mode"":""evaluate"",""substitutions"":{""k"":4}}",True,True,False,False,True,-40,154,False,-40,True,valid_but_wrong_arguments,"STRUCTURE: additive_recurrence
TOOL: substitution
ARGUMENTS: {""expression"":""-(19 + (k - 1))*(-7)"",""mode"":""evaluate"",""substitutions"":{""k"":4}}"
test_unseen_00056,200,unseen,"Knowing only that p + q = 3 and pq = 2, determine p^2 + q^2 by opening (p + q)^2.",symmetric_sum_product,symmetric_sum_product,True,expansion,expansion,True,"{""mode"":""symmetric_square_sum"",""product"":2,""sum"":3}","{""mode"":""subtract"",""values"":[3,-1]}",True,False,False,False,False,5,,False,5,True,invalid_arguments,"STRUCTURE: symmetric_sum_product
TOOL: expansion
ARGUMENTS: {""mode"":""subtract"",""values"":[3,-1]}"
test_unseen_00057,200,unseen,Split the quadratic t^2 + 9t - 70 into linear factors and report the squared-root sum.,symmetric_sum_product,symmetric_sum,False,factorization,factorization,True,"{""mode"":""root_power_sum"",""polynomial"":""t**2 + 9*t - 70"",""power"":2,""variable"":""t""}","{""mode"":""root_sum"",""polynomial"":""t**2 + 9*t - 70""}",True,False,False,False,False,221,,False,221,True,wrong_structure,"STRUCTURE: symmetric_sum
TOOL: factorization
ARGUMENTS: {""mode"":""root_sum"",""polynomial"":""t**2 + 9*t - 70""}"
test_unseen_00058,200,unseen,Insert u = -3 into -u^2 + 4u - 8. What value results?,transformed_expression,two_linear_relations,False,substitution,substitution,True,"{""expression"":""-t**2 + 4*t - 8"",""mode"":""evaluate"",""substitutions"":{""t"":-3}}","{""expression"":""-t**2 + 4*t - 8"",""mode"":""evaluate"",""substitutions"":{""t"":-3}}",True,True,True,True,True,-29,-29,True,-29,True,,"STRUCTURE: two_linear_relations
TOOL: substitution
ARGUMENTS: {""expression"":""-t**2 + 4*t - 8"",""mode"":""evaluate"",""substitutions"":{""t"":-3}}"
test_unseen_00059,200,unseen,"After multiplying out the two shifted factors (z + 10) and (z + -5), find the result when z is 3.",transformed_expression,additive_expression,False,expansion,evaluation,False,"{""expression"":""(z - 5)*(z + 10)"",""mode"":""evaluate"",""substitutions"":{""z"":3}}","{""expression"":""(z + 10)*(z - 5)"",""mode"":""evaluate"",""substitutions"":{""z"":3}}",True,False,False,True,False,-26,,False,-26,True,wrong_structure,"STRUCTURE: additive_expression
TOOL: evaluation
ARGUMENTS: {""expression"":""(z + 10)*(z - 5)"",""mode"":""evaluate"",""substitutions"":{""z"":3}}"
test_unseen_00060,200,unseen,The lines 4x - y = -29 and -5x - 5y = 30 intersect. Give their x-coordinate.,two_linear_relations,two_linear_relations,True,elimination,elimination,True,"{""equations"":[""4*x - y + 29"",""-5*x - 5*y - 30""],""target"":""x""}","{""equations"":[""4*x - y + 29"",""-5*x - 5*y - 30""],""target"":""x""}",True,True,True,True,True,-7,-7,True,-7,True,,"STRUCTURE: two_linear_relations
TOOL: elimination
ARGUMENTS: {""equations"":[""4*x - y + 29"",""-5*x - 5*y - 30""],""target"":""x""}"
test_unseen_00061,200,unseen,One variable is isolated in y = -2x - 8; use the other constraint -3x - 4y = 2 to obtain x.,two_linear_relations,two_variable_relations,False,substitution,substitution,True,"{""equations"":[""2*x + y + 8"",""-3*x - 4*y - 2""],""mode"":""solve_system"",""target"":""x""}","{""equations"":[""-2*x + y + 8""],""mode"":""solve"",""target"":""x""}",True,False,False,False,False,-6,,False,-6,True,wrong_structure,"STRUCTURE: two_variable_relations
TOOL: substitution
ARGUMENTS: {""equations"":[""-2*x + y + 8""],""mode"":""solve"",""target"":""x""}"
test_unseen_00062,200,unseen,"Without separately squaring both numbers, find the difference between 45 squared and 37 squared.",polynomial_identity,equivalent_square_sum,False,factorization,multiplication,False,"{""expression"":""u**2 - v**2"",""mode"":""evaluate"",""substitutions"":{""u"":45,""v"":37}}","{""expression"":""(a + b)**2 - (a - b)**2"",""mode"":""evaluate"",""substitutions"":{""a"":45,""b"":37}}",True,False,False,False,False,656,,False,656,True,wrong_structure,"STRUCTURE: equivalent_square_sum
TOOL: multiplication
ARGUMENTS: {""expression"":""(a + b)**2 - (a - b)**2"",""mode"":""evaluate"",""substitutions"":{""a"":45,""b"":37}}"
test_unseen_00063,200,unseen,What number results from opening the brackets in (12 + 29)(12 + 29)?,polynomial_identity,additive_property,False,expansion,expansion,True,"{""expression"":""(a + b)**2"",""mode"":""evaluate"",""substitutions"":{""a"":12,""b"":29}}","{""expression"":""(a + b)*(a + b)"",""mode"":""evaluate"",""substitutions"":{""a"":12,""b"":29}}",True,True,False,True,True,1681,1681,True,1681,True,,"STRUCTURE: additive_property
TOOL: expansion
ARGUMENTS: {""expression"":""(a + b)*(a + b)"",""mode"":""evaluate"",""substitutions"":{""a"":12,""b"":29}}"
test_unseen_00064,200,unseen,A batch of 8 units has value 13. Find the value of a same-rate batch of 48 units.,equivalent_ratios,equivalent_ratios,True,proportional_scaling,proportional_scaling,True,"{""base_quantity"":8,""base_value"":13,""target_quantity"":48}","{""base_quantity"":8,""target_quantity"":48,""value"":13}",True,False,False,False,False,78,,False,78,True,invalid_arguments,"STRUCTURE: equivalent_ratios
TOOL: proportional_scaling
ARGUMENTS: {""base_quantity"":8,""value"":13,""target_quantity"":48}"
test_unseen_00065,200,unseen,Complete the equivalent fractions: 11/10 = 55/[blank].,equivalent_ratios,equivalent_ratios,True,cross_multiplication,cross_multiplication,True,"{""left_den"":10,""left_num"":11,""right_num"":55}","{""base"":10,""target"":55}",True,False,False,False,False,50,,False,50,True,invalid_arguments,"STRUCTURE: equivalent_ratios
TOOL: cross_multiplication
ARGUMENTS: {""base"":10,""target"":55}"
test_unseen_00066,200,unseen,A machine begins at -11 and applies a change of 1 for 6 rounds. What is its final value?,additive_recurrence,additive_recurrence,True,iteration,iteration,True,"{""start"":-11,""step"":1,""updates"":6}","{""initial_value"":-11,""rounds"":6}",True,False,False,False,False,-5,,False,-5,True,invalid_arguments,"STRUCTURE: additive_recurrence
TOOL: iteration
ARGUMENTS: {""rounds"":6,""initial_value"":-11}"
test_unseen_00067,200,unseen,The repeated-change process is summarized by c(k) = 5 + (k - 1)(-4). Evaluate it at k = 13.,additive_recurrence,additive_recurrence,True,substitution,substitution,True,"{""expression"":""5 + (n - 1)*(-4)"",""mode"":""evaluate"",""substitutions"":{""n"":13}}","{""expression"":""5 + (k - 1)*(-4)"",""mode"":""evaluate"",""substitutions"":{""k"":13}}",True,True,False,False,True,-43,-43,True,-43,True,,"STRUCTURE: additive_recurrence
TOOL: substitution
ARGUMENTS: {""expression"":""5 + (k - 1)*(-4)"",""mode"":""evaluate"",""substitutions"":{""k"":13}}"
test_unseen_00068,200,unseen,"Knowing only that p + q = 5 and pq = -150, determine p^2 + q^2 by opening (p + q)^2.",symmetric_sum_product,symmetric_sum_product,True,expansion,expansion,True,"{""mode"":""symmetric_square_sum"",""product"":-150,""sum"":5}","{""mode"":""symmetric_square_sum"",""product"":-150,""sum"":5}",True,True,True,True,True,325,325,True,325,True,,"STRUCTURE: symmetric_sum_product
TOOL: expansion
ARGUMENTS: {""mode"":""symmetric_square_sum"",""product"":-150,""sum"":5}"
test_unseen_00069,200,unseen,Split the quadratic t^2 + 10t into linear factors and report the squared-root sum.,symmetric_sum_product,transformed_expression,False,factorization,factorization,True,"{""mode"":""root_power_sum"",""polynomial"":""t**2 + 10*t"",""power"":2,""variable"":""t""}","{""expression"":""t**2 + 10*t"",""mode"":""evaluate"",""substitutions"":{""t"":10}}",True,True,False,False,True,100,200,False,100,True,wrong_structure,"STRUCTURE: transformed_expression
TOOL: factorization
ARGUMENTS: {""expression"":""t**2 + 10*t"",""mode"":""evaluate"",""substitutions"":{""t"":10}}"
test_unseen_00070,200,unseen,Insert u = 0 into -u^2 + 6u + 3. What value results?,transformed_expression,two_linear_relations,False,substitution,substitution,True,"{""expression"":""-t**2 + 6*t + 3"",""mode"":""evaluate"",""substitutions"":{""t"":0}}","{""equations"":[""-u**2 + 6*u + 3""],""mode"":""solve"",""target"":0}",True,False,False,False,False,3,,False,3,True,wrong_structure,"STRUCTURE: two_linear_relations
TOOL: substitution
ARGUMENTS: {""equations"":[""-u**2 + 6*u + 3""],""mode"":""solve"",""target"":0}"
test_unseen_00071,200,unseen,"After multiplying out the two shifted factors (z + -1) and (z + -1), find the result when z is 4.",transformed_expression,additive_expression,False,expansion,evaluation,False,"{""expression"":""(z - 1)**2"",""mode"":""evaluate"",""substitutions"":{""z"":4}}","{""expression"":""(z - 1)*(z - 1)"",""mode"":""evaluate"",""substitutions"":{""z"":4}}",True,False,False,True,False,9,,False,9,True,wrong_structure,"STRUCTURE: additive_expression
TOOL: evaluation
ARGUMENTS: {""expression"":""(z - 1)*(z - 1)"",""mode"":""evaluate"",""substitutions"":{""z"":4}}"
test_unseen_00072,200,unseen,The lines x + 2y = 17 and 2x - 4y = -14 intersect. Give their y-coordinate.,two_linear_relations,two_linear_relations,True,elimination,elimination,True,"{""equations"":[""x + 2*y - 17"",""2*x - 4*y + 14""],""target"":""y""}","{""equations"":[""-x + 2*y - 17"",""2*x - 4*y + 14""],""target"":""y""}",True,True,False,False,False,6,,False,6,True,valid_but_wrong_arguments,"STRUCTURE: two_linear_relations
TOOL: elimination
ARGUMENTS: {""equations"":[""-x + 2*y - 17"",""2*x - 4*y + 14""],""target"":""y""}"
test_unseen_00073,200,unseen,One variable is isolated in y = -2x; use the other constraint -2x + 3y = -72 to obtain x.,two_linear_relations,two_linear_constraints,False,substitution,substitution,True,"{""equations"":[""2*x + y"",""-2*x + 3*y + 72""],""mode"":""solve_system"",""target"":""x""}","{""equations"":[""-2*x + 3*y"",""-72""],""mode"":""solve_system"",""target"":""x""}",True,True,False,False,False,9,,False,9,True,wrong_structure,"STRUCTURE: two_linear_constraints
TOOL: substitution
ARGUMENTS: {""equations"":[""-2*x + 3*y"",""-72""],""mode"":""solve_system"",""target"":""x""}"
test_unseen_00074,200,unseen,"Without separately squaring both numbers, find the difference between 27 squared and 24 squared.",polynomial_identity,equivalent_square_sum,False,factorization,multiplication,False,"{""expression"":""u**2 - v**2"",""mode"":""evaluate"",""substitutions"":{""u"":27,""v"":24}}","{""expression"":""(a + b)**2 - (a - b)**2"",""mode"":""evaluate"",""substitutions"":{""a"":27,""b"":24}}",True,False,False,False,False,153,,False,153,True,wrong_structure,"STRUCTURE: equivalent_square_sum
TOOL: multiplication
ARGUMENTS: {""expression"":""(a + b)**2 - (a - b)**2"",""mode"":""evaluate"",""substitutions"":{""a"":27,""b"":24}}"
test_unseen_00075,200,unseen,What number results from opening the brackets in (25 + 16)(25 + 16)?,polynomial_identity,two_sided_parentheses,False,expansion,expansion,True,"{""expression"":""(a + b)**2"",""mode"":""evaluate"",""substitutions"":{""a"":25,""b"":16}}","{""expression"":""(a + b)*(a + b)"",""mode"":""evaluate"",""substitutions"":{""a"":25,""b"":16}}",True,True,False,True,True,1681,1681,True,1681,True,,"STRUCTURE: two_sided_parentheses
TOOL: expansion
ARGUMENTS: {""expression"":""(a + b)*(a + b)"",""mode"":""evaluate"",""substitutions"":{""a"":25,""b"":16}}"
test_unseen_00076,200,unseen,A batch of 8 units has value 11. Find the value of a same-rate batch of 64 units.,equivalent_ratios,equivalent_ratios,True,proportional_scaling,proportional_scaling,True,"{""base_quantity"":8,""base_value"":11,""target_quantity"":64}","{""base_quantity"":8,""target_quantity"":64,""value"":11}",True,False,False,False,False,88,,False,88,True,invalid_arguments,"STRUCTURE: equivalent_ratios
TOOL: proportional_scaling
ARGUMENTS: {""base_quantity"":8,""value"":11,""target_quantity"":64}"
test_unseen_00077,200,unseen,Complete the equivalent fractions: 3/2 = 24/[blank].,equivalent_ratios,equivalent_ratios,True,cross_multiplication,cross_multiplication,True,"{""left_den"":2,""left_num"":3,""right_num"":24}","{""left_den"":2,""left_num"":3,""right_num"":24}",True,True,True,True,True,16,16,True,16,True,,"STRUCTURE: equivalent_ratios
TOOL: cross_multiplication
ARGUMENTS: {""left_den"":2,""left_num"":3,""right_num"":24}"
test_unseen_00078,200,unseen,A machine begins at -6 and applies a change of 9 for 6 rounds. What is its final value?,additive_recurrence,additive_recurrence,True,iteration,iteration,True,"{""start"":-6,""step"":9,""updates"":6}","{""count"":6,""initial"":-6,""method"":""multiplicative""}",True,False,False,False,False,48,,False,48,True,invalid_arguments,"STRUCTURE: additive_recurrence
TOOL: iteration
ARGUMENTS: {""method"":""multiplicative"",""count"":6,""initial"":-6}"
test_unseen_00079,200,unseen,The repeated-change process is summarized by c(k) = -19 + (k - 1)(-4). Evaluate it at k = 15.,additive_recurrence,additive_recurrence,True,substitution,substitution,True,"{""expression"":""-19 + (n - 1)*(-4)"",""mode"":""evaluate"",""substitutions"":{""n"":15}}","{""expression"":""-19 + (k - 1)*(-4)"",""mode"":""evaluate"",""substitutions"":{""k"":15}}",True,True,False,False,True,-75,-75,True,-75,True,,"STRUCTURE: additive_recurrence
TOOL: substitution
ARGUMENTS: {""expression"":""-19 + (k - 1)*(-4)"",""mode"":""evaluate"",""substitutions"":{""k"":15}}"
test_unseen_00080,200,unseen,"Knowing only that p + q = -4 and pq = -45, determine p^2 + q^2 by opening (p + q)^2.",symmetric_sum_product,symmetric_sum_product,True,expansion,expansion,True,"{""mode"":""symmetric_square_sum"",""product"":-45,""sum"":-4}","{""mode"":""symmetric_square_sum"",""product"":-4,""sum"":-4}",True,True,False,False,True,106,24,False,106,True,valid_but_wrong_arguments,"STRUCTURE: symmetric_sum_product
TOOL: expansion
ARGUMENTS: {""mode"":""symmetric_square_sum"",""product"":-4,""sum"":-4}"
test_unseen_00081,200,unseen,Split the quadratic t^2 - t - 30 into linear factors and report the squared-root sum.,symmetric_sum_product,transformed_expression,False,factorization,factorization,True,"{""mode"":""root_power_sum"",""polynomial"":""t**2 - t - 30"",""power"":2,""variable"":""t""}","{""expression"":""t**2 - t - 30"",""mode"":""evaluate"",""substitutions"":{""t"":30}}",True,True,False,False,True,61,840,False,61,True,wrong_structure,"STRUCTURE: transformed_expression
TOOL: factorization
ARGUMENTS: {""expression"":""t**2 - t - 30"",""mode"":""evaluate"",""substitutions"":{""t"":-1,""t"":3,""t"":30}}"
test_unseen_00082,200,unseen,Insert u = -7 into u^2 + 6u + 3. What value results?,transformed_expression,transformed_expression,True,substitution,substitution,True,"{""expression"":""t**2 + 6*t + 3"",""mode"":""evaluate"",""substitutions"":{""t"":-7}}","{""expression"":""u**2 + 6*u + 3"",""mode"":""evaluate"",""substitutions"":{""u"":-7}}",True,True,False,False,True,10,10,True,10,True,,"STRUCTURE: transformed_expression
TOOL: substitution
ARGUMENTS: {""expression"":""u**2 + 6*u + 3"",""mode"":""evaluate"",""substitutions"":{""u"":-7}}"
test_unseen_00083,200,unseen,"After multiplying out the two shifted factors (t + 8) and (t + 8), find the result when t is -7.",transformed_expression,additive_expression,False,expansion,evaluation,False,"{""expression"":""(t + 8)**2"",""mode"":""evaluate"",""substitutions"":{""t"":-7}}","{""expression"":""(t + 8)*(t + 8)"",""mode"":""evaluate"",""substitutions"":{""t"":-7}}",True,False,False,True,False,1,,False,1,True,wrong_structure,"STRUCTURE: additive_expression
TOOL: evaluation
ARGUMENTS: {""expression"":""(t + 8)*(t + 8)"",""mode"":""evaluate"",""substitutions"":{""t"":-7}}"
test_unseen_00084,200,unseen,The lines 2x - 5y = 2 and -4x - y = 18 intersect. Give their y-coordinate.,two_linear_relations,two_linear_relations,True,elimination,elimination,True,"{""equations"":[""2*x - 5*y - 2"",""-4*x - y - 18""],""target"":""y""}","{""equations"":[""2*x - 5*y - 2"",""-4*x - y - 18""],""target"":""y""}",True,True,True,True,True,-2,-2,True,-2,True,,"STRUCTURE: two_linear_relations
TOOL: elimination
ARGUMENTS: {""equations"":[""2*x - 5*y - 2"",""-4*x - y - 18""],""target"":""y""}"
test_unseen_00085,200,unseen,One variable is isolated in y = 6 - 3x; use the other constraint -x - 5y = -114 to obtain x.,two_linear_relations,two_variable_relations,False,substitution,substitution,True,"{""equations"":[""3*x + y - 6"",""-x - 5*y + 114""],""mode"":""solve_system"",""target"":""x""}","{""equations"":[""-x + 5*y - 114"",""-3*x + 6*y""],""mode"":""solve_system"",""target"":""x""}",True,True,False,False,True,-6,76,False,-6,True,wrong_structure,"STRUCTURE: two_variable_relations
TOOL: substitution
ARGUMENTS: {""equations"":[""-x + 5*y - 114"",""-3*x + 6*y""],""mode"":""solve_system"",""target"":""x""}"
test_unseen_00086,200,unseen,"Without separately squaring both numbers, find the difference between 37 squared and 35 squared.",polynomial_identity,equivalent_square_sum,False,factorization,multiplication,False,"{""expression"":""u**2 - v**2"",""mode"":""evaluate"",""substitutions"":{""u"":37,""v"":35}}","{""expression"":""(a + b)**2 - (a - b)**2"",""mode"":""evaluate"",""substitutions"":{""a"":37,""b"":35}}",True,False,False,False,False,144,,False,144,True,wrong_structure,"STRUCTURE: equivalent_square_sum
TOOL: multiplication
ARGUMENTS: {""expression"":""(a + b)**2 - (a - b)**2"",""mode"":""evaluate"",""substitutions"":{""a"":37,""b"":35}}"
test_unseen_00087,200,unseen,What number results from opening the brackets in (24 + 6)(24 + 6)?,polynomial_identity,polynomial_multiplication,False,expansion,expansion,True,"{""expression"":""(a + b)**2"",""mode"":""evaluate"",""substitutions"":{""a"":24,""b"":6}}","{""expression"":""(a + b)*(a + b)"",""mode"":""evaluate"",""substitutions"":{""a"":24,""b"":6}}",True,True,False,True,True,900,900,True,900,True,,"STRUCTURE: polynomial_multiplication
TOOL: expansion
ARGUMENTS: {""expression"":""(a + b)*(a + b)"",""mode"":""evaluate"",""substitutions"":{""a"":24,""b"":6}}"
test_unseen_00088,200,unseen,A batch of 2 units has value 2. Find the value of a same-rate batch of 4 units.,equivalent_ratios,equivalent_ratios,True,proportional_scaling,proportional_scaling,True,"{""base_quantity"":2,""base_value"":2,""target_quantity"":4}","{""base_quantity"":2,""target_quantity"":4,""value"":2}",True,False,False,False,False,4,,False,4,True,invalid_arguments,"STRUCTURE: equivalent_ratios
TOOL: proportional_scaling
ARGUMENTS: {""base_quantity"":2,""value"":2,""target_quantity"":4}"
test_unseen_00089,200,unseen,Complete the equivalent fractions: 14/19 = 140/[blank].,equivalent_ratios,equivalent_ratios,True,cross_multiplication,cross_multiplication,True,"{""left_den"":19,""left_num"":14,""right_num"":140}","{""left_den"":19,""left_num"":14}",True,False,False,False,False,190,,False,190,True,invalid_arguments,"STRUCTURE: equivalent_ratios
TOOL: cross_multiplication
ARGUMENTS: {""left_den"":19,""left_num"":14}"
test_unseen_00090,200,unseen,A machine begins at 1 and applies a change of 7 for 3 rounds. What is its final value?,additive_recurrence,additive_recurrence,True,iteration,iteration,True,"{""start"":1,""step"":7,""updates"":3}","{""initial_value"":1,""rounds"":3}",True,False,False,False,False,22,,False,22,True,invalid_arguments,"STRUCTURE: additive_recurrence
TOOL: iteration
ARGUMENTS: {""rounds"":3,""initial_value"":1}"
test_unseen_00091,200,unseen,The repeated-change process is summarized by c(k) = 14 + (k - 1)(2). Evaluate it at k = 10.,additive_recurrence,additive_recurrence,True,substitution,substitution,True,"{""expression"":""14 + (n - 1)*(2)"",""mode"":""evaluate"",""substitutions"":{""n"":10}}","{""expression"":""14 + (k - 1)*(2)"",""mode"":""evaluate"",""substitutions"":{""k"":10}}",True,True,False,False,True,32,32,True,32,True,,"STRUCTURE: additive_recurrence
TOOL: substitution
ARGUMENTS: {""expression"":""14 + (k - 1)*(2)"",""mode"":""evaluate"",""substitutions"":{""k"":10}}"
test_unseen_00092,200,unseen,"Knowing only that p + q = 4 and pq = -96, determine p^2 + q^2 by opening (p + q)^2.",symmetric_sum_product,symmetric_sum_product,True,expansion,expansion,True,"{""mode"":""symmetric_square_sum"",""product"":-96,""sum"":4}","{""mode"":""symmetric_square_sum"",""product"":-96,""sum"":4}",True,True,True,True,True,208,208,True,208,True,,"STRUCTURE: symmetric_sum_product
TOOL: expansion
ARGUMENTS: {""mode"":""symmetric_square_sum"",""product"":-96,""sum"":4}"
test_unseen_00093,200,unseen,Split the quadratic t^2 - 20t + 91 into linear factors and report the squared-root sum.,symmetric_sum_product,transformed_expression,False,factorization,factorization,True,"{""mode"":""root_power_sum"",""polynomial"":""t**2 - 20*t + 91"",""power"":2,""variable"":""t""}","{""expression"":""t**2 - 20*t + 91"",""mode"":""evaluate"",""substitutions"":{""t"":20}}",True,True,False,False,True,218,91,False,218,True,wrong_structure,"STRUCTURE: transformed_expression
TOOL: factorization
ARGUMENTS: {""expression"":""t**2 - 20*t + 91"",""mode"":""evaluate"",""substitutions"":{""t"":20}}"
test_unseen_00094,200,unseen,Insert u = -7 into 4u^2 + 7u - 12. What value results?,transformed_expression,two_linear_relations,False,substitution,substitution,True,"{""expression"":""4*t**2 + 7*t - 12"",""mode"":""evaluate"",""substitutions"":{""t"":-7}}","{""expression"":""4*t**2 + 7*t - 12"",""mode"":""evaluate"",""substitutions"":{""t"":-7}}",True,True,True,True,True,135,135,True,135,True,,"STRUCTURE: two_linear_relations
TOOL: substitution
ARGUMENTS: {""expression"":""4*t**2 + 7*t - 12"",""mode"":""evaluate"",""substitutions"":{""t"":-7}}"
test_unseen_00095,200,unseen,"After multiplying out the two shifted factors (z + -10) and (z + 2), find the result when z is -7.",transformed_expression,additive_expression,False,expansion,evaluation,False,"{""expression"":""(z - 10)*(z + 2)"",""mode"":""evaluate"",""substitutions"":{""z"":-7}}","{""expression"":""(z - 10)*(z + 2)"",""mode"":""evaluate"",""substitutions"":{""z"":-7}}",True,False,True,True,False,85,,False,85,True,wrong_structure,"STRUCTURE: additive_expression
TOOL: evaluation
ARGUMENTS: {""expression"":""(z - 10)*(z + 2)"",""mode"":""evaluate"",""substitutions"":{""z"":-7}}"
test_unseen_00096,200,unseen,The lines -4x + 4y = -60 and -2x + 5y = -51 intersect. Give their y-coordinate.,two_linear_relations,two_linear_relations,True,elimination,elimination,True,"{""equations"":[""-4*x + 4*y + 60"",""-2*x + 5*y + 51""],""target"":""y""}","{""equations"":[""-4*x + 4*y + 60"",""-2*x + 5*y - 51""],""target"":""y""}",True,True,False,False,True,-7,27,False,-7,True,valid_but_wrong_arguments,"STRUCTURE: two_linear_relations
TOOL: elimination
ARGUMENTS: {""equations"":[""-4*x + 4*y + 60"",""-2*x + 5*y - 51""],""target"":""y""}"
test_unseen_00097,200,unseen,One variable is isolated in y = 4 - 5x; use the other constraint 3x + 5y = -156 to obtain x.,two_linear_relations,two_variables,False,substitution,substitution,True,"{""equations"":[""5*x + y - 4"",""3*x + 5*y + 156""],""mode"":""solve_system"",""target"":""x""}","{""equation"":""-5*x + y - 4"",""mode"":""solve"",""target"":""x""}",True,False,False,False,False,8,,False,8,True,wrong_structure,"STRUCTURE: two_variables
TOOL: substitution
ARGUMENTS: {""equation"":""-5*x + y - 4"",""mode"":""solve"",""target"":""x""}"
test_unseen_00098,200,unseen,"Without separately squaring both numbers, find the difference between 75 squared and 6 squared.",polynomial_identity,expression,False,factorization,substitution,False,"{""expression"":""u**2 - v**2"",""mode"":""evaluate"",""substitutions"":{""u"":75,""v"":6}}","{""expression"":""(long long)x**2 - y**2"",""mode"":""evaluate"",""substitutions"":{""x"":75,""y"":6}}",True,False,False,False,False,5589,,False,5589,True,wrong_structure,"STRUCTURE: expression
TOOL: substitution
ARGUMENTS: {""expression"":""(long long)x**2 - y**2"",""mode"":""evaluate"",""substitutions"":{""x"":75,""y"":6}}"
test_unseen_00099,200,unseen,What number results from opening the brackets in (26 + 9)(26 + 9)?,polynomial_identity,polynomial_identity,True,expansion,expansion,True,"{""expression"":""(a + b)**2"",""mode"":""evaluate"",""substitutions"":{""a"":26,""b"":9}}","{""expression"":""(a + b)*(a + b)"",""mode"":""evaluate"",""substitutions"":{""a"":26,""b"":9}}",True,True,False,True,True,1225,1225,True,1225,True,,"STRUCTURE: polynomial_identity
TOOL: expansion
ARGUMENTS: {""expression"":""(a + b)*(a + b)"",""mode"":""evaluate"",""substitutions"":{""a"":26,""b"":9}}"
test_unseen_00100,200,unseen,A batch of 10 units has value 6. Find the value of a same-rate batch of 120 units.,equivalent_ratios,equivalent_ratios,True,proportional_scaling,proportional_scaling,True,"{""base_quantity"":10,""base_value"":6,""target_quantity"":120}","{""base_quantity"":10,""target_quantity"":120,""value"":6}",True,False,False,False,False,72,,False,72,True,invalid_arguments,"STRUCTURE: equivalent_ratios
TOOL: proportional_scaling
ARGUMENTS: {""base_quantity"":10,""value"":6,""target_quantity"":120}"
test_unseen_00101,200,unseen,Complete the equivalent fractions: 3/10 = 15/[blank].,equivalent_ratios,equivalent_ratios,True,cross_multiplication,cross_multiplication,True,"{""left_den"":10,""left_num"":3,""right_num"":15}","{""left_den"":10,""left_num"":3,""right_num"":15}",True,True,True,True,True,50,50,True,50,True,,"STRUCTURE: equivalent_ratios
TOOL: cross_multiplication
ARGUMENTS: {""left_den"":10,""left_num"":3,""right_num"":15}"
test_unseen_00102,200,unseen,A machine begins at -3 and applies a change of -1 for 5 rounds. What is its final value?,additive_recurrence,additive_recurrence,True,iteration,iteration,True,"{""start"":-3,""step"":-1,""updates"":5}","{""rounds"":5,""start"":-3,""step"":-1}",True,False,False,False,False,-8,,False,-8,True,invalid_arguments,"STRUCTURE: additive_recurrence
TOOL: iteration
ARGUMENTS: {""start"":-3,""step"":-1,""rounds"":5}"
test_unseen_00103,200,unseen,The repeated-change process is summarized by c(k) = 14 + (k - 1)(2). Evaluate it at k = 4.,additive_recurrence,additive_recurrence,True,substitution,substitution,True,"{""expression"":""14 + (n - 1)*(2)"",""mode"":""evaluate"",""substitutions"":{""n"":4}}","{""expression"":""14 + (k - 1)*(2)"",""mode"":""evaluate"",""substitutions"":{""k"":4}}",True,True,False,False,True,20,20,True,20,True,,"STRUCTURE: additive_recurrence
TOOL: substitution
ARGUMENTS: {""expression"":""14 + (k - 1)*(2)"",""mode"":""evaluate"",""substitutions"":{""k"":4}}"
test_unseen_00104,200,unseen,"Knowing only that p + q = 5 and pq = 4, determine p^2 + q^2 by opening (p + q)^2.",symmetric_sum_product,symmetric_sum_product,True,expansion,expansion,True,"{""mode"":""symmetric_square_sum"",""product"":4,""sum"":5}","{""expression"":""(a+b)**2"",""mode"":""evaluate"",""substitutions"":{""a"":5,""b"":4}}",True,True,False,False,True,17,81,False,17,True,valid_but_wrong_arguments,"STRUCTURE: symmetric_sum_product
TOOL: expansion
ARGUMENTS: {""expression"":""(a+b)**2"",""mode"":""evaluate"",""substitutions"":{""a"":5,""b"":4}}"
test_unseen_00105,200,unseen,Split the quadratic t^2 - 4t - 21 into linear factors and report the squared-root sum.,symmetric_sum_product,symmetric_sum,False,factorization,factorization,True,"{""mode"":""root_power_sum"",""polynomial"":""t**2 - 4*t - 21"",""power"":2,""variable"":""t""}","{""mode"":""root_sum"",""polynomial"":""t**2 - 4*t - 21""}",True,False,False,False,False,58,,False,58,True,wrong_structure,"STRUCTURE: symmetric_sum
TOOL: factorization
ARGUMENTS: {""mode"":""root_sum"",""polynomial"":""t**2 - 4*t - 21""}"
test_unseen_00106,200,unseen,Insert u = -4 into 4u^2 - 8u - 2. What value results?,transformed_expression,two_linear_relations,False,substitution,substitution,True,"{""expression"":""4*t**2 - 8*t - 2"",""mode"":""evaluate"",""substitutions"":{""t"":-4}}","{""expression"":""4*t**2 - 8*t - 2"",""mode"":""evaluate"",""substitutions"":{""t"":-4}}",True,True,True,True,True,94,94,True,94,True,,"STRUCTURE: two_linear_relations
TOOL: substitution
ARGUMENTS: {""expression"":""4*t**2 - 8*t - 2"",""mode"":""evaluate"",""substitutions"":{""t"":-4}}"
test_unseen_00107,200,unseen,"After multiplying out the two shifted factors (z + 3) and (z + -10), find the result when z is 4.",transformed_expression,additive_expression,False,expansion,evaluation,False,"{""expression"":""(z - 10)*(z + 3)"",""mode"":""evaluate"",""substitutions"":{""z"":4}}","{""expression"":""(z + 3)*(z - 10)"",""mode"":""evaluate"",""substitutions"":{""z"":4}}",True,False,False,True,False,-42,,False,-42,True,wrong_structure,"STRUCTURE: additive_expression
TOOL: evaluation
ARGUMENTS: {""expression"":""(z + 3)*(z - 10)"",""mode"":""evaluate"",""substitutions"":{""z"":4}}"
test_unseen_00108,200,unseen,The lines -3x - 5y = -30 and x - 2y = -1 intersect. Give their x-coordinate.,two_linear_relations,two_linear_relations,True,elimination,substitution,False,"{""equations"":[""-3*x - 5*y + 30"",""x - 2*y + 1""],""target"":""x""}","{""equations"":[""-3*x - 5*y + 30"",""x - 2*y + 1""],""target"":""x""}",True,False,True,True,False,5,,False,5,True,wrong_tool,"STRUCTURE: two_linear_relations
TOOL: substitution
ARGUMENTS: {""equations"":[""-3*x - 5*y + 30"",""x - 2*y + 1""],""target"":""x""}"
test_unseen_00109,200,unseen,One variable is isolated in y = 5x + 2; use the other constraint 2x + y = -19 to obtain y.,two_linear_relations,two_linear_constraints,False,substitution,substitution,True,"{""equations"":[""-5*x + y - 2"",""2*x + y + 19""],""mode"":""solve_system"",""target"":""y""}","{""equations"":[""-5*x + 2"",""2*y + x + 19""],""mode"":""solve_system"",""target"":""y""}",True,True,False,False,True,-13,-97/10,False,-13,True,wrong_structure,"STRUCTURE: two_linear_constraints
TOOL: substitution
ARGUMENTS: {""equations"":[""-5*x + 2"",""2*y + x + 19""],""mode"":""solve_system"",""target"":""y""}"
test_unseen_00110,200,unseen,"Without separately squaring both numbers, find the difference between 80 squared and 23 squared.",polynomial_identity,equation,False,factorization,substitution,False,"{""expression"":""u**2 - v**2"",""mode"":""evaluate"",""substitutions"":{""u"":80,""v"":23}}","{""expression"":""(long x)**2 - short**2"",""mode"":""evaluate"",""substitutions"":{""long : 80,""short"":23}}",False,False,False,False,False,5871,,False,5871,True,wrong_structure,"STRUCTURE: equation
TOOL: substitution
ARGUMENTS: {""expression"":""(long x)**2 - short**2"",""mode"":""evaluate"",""substitutions"":{""long : 80,""short"":23}}"
test_unseen_00111,200,unseen,What number results from opening the brackets in (4 + 27)(4 + 27)?,polynomial_identity,equivalent_operations,False,expansion,expansion,True,"{""expression"":""(a + b)**2"",""mode"":""evaluate"",""substitutions"":{""a"":4,""b"":27}}","{""expression"":""(a + b)*(a + b)"",""mode"":""evaluate"",""substitutions"":{""a"":4,""b"":27}}",True,True,False,True,True,961,961,True,961,True,,"STRUCTURE: equivalent_operations
TOOL: expansion
ARGUMENTS: {""expression"":""(a + b)*(a + b)"",""mode"":""evaluate"",""substitutions"":{""a"":4,""b"":27}}"
test_unseen_00112,200,unseen,A batch of 9 units has value 22. Find the value of a same-rate batch of 63 units.,equivalent_ratios,equivalent_ratios,True,proportional_scaling,proportional_scaling,True,"{""base_quantity"":9,""base_value"":22,""target_quantity"":63}","{""base_quantity"":9,""target_quantity"":63,""value"":22}",True,False,False,False,False,154,,False,154,True,invalid_arguments,"STRUCTURE: equivalent_ratios
TOOL: proportional_scaling
ARGUMENTS: {""base_quantity"":9,""value"":22,""target_quantity"":63}"
test_unseen_00113,200,unseen,Complete the equivalent fractions: 10/10 = 100/[blank].,equivalent_ratios,equivalent_ratios,True,cross_multiplication,cross_multiplication,True,"{""left_den"":10,""left_num"":10,""right_num"":100}","{""expression"":""10/a"",""mode"":""evaluate"",""substitutions"":{""a"":10}}",True,False,False,False,False,100,,False,100,True,invalid_arguments,"STRUCTURE: equivalent_ratios
TOOL: cross_multiplication
ARGUMENTS: {""expression"":""10/a"",""mode"":""evaluate"",""substitutions"":{""a"":10}}"
test_unseen_00114,200,unseen,A machine begins at 17 and applies a change of 3 for 4 rounds. What is its final value?,additive_recurrence,additive_recurrence,True,iteration,iteration,True,"{""start"":17,""step"":3,""updates"":4}","{""count"":4,""initial"":17,""method"":""multiplicative""}",True,False,False,False,False,29,,False,29,True,invalid_arguments,"STRUCTURE: additive_recurrence
TOOL: iteration
ARGUMENTS: {""method"":""multiplicative"",""count"":4,""initial"":17}"
test_unseen_00115,200,unseen,The repeated-change process is summarized by c(k) = -18 + (k - 1)(7). Evaluate it at k = 15.,additive_recurrence,additive_recurrence,True,substitution,substitution,True,"{""expression"":""-18 + (n - 1)*(7)"",""mode"":""evaluate"",""substitutions"":{""n"":15}}","{""expression"":""-18 + (k - 1)*(7)"",""mode"":""evaluate"",""substitutions"":{""k"":15}}",True,True,False,False,True,80,80,True,80,True,,"STRUCTURE: additive_recurrence
TOOL: substitution
ARGUMENTS: {""expression"":""-18 + (k - 1)*(7)"",""mode"":""evaluate"",""substitutions"":{""k"":15}}"
test_unseen_00116,200,unseen,"Knowing only that p + q = 7 and pq = 0, determine p^2 + q^2 by opening (p + q)^2.",symmetric_sum_product,symmetric_sum_product,True,expansion,expansion,True,"{""mode"":""symmetric_square_sum"",""product"":0,""sum"":7}","{""exponent"":2,""mode"":""expand"",""power"":2}",True,False,False,False,False,49,,False,49,True,invalid_arguments,"STRUCTURE: symmetric_sum_product
TOOL: expansion
ARGUMENTS: {""mode"":""expand"",""power"":2,""exponent"":2}"
test_unseen_00117,200,unseen,Split the quadratic t^2 - 10t + 24 into linear factors and report the squared-root sum.,symmetric_sum_product,transformed_expression,False,factorization,factorization,True,"{""mode"":""root_power_sum"",""polynomial"":""t**2 - 10*t + 24"",""power"":2,""variable"":""t""}","{""expression"":""t**2 - 10*t + 24"",""mode"":""evaluate"",""substitutions"":{""t"":10}}",True,True,False,False,True,52,24,False,52,True,wrong_structure,"STRUCTURE: transformed_expression
TOOL: factorization
ARGUMENTS: {""expression"":""t**2 - 10*t + 24"",""mode"":""evaluate"",""substitutions"":{""t"":10}}"
test_unseen_00118,200,unseen,Insert u = -4 into -4u^2 - 3. What value results?,transformed_expression,two_linear_relations,False,substitution,substitution,True,"{""expression"":""-4*t**2 - 3"",""mode"":""evaluate"",""substitutions"":{""t"":-4}}","{""expression"":""-4*u**2 - 3"",""mode"":""evaluate"",""substitutions"":{""u"":-4}}",True,True,False,False,True,-67,-67,True,-67,True,,"STRUCTURE: two_linear_relations
TOOL: substitution
ARGUMENTS: {""expression"":""-4*u**2 - 3"",""mode"":""evaluate"",""substitutions"":{""u"":-4}}"
test_unseen_00119,200,unseen,"After multiplying out the two shifted factors (z + -1) and (z + 8), find the result when z is 2.",transformed_expression,additive_expression,False,expansion,evaluation,False,"{""expression"":""(z - 1)*(z + 8)"",""mode"":""evaluate"",""substitutions"":{""z"":2}}","{""expression"":""(z - 1)*(z + 8)"",""mode"":""evaluate"",""substitutions"":{""z"":2}}",True,False,True,True,False,10,,False,10,True,wrong_structure,"STRUCTURE: additive_expression
TOOL: evaluation
ARGUMENTS: {""expression"":""(z - 1)*(z + 8)"",""mode"":""evaluate"",""substitutions"":{""z"":2}}"
test_seen_00000,500,seen,Solve the simultaneous relations -4x + 2y = 32 and 4x + 2y = -32. Find x.,two_linear_relations,two_linear_relations,True,elimination,elimination,True,"{""equations"":[""-4*x + 2*y - 32"",""4*x + 2*y + 32""],""target"":""x""}","{""equations"":[""-4*x + 2*y - 32"",""4*x + 2*y + 32""],""target"":""x""}",True,True,True,True,True,-8,-8,True,-8,True,,"STRUCTURE: two_linear_relations
TOOL: elimination
ARGUMENTS: {""equations"":[""-4*x + 2*y - 32"",""4*x + 2*y + 32""],""target"":""x""}"
test_seen_00001,500,seen,"Given y = 2x + 3, insert it into 5x + 4y = 103 and find y.",two_linear_relations,two_linear_relations,True,substitution,substitution,True,"{""equations"":[""-2*x + y - 3"",""5*x + 4*y - 103""],""mode"":""solve_system"",""target"":""y""}","{""equations"":[""-2*x + y - 3"",""5*x + 4*y - 103""],""mode"":""solve_system"",""target"":""y""}",True,True,True,True,True,17,17,True,17,True,,"STRUCTURE: two_linear_relations
TOOL: substitution
ARGUMENTS: {""equations"":[""-2*x + y - 3"",""5*x + 4*y - 103""],""mode"":""solve_system"",""target"":""y""}"
test_seen_00002,500,seen,Use the product pattern for a difference of squares to compute 39^2 - 27^2.,polynomial_identity,polynomial_identity,True,factorization,factorization,True,"{""expression"":""u**2 - v**2"",""mode"":""evaluate"",""substitutions"":{""u"":39,""v"":27}}","{""expression"":""u**2 - v**2"",""mode"":""evaluate"",""substitutions"":{""u"":39,""v"":27}}",True,True,True,True,True,792,792,True,792,True,,"STRUCTURE: polynomial_identity
TOOL: factorization
ARGUMENTS: {""expression"":""u**2 - v**2"",""mode"":""evaluate"",""substitutions"":{""u"":39,""v"":27}}"
test_seen_00003,500,seen,Expand the square and evaluate (5 + 8)^2.,polynomial_identity,polynomial_identity,True,expansion,expansion,True,"{""expression"":""(a + b)**2"",""mode"":""evaluate"",""substitutions"":{""a"":5,""b"":8}}","{""expression"":""(a + b)**2"",""mode"":""evaluate"",""substitutions"":{""a"":5,""b"":8}}",True,True,True,True,True,169,169,True,169,True,,"STRUCTURE: polynomial_identity
TOOL: expansion
ARGUMENTS: {""expression"":""(a + b)**2"",""mode"":""evaluate"",""substitutions"":{""a"":5,""b"":8}}"
test_seen_00004,500,seen,"At a fixed rate, 8 items cost 6 dollars. What do 24 items cost?",equivalent_ratios,equivalent_ratios,True,proportional_scaling,proportional_scaling,True,"{""base_quantity"":8,""base_value"":6,""target_quantity"":24}","{""base_quantity"":8,""base_value"":6,""target_quantity"":24}",True,True,True,True,True,18,18,True,18,True,,"STRUCTURE: equivalent_ratios
TOOL: proportional_scaling
ARGUMENTS: {""base_quantity"":8,""base_value"":6,""target_quantity"":24}"
test_seen_00005,500,seen,Solve the proportion 4/18 = 12/x for x.,equivalent_ratios,equivalent_ratios,True,cross_multiplication,cross_multiplication,True,"{""left_den"":18,""left_num"":4,""right_num"":12}","{""left_den"":18,""left_num"":4,""right_num"":12}",True,True,True,True,True,54,54,True,54,True,,"STRUCTURE: equivalent_ratios
TOOL: cross_multiplication
ARGUMENTS: {""left_den"":18,""left_num"":4,""right_num"":12}"
test_seen_00006,500,seen,A sequence starts at 11 and changes by -5 each term. Iterate to find term 15.,additive_recurrence,additive_recurrence,True,iteration,iteration,True,"{""start"":11,""step"":-5,""updates"":14}","{""start"":11,""step"":-5,""updates"":14}",True,True,True,True,True,-59,-59,True,-59,True,,"STRUCTURE: additive_recurrence
TOOL: iteration
ARGUMENTS: {""start"":11,""step"":-5,""updates"":14}"
test_seen_00007,500,seen,An arithmetic sequence has formula a(n) = 4 + (n - 1)(8). Substitute n = 7.,additive_recurrence,additive_recurrence,True,substitution,substitution,True,"{""expression"":""4 + (n - 1)*(8)"",""mode"":""evaluate"",""substitutions"":{""n"":7}}","{""expression"":""4 + (n - 1)*(8)"",""mode"":""evaluate"",""substitutions"":{""n"":7}}",True,True,True,True,True,52,52,True,52,True,,"STRUCTURE: additive_recurrence
TOOL: substitution
ARGUMENTS: {""expression"":""4 + (n - 1)*(8)"",""mode"":""evaluate"",""substitutions"":{""n"":7}}"
test_seen_00008,500,seen,"If x + y = -7 and xy = -30, use a square expansion to find x^2 + y^2.",symmetric_sum_product,symmetric_sum_product,True,expansion,expansion,True,"{""mode"":""symmetric_square_sum"",""product"":-30,""sum"":-7}","{""mode"":""symmetric_square_sum"",""product"":-30,""sum"":-7}",True,True,True,True,True,109,109,True,109,True,,"STRUCTURE: symmetric_sum_product
TOOL: expansion
ARGUMENTS: {""mode"":""symmetric_square_sum"",""product"":-30,""sum"":-7}"
test_seen_00009,500,seen,"Factor t^2 + 16t + 39 = 0 to obtain its two roots, then give the sum of their squares.",symmetric_sum_product,symmetric_sum_product,True,factorization,factorization,True,"{""mode"":""root_power_sum"",""polynomial"":""t**2 + 16*t + 39"",""power"":2,""variable"":""t""}","{""mode"":""root_power_sum"",""polynomial"":""t**2 + 16*t + 39"",""power"":2,""variable"":""t""}",True,True,True,True,True,178,178,True,178,True,,"STRUCTURE: symmetric_sum_product
TOOL: factorization
ARGUMENTS: {""mode"":""root_power_sum"",""polynomial"":""t**2 + 16*t + 39"",""power"":2,""variable"":""t""}"
test_seen_00010,500,seen,"For f(t) = -5t^2 - 7t - 7, substitute t = -7 and find f(-7).",transformed_expression,transformed_expression,True,substitution,substitution,True,"{""expression"":""-5*t**2 - 7*t - 7"",""mode"":""evaluate"",""substitutions"":{""t"":-7}}","{""expression"":""-5*t**2 - 7*t - 7"",""mode"":""evaluate"",""substitutions"":{""t"":-7}}",True,True,True,True,True,-203,-203,True,-203,True,,"STRUCTURE: transformed_expression
TOOL: substitution
ARGUMENTS: {""expression"":""-5*t**2 - 7*t - 7"",""mode"":""evaluate"",""substitutions"":{""t"":-7}}"
test_seen_00011,500,seen,Expand (x + -5)(x + -1) and evaluate it at x = -3.,transformed_expression,transformed_expression,True,expansion,expansion,True,"{""expression"":""(x - 5)*(x - 1)"",""mode"":""evaluate"",""substitutions"":{""x"":-3}}","{""expression"":""(x - 5)*(x - 1)"",""mode"":""evaluate"",""substitutions"":{""x"":-3}}",True,True,True,True,True,32,32,True,32,True,,"STRUCTURE: transformed_expression
TOOL: expansion
ARGUMENTS: {""expression"":""(x - 5)*(x - 1)"",""mode"":""evaluate"",""substitutions"":{""x"":-3}}"
test_seen_00012,500,seen,Two linear constraints hold: 4x + 5y = -2; 5x + 5y = 5. Determine x.,two_linear_relations,two_linear_relations,True,elimination,elimination,True,"{""equations"":[""4*x + 5*y + 2"",""5*x + 5*y - 5""],""target"":""x""}","{""equations"":[""4*x + 5*y + 2"",""5*x + 5*y - 5""],""target"":""x""}",True,True,True,True,True,7,7,True,7,True,,"STRUCTURE: two_linear_relations
TOOL: elimination
ARGUMENTS: {""equations"":[""4*x + 5*y + 2"",""5*x + 5*y - 5""],""target"":""x""}"
test_seen_00013,500,seen,The linked relations are y = 5x + 6 and x + y = -30. What is y?,two_linear_relations,two_linear_relations,True,substitution,substitution,True,"{""equations"":[""-5*x + y - 6"",""x + y + 30""],""mode"":""solve_system"",""target"":""y""}","{""equations"":[""-5*x + y - 6"",""x + y + 30""],""mode"":""solve_system"",""target"":""y""}",True,True,True,True,True,-24,-24,True,-24,True,,"STRUCTURE: two_linear_relations
TOOL: substitution
ARGUMENTS: {""equations"":[""-5*x + y - 6"",""x + y + 30""],""mode"":""solve_system"",""target"":""y""}"
test_seen_00014,500,seen,Evaluate 29^2 - 12^2 by rewriting it as a product.,polynomial_identity,polynomial_identity,True,factorization,factorization,True,"{""expression"":""u**2 - v**2"",""mode"":""evaluate"",""substitutions"":{""u"":29,""v"":12}}","{""expression"":""u**2 - v**2"",""mode"":""evaluate"",""substitutions"":{""u"":29,""v"":12}}",True,True,True,True,True,697,697,True,697,True,,"STRUCTURE: polynomial_identity
TOOL: factorization
ARGUMENTS: {""expression"":""u**2 - v**2"",""mode"":""evaluate"",""substitutions"":{""u"":29,""v"":12}}"
test_seen_00015,500,seen,Use the binomial-square identity to compute (7 + 22)^2.,polynomial_identity,polynomial_identity,True,expansion,expansion,True,"{""expression"":""(a + b)**2"",""mode"":""evaluate"",""substitutions"":{""a"":7,""b"":22}}","{""expression"":""(a + b)**2"",""mode"":""evaluate"",""substitutions"":{""a"":7,""b"":22}}",True,True,True,True,True,841,841,True,841,True,,"STRUCTURE: polynomial_identity
TOOL: expansion
ARGUMENTS: {""expression"":""(a + b)**2"",""mode"":""evaluate"",""substitutions"":{""a"":7,""b"":22}}"
test_seen_00016,500,seen,Scale the ratio 11:10 to 22:x. Find x.,equivalent_ratios,equivalent_ratios,True,proportional_scaling,proportional_scaling,True,"{""base_quantity"":11,""base_value"":10,""target_quantity"":22}","{""base_quantity"":11,""base_value"":10,""target_quantity"":22}",True,True,True,True,True,20,20,True,20,True,,"STRUCTURE: equivalent_ratios
TOOL: proportional_scaling
ARGUMENTS: {""base_quantity"":11,""base_value"":10,""target_quantity"":22}"
test_seen_00017,500,seen,Cross-multiply 13:7 = 91:x and determine x.,equivalent_ratios,equivalent_ratios,True,cross_multiplication,cross_multiplication,True,"{""left_den"":7,""left_num"":13,""right_num"":91}","{""left_den"":7,""left_num"":13,""right_num"":91}",True,True,True,True,True,49,49,True,49,True,,"STRUCTURE: equivalent_ratios
TOOL: cross_multiplication
ARGUMENTS: {""left_den"":7,""left_num"":13,""right_num"":91}"
test_seen_00018,500,seen,"Given a1 = 18 and a(n+1) = a(n) - 7, find a11.",additive_recurrence,additive_recurrence,True,iteration,iteration,True,"{""start"":18,""step"":-7,""updates"":10}","{""start"":18,""step"":-7,""updates"":10}",True,True,True,True,True,-52,-52,True,-52,True,,"STRUCTURE: additive_recurrence
TOOL: iteration
ARGUMENTS: {""start"":18,""step"":-7,""updates"":10}"
test_seen_00019,500,seen,Use the closed form b(n) = -13 + (n - 1)(1) to find b(10).,additive_recurrence,additive_recurrence,True,substitution,substitution,True,"{""expression"":""-13 + (n - 1)*(1)"",""mode"":""evaluate"",""substitutions"":{""n"":10}}","{""expression"":""-13 + (n - 1)*(1)"",""mode"":""evaluate"",""substitutions"":{""n"":10}}",True,True,True,True,True,-4,-4,True,-4,True,,"STRUCTURE: additive_recurrence
TOOL: substitution
ARGUMENTS: {""expression"":""-13 + (n - 1)*(1)"",""mode"":""evaluate"",""substitutions"":{""n"":10}}"
test_seen_00020,500,seen,Two numbers have sum 22 and product 117. Compute the sum of their squares from the symmetric identity.,symmetric_sum_product,symmetric_sum_product,True,expansion,expansion,True,"{""mode"":""symmetric_square_sum"",""product"":117,""sum"":22}","{""mode"":""symmetric_square_sum"",""product"":117,""sum"":22}",True,True,True,True,True,250,250,True,250,True,,"STRUCTURE: symmetric_sum_product
TOOL: expansion
ARGUMENTS: {""mode"":""symmetric_square_sum"",""product"":117,""sum"":22}"
test_seen_00021,500,seen,The roots of t^2 - 23t + 120 = 0 are r and s. Find r^2 + s^2 by factoring the quadratic.,symmetric_sum_product,symmetric_sum_product,True,factorization,factorization,True,"{""mode"":""root_power_sum"",""polynomial"":""t**2 - 23*t + 120"",""power"":2,""variable"":""t""}","{""mode"":""root_power_sum"",""polynomial"":""t**2 - 23*t + 120"",""power"":2,""variable"":""t""}",True,True,True,True,True,289,289,True,289,True,,"STRUCTURE: symmetric_sum_product
TOOL: factorization
ARGUMENTS: {""mode"":""root_power_sum"",""polynomial"":""t**2 - 23*t + 120"",""power"":2,""variable"":""t""}"
test_seen_00022,500,seen,Evaluate the transformed expression z^2 + 5z - 11 at z = 0.,transformed_expression,transformed_expression,True,substitution,substitution,True,"{""expression"":""t**2 + 5*t - 11"",""mode"":""evaluate"",""substitutions"":{""t"":0}}","{""expression"":""t**2 + 5*t - 11"",""mode"":""evaluate"",""substitutions"":{""t"":0}}",True,True,True,True,True,-11,-11,True,-11,True,,"STRUCTURE: transformed_expression
TOOL: substitution
ARGUMENTS: {""expression"":""t**2 + 5*t - 11"",""mode"":""evaluate"",""substitutions"":{""t"":0}}"
test_seen_00023,500,seen,"Open the product (x + 3)(x + 9), then set x = 5.",transformed_expression,transformed_expression,True,expansion,expansion,True,"{""expression"":""(x + 3)*(x + 9)"",""mode"":""evaluate"",""substitutions"":{""x"":5}}","{""expression"":""(x + 3)*(x + 9)"",""mode"":""evaluate"",""substitutions"":{""x"":5}}",True,True,True,True,True,112,112,True,112,True,,"STRUCTURE: transformed_expression
TOOL: expansion
ARGUMENTS: {""expression"":""(x + 3)*(x + 9)"",""mode"":""evaluate"",""substitutions"":{""x"":5}}"
test_seen_00024,500,seen,Solve the simultaneous relations 5x - 4y = 30 and 5x - 3y = 25. Find y.,two_linear_relations,two_linear_relations,True,elimination,elimination,True,"{""equations"":[""5*x - 4*y - 30"",""5*x - 3*y - 25""],""target"":""y""}","{""equations"":[""5*x - 4*y - 30"",""5*x - 3*y - 25""],""target"":""y""}",True,True,True,True,True,-5,-5,True,-5,True,,"STRUCTURE: two_linear_relations
TOOL: elimination
ARGUMENTS: {""equations"":[""5*x - 4*y - 30"",""5*x - 3*y - 25""],""target"":""y""}"
test_seen_00025,500,seen,"Given y = 4x + 5, insert it into 3x + 5y = -113 and find x.",two_linear_relations,two_linear_relations,True,substitution,substitution,True,"{""equations"":[""-4*x + y - 5"",""3*x + 5*y + 113""],""mode"":""solve_system"",""target"":""x""}","{""equations"":[""-4*x + y - 5"",""3*x + 5*y + 113""],""mode"":""solve_system"",""target"":""x""}",True,True,True,True,True,-6,-6,True,-6,True,,"STRUCTURE: two_linear_relations
TOOL: substitution
ARGUMENTS: {""equations"":[""-4*x + y - 5"",""3*x + 5*y + 113""],""mode"":""solve_system"",""target"":""x""}"
test_seen_00026,500,seen,Use the product pattern for a difference of squares to compute 12^2 - 11^2.,polynomial_identity,polynomial_identity,True,factorization,factorization,True,"{""expression"":""u**2 - v**2"",""mode"":""evaluate"",""substitutions"":{""u"":12,""v"":11}}","{""expression"":""u**2 - v**2"",""mode"":""evaluate"",""substitutions"":{""u"":12,""v"":11}}",True,True,True,True,True,23,23,True,23,True,,"STRUCTURE: polynomial_identity
TOOL: factorization
ARGUMENTS: {""expression"":""u**2 - v**2"",""mode"":""evaluate"",""substitutions"":{""u"":12,""v"":11}}"
test_seen_00027,500,seen,Expand the square and evaluate (8 + 9)^2.,polynomial_identity,polynomial_identity,True,expansion,expansion,True,"{""expression"":""(a + b)**2"",""mode"":""evaluate"",""substitutions"":{""a"":8,""b"":9}}","{""expression"":""(a + b)**2"",""mode"":""evaluate"",""substitutions"":{""a"":8,""b"":9}}",True,True,True,True,True,289,289,True,289,True,,"STRUCTURE: polynomial_identity
TOOL: expansion
ARGUMENTS: {""expression"":""(a + b)**2"",""mode"":""evaluate"",""substitutions"":{""a"":8,""b"":9}}"
test_seen_00028,500,seen,"At a fixed rate, 13 items cost 2 dollars. What do 52 items cost?",equivalent_ratios,equivalent_ratios,True,proportional_scaling,proportional_scaling,True,"{""base_quantity"":13,""base_value"":2,""target_quantity"":52}","{""base_quantity"":13,""base_value"":2,""target_quantity"":52}",True,True,True,True,True,8,8,True,8,True,,"STRUCTURE: equivalent_ratios
TOOL: proportional_scaling
ARGUMENTS: {""base_quantity"":13,""base_value"":2,""target_quantity"":52}"
test_seen_00029,500,seen,Solve the proportion 3/19 = 21/x for x.,equivalent_ratios,equivalent_ratios,True,cross_multiplication,cross_multiplication,True,"{""left_den"":19,""left_num"":3,""right_num"":21}","{""left_den"":19,""left_num"":3,""right_num"":21}",True,True,True,True,True,133,133,True,133,True,,"STRUCTURE: equivalent_ratios
TOOL: cross_multiplication
ARGUMENTS: {""left_den"":19,""left_num"":3,""right_num"":21}"
test_seen_00030,500,seen,A sequence starts at 11 and changes by -1 each term. Iterate to find term 15.,additive_recurrence,additive_recurrence,True,iteration,iteration,True,"{""start"":11,""step"":-1,""updates"":14}","{""start"":11,""step"":-1,""updates"":14}",True,True,True,True,True,-3,-3,True,-3,True,,"STRUCTURE: additive_recurrence
TOOL: iteration
ARGUMENTS: {""start"":11,""step"":-1,""updates"":14}"
test_seen_00031,500,seen,An arithmetic sequence has formula a(n) = 9 + (n - 1)(2). Substitute n = 9.,additive_recurrence,additive_recurrence,True,substitution,substitution,True,"{""expression"":""9 + (n - 1)*(2)"",""mode"":""evaluate"",""substitutions"":{""n"":9}}","{""expression"":""9 + (n - 1)*(2)"",""mode"":""evaluate"",""substitutions"":{""n"":9}}",True,True,True,True,True,25,25,True,25,True,,"STRUCTURE: additive_recurrence
TOOL: substitution
ARGUMENTS: {""expression"":""9 + (n - 1)*(2)"",""mode"":""evaluate"",""substitutions"":{""n"":9}}"
test_seen_00032,500,seen,"If x + y = -6 and xy = -91, use a square expansion to find x^2 + y^2.",symmetric_sum_product,symmetric_sum_product,True,expansion,expansion,True,"{""mode"":""symmetric_square_sum"",""product"":-91,""sum"":-6}","{""mode"":""symmetric_square_sum"",""product"":-91,""sum"":-6}",True,True,True,True,True,218,218,True,218,True,,"STRUCTURE: symmetric_sum_product
TOOL: expansion
ARGUMENTS: {""mode"":""symmetric_square_sum"",""product"":-91,""sum"":-6}"
test_seen_00033,500,seen,"Factor t^2 + 27t + 182 = 0 to obtain its two roots, then give the sum of their squares.",symmetric_sum_product,symmetric_sum_product,True,factorization,factorization,True,"{""mode"":""root_power_sum"",""polynomial"":""t**2 + 27*t + 182"",""power"":2,""variable"":""t""}","{""mode"":""root_power_sum"",""polynomial"":""t**2 + 27*t + 182"",""power"":2,""variable"":""t""}",True,True,True,True,True,365,365,True,365,True,,"STRUCTURE: symmetric_sum_product
TOOL: factorization
ARGUMENTS: {""mode"":""root_power_sum"",""polynomial"":""t**2 + 27*t + 182"",""power"":2,""variable"":""t""}"
test_seen_00034,500,seen,"For f(t) = -2t^2 + 4t - 6, substitute t = 3 and find f(3).",transformed_expression,transformed_expression,True,substitution,substitution,True,"{""expression"":""-2*t**2 + 4*t - 6"",""mode"":""evaluate"",""substitutions"":{""t"":3}}","{""expression"":""-2*t**2 + 4*t - 6"",""mode"":""evaluate"",""substitutions"":{""t"":3}}",True,True,True,True,True,-12,-12,True,-12,True,,"STRUCTURE: transformed_expression
TOOL: substitution
ARGUMENTS: {""expression"":""-2*t**2 + 4*t - 6"",""mode"":""evaluate"",""substitutions"":{""t"":3}}"
test_seen_00035,500,seen,Expand (z + 8)(z + 2) and evaluate it at z = -3.,transformed_expression,transformed_expression,True,expansion,expansion,True,"{""expression"":""(z + 2)*(z + 8)"",""mode"":""evaluate"",""substitutions"":{""z"":-3}}","{""expression"":""(z + 2)*(z + 8)"",""mode"":""evaluate"",""substitutions"":{""z"":-3}}",True,True,True,True,True,-5,-5,True,-5,True,,"STRUCTURE: transformed_expression
TOOL: expansion
ARGUMENTS: {""expression"":""(z + 2)*(z + 8)"",""mode"":""evaluate"",""substitutions"":{""z"":-3}}"
test_seen_00036,500,seen,Two linear constraints hold: -3x + 3y = -15; -3x - 2y = -35. Determine x.,two_linear_relations,two_linear_relations,True,elimination,elimination,True,"{""equations"":[""-3*x + 3*y + 15"",""-3*x - 2*y + 35""],""target"":""x""}","{""equations"":[""-3*x + 3*y + 15"",""-3*x - 2*y + 35""],""target"":""x""}",True,True,True,True,True,9,9,True,9,True,,"STRUCTURE: two_linear_relations
TOOL: elimination
ARGUMENTS: {""equations"":[""-3*x + 3*y + 15"",""-3*x - 2*y + 35""],""target"":""x""}"
test_seen_00037,500,seen,The linked relations are y = -x - 1 and x - 2y = -4. What is x?,two_linear_relations,two_linear_relations,True,substitution,substitution,True,"{""equations"":[""x + y + 1"",""x - 2*y + 4""],""mode"":""solve_system"",""target"":""x""}","{""equations"":[""x + y + 1"",""x - 2*y + 4""],""mode"":""solve_system"",""target"":""x""}",True,True,True,True,True,-2,-2,True,-2,True,,"STRUCTURE: two_linear_relations
TOOL: substitution
ARGUMENTS: {""equations"":[""x + y + 1"",""x - 2*y + 4""],""mode"":""solve_system"",""target"":""x""}"
test_seen_00038,500,seen,Evaluate 79^2 - 26^2 by rewriting it as a product.,polynomial_identity,polynomial_identity,True,factorization,factorization,True,"{""expression"":""u**2 - v**2"",""mode"":""evaluate"",""substitutions"":{""u"":79,""v"":26}}","{""expression"":""u**2 - v**2"",""mode"":""evaluate"",""substitutions"":{""u"":79,""v"":26}}",True,True,True,True,True,5565,5565,True,5565,True,,"STRUCTURE: polynomial_identity
TOOL: factorization
ARGUMENTS: {""expression"":""u**2 - v**2"",""mode"":""evaluate"",""substitutions"":{""u"":79,""v"":26}}"
test_seen_00039,500,seen,Use the binomial-square identity to compute (26 + 16)^2.,polynomial_identity,polynomial_identity,True,expansion,expansion,True,"{""expression"":""(a + b)**2"",""mode"":""evaluate"",""substitutions"":{""a"":26,""b"":16}}","{""expression"":""(a + b)**2"",""mode"":""evaluate"",""substitutions"":{""a"":26,""b"":16}}",True,True,True,True,True,1764,1764,True,1764,True,,"STRUCTURE: polynomial_identity
TOOL: expansion
ARGUMENTS: {""expression"":""(a + b)**2"",""mode"":""evaluate"",""substitutions"":{""a"":26,""b"":16}}"
test_seen_00040,500,seen,Scale the ratio 9:18 to 18:x. Find x.,equivalent_ratios,equivalent_ratios,True,proportional_scaling,proportional_scaling,True,"{""base_quantity"":9,""base_value"":18,""target_quantity"":18}","{""base_quantity"":9,""base_value"":18,""target_quantity"":18}",True,True,True,True,True,36,36,True,36,True,,"STRUCTURE: equivalent_ratios
TOOL: proportional_scaling
ARGUMENTS: {""base_quantity"":9,""base_value"":18,""target_quantity"":18}"
test_seen_00041,500,seen,Cross-multiply 3:2 = 6:x and determine x.,equivalent_ratios,equivalent_ratios,True,cross_multiplication,cross_multiplication,True,"{""left_den"":2,""left_num"":3,""right_num"":6}","{""left_den"":2,""left_num"":3,""right_num"":6}",True,True,True,True,True,4,4,True,4,True,,"STRUCTURE: equivalent_ratios
TOOL: cross_multiplication
ARGUMENTS: {""left_den"":2,""left_num"":3,""right_num"":6}"
test_seen_00042,500,seen,"Given a1 = -19 and a(n+1) = a(n) + 9, find a12.",additive_recurrence,additive_recurrence,True,iteration,iteration,True,"{""start"":-19,""step"":9,""updates"":11}","{""start"":-19,""step"":9,""updates"":11}",True,True,True,True,True,80,80,True,80,True,,"STRUCTURE: additive_recurrence
TOOL: iteration
ARGUMENTS: {""start"":-19,""step"":9,""updates"":11}"
test_seen_00043,500,seen,Use the closed form b(n) = 12 + (n - 1)(8) to find b(11).,additive_recurrence,additive_recurrence,True,substitution,substitution,True,"{""expression"":""12 + (n - 1)*(8)"",""mode"":""evaluate"",""substitutions"":{""n"":11}}","{""expression"":""12 + (n - 1)*(8)"",""mode"":""evaluate"",""substitutions"":{""n"":11}}",True,True,True,True,True,92,92,True,92,True,,"STRUCTURE: additive_recurrence
TOOL: substitution
ARGUMENTS: {""expression"":""12 + (n - 1)*(8)"",""mode"":""evaluate"",""substitutions"":{""n"":11}}"
test_seen_00044,500,seen,Two numbers have sum 3 and product -180. Compute the sum of their squares from the symmetric identity.,symmetric_sum_product,symmetric_sum_product,True,expansion,expansion,True,"{""mode"":""symmetric_square_sum"",""product"":-180,""sum"":3}","{""mode"":""symmetric_square_sum"",""product"":-180,""sum"":3}",True,True,True,True,True,369,369,True,369,True,,"STRUCTURE: symmetric_sum_product
TOOL: expansion
ARGUMENTS: {""mode"":""symmetric_square_sum"",""product"":-180,""sum"":3}"
test_seen_00045,500,seen,The roots of t^2 + 15t + 56 = 0 are r and s. Find r^2 + s^2 by factoring the quadratic.,symmetric_sum_product,symmetric_sum_product,True,factorization,factorization,True,"{""mode"":""root_power_sum"",""polynomial"":""t**2 + 15*t + 56"",""power"":2,""variable"":""t""}","{""mode"":""root_power_sum"",""polynomial"":""t**2 + 15*t + 56"",""power"":2,""variable"":""t""}",True,True,True,True,True,113,113,True,113,True,,"STRUCTURE: symmetric_sum_product
TOOL: factorization
ARGUMENTS: {""mode"":""root_power_sum"",""polynomial"":""t**2 + 15*t + 56"",""power"":2,""variable"":""t""}"
test_seen_00046,500,seen,Evaluate the transformed expression -3z^2 + 6z + 12 at z = -1.,transformed_expression,transformed_expression,True,substitution,substitution,True,"{""expression"":""-3*t**2 + 6*t + 12"",""mode"":""evaluate"",""substitutions"":{""t"":-1}}","{""expression"":""-3*t**2 + 6*t + 12"",""mode"":""evaluate"",""substitutions"":{""t"":-1}}",True,True,True,True,True,3,3,True,3,True,,"STRUCTURE: transformed_expression
TOOL: substitution
ARGUMENTS: {""expression"":""-3*t**2 + 6*t + 12"",""mode"":""evaluate"",""substitutions"":{""t"":-1}}"
test_seen_00047,500,seen,"Open the product (x + -6)(x + -3), then set x = -7.",transformed_expression,transformed_expression,True,expansion,expansion,True,"{""expression"":""(x - 6)*(x - 3)"",""mode"":""evaluate"",""substitutions"":{""x"":-7}}","{""expression"":""(x - 3)*(x - 6)"",""mode"":""evaluate"",""substitutions"":{""x"":-7}}",True,True,False,True,True,130,130,True,130,True,,"STRUCTURE: transformed_expression
TOOL: expansion
ARGUMENTS: {""expression"":""(x - 3)*(x - 6)"",""mode"":""evaluate"",""substitutions"":{""x"":-7}}"
test_seen_00048,500,seen,Solve the simultaneous relations 4x + 4y = -32 and x - 2y = 10. Find y.,two_linear_relations,two_linear_relations,True,elimination,elimination,True,"{""equations"":[""4*x + 4*y + 32"",""x - 2*y - 10""],""target"":""y""}","{""equations"":[""4*x + 4*y + 32"",""x - 2*y - 10""],""target"":""y""}",True,True,True,True,True,-6,-6,True,-6,True,,"STRUCTURE: two_linear_relations
TOOL: elimination
ARGUMENTS: {""equations"":[""4*x + 4*y + 32"",""x - 2*y - 10""],""target"":""y""}"
test_seen_00049,500,seen,"Given y = -4x - 8, insert it into -3x + 2y = -60 and find x.",two_linear_relations,two_linear_relations,True,substitution,substitution,True,"{""equations"":[""4*x + y + 8"",""-3*x + 2*y + 60""],""mode"":""solve_system"",""target"":""x""}","{""equations"":[""4*x + y + 8"",""-3*x + 2*y + 60""],""mode"":""solve_system"",""target"":""x""}",True,True,True,True,True,4,4,True,4,True,,"STRUCTURE: two_linear_relations
TOOL: substitution
ARGUMENTS: {""equations"":[""4*x + y + 8"",""-3*x + 2*y + 60""],""mode"":""solve_system"",""target"":""x""}"
test_seen_00050,500,seen,Use the product pattern for a difference of squares to compute 44^2 - 23^2.,polynomial_identity,polynomial_identity,True,factorization,factorization,True,"{""expression"":""u**2 - v**2"",""mode"":""evaluate"",""substitutions"":{""u"":44,""v"":23}}","{""expression"":""u**2 - v**2"",""mode"":""evaluate"",""substitutions"":{""u"":44,""v"":23}}",True,True,True,True,True,1407,1407,True,1407,True,,"STRUCTURE: polynomial_identity
TOOL: factorization
ARGUMENTS: {""expression"":""u**2 - v**2"",""mode"":""evaluate"",""substitutions"":{""u"":44,""v"":23}}"
test_seen_00051,500,seen,Expand the square and evaluate (18 + 36)^2.,polynomial_identity,polynomial_identity,True,expansion,expansion,True,"{""expression"":""(a + b)**2"",""mode"":""evaluate"",""substitutions"":{""a"":18,""b"":36}}","{""expression"":""(a + b)**2"",""mode"":""evaluate"",""substitutions"":{""a"":18,""b"":36}}",True,True,True,True,True,2916,2916,True,2916,True,,"STRUCTURE: polynomial_identity
TOOL: expansion
ARGUMENTS: {""expression"":""(a + b)**2"",""mode"":""evaluate"",""substitutions"":{""a"":18,""b"":36}}"
test_seen_00052,500,seen,"At a fixed rate, 10 items cost 20 dollars. What do 40 items cost?",equivalent_ratios,equivalent_ratios,True,proportional_scaling,proportional_scaling,True,"{""base_quantity"":10,""base_value"":20,""target_quantity"":40}","{""base_quantity"":10,""base_value"":20,""target_quantity"":40}",True,True,True,True,True,80,80,True,80,True,,"STRUCTURE: equivalent_ratios
TOOL: proportional_scaling
ARGUMENTS: {""base_quantity"":10,""base_value"":20,""target_quantity"":40}"
test_seen_00053,500,seen,Solve the proportion 13/9 = 52/x for x.,equivalent_ratios,equivalent_ratios,True,cross_multiplication,cross_multiplication,True,"{""left_den"":9,""left_num"":13,""right_num"":52}","{""left_den"":9,""left_num"":13,""right_num"":52}",True,True,True,True,True,36,36,True,36,True,,"STRUCTURE: equivalent_ratios
TOOL: cross_multiplication
ARGUMENTS: {""left_den"":9,""left_num"":13,""right_num"":52}"
test_seen_00054,500,seen,A sequence starts at -8 and changes by -2 each term. Iterate to find term 3.,additive_recurrence,additive_recurrence,True,iteration,iteration,True,"{""start"":-8,""step"":-2,""updates"":2}","{""start"":-8,""step"":-2,""updates"":2}",True,True,True,True,True,-12,-12,True,-12,True,,"STRUCTURE: additive_recurrence
TOOL: iteration
ARGUMENTS: {""start"":-8,""step"":-2,""updates"":2}"
test_seen_00055,500,seen,An arithmetic sequence has formula a(n) = -15 + (n - 1)(-1). Substitute n = 10.,additive_recurrence,additive_recurrence,True,substitution,substitution,True,"{""expression"":""-15 + (n - 1)*(-1)"",""mode"":""evaluate"",""substitutions"":{""n"":10}}","{""expression"":""-15 + (n - 1)*(-1)"",""mode"":""evaluate"",""substitutions"":{""n"":10}}",True,True,True,True,True,-24,-24,True,-24,True,,"STRUCTURE: additive_recurrence
TOOL: substitution
ARGUMENTS: {""expression"":""-15 + (n - 1)*(-1)"",""mode"":""evaluate"",""substitutions"":{""n"":10}}"
test_seen_00056,500,seen,"If x + y = 4 and xy = -77, use a square expansion to find x^2 + y^2.",symmetric_sum_product,symmetric_sum_product,True,expansion,expansion,True,"{""mode"":""symmetric_square_sum"",""product"":-77,""sum"":4}","{""mode"":""symmetric_square_sum"",""product"":-77,""sum"":4}",True,True,True,True,True,170,170,True,170,True,,"STRUCTURE: symmetric_sum_product
TOOL: expansion
ARGUMENTS: {""mode"":""symmetric_square_sum"",""product"":-77,""sum"":4}"
test_seen_00057,500,seen,"Factor t^2 - 15t + 50 = 0 to obtain its two roots, then give the sum of their squares.",symmetric_sum_product,symmetric_sum_product,True,factorization,factorization,True,"{""mode"":""root_power_sum"",""polynomial"":""t**2 - 15*t + 50"",""power"":2,""variable"":""t""}","{""mode"":""root_power_sum"",""polynomial"":""t**2 - 15*t + 50"",""power"":2,""variable"":""t""}",True,True,True,True,True,125,125,True,125,True,,"STRUCTURE: symmetric_sum_product
TOOL: factorization
ARGUMENTS: {""mode"":""root_power_sum"",""polynomial"":""t**2 - 15*t + 50"",""power"":2,""variable"":""t""}"
test_seen_00058,500,seen,"For f(t) = -4t^2 + 7t + 10, substitute t = -2 and find f(-2).",transformed_expression,transformed_expression,True,substitution,substitution,True,"{""expression"":""-4*t**2 + 7*t + 10"",""mode"":""evaluate"",""substitutions"":{""t"":-2}}","{""expression"":""-4*t**2 + 7*t + 10"",""mode"":""evaluate"",""substitutions"":{""t"":-2}}",True,True,True,True,True,-20,-20,True,-20,True,,"STRUCTURE: transformed_expression
TOOL: substitution
ARGUMENTS: {""expression"":""-4*t**2 + 7*t + 10"",""mode"":""evaluate"",""substitutions"":{""t"":-2}}"
test_seen_00059,500,seen,Expand (x + -6)(x + 0) and evaluate it at x = -4.,transformed_expression,transformed_expression,True,expansion,expansion,True,"{""expression"":""x*(x - 6)"",""mode"":""evaluate"",""substitutions"":{""x"":-4}}","{""expression"":""(x - 6)*(x + 0)"",""mode"":""evaluate"",""substitutions"":{""x"":-4}}",True,True,False,True,True,40,40,True,40,True,,"STRUCTURE: transformed_expression
TOOL: expansion
ARGUMENTS: {""expression"":""(x - 6)*(x + 0)"",""mode"":""evaluate"",""substitutions"":{""x"":-4}}"
test_seen_00060,500,seen,Two linear constraints hold: 5x - 3y = -33; -x + 4y = 27. Determine y.,two_linear_relations,two_linear_relations,True,elimination,elimination,True,"{""equations"":[""5*x - 3*y + 33"",""-x + 4*y - 27""],""target"":""y""}","{""equations"":[""5*x - 3*y + 33"",""-x + 4*y - 27""],""target"":""y""}",True,True,True,True,True,6,6,True,6,True,,"STRUCTURE: two_linear_relations
TOOL: elimination
ARGUMENTS: {""equations"":[""5*x - 3*y + 33"",""-x + 4*y - 27""],""target"":""y""}"
test_seen_00061,500,seen,The linked relations are y = 3x + 6 and -x + 4y = 24. What is y?,two_linear_relations,two_linear_relations,True,substitution,substitution,True,"{""equations"":[""-3*x + y - 6"",""-x + 4*y - 24""],""mode"":""solve_system"",""target"":""y""}","{""equations"":[""-x + 4*y - 6"",""-x + 4*y - 24""],""mode"":""solve_system"",""target"":""y""}",True,True,False,False,False,6,,False,6,True,valid_but_wrong_arguments,"STRUCTURE: two_linear_relations
TOOL: substitution
ARGUMENTS: {""equations"":[""-x + 4*y - 6"",""-x + 4*y - 24""],""mode"":""solve_system"",""target"":""y""}"
test_seen_00062,500,seen,Evaluate 76^2 - 29^2 by rewriting it as a product.,polynomial_identity,polynomial_identity,True,factorization,factorization,True,"{""expression"":""u**2 - v**2"",""mode"":""evaluate"",""substitutions"":{""u"":76,""v"":29}}","{""expression"":""u**2 - v**2"",""mode"":""evaluate"",""substitutions"":{""u"":76,""v"":29}}",True,True,True,True,True,4935,4935,True,4935,True,,"STRUCTURE: polynomial_identity
TOOL: factorization
ARGUMENTS: {""expression"":""u**2 - v**2"",""mode"":""evaluate"",""substitutions"":{""u"":76,""v"":29}}"
test_seen_00063,500,seen,Use the binomial-square identity to compute (29 + 35)^2.,polynomial_identity,polynomial_identity,True,expansion,expansion,True,"{""expression"":""(a + b)**2"",""mode"":""evaluate"",""substitutions"":{""a"":29,""b"":35}}","{""expression"":""(a + b)**2"",""mode"":""evaluate"",""substitutions"":{""a"":29,""b"":35}}",True,True,True,True,True,4096,4096,True,4096,True,,"STRUCTURE: polynomial_identity
TOOL: expansion
ARGUMENTS: {""expression"":""(a + b)**2"",""mode"":""evaluate"",""substitutions"":{""a"":29,""b"":35}}"
test_seen_00064,500,seen,Scale the ratio 3:8 to 33:x. Find x.,equivalent_ratios,equivalent_ratios,True,proportional_scaling,proportional_scaling,True,"{""base_quantity"":3,""base_value"":8,""target_quantity"":33}","{""base_quantity"":3,""base_value"":8,""target_quantity"":33}",True,True,True,True,True,88,88,True,88,True,,"STRUCTURE: equivalent_ratios
TOOL: proportional_scaling
ARGUMENTS: {""base_quantity"":3,""base_value"":8,""target_quantity"":33}"
test_seen_00065,500,seen,Cross-multiply 13:6 = 143:x and determine x.,equivalent_ratios,equivalent_ratios,True,cross_multiplication,cross_multiplication,True,"{""left_den"":6,""left_num"":13,""right_num"":143}","{""left_den"":6,""left_num"":13,""right_num"":143}",True,True,True,True,True,66,66,True,66,True,,"STRUCTURE: equivalent_ratios
TOOL: cross_multiplication
ARGUMENTS: {""left_den"":6,""left_num"":13,""right_num"":143}"
test_seen_00066,500,seen,"Given a1 = 18 and a(n+1) = a(n) - 9, find a13.",additive_recurrence,additive_recurrence,True,iteration,iteration,True,"{""start"":18,""step"":-9,""updates"":12}","{""start"":18,""step"":-9,""updates"":12}",True,True,True,True,True,-90,-90,True,-90,True,,"STRUCTURE: additive_recurrence
TOOL: iteration
ARGUMENTS: {""start"":18,""step"":-9,""updates"":12}"
test_seen_00067,500,seen,Use the closed form b(n) = -14 + (n - 1)(-7) to find b(15).,additive_recurrence,additive_recurrence,True,substitution,substitution,True,"{""expression"":""-14 + (n - 1)*(-7)"",""mode"":""evaluate"",""substitutions"":{""n"":15}}","{""expression"":""-14 + (n - 1)*(-7)"",""mode"":""evaluate"",""substitutions"":{""n"":15}}",True,True,True,True,True,-112,-112,True,-112,True,,"STRUCTURE: additive_recurrence
TOOL: substitution
ARGUMENTS: {""expression"":""-14 + (n - 1)*(-7)"",""mode"":""evaluate"",""substitutions"":{""n"":15}}"
test_seen_00068,500,seen,Two numbers have sum 18 and product 65. Compute the sum of their squares from the symmetric identity.,symmetric_sum_product,symmetric_sum_product,True,expansion,expansion,True,"{""mode"":""symmetric_square_sum"",""product"":65,""sum"":18}","{""mode"":""symmetric_square_sum"",""product"":65,""sum"":18}",True,True,True,True,True,194,194,True,194,True,,"STRUCTURE: symmetric_sum_product
TOOL: expansion
ARGUMENTS: {""mode"":""symmetric_square_sum"",""product"":65,""sum"":18}"
test_seen_00069,500,seen,The roots of t^2 + 17t + 72 = 0 are r and s. Find r^2 + s^2 by factoring the quadratic.,symmetric_sum_product,symmetric_sum_product,True,factorization,factorization,True,"{""mode"":""root_power_sum"",""polynomial"":""t**2 + 17*t + 72"",""power"":2,""variable"":""t""}","{""mode"":""root_power_sum"",""polynomial"":""t**2 + 17*t + 72"",""power"":2,""variable"":""t""}",True,True,True,True,True,145,145,True,145,True,,"STRUCTURE: symmetric_sum_product
TOOL: factorization
ARGUMENTS: {""mode"":""root_power_sum"",""polynomial"":""t**2 + 17*t + 72"",""power"":2,""variable"":""t""}"
test_seen_00070,500,seen,Evaluate the transformed expression -2z^2 + 8z - 11 at z = -3.,transformed_expression,transformed_expression,True,substitution,substitution,True,"{""expression"":""-2*t**2 + 8*t - 11"",""mode"":""evaluate"",""substitutions"":{""t"":-3}}","{""expression"":""-2*t**2 + 8*t - 11"",""mode"":""evaluate"",""substitutions"":{""t"":-3}}",True,True,True,True,True,-53,-53,True,-53,True,,"STRUCTURE: transformed_expression
TOOL: substitution
ARGUMENTS: {""expression"":""-2*t**2 + 8*t - 11"",""mode"":""evaluate"",""substitutions"":{""t"":-3}}"
test_seen_00071,500,seen,"Open the product (t + -5)(t + 5), then set t = 0.",transformed_expression,transformed_expression,True,expansion,expansion,True,"{""expression"":""(t - 5)*(t + 5)"",""mode"":""evaluate"",""substitutions"":{""t"":0}}","{""expression"":""(t - 5)*(t + 5)"",""mode"":""evaluate"",""substitutions"":{""t"":0}}",True,True,True,True,True,-25,-25,True,-25,True,,"STRUCTURE: transformed_expression
TOOL: expansion
ARGUMENTS: {""expression"":""(t - 5)*(t + 5)"",""mode"":""evaluate"",""substitutions"":{""t"":0}}"
test_seen_00072,500,seen,Solve the simultaneous relations -2x - 2y = 14 and 2x - 3y = 21. Find y.,two_linear_relations,two_linear_relations,True,elimination,elimination,True,"{""equations"":[""-2*x - 2*y - 14"",""2*x - 3*y - 21""],""target"":""y""}","{""equations"":[""-2*x - 2*y - 14"",""2*x - 3*y - 21""],""target"":""y""}",True,True,True,True,True,-7,-7,True,-7,True,,"STRUCTURE: two_linear_relations
TOOL: elimination
ARGUMENTS: {""equations"":[""-2*x - 2*y - 14"",""2*x - 3*y - 21""],""target"":""y""}"
test_seen_00073,500,seen,"Given y = 2x - 1, insert it into 5x - y = 1 and find x.",two_linear_relations,two_linear_relations,True,substitution,substitution,True,"{""equations"":[""-2*x + y + 1"",""5*x - y - 1""],""mode"":""solve_system"",""target"":""x""}","{""equations"":[""-2*x + y + 1"",""5*x - y - 1""],""mode"":""solve_system"",""target"":""x""}",True,True,True,True,True,0,0,True,0,True,,"STRUCTURE: two_linear_relations
TOOL: substitution
ARGUMENTS: {""equations"":[""-2*x + y + 1"",""5*x - y - 1""],""mode"":""solve_system"",""target"":""x""}"
test_seen_00074,500,seen,Use the product pattern for a difference of squares to compute 52^2 - 13^2.,polynomial_identity,polynomial_identity,True,factorization,factorization,True,"{""expression"":""u**2 - v**2"",""mode"":""evaluate"",""substitutions"":{""u"":52,""v"":13}}","{""expression"":""u**2 - v**2"",""mode"":""evaluate"",""substitutions"":{""u"":52,""v"":13}}",True,True,True,True,True,2535,2535,True,2535,True,,"STRUCTURE: polynomial_identity
TOOL: factorization
ARGUMENTS: {""expression"":""u**2 - v**2"",""mode"":""evaluate"",""substitutions"":{""u"":52,""v"":13}}"
test_seen_00075,500,seen,Expand the square and evaluate (10 + 11)^2.,polynomial_identity,polynomial_identity,True,expansion,expansion,True,"{""expression"":""(a + b)**2"",""mode"":""evaluate"",""substitutions"":{""a"":10,""b"":11}}","{""expression"":""(a + b)**2"",""mode"":""evaluate"",""substitutions"":{""a"":10,""b"":11}}",True,True,True,True,True,441,441,True,441,True,,"STRUCTURE: polynomial_identity
TOOL: expansion
ARGUMENTS: {""expression"":""(a + b)**2"",""mode"":""evaluate"",""substitutions"":{""a"":10,""b"":11}}"
test_seen_00076,500,seen,"At a fixed rate, 4 items cost 7 dollars. What do 20 items cost?",equivalent_ratios,equivalent_ratios,True,proportional_scaling,proportional_scaling,True,"{""base_quantity"":4,""base_value"":7,""target_quantity"":20}","{""base_quantity"":4,""base_value"":7,""target_quantity"":20}",True,True,True,True,True,35,35,True,35,True,,"STRUCTURE: equivalent_ratios
TOOL: proportional_scaling
ARGUMENTS: {""base_quantity"":4,""base_value"":7,""target_quantity"":20}"
test_seen_00077,500,seen,Solve the proportion 11/18 = 132/x for x.,equivalent_ratios,equivalent_ratios,True,cross_multiplication,cross_multiplication,True,"{""left_den"":18,""left_num"":11,""right_num"":132}","{""left_den"":18,""left_num"":11,""right_num"":132}",True,True,True,True,True,216,216,True,216,True,,"STRUCTURE: equivalent_ratios
TOOL: cross_multiplication
ARGUMENTS: {""left_den"":18,""left_num"":11,""right_num"":132}"
test_seen_00078,500,seen,A sequence starts at -8 and changes by -1 each term. Iterate to find term 10.,additive_recurrence,additive_recurrence,True,iteration,iteration,True,"{""start"":-8,""step"":-1,""updates"":9}","{""start"":-8,""step"":-1,""updates"":9}",True,True,True,True,True,-17,-17,True,-17,True,,"STRUCTURE: additive_recurrence
TOOL: iteration
ARGUMENTS: {""start"":-8,""step"":-1,""updates"":9}"
test_seen_00079,500,seen,An arithmetic sequence has formula a(n) = 4 + (n - 1)(8). Substitute n = 5.,additive_recurrence,additive_recurrence,True,substitution,substitution,True,"{""expression"":""4 + (n - 1)*(8)"",""mode"":""evaluate"",""substitutions"":{""n"":5}}","{""expression"":""4 + (n - 1)*(8)"",""mode"":""evaluate"",""substitutions"":{""n"":5}}",True,True,True,True,True,36,36,True,36,True,,"STRUCTURE: additive_recurrence
TOOL: substitution
ARGUMENTS: {""expression"":""4 + (n - 1)*(8)"",""mode"":""evaluate"",""substitutions"":{""n"":5}}"
test_seen_00080,500,seen,"If x + y = 1 and xy = -156, use a square expansion to find x^2 + y^2.",symmetric_sum_product,symmetric_sum_product,True,expansion,expansion,True,"{""mode"":""symmetric_square_sum"",""product"":-156,""sum"":1}","{""mode"":""symmetric_square_sum"",""product"":-156,""sum"":1}",True,True,True,True,True,313,313,True,313,True,,"STRUCTURE: symmetric_sum_product
TOOL: expansion
ARGUMENTS: {""mode"":""symmetric_square_sum"",""product"":-156,""sum"":1}"
test_seen_00081,500,seen,"Factor t^2 - 19t + 88 = 0 to obtain its two roots, then give the sum of their squares.",symmetric_sum_product,symmetric_sum_product,True,factorization,factorization,True,"{""mode"":""root_power_sum"",""polynomial"":""t**2 - 19*t + 88"",""power"":2,""variable"":""t""}","{""mode"":""root_power_sum"",""polynomial"":""t**2 - 19*t + 88"",""power"":2,""variable"":""t""}",True,True,True,True,True,185,185,True,185,True,,"STRUCTURE: symmetric_sum_product
TOOL: factorization
ARGUMENTS: {""mode"":""root_power_sum"",""polynomial"":""t**2 - 19*t + 88"",""power"":2,""variable"":""t""}"
test_seen_00082,500,seen,"For f(t) = 4t^2 + 3t - 8, substitute t = -6 and find f(-6).",transformed_expression,transformed_expression,True,substitution,substitution,True,"{""expression"":""4*t**2 + 3*t - 8"",""mode"":""evaluate"",""substitutions"":{""t"":-6}}","{""expression"":""4*t**2 + 3*t - 8"",""mode"":""evaluate"",""substitutions"":{""t"":-6}}",True,True,True,True,True,118,118,True,118,True,,"STRUCTURE: transformed_expression
TOOL: substitution
ARGUMENTS: {""expression"":""4*t**2 + 3*t - 8"",""mode"":""evaluate"",""substitutions"":{""t"":-6}}"
test_seen_00083,500,seen,Expand (t + 3)(t + -1) and evaluate it at t = 1.,transformed_expression,transformed_expression,True,expansion,expansion,True,"{""expression"":""(t - 1)*(t + 3)"",""mode"":""evaluate"",""substitutions"":{""t"":1}}","{""expression"":""(t - 1)*(t + 3)"",""mode"":""evaluate"",""substitutions"":{""t"":1}}",True,True,True,True,True,0,0,True,0,True,,"STRUCTURE: transformed_expression
TOOL: expansion
ARGUMENTS: {""expression"":""(t - 1)*(t + 3)"",""mode"":""evaluate"",""substitutions"":{""t"":1}}"
test_seen_00084,500,seen,Two linear constraints hold: 4x + 3y = -39; x - 5y = 19. Determine y.,two_linear_relations,two_linear_relations,True,elimination,elimination,True,"{""equations"":[""4*x + 3*y + 39"",""x - 5*y - 19""],""target"":""y""}","{""equations"":[""4*x + 3*y + 39"",""x - 5*y - 19""],""target"":""y""}",True,True,True,True,True,-5,-5,True,-5,True,,"STRUCTURE: two_linear_relations
TOOL: elimination
ARGUMENTS: {""equations"":[""4*x + 3*y + 39"",""x - 5*y - 19""],""target"":""y""}"
test_seen_00085,500,seen,The linked relations are y = 3x + 6 and 4x + 3y = 135. What is x?,two_linear_relations,two_linear_relations,True,substitution,substitution,True,"{""equations"":[""-3*x + y - 6"",""4*x + 3*y - 135""],""mode"":""solve_system"",""target"":""x""}","{""equations"":[""-3*x + y - 6"",""4*x + 3*y - 135""],""mode"":""solve_system"",""target"":""x""}",True,True,True,True,True,9,9,True,9,True,,"STRUCTURE: two_linear_relations
TOOL: substitution
ARGUMENTS: {""equations"":[""-3*x + y - 6"",""4*x + 3*y - 135""],""mode"":""solve_system"",""target"":""x""}"
test_seen_00086,500,seen,Evaluate 65^2 - 2^2 by rewriting it as a product.,polynomial_identity,polynomial_identity,True,factorization,factorization,True,"{""expression"":""u**2 - v**2"",""mode"":""evaluate"",""substitutions"":{""u"":65,""v"":2}}","{""expression"":""u**2 - v**2"",""mode"":""evaluate"",""substitutions"":{""u"":65,""v"":2}}",True,True,True,True,True,4221,4221,True,4221,True,,"STRUCTURE: polynomial_identity
TOOL: factorization
ARGUMENTS: {""expression"":""u**2 - v**2"",""mode"":""evaluate"",""substitutions"":{""u"":65,""v"":2}}"
test_seen_00087,500,seen,Use the binomial-square identity to compute (32 + 6)^2.,polynomial_identity,polynomial_identity,True,expansion,expansion,True,"{""expression"":""(a + b)**2"",""mode"":""evaluate"",""substitutions"":{""a"":32,""b"":6}}","{""expression"":""(a + b)**2"",""mode"":""evaluate"",""substitutions"":{""a"":32,""b"":6}}",True,True,True,True,True,1444,1444,True,1444,True,,"STRUCTURE: polynomial_identity
TOOL: expansion
ARGUMENTS: {""expression"":""(a + b)**2"",""mode"":""evaluate"",""substitutions"":{""a"":32,""b"":6}}"
test_seen_00088,500,seen,Scale the ratio 3:23 to 18:x. Find x.,equivalent_ratios,equivalent_ratios,True,proportional_scaling,proportional_scaling,True,"{""base_quantity"":3,""base_value"":23,""target_quantity"":18}","{""base_quantity"":3,""base_value"":23,""target_quantity"":18}",True,True,True,True,True,138,138,True,138,True,,"STRUCTURE: equivalent_ratios
TOOL: proportional_scaling
ARGUMENTS: {""base_quantity"":3,""base_value"":23,""target_quantity"":18}"
test_seen_00089,500,seen,Cross-multiply 9:4 = 45:x and determine x.,equivalent_ratios,equivalent_ratios,True,cross_multiplication,cross_multiplication,True,"{""left_den"":4,""left_num"":9,""right_num"":45}","{""left_den"":4,""left_num"":9,""right_num"":45}",True,True,True,True,True,20,20,True,20,True,,"STRUCTURE: equivalent_ratios
TOOL: cross_multiplication
ARGUMENTS: {""left_den"":4,""left_num"":9,""right_num"":45}"
test_seen_00090,500,seen,"Given a1 = 14 and a(n+1) = a(n) + 5, find a10.",additive_recurrence,additive_recurrence,True,iteration,iteration,True,"{""start"":14,""step"":5,""updates"":9}","{""start"":14,""step"":5,""updates"":9}",True,True,True,True,True,59,59,True,59,True,,"STRUCTURE: additive_recurrence
TOOL: iteration
ARGUMENTS: {""start"":14,""step"":5,""updates"":9}"
test_seen_00091,500,seen,Use the closed form b(n) = -11 + (n - 1)(-4) to find b(8).,additive_recurrence,additive_recurrence,True,substitution,substitution,True,"{""expression"":""-11 + (n - 1)*(-4)"",""mode"":""evaluate"",""substitutions"":{""n"":8}}","{""expression"":""-11 + (n - 1)*(-4)"",""mode"":""evaluate"",""substitutions"":{""n"":8}}",True,True,True,True,True,-39,-39,True,-39,True,,"STRUCTURE: additive_recurrence
TOOL: substitution
ARGUMENTS: {""expression"":""-11 + (n - 1)*(-4)"",""mode"":""evaluate"",""substitutions"":{""n"":8}}"
test_seen_00092,500,seen,Two numbers have sum -28 and product 195. Compute the sum of their squares from the symmetric identity.,symmetric_sum_product,symmetric_sum_product,True,expansion,expansion,True,"{""mode"":""symmetric_square_sum"",""product"":195,""sum"":-28}","{""mode"":""symmetric_square_sum"",""product"":195,""sum"":-28}",True,True,True,True,True,394,394,True,394,True,,"STRUCTURE: symmetric_sum_product
TOOL: expansion
ARGUMENTS: {""mode"":""symmetric_square_sum"",""product"":195,""sum"":-28}"
test_seen_00093,500,seen,The roots of t^2 + 12t + 35 = 0 are r and s. Find r^2 + s^2 by factoring the quadratic.,symmetric_sum_product,symmetric_sum_product,True,factorization,factorization,True,"{""mode"":""root_power_sum"",""polynomial"":""t**2 + 12*t + 35"",""power"":2,""variable"":""t""}","{""mode"":""root_power_sum"",""polynomial"":""t**2 + 12*t + 35"",""power"":2,""variable"":""t""}",True,True,True,True,True,74,74,True,74,True,,"STRUCTURE: symmetric_sum_product
TOOL: factorization
ARGUMENTS: {""mode"":""root_power_sum"",""polynomial"":""t**2 + 12*t + 35"",""power"":2,""variable"":""t""}"
test_seen_00094,500,seen,Evaluate the transformed expression -5z^2 - 6z + 5 at z = 6.,transformed_expression,transformed_expression,True,substitution,substitution,True,"{""expression"":""-5*t**2 - 6*t + 5"",""mode"":""evaluate"",""substitutions"":{""t"":6}}","{""expression"":""-5*t**2 - 6*t + 5"",""mode"":""evaluate"",""substitutions"":{""t"":6}}",True,True,True,True,True,-211,-211,True,-211,True,,"STRUCTURE: transformed_expression
TOOL: substitution
ARGUMENTS: {""expression"":""-5*t**2 - 6*t + 5"",""mode"":""evaluate"",""substitutions"":{""t"":6}}"
test_seen_00095,500,seen,"Open the product (z + 0)(z + -5), then set z = -7.",transformed_expression,transformed_expression,True,expansion,expansion,True,"{""expression"":""z*(z - 5)"",""mode"":""evaluate"",""substitutions"":{""z"":-7}}","{""expression"":""(z - 5)*(z + 0)"",""mode"":""evaluate"",""substitutions"":{""z"":-7}}",True,True,False,True,True,84,84,True,84,True,,"STRUCTURE: transformed_expression
TOOL: expansion
ARGUMENTS: {""expression"":""(z - 5)*(z + 0)"",""mode"":""evaluate"",""substitutions"":{""z"":-7}}"
test_seen_00096,500,seen,Solve the simultaneous relations -5x - 5y = 5 and 5x - 4y = 22. Find x.,two_linear_relations,two_linear_relations,True,elimination,elimination,True,"{""equations"":[""-5*x - 5*y - 5"",""5*x - 4*y - 22""],""target"":""x""}","{""equations"":[""-5*x - 5*y - 5"",""5*x - 4*y - 22""],""target"":""x""}",True,True,True,True,True,2,2,True,2,True,,"STRUCTURE: two_linear_relations
TOOL: elimination
ARGUMENTS: {""equations"":[""-5*x - 5*y - 5"",""5*x - 4*y - 22""],""target"":""x""}"
test_seen_00097,500,seen,"Given y = -2x - 2, insert it into -2x - 5y = -38 and find y.",two_linear_relations,two_linear_relations,True,substitution,substitution,True,"{""equations"":[""2*x + y + 2"",""-2*x - 5*y + 38""],""mode"":""solve_system"",""target"":""y""}","{""equations"":[""2*x + y + 2"",""-2*x - 5*y + 38""],""mode"":""solve_system"",""target"":""y""}",True,True,True,True,True,10,10,True,10,True,,"STRUCTURE: two_linear_relations
TOOL: substitution
ARGUMENTS: {""equations"":[""2*x + y + 2"",""-2*x - 5*y + 38""],""mode"":""solve_system"",""target"":""y""}"
test_seen_00098,500,seen,Use the product pattern for a difference of squares to compute 19^2 - 4^2.,polynomial_identity,polynomial_identity,True,factorization,factorization,True,"{""expression"":""u**2 - v**2"",""mode"":""evaluate"",""substitutions"":{""u"":19,""v"":4}}","{""expression"":""u**2 - v**2"",""mode"":""evaluate"",""substitutions"":{""u"":19,""v"":4}}",True,True,True,True,True,345,345,True,345,True,,"STRUCTURE: polynomial_identity
TOOL: factorization
ARGUMENTS: {""expression"":""u**2 - v**2"",""mode"":""evaluate"",""substitutions"":{""u"":19,""v"":4}}"
test_seen_00099,500,seen,Expand the square and evaluate (8 + 21)^2.,polynomial_identity,polynomial_identity,True,expansion,expansion,True,"{""expression"":""(a + b)**2"",""mode"":""evaluate"",""substitutions"":{""a"":8,""b"":21}}","{""expression"":""(a + b)**2"",""mode"":""evaluate"",""substitutions"":{""a"":8,""b"":21}}",True,True,True,True,True,841,841,True,841,True,,"STRUCTURE: polynomial_identity
TOOL: expansion
ARGUMENTS: {""expression"":""(a + b)**2"",""mode"":""evaluate"",""substitutions"":{""a"":8,""b"":21}}"
test_seen_00100,500,seen,"At a fixed rate, 3 items cost 21 dollars. What do 6 items cost?",equivalent_ratios,equivalent_ratios,True,proportional_scaling,proportional_scaling,True,"{""base_quantity"":3,""base_value"":21,""target_quantity"":6}","{""base_quantity"":3,""base_value"":21,""target_quantity"":6}",True,True,True,True,True,42,42,True,42,True,,"STRUCTURE: equivalent_ratios
TOOL: proportional_scaling
ARGUMENTS: {""base_quantity"":3,""base_value"":21,""target_quantity"":6}"
test_seen_00101,500,seen,Solve the proportion 12/9 = 120/x for x.,equivalent_ratios,equivalent_ratios,True,cross_multiplication,cross_multiplication,True,"{""left_den"":9,""left_num"":12,""right_num"":120}","{""left_den"":9,""left_num"":12,""right_num"":120}",True,True,True,True,True,90,90,True,90,True,,"STRUCTURE: equivalent_ratios
TOOL: cross_multiplication
ARGUMENTS: {""left_den"":9,""left_num"":12,""right_num"":120}"
test_seen_00102,500,seen,A sequence starts at -4 and changes by -1 each term. Iterate to find term 9.,additive_recurrence,additive_recurrence,True,iteration,iteration,True,"{""start"":-4,""step"":-1,""updates"":8}","{""start"":-4,""step"":-1,""updates"":8}",True,True,True,True,True,-12,-12,True,-12,True,,"STRUCTURE: additive_recurrence
TOOL: iteration
ARGUMENTS: {""start"":-4,""step"":-1,""updates"":8}"
test_seen_00103,500,seen,An arithmetic sequence has formula a(n) = 18 + (n - 1)(-4). Substitute n = 15.,additive_recurrence,additive_recurrence,True,substitution,substitution,True,"{""expression"":""18 + (n - 1)*(-4)"",""mode"":""evaluate"",""substitutions"":{""n"":15}}","{""expression"":""18 + (n - 1)*(-4)"",""mode"":""evaluate"",""substitutions"":{""n"":15}}",True,True,True,True,True,-38,-38,True,-38,True,,"STRUCTURE: additive_recurrence
TOOL: substitution
ARGUMENTS: {""expression"":""18 + (n - 1)*(-4)"",""mode"":""evaluate"",""substitutions"":{""n"":15}}"
test_seen_00104,500,seen,"If x + y = -5 and xy = -50, use a square expansion to find x^2 + y^2.",symmetric_sum_product,symmetric_sum_product,True,expansion,expansion,True,"{""mode"":""symmetric_square_sum"",""product"":-50,""sum"":-5}","{""mode"":""symmetric_square_sum"",""product"":-5,""sum"":-5}",True,True,False,False,True,125,35,False,125,True,valid_but_wrong_arguments,"STRUCTURE: symmetric_sum_product
TOOL: expansion
ARGUMENTS: {""mode"":""symmetric_square_sum"",""product"":-5,""sum"":-5}"
test_seen_00105,500,seen,"Factor t^2 - 2t - 35 = 0 to obtain its two roots, then give the sum of their squares.",symmetric_sum_product,symmetric_sum_product,True,factorization,factorization,True,"{""mode"":""root_power_sum"",""polynomial"":""t**2 - 2*t - 35"",""power"":2,""variable"":""t""}","{""mode"":""root_power_sum"",""polynomial"":""t**2 - 2*t - 35"",""power"":2,""variable"":""t""}",True,True,True,True,True,74,74,True,74,True,,"STRUCTURE: symmetric_sum_product
TOOL: factorization
ARGUMENTS: {""mode"":""root_power_sum"",""polynomial"":""t**2 - 2*t - 35"",""power"":2,""variable"":""t""}"
test_seen_00106,500,seen,"For f(t) = 3t^2 + 5t + 8, substitute t = 4 and find f(4).",transformed_expression,transformed_expression,True,substitution,substitution,True,"{""expression"":""3*t**2 + 5*t + 8"",""mode"":""evaluate"",""substitutions"":{""t"":4}}","{""expression"":""3*t**2 + 5*t + 8"",""mode"":""evaluate"",""substitutions"":{""t"":4}}",True,True,True,True,True,76,76,True,76,True,,"STRUCTURE: transformed_expression
TOOL: substitution
ARGUMENTS: {""expression"":""3*t**2 + 5*t + 8"",""mode"":""evaluate"",""substitutions"":{""t"":4}}"
test_seen_00107,500,seen,Expand (t + 3)(t + 0) and evaluate it at t = 0.,transformed_expression,transformed_expression,True,expansion,expansion,True,"{""expression"":""t*(t + 3)"",""mode"":""evaluate"",""substitutions"":{""t"":0}}","{""expression"":""(t + 3)*(t + 0)"",""mode"":""evaluate"",""substitutions"":{""t"":0}}",True,True,False,True,True,0,0,True,0,True,,"STRUCTURE: transformed_expression
TOOL: expansion
ARGUMENTS: {""expression"":""(t + 3)*(t + 0)"",""mode"":""evaluate"",""substitutions"":{""t"":0}}"
test_seen_00108,500,seen,Two linear constraints hold: 2x + y = 15; 5x + 2y = 39. Determine x.,two_linear_relations,two_linear_relations,True,elimination,elimination,True,"{""equations"":[""2*x + y - 15"",""5*x + 2*y - 39""],""target"":""x""}","{""equations"":[""2*x + y - 15"",""5*x + 2*y - 39""],""target"":""x""}",True,True,True,True,True,9,9,True,9,True,,"STRUCTURE: two_linear_relations
TOOL: elimination
ARGUMENTS: {""equations"":[""2*x + y - 15"",""5*x + 2*y - 39""],""target"":""x""}"
test_seen_00109,500,seen,The linked relations are y = 6 - 3x and -5x + 5y = -110. What is x?,two_linear_relations,two_linear_relations,True,substitution,substitution,True,"{""equations"":[""3*x + y - 6"",""-5*x + 5*y + 110""],""mode"":""solve_system"",""target"":""x""}","{""equations"":[""3*x + y - 6"",""-5*x + 5*y + 110""],""mode"":""solve_system"",""target"":""x""}",True,True,True,True,True,7,7,True,7,True,,"STRUCTURE: two_linear_relations
TOOL: substitution
ARGUMENTS: {""equations"":[""3*x + y - 6"",""-5*x + 5*y + 110""],""mode"":""solve_system"",""target"":""x""}"
test_seen_00110,500,seen,Evaluate 19^2 - 9^2 by rewriting it as a product.,polynomial_identity,polynomial_identity,True,factorization,factorization,True,"{""expression"":""u**2 - v**2"",""mode"":""evaluate"",""substitutions"":{""u"":19,""v"":9}}","{""expression"":""u**2 - v**2"",""mode"":""evaluate"",""substitutions"":{""u"":19,""v"":9}}",True,True,True,True,True,280,280,True,280,True,,"STRUCTURE: polynomial_identity
TOOL: factorization
ARGUMENTS: {""expression"":""u**2 - v**2"",""mode"":""evaluate"",""substitutions"":{""u"":19,""v"":9}}"
test_seen_00111,500,seen,Use the binomial-square identity to compute (30 + 6)^2.,polynomial_identity,polynomial_identity,True,expansion,expansion,True,"{""expression"":""(a + b)**2"",""mode"":""evaluate"",""substitutions"":{""a"":30,""b"":6}}","{""expression"":""(a + b)**2"",""mode"":""evaluate"",""substitutions"":{""a"":30,""b"":6}}",True,True,True,True,True,1296,1296,True,1296,True,,"STRUCTURE: polynomial_identity
TOOL: expansion
ARGUMENTS: {""expression"":""(a + b)**2"",""mode"":""evaluate"",""substitutions"":{""a"":30,""b"":6}}"
test_seen_00112,500,seen,Scale the ratio 3:5 to 27:x. Find x.,equivalent_ratios,equivalent_ratios,True,proportional_scaling,proportional_scaling,True,"{""base_quantity"":3,""base_value"":5,""target_quantity"":27}","{""base_quantity"":3,""base_value"":5,""target_quantity"":27}",True,True,True,True,True,45,45,True,45,True,,"STRUCTURE: equivalent_ratios
TOOL: proportional_scaling
ARGUMENTS: {""base_quantity"":3,""base_value"":5,""target_quantity"":27}"
test_seen_00113,500,seen,Cross-multiply 12:10 = 24:x and determine x.,equivalent_ratios,equivalent_ratios,True,cross_multiplication,cross_multiplication,True,"{""left_den"":10,""left_num"":12,""right_num"":24}","{""left_den"":10,""left_num"":12,""right_num"":24}",True,True,True,True,True,20,20,True,20,True,,"STRUCTURE: equivalent_ratios
TOOL: cross_multiplication
ARGUMENTS: {""left_den"":10,""left_num"":12,""right_num"":24}"
test_seen_00114,500,seen,"Given a1 = 12 and a(n+1) = a(n) + 8, find a9.",additive_recurrence,additive_recurrence,True,iteration,iteration,True,"{""start"":12,""step"":8,""updates"":8}","{""start"":12,""step"":8,""updates"":8}",True,True,True,True,True,76,76,True,76,True,,"STRUCTURE: additive_recurrence
TOOL: iteration
ARGUMENTS: {""start"":12,""step"":8,""updates"":8}"
test_seen_00115,500,seen,Use the closed form b(n) = -6 + (n - 1)(7) to find b(15).,additive_recurrence,additive_recurrence,True,substitution,substitution,True,"{""expression"":""-6 + (n - 1)*(7)"",""mode"":""evaluate"",""substitutions"":{""n"":15}}","{""expression"":""-6 + (n - 1)*(7)"",""mode"":""evaluate"",""substitutions"":{""n"":15}}",True,True,True,True,True,92,92,True,92,True,,"STRUCTURE: additive_recurrence
TOOL: substitution
ARGUMENTS: {""expression"":""-6 + (n - 1)*(7)"",""mode"":""evaluate"",""substitutions"":{""n"":15}}"
test_seen_00116,500,seen,Two numbers have sum -23 and product 120. Compute the sum of their squares from the symmetric identity.,symmetric_sum_product,symmetric_sum_product,True,expansion,expansion,True,"{""mode"":""symmetric_square_sum"",""product"":120,""sum"":-23}","{""mode"":""symmetric_square_sum"",""product"":120,""sum"":-23}",True,True,True,True,True,289,289,True,289,True,,"STRUCTURE: symmetric_sum_product
TOOL: expansion
ARGUMENTS: {""mode"":""symmetric_square_sum"",""product"":120,""sum"":-23}"
test_seen_00117,500,seen,The roots of t^2 + 9t + 20 = 0 are r and s. Find r^2 + s^2 by factoring the quadratic.,symmetric_sum_product,symmetric_sum_product,True,factorization,factorization,True,"{""mode"":""root_power_sum"",""polynomial"":""t**2 + 9*t + 20"",""power"":2,""variable"":""t""}","{""mode"":""root_power_sum"",""polynomial"":""t**2 + 9*t + 20"",""power"":2,""variable"":""t""}",True,True,True,True,True,41,41,True,41,True,,"STRUCTURE: symmetric_sum_product
TOOL: factorization
ARGUMENTS: {""mode"":""root_power_sum"",""polynomial"":""t**2 + 9*t + 20"",""power"":2,""variable"":""t""}"
test_seen_00118,500,seen,Evaluate the transformed expression -4z^2 + 4z - 10 at z = -5.,transformed_expression,transformed_expression,True,substitution,substitution,True,"{""expression"":""-4*t**2 + 4*t - 10"",""mode"":""evaluate"",""substitutions"":{""t"":-5}}","{""expression"":""-4*t**2 + 4*t - 10"",""mode"":""evaluate"",""substitutions"":{""t"":-5}}",True,True,True,True,True,-130,-130,True,-130,True,,"STRUCTURE: transformed_expression
TOOL: substitution
ARGUMENTS: {""expression"":""-4*t**2 + 4*t - 10"",""mode"":""evaluate"",""substitutions"":{""t"":-5}}"
test_seen_00119,500,seen,"Open the product (x + -10)(x + 6), then set x = 2.",transformed_expression,transformed_expression,True,expansion,expansion,True,"{""expression"":""(x - 10)*(x + 6)"",""mode"":""evaluate"",""substitutions"":{""x"":2}}","{""expression"":""(x - 10)*(x + 6)"",""mode"":""evaluate"",""substitutions"":{""x"":2}}",True,True,True,True,True,-64,-64,True,-64,True,,"STRUCTURE: transformed_expression
TOOL: expansion
ARGUMENTS: {""expression"":""(x - 10)*(x + 6)"",""mode"":""evaluate"",""substitutions"":{""x"":2}}"
test_unseen_00000,500,unseen,The lines 3x - 4y = -16 and -3x + y = -5 intersect. Give their x-coordinate.,two_linear_relations,two_linear_relations,True,elimination,substitution,False,"{""equations"":[""3*x - 4*y + 16"",""-3*x + y + 5""],""target"":""x""}","{""equations"":[""3*x - 4*y + 16"",""-3*x + y + 5""],""mode"":""intersection"",""target"":""x""}",True,False,False,False,False,4,,False,4,True,wrong_tool,"STRUCTURE: two_linear_relations
TOOL: substitution
ARGUMENTS: {""equations"":[""3*x - 4*y + 16"",""-3*x + y + 5""],""mode"":""intersection"",""target"":""x""}"
test_unseen_00001,500,unseen,One variable is isolated in y = -5x - 1; use the other constraint -4x + 5y = -5 to obtain x.,two_linear_relations,two_linear_constraints,False,substitution,substitution,True,"{""equations"":[""5*x + y + 1"",""-4*x + 5*y + 5""],""mode"":""solve_system"",""target"":""x""}","{""equations"":[""5*x + y + 1"",""-4*x + 5*y + 5""],""mode"":""solve_system"",""target"":""x""}",True,True,True,True,True,0,0,True,0,True,,"STRUCTURE: two_linear_constraints
TOOL: substitution
ARGUMENTS: {""equations"":[""5*x + y + 1"",""-4*x + 5*y + 5""],""mode"":""solve_system"",""target"":""x""}"
test_unseen_00002,500,unseen,"Without separately squaring both numbers, find the difference between 29 squared and 8 squared.",polynomial_identity,equivalent_products,False,factorization,multiplication,False,"{""expression"":""u**2 - v**2"",""mode"":""evaluate"",""substitutions"":{""u"":29,""v"":8}}","{""expression"":""(a**2) - (b**2)"",""mode"":""evaluate"",""substitutions"":{""a"":29,""b"":8}}",True,False,False,False,False,777,,False,777,True,wrong_structure,"STRUCTURE: equivalent_products
TOOL: multiplication
ARGUMENTS: {""expression"":""(a**2) - (b**2)"",""mode"":""evaluate"",""substitutions"":{""a"":29,""b"":8}}"
test_unseen_00003,500,unseen,What number results from opening the brackets in (34 + 21)(34 + 21)?,polynomial_identity,additive_property,False,expansion,expansion,True,"{""expression"":""(a + b)**2"",""mode"":""evaluate"",""substitutions"":{""a"":34,""b"":21}}","{""expression"":""(a + b)*(a + b)"",""mode"":""evaluate"",""substitutions"":{""a"":34,""b"":21}}",True,True,False,True,True,3025,3025,True,3025,True,,"STRUCTURE: additive_property
TOOL: expansion
ARGUMENTS: {""expression"":""(a + b)*(a + b)"",""mode"":""evaluate"",""substitutions"":{""a"":34,""b"":21}}"
test_unseen_00004,500,unseen,A batch of 8 units has value 20. Find the value of a same-rate batch of 96 units.,equivalent_ratios,equivalent_ratios,True,proportional_scaling,proportional_scaling,True,"{""base_quantity"":8,""base_value"":20,""target_quantity"":96}","{""base_quantity"":8,""base_value"":20,""target_quantity"":96}",True,True,True,True,True,240,240,True,240,True,,"STRUCTURE: equivalent_ratios
TOOL: proportional_scaling
ARGUMENTS: {""base_quantity"":8,""base_value"":20,""target_quantity"":96}"
test_unseen_00005,500,unseen,Complete the equivalent fractions: 14/12 = 112/[blank].,equivalent_ratios,equivalent_ratios,True,cross_multiplication,division,False,"{""left_den"":12,""left_num"":14,""right_num"":112}","{""base"":12,""target"":112}",True,False,False,False,False,96,,False,96,True,wrong_tool,"STRUCTURE: equivalent_ratios
TOOL: division
ARGUMENTS: {""base"":12,""target"":112}"
test_unseen_00006,500,unseen,A machine begins at 2 and applies a change of -7 for 7 rounds. What is its final value?,additive_recurrence,additive_recurrence,True,iteration,iteration,True,"{""start"":2,""step"":-7,""updates"":7}","{""start"":2,""steps"":7,""update"":-7}",True,False,False,False,False,-47,,False,-47,True,invalid_arguments,"STRUCTURE: additive_recurrence
TOOL: iteration
ARGUMENTS: {""start"":2,""steps"":7,""update"":-7}"
test_unseen_00007,500,unseen,The repeated-change process is summarized by c(k) = -2 + (k - 1)(-4). Evaluate it at k = 4.,additive_recurrence,additive_recurrence,True,substitution,substitution,True,"{""expression"":""-2 + (n - 1)*(-4)"",""mode"":""evaluate"",""substitutions"":{""n"":4}}","{""expression"":""-2 + (k - 1)*(-4)"",""mode"":""evaluate"",""substitutions"":{""k"":4}}",True,True,False,False,True,-14,-14,True,-14,True,,"STRUCTURE: additive_recurrence
TOOL: substitution
ARGUMENTS: {""expression"":""-2 + (k - 1)*(-4)"",""mode"":""evaluate"",""substitutions"":{""k"":4}}"
test_unseen_00008,500,unseen,"Knowing only that p + q = -12 and pq = -13, determine p^2 + q^2 by opening (p + q)^2.",symmetric_sum_product,symmetric_sum,False,expansion,expansion,True,"{""mode"":""symmetric_square_sum"",""product"":-13,""sum"":-12}","{""expression"":""(a + b)**2"",""mode"":""evaluate"",""substitutions"":{""a"":-12,""b"":-13}}",True,True,False,False,True,170,625,False,170,True,wrong_structure,"STRUCTURE: symmetric_sum
TOOL: expansion
ARGUMENTS: {""expression"":""(a + b)**2"",""mode"":""evaluate"",""substitutions"":{""a"":-12,""b"":-13}}"
test_unseen_00009,500,unseen,Split the quadratic t^2 + 9t - 36 into linear factors and report the squared-root sum.,symmetric_sum_product,symmetric_sum,False,factorization,factorization,True,"{""mode"":""root_power_sum"",""polynomial"":""t**2 + 9*t - 36"",""power"":2,""variable"":""t""}","{""mode"":""split"",""substitutions"":{""t"":9}}",True,False,False,False,False,153,,False,153,True,wrong_structure,"STRUCTURE: symmetric_sum
TOOL: factorization
ARGUMENTS: {""mode"":""split"",""substitutions"":{""t"":9}}"
test_unseen_00010,500,unseen,Insert u = 3 into -u^2 + 2u - 9. What value results?,transformed_expression,transformed_expression,True,substitution,substitution,True,"{""expression"":""-t**2 + 2*t - 9"",""mode"":""evaluate"",""substitutions"":{""t"":3}}","{""expression"":""-t**2 + 2*t - 9"",""mode"":""evaluate"",""substitutions"":{""t"":3}}",True,True,True,True,True,-12,-12,True,-12,True,,"STRUCTURE: transformed_expression
TOOL: substitution
ARGUMENTS: {""expression"":""-t**2 + 2*t - 9"",""mode"":""evaluate"",""substitutions"":{""t"":3}}"
test_unseen_00011,500,unseen,"After multiplying out the two shifted factors (t + -1) and (t + -9), find the result when t is -2.",transformed_expression,additive_expression,False,expansion,substitution,False,"{""expression"":""(t - 9)*(t - 1)"",""mode"":""evaluate"",""substitutions"":{""t"":-2}}","{""expression"":""(t - 1)*(t - 9)"",""mode"":""evaluate"",""substitutions"":{""t"":-2}}",True,True,False,True,True,33,33,True,33,True,,"STRUCTURE: additive_expression
TOOL: substitution
ARGUMENTS: {""expression"":""(t - 1)*(t - 9)"",""mode"":""evaluate"",""substitutions"":{""t"":-2}}"
test_unseen_00012,500,unseen,The lines 2x - 2y = -24 and -2x - 3y = -6 intersect. Give their y-coordinate.,two_linear_relations,two_linear_relations,True,elimination,elimination,True,"{""equations"":[""2*x - 2*y + 24"",""-2*x - 3*y + 6""],""target"":""y""}","{""equations"":[""2*x - 2*y + 24"",""-2*x - 3*y + 6""],""target"":""y""}",True,True,True,True,True,6,6,True,6,True,,"STRUCTURE: two_linear_relations
TOOL: elimination
ARGUMENTS: {""equations"":[""2*x - 2*y + 24"",""-2*x - 3*y + 6""],""target"":""y""}"
test_unseen_00013,500,unseen,One variable is isolated in y = -5x - 7; use the other constraint 2x - 5y = -19 to obtain y.,two_linear_relations,two_linear_constraints,False,substitution,substitution,True,"{""equations"":[""5*x + y + 7"",""2*x - 5*y + 19""],""mode"":""solve_system"",""target"":""y""}","{""equations"":[""5*x + y + 7"",""2*x - 5*y + 19""],""mode"":""solve_system"",""target"":""y""}",True,True,True,True,True,3,3,True,3,True,,"STRUCTURE: two_linear_constraints
TOOL: substitution
ARGUMENTS: {""equations"":[""5*x + y + 7"",""2*x - 5*y + 19""],""mode"":""solve_system"",""target"":""y""}"
test_unseen_00014,500,unseen,"Without separately squaring both numbers, find the difference between 79 squared and 25 squared.",polynomial_identity,equivalent_products,False,factorization,multiplication,False,"{""expression"":""u**2 - v**2"",""mode"":""evaluate"",""substitutions"":{""u"":79,""v"":25}}","{""left_number"":25}",True,False,False,False,False,5616,,False,5616,True,wrong_structure,"STRUCTURE: equivalent_products
TOOL: multiplication
ARGUMENTS: {""left_number"":79,""left_number"":25}"
test_unseen_00015,500,unseen,What number results from opening the brackets in (32 + 31)(32 + 31)?,polynomial_identity,equivalent_operations,False,expansion,expansion,True,"{""expression"":""(a + b)**2"",""mode"":""evaluate"",""substitutions"":{""a"":32,""b"":31}}","{""expression"":""(a + b)**2*(a + b)"",""mode"":""evaluate"",""substitutions"":{""a"":32,""b"":31}}",True,True,False,False,True,3969,250047,False,3969,True,wrong_structure,"STRUCTURE: equivalent_operations
TOOL: expansion
ARGUMENTS: {""expression"":""(a + b)**2*(a + b)"",""mode"":""evaluate"",""substitutions"":{""a"":32,""b"":31}}"
test_unseen_00016,500,unseen,A batch of 14 units has value 19. Find the value of a same-rate batch of 154 units.,equivalent_ratios,equivalent_ratios,True,proportional_scaling,multiplication,False,"{""base_quantity"":14,""base_value"":19,""target_quantity"":154}","{""base_quantity"":14,""base_value"":19,""target_quantity"":154}",True,False,True,True,False,209,,False,209,True,wrong_tool,"STRUCTURE: equivalent_ratios
TOOL: multiplication
ARGUMENTS: {""base_quantity"":14,""base_value"":19,""target_quantity"":154}"
test_unseen_00017,500,unseen,Complete the equivalent fractions: 5/17 = 20/[blank].,equivalent_ratios,equivalent_ratios,True,cross_multiplication,cross_multiplication,True,"{""left_den"":17,""left_num"":5,""right_num"":20}","{""base"":17,""target"":20}",True,False,False,False,False,68,,False,68,True,invalid_arguments,"STRUCTURE: equivalent_ratios
TOOL: cross_multiplication
ARGUMENTS: {""base"":17,""target"":20}"
test_unseen_00018,500,unseen,A machine begins at 9 and applies a change of 3 for 11 rounds. What is its final value?,additive_recurrence,additive_recurrence,True,iteration,iteration,True,"{""start"":9,""step"":3,""updates"":11}","{""rounds"":11,""start"":9}",True,False,False,False,False,42,,False,42,True,invalid_arguments,"STRUCTURE: additive_recurrence
TOOL: iteration
ARGUMENTS: {""start"":9,""rounds"":11}"
test_unseen_00019,500,unseen,The repeated-change process is summarized by c(k) = -18 + (k - 1)(-1). Evaluate it at k = 5.,additive_recurrence,additive_recurrence,True,substitution,substitution,True,"{""expression"":""-18 + (n - 1)*(-1)"",""mode"":""evaluate"",""substitutions"":{""n"":5}}","{""expression"":""-18 + (k - 1)*(-1)"",""mode"":""evaluate"",""substitutions"":{""k"":5}}",True,True,False,False,True,-22,-22,True,-22,True,,"STRUCTURE: additive_recurrence
TOOL: substitution
ARGUMENTS: {""expression"":""-18 + (k - 1)*(-1)"",""mode"":""evaluate"",""substitutions"":{""k"":5}}"
test_unseen_00020,500,unseen,"Knowing only that p + q = -2 and pq = -195, determine p^2 + q^2 by opening (p + q)^2.",symmetric_sum_product,symmetric_sum_product,True,expansion,expansion,True,"{""mode"":""symmetric_square_sum"",""product"":-195,""sum"":-2}","{""expression"":""(a + b)**2"",""mode"":""evaluate"",""substitutions"":{""a"":-2,""b"":-195}}",True,True,False,False,True,394,38809,False,394,True,valid_but_wrong_arguments,"STRUCTURE: symmetric_sum_product
TOOL: expansion
ARGUMENTS: {""expression"":""(a + b)**2"",""mode"":""evaluate"",""substitutions"":{""a"":-2,""b"":-195}}"
test_unseen_00021,500,unseen,Split the quadratic t^2 - 12t + 27 into linear factors and report the squared-root sum.,symmetric_sum_product,symmetric_sum,False,factorization,factorization,True,"{""mode"":""root_power_sum"",""polynomial"":""t**2 - 12*t + 27"",""power"":2,""variable"":""t""}","{""mode"":""split"",""polynomials"":[""t**2 - 12*t + 27""],""report"":[""square_root_sum""]}",True,False,False,False,False,90,,False,90,True,wrong_structure,"STRUCTURE: symmetric_sum
TOOL: factorization
ARGUMENTS: {""mode"":""split"",""polynomials"":[""t**2 - 12*t + 27""],""report"":[""square_root_sum""]}"
test_unseen_00022,500,unseen,Insert u = 2 into 5u^2 + u - 1. What value results?,transformed_expression,transformed_expression,True,substitution,substitution,True,"{""expression"":""5*t**2 + t - 1"",""mode"":""evaluate"",""substitutions"":{""t"":2}}","{""expression"":""5*u**2 + u - 1"",""mode"":""evaluate"",""substitutions"":{""u"":2}}",True,True,False,False,True,21,21,True,21,True,,"STRUCTURE: transformed_expression
TOOL: substitution
ARGUMENTS: {""expression"":""5*u**2 + u - 1"",""mode"":""evaluate"",""substitutions"":{""u"":2}}"
test_unseen_00023,500,unseen,"After multiplying out the two shifted factors (t + -4) and (t + 2), find the result when t is -6.",transformed_expression,additive_expression,False,expansion,substitution,False,"{""expression"":""(t - 4)*(t + 2)"",""mode"":""evaluate"",""substitutions"":{""t"":-6}}","{""expression"":""(t - 4)*(t + 2)"",""mode"":""evaluate"",""substitutions"":{""t"":-6}}",True,True,True,True,True,40,40,True,40,True,,"STRUCTURE: additive_expression
TOOL: substitution
ARGUMENTS: {""expression"":""(t - 4)*(t + 2)"",""mode"":""evaluate"",""substitutions"":{""t"":-6}}"
test_unseen_00024,500,unseen,The lines -2x + 4y = -26 and -5x + y = -11 intersect. Give their x-coordinate.,two_linear_relations,two_linear_relations,True,elimination,substitution,False,"{""equations"":[""-2*x + 4*y + 26"",""-5*x + y + 11""],""target"":""x""}","{""equations"":[""-2*x + 4*y + 26"",""-5*x + y + 11""],""mode"":""intersection"",""target"":""x""}",True,False,False,False,False,1,,False,1,True,wrong_tool,"STRUCTURE: two_linear_relations
TOOL: substitution
ARGUMENTS: {""equations"":[""-2*x + 4*y + 26"",""-5*x + y + 11""],""mode"":""intersection"",""target"":""x""}"
test_unseen_00025,500,unseen,One variable is isolated in y = -4x - 4; use the other constraint -3x - 5y = 122 to obtain y.,two_linear_relations,two_linear_constraints,False,substitution,substitution,True,"{""equations"":[""4*x + y + 4"",""-3*x - 5*y - 122""],""mode"":""solve_system"",""target"":""y""}","{""equations"":[""4*x + y + 4"",""-3*x - 5*y - 122""],""mode"":""solve_system"",""target"":""y""}",True,True,True,True,True,-28,-28,True,-28,True,,"STRUCTURE: two_linear_constraints
TOOL: substitution
ARGUMENTS: {""equations"":[""4*x + y + 4"",""-3*x - 5*y - 122""],""mode"":""solve_system"",""target"":""y""}"
test_unseen_00026,500,unseen,"Without separately squaring both numbers, find the difference between 48 squared and 43 squared.",polynomial_identity,equivalent_products,False,factorization,multiplication,False,"{""expression"":""u**2 - v**2"",""mode"":""evaluate"",""substitutions"":{""u"":48,""v"":43}}","{""left_number"":43}",True,False,False,False,False,455,,False,455,True,wrong_structure,"STRUCTURE: equivalent_products
TOOL: multiplication
ARGUMENTS: {""left_number"":48,""left_number"":43}"
test_unseen_00027,500,unseen,What number results from opening the brackets in (19 + 6)(19 + 6)?,polynomial_identity,equivalentExpressions,False,expansion,expansion,True,"{""expression"":""(a + b)**2"",""mode"":""evaluate"",""substitutions"":{""a"":19,""b"":6}}","{""expression"":""(19 + 6)*(19 + 6)"",""mode"":""evaluate"",""substitutions"":{""19"":19,""6"":6}}",True,False,False,False,False,625,,False,625,True,wrong_structure,"STRUCTURE: equivalentExpressions
TOOL: expansion
ARGUMENTS: {""expression"":""(19 + 6)*(19 + 6)"",""mode"":""evaluate"",""substitutions"":{""19"":19,""6"":6}}"
test_unseen_00028,500,unseen,A batch of 8 units has value 10. Find the value of a same-rate batch of 16 units.,equivalent_ratios,equivalent_ratios,True,proportional_scaling,multiplication,False,"{""base_quantity"":8,""base_value"":10,""target_quantity"":16}","{""base_quantity"":8,""base_value"":10,""target_quantity"":16}",True,False,True,True,False,20,,False,20,True,wrong_tool,"STRUCTURE: equivalent_ratios
TOOL: multiplication
ARGUMENTS: {""base_quantity"":8,""base_value"":10,""target_quantity"":16}"
test_unseen_00029,500,unseen,Complete the equivalent fractions: 13/18 = 52/[blank].,equivalent_ratios,equivalent_ratios,True,cross_multiplication,division,False,"{""left_den"":18,""left_num"":13,""right_num"":52}","{""base"":18,""target"":52}",True,False,False,False,False,72,,False,72,True,wrong_tool,"STRUCTURE: equivalent_ratios
TOOL: division
ARGUMENTS: {""base"":18,""target"":52}"
test_unseen_00030,500,unseen,A machine begins at 20 and applies a change of -3 for 2 rounds. What is its final value?,additive_recurrence,additive_recurrence,True,iteration,iteration,True,"{""start"":20,""step"":-3,""updates"":2}","{""reps"":2,""start"":20,""step"":-3}",True,False,False,False,False,14,,False,14,True,invalid_arguments,"STRUCTURE: additive_recurrence
TOOL: iteration
ARGUMENTS: {""start"":20,""step"":-3,""reps"":2}"
test_unseen_00031,500,unseen,The repeated-change process is summarized by c(k) = -3 + (k - 1)(7). Evaluate it at k = 7.,additive_recurrence,additive_recurrence,True,substitution,substitution,True,"{""expression"":""-3 + (n - 1)*(7)"",""mode"":""evaluate"",""substitutions"":{""n"":7}}","{""expression"":""-3 + (k - 1)*(7)"",""mode"":""evaluate"",""substitutions"":{""k"":7}}",True,True,False,False,True,39,39,True,39,True,,"STRUCTURE: additive_recurrence
TOOL: substitution
ARGUMENTS: {""expression"":""-3 + (k - 1)*(7)"",""mode"":""evaluate"",""substitutions"":{""k"":7}}"
test_unseen_00032,500,unseen,"Knowing only that p + q = -12 and pq = -13, determine p^2 + q^2 by opening (p + q)^2.",symmetric_sum_product,symmetric_sum,False,expansion,expansion,True,"{""mode"":""symmetric_square_sum"",""product"":-13,""sum"":-12}","{""expression"":""(a + b)**2"",""mode"":""evaluate"",""substitutions"":{""a"":-12,""b"":-13}}",True,True,False,False,True,170,625,False,170,True,wrong_structure,"STRUCTURE: symmetric_sum
TOOL: expansion
ARGUMENTS: {""expression"":""(a + b)**2"",""mode"":""evaluate"",""substitutions"":{""a"":-12,""b"":-13}}"
test_unseen_00033,500,unseen,Split the quadratic t^2 - 21t + 108 into linear factors and report the squared-root sum.,symmetric_sum_product,symmetric_sum,False,factorization,factorization,True,"{""mode"":""root_power_sum"",""polynomial"":""t**2 - 21*t + 108"",""power"":2,""variable"":""t""}","{""mode"":""split"",""polynomials"":[""t**2 - 21*t + 108""],""report"":[""square_root_sum""]",False,False,False,False,False,225,,False,225,True,wrong_structure,"STRUCTURE: symmetric_sum
TOOL: factorization
ARGUMENTS: {""mode"":""split"",""polynomials"":[""t**2 - 21*t + 108""],""report"":[""square_root_sum""]"
test_unseen_00034,500,unseen,Insert u = 5 into 5u^2 + 2u + 5. What value results?,transformed_expression,transformed_expression,True,substitution,substitution,True,"{""expression"":""5*t**2 + 2*t + 5"",""mode"":""evaluate"",""substitutions"":{""t"":5}}","{""expression"":""5*u**2 + 2*u + 5"",""mode"":""evaluate"",""substitutions"":{""u"":5}}",True,True,False,False,True,140,140,True,140,True,,"STRUCTURE: transformed_expression
TOOL: substitution
ARGUMENTS: {""expression"":""5*u**2 + 2*u + 5"",""mode"":""evaluate"",""substitutions"":{""u"":5}}"
test_unseen_00035,500,unseen,"After multiplying out the two shifted factors (t + 5) and (t + -8), find the result when t is -3.",transformed_expression,additive_expression,False,expansion,substitution,False,"{""expression"":""(t - 8)*(t + 5)"",""mode"":""evaluate"",""substitutions"":{""t"":-3}}","{""expression"":""(t + 5)*(t - 8)"",""mode"":""evaluate"",""substitutions"":{""t"":-3}}",True,True,False,True,True,-22,-22,True,-22,True,,"STRUCTURE: additive_expression
TOOL: substitution
ARGUMENTS: {""expression"":""(t + 5)*(t - 8)"",""mode"":""evaluate"",""substitutions"":{""t"":-3}}"
test_unseen_00036,500,unseen,The lines x - y = -3 and 3x + 2y = 6 intersect. Give their x-coordinate.,two_linear_relations,two_linear_relations,True,elimination,substitution,False,"{""equations"":[""x - y + 3"",""3*x + 2*y - 6""],""target"":""x""}","{""equations"":[""x + y + 3"",""3*x + 2*y - 6""],""mode"":""intersection"",""target_x"":0}",True,False,False,False,False,0,,False,0,True,wrong_tool,"STRUCTURE: two_linear_relations
TOOL: substitution
ARGUMENTS: {""equations"":[""x + y + 3"",""3*x + 2*y - 6""],""mode"":""intersection"",""target_x"":0}"
test_unseen_00037,500,unseen,One variable is isolated in y = -x - 4; use the other constraint -4x + 3y = -19 to obtain y.,two_linear_relations,two_linear_constraints,False,substitution,substitution,True,"{""equations"":[""x + y + 4"",""-4*x + 3*y + 19""],""mode"":""solve_system"",""target"":""y""}","{""equations"":[""x + y + 4"",""-4*x + 3*y + 19""],""mode"":""solve_system"",""target"":""y""}",True,True,True,True,True,-5,-5,True,-5,True,,"STRUCTURE: two_linear_constraints
TOOL: substitution
ARGUMENTS: {""equations"":[""x + y + 4"",""-4*x + 3*y + 19""],""mode"":""solve_system"",""target"":""y""}"
test_unseen_00038,500,unseen,"Without separately squaring both numbers, find the difference between 66 squared and 43 squared.",polynomial_identity,equivalent_products,False,factorization,multiplication,False,"{""expression"":""u**2 - v**2"",""mode"":""evaluate"",""substitutions"":{""u"":66,""v"":43}}","{""left_number"":43}",True,False,False,False,False,2507,,False,2507,True,wrong_structure,"STRUCTURE: equivalent_products
TOOL: multiplication
ARGUMENTS: {""left_number"":66,""left_number"":43}"
test_unseen_00039,500,unseen,What number results from opening the brackets in (30 + 7)(30 + 7)?,polynomial_identity,equivalent_expresions,False,expansion,expansion,True,"{""expression"":""(a + b)**2"",""mode"":""evaluate"",""substitutions"":{""a"":30,""b"":7}}","{""expression"":""(30 + 7)*(30 + 7)"",""mode"":""evaluate"",""substitutions"":{""30"":30,""7"":7}}",True,False,False,False,False,1369,,False,1369,True,wrong_structure,"STRUCTURE: equivalent_expresions
TOOL: expansion
ARGUMENTS: {""expression"":""(30 + 7)*(30 + 7)"",""mode"":""evaluate"",""substitutions"":{""30"":30,""7"":7}}"
test_unseen_00040,500,unseen,A batch of 11 units has value 6. Find the value of a same-rate batch of 66 units.,equivalent_ratios,equivalent_ratios,True,proportional_scaling,multiplication,False,"{""base_quantity"":11,""base_value"":6,""target_quantity"":66}","{""base_quantity"":11,""base_value"":6,""target_quantity"":66}",True,False,True,True,False,36,,False,36,True,wrong_tool,"STRUCTURE: equivalent_ratios
TOOL: multiplication
ARGUMENTS: {""base_quantity"":11,""base_value"":6,""target_quantity"":66}"
test_unseen_00041,500,unseen,Complete the equivalent fractions: 13/19 = 78/[blank].,equivalent_ratios,equivalent_ratios,True,cross_multiplication,division,False,"{""left_den"":19,""left_num"":13,""right_num"":78}","{""base"":19,""target"":78}",True,False,False,False,False,114,,False,114,True,wrong_tool,"STRUCTURE: equivalent_ratios
TOOL: division
ARGUMENTS: {""base"":19,""target"":78}"
test_unseen_00042,500,unseen,A machine begins at 12 and applies a change of 3 for 5 rounds. What is its final value?,additive_recurrence,additive_recurrence,True,iteration,iteration,True,"{""start"":12,""step"":3,""updates"":5}","{""start"":12,""steps"":5}",True,False,False,False,False,27,,False,27,True,invalid_arguments,"STRUCTURE: additive_recurrence
TOOL: iteration
ARGUMENTS: {""start"":12,""steps"":5}"
test_unseen_00043,500,unseen,The repeated-change process is summarized by c(k) = -18 + (k - 1)(-2). Evaluate it at k = 11.,additive_recurrence,additive_recurrence,True,substitution,substitution,True,"{""expression"":""-18 + (n - 1)*(-2)"",""mode"":""evaluate"",""substitutions"":{""n"":11}}","{""expression"":""-18 + (k - 1)*(-2)"",""mode"":""evaluate"",""substitutions"":{""k"":11}}",True,True,False,False,True,-38,-38,True,-38,True,,"STRUCTURE: additive_recurrence
TOOL: substitution
ARGUMENTS: {""expression"":""-18 + (k - 1)*(-2)"",""mode"":""evaluate"",""substitutions"":{""k"":11}}"
test_unseen_00044,500,unseen,"Knowing only that p + q = -13 and pq = 0, determine p^2 + q^2 by opening (p + q)^2.",symmetric_sum_product,symmetric_sum_product,True,expansion,expansion,True,"{""mode"":""symmetric_square_sum"",""product"":0,""sum"":-13}","{""expression"":""(a + b)**2"",""mode"":""evaluate"",""substitutions"":{""a"":-13,""b"":0}}",True,True,False,False,True,169,169,True,169,True,,"STRUCTURE: symmetric_sum_product
TOOL: expansion
ARGUMENTS: {""expression"":""(a + b)**2"",""mode"":""evaluate"",""substitutions"":{""a"":-13,""b"":0}}"
test_unseen_00045,500,unseen,Split the quadratic t^2 + 6t - 7 into linear factors and report the squared-root sum.,symmetric_sum_product,transformed_expression,False,factorization,factorization,True,"{""mode"":""root_power_sum"",""polynomial"":""t**2 + 6*t - 7"",""power"":2,""variable"":""t""}","{""expression"":""t**2 + 6*t - 7"",""mode"":""evaluate"",""substitutions"":{""t"":-7}}",True,True,False,False,True,50,0,False,50,True,wrong_structure,"STRUCTURE: transformed_expression
TOOL: factorization
ARGUMENTS: {""expression"":""t**2 + 6*t - 7"",""mode"":""evaluate"",""substitutions"":{""t"":-7}}"
test_unseen_00046,500,unseen,Insert u = -3 into 2u^2 - 4u + 2. What value results?,transformed_expression,transformed_expression,True,substitution,substitution,True,"{""expression"":""2*t**2 - 4*t + 2"",""mode"":""evaluate"",""substitutions"":{""t"":-3}}","{""expression"":""-3*u**2 - 4*u + 2"",""mode"":""evaluate"",""substitutions"":{""u"":-3}}",True,True,False,False,True,32,-13,False,32,True,valid_but_wrong_arguments,"STRUCTURE: transformed_expression
TOOL: substitution
ARGUMENTS: {""expression"":""-3*u**2 - 4*u + 2"",""mode"":""evaluate"",""substitutions"":{""u"":-3}}"
test_unseen_00047,500,unseen,"After multiplying out the two shifted factors (z + -6) and (z + -3), find the result when z is 7.",transformed_expression,additive_expression,False,expansion,substitution,False,"{""expression"":""(z - 6)*(z - 3)"",""mode"":""evaluate"",""substitutions"":{""z"":7}}","{""expression"":""(z - 6)*(z - 3)"",""mode"":""evaluate"",""substitutions"":{""z"":7}}",True,True,True,True,True,4,4,True,4,True,,"STRUCTURE: additive_expression
TOOL: substitution
ARGUMENTS: {""expression"":""(z - 6)*(z - 3)"",""mode"":""evaluate"",""substitutions"":{""z"":7}}"
test_unseen_00048,500,unseen,The lines -3x - 5y = -41 and -4x + y = -1 intersect. Give their y-coordinate.,two_linear_relations,two_linear_relations,True,elimination,substitution,False,"{""equations"":[""-3*x - 5*y + 41"",""-4*x + y + 1""],""target"":""y""}","{""equations"":[""-3*x - 5*y + 41"",""-4*x + y + 1""],""mode"":""intersection"",""target"":""y""}",True,False,False,False,False,7,,False,7,True,wrong_tool,"STRUCTURE: two_linear_relations
TOOL: substitution
ARGUMENTS: {""equations"":[""-3*x - 5*y + 41"",""-4*x + y + 1""],""mode"":""intersection"",""target"":""y""}"
test_unseen_00049,500,unseen,One variable is isolated in y = 5x + 8; use the other constraint 3x - 2y = -37 to obtain x.,two_linear_relations,two_linear_constraints,False,substitution,substitution,True,"{""equations"":[""-5*x + y - 8"",""3*x - 2*y + 37""],""mode"":""solve_system"",""target"":""x""}","{""equations"":[""-5*x + y - 8"",""3*x - 2*y + 37""],""mode"":""solve_system"",""target"":""x""}",True,True,True,True,True,3,3,True,3,True,,"STRUCTURE: two_linear_constraints
TOOL: substitution
ARGUMENTS: {""equations"":[""-5*x + y - 8"",""3*x - 2*y + 37""],""mode"":""solve_system"",""target"":""x""}"
test_unseen_00050,500,unseen,"Without separately squaring both numbers, find the difference between 31 squared and 12 squared.",polynomial_identity,equivalent_products,False,factorization,multiplication,False,"{""expression"":""u**2 - v**2"",""mode"":""evaluate"",""substitutions"":{""u"":31,""v"":12}}","{""expression"":""u**2 - v**2"",""mode"":""evaluate"",""substitutions"":{""u"":31,""v"":12}}",True,False,True,True,False,817,,False,817,True,wrong_structure,"STRUCTURE: equivalent_products
TOOL: multiplication
ARGUMENTS: {""expression"":""u**2 - v**2"",""mode"":""evaluate"",""substitutions"":{""u"":31,""v"":12}}"
test_unseen_00051,500,unseen,What number results from opening the brackets in (2 + 23)(2 + 23)?,polynomial_identity,expanded_expression,False,expansion,expansion,True,"{""expression"":""(a + b)**2"",""mode"":""evaluate"",""substitutions"":{""a"":2,""b"":23}}","{""expression"":""(2 + 23)*(2 + 23)"",""mode"":""evaluate"",""substitutions"":{""2"":2,""23"":23}}",True,False,False,False,False,625,,False,625,True,wrong_structure,"STRUCTURE: expanded_expression
TOOL: expansion
ARGUMENTS: {""expression"":""(2 + 23)*(2 + 23)"",""mode"":""evaluate"",""substitutions"":{""2"":2,""23"":23}}"
test_unseen_00052,500,unseen,A batch of 2 units has value 19. Find the value of a same-rate batch of 12 units.,equivalent_ratios,equivalent_ratios,True,proportional_scaling,multiplication,False,"{""base_quantity"":2,""base_value"":19,""target_quantity"":12}","{""base_quantity"":2,""base_value"":19,""target_quantity"":12}",True,False,True,True,False,114,,False,114,True,wrong_tool,"STRUCTURE: equivalent_ratios
TOOL: multiplication
ARGUMENTS: {""base_quantity"":2,""base_value"":19,""target_quantity"":12}"
test_unseen_00053,500,unseen,Complete the equivalent fractions: 11/6 = 55/[blank].,equivalent_ratios,equivalent_ratios,True,cross_multiplication,cross_multiplication,True,"{""left_den"":6,""left_num"":11,""right_num"":55}","{""base"":11,""target"":55}",True,False,False,False,False,30,,False,30,True,invalid_arguments,"STRUCTURE: equivalent_ratios
TOOL: cross_multiplication
ARGUMENTS: {""base"":11,""target"":55}"
test_unseen_00054,500,unseen,A machine begins at -10 and applies a change of -3 for 10 rounds. What is its final value?,additive_recurrence,additive_recurrence,True,iteration,iteration,True,"{""start"":-10,""step"":-3,""updates"":10}","{""reps"":10,""start"":-10,""step"":-3}",True,False,False,False,False,-40,,False,-40,True,invalid_arguments,"STRUCTURE: additive_recurrence
TOOL: iteration
ARGUMENTS: {""start"":-10,""step"":-3,""reps"":10}"
test_unseen_00055,500,unseen,The repeated-change process is summarized by c(k) = -19 + (k - 1)(-7). Evaluate it at k = 4.,additive_recurrence,additive_recurrence,True,substitution,substitution,True,"{""expression"":""-19 + (n - 1)*(-7)"",""mode"":""evaluate"",""substitutions"":{""n"":4}}","{""expression"":""-19 + (k - 1)*(-7)"",""mode"":""evaluate"",""substitutions"":{""k"":4}}",True,True,False,False,True,-40,-40,True,-40,True,,"STRUCTURE: additive_recurrence
TOOL: substitution
ARGUMENTS: {""expression"":""-19 + (k - 1)*(-7)"",""mode"":""evaluate"",""substitutions"":{""k"":4}}"
test_unseen_00056,500,unseen,"Knowing only that p + q = 3 and pq = 2, determine p^2 + q^2 by opening (p + q)^2.",symmetric_sum_product,symmetric_sum,False,expansion,expansion,True,"{""mode"":""symmetric_square_sum"",""product"":2,""sum"":3}","{""expression"":""(a + b)**2"",""mode"":""evaluate"",""substitutions"":{""a"":3,""b"":2}}",True,True,False,False,True,5,25,False,5,True,wrong_structure,"STRUCTURE: symmetric_sum
TOOL: expansion
ARGUMENTS: {""expression"":""(a + b)**2"",""mode"":""evaluate"",""substitutions"":{""a"":3,""b"":2}}"
test_unseen_00057,500,unseen,Split the quadratic t^2 + 9t - 70 into linear factors and report the squared-root sum.,symmetric_sum_product,symmetric_sum,False,factorization,factorization,True,"{""mode"":""root_power_sum"",""polynomial"":""t**2 + 9*t - 70"",""power"":2,""variable"":""t""}","{""mode"":""split"",""polynomials"":[""t**2 + 9*t - 70""],""report"":""square_root_sum"",""target"":34}",True,False,False,False,False,221,,False,221,True,wrong_structure,"STRUCTURE: symmetric_sum
TOOL: factorization
ARGUMENTS: {""mode"":""split"",""polynomials"":[""t**2 + 9*t - 70""],""report"":""square_root_sum"",""target"":34}"
test_unseen_00058,500,unseen,Insert u = -3 into -u^2 + 4u - 8. What value results?,transformed_expression,transformed_expression,True,substitution,substitution,True,"{""expression"":""-t**2 + 4*t - 8"",""mode"":""evaluate"",""substitutions"":{""t"":-3}}","{""expression"":""-u**2 + 4*u - 8"",""mode"":""evaluate"",""substitutions"":{""u"":-3}}",True,True,False,False,True,-29,-29,True,-29,True,,"STRUCTURE: transformed_expression
TOOL: substitution
ARGUMENTS: {""expression"":""-u**2 + 4*u - 8"",""mode"":""evaluate"",""substitutions"":{""u"":-3}}"
test_unseen_00059,500,unseen,"After multiplying out the two shifted factors (z + 10) and (z + -5), find the result when z is 3.",transformed_expression,additive_expression,False,expansion,substitution,False,"{""expression"":""(z - 5)*(z + 10)"",""mode"":""evaluate"",""substitutions"":{""z"":3}}","{""expression"":""(z + 10)*(z - 5)"",""mode"":""evaluate"",""substitutions"":{""z"":3}}",True,True,False,True,True,-26,-26,True,-26,True,,"STRUCTURE: additive_expression
TOOL: substitution
ARGUMENTS: {""expression"":""(z + 10)*(z - 5)"",""mode"":""evaluate"",""substitutions"":{""z"":3}}"
test_unseen_00060,500,unseen,The lines 4x - y = -29 and -5x - 5y = 30 intersect. Give their x-coordinate.,two_linear_relations,two_linear_relations,True,elimination,substitution,False,"{""equations"":[""4*x - y + 29"",""-5*x - 5*y - 30""],""target"":""x""}","{""equations"":[""4*x - y + 29"",""-5*x - 5*y - 30""],""mode"":""intersection"",""target"":""x""}",True,False,False,False,False,-7,,False,-7,True,wrong_tool,"STRUCTURE: two_linear_relations
TOOL: substitution
ARGUMENTS: {""equations"":[""4*x - y + 29"",""-5*x - 5*y - 30""],""mode"":""intersection"",""target"":""x""}"
test_unseen_00061,500,unseen,One variable is isolated in y = -2x - 8; use the other constraint -3x - 4y = 2 to obtain x.,two_linear_relations,two_linear_constraints,False,substitution,substitution,True,"{""equations"":[""2*x + y + 8"",""-3*x - 4*y - 2""],""mode"":""solve_system"",""target"":""x""}","{""equations"":[""2*x + y + 8"",""-3*x - 4*y - 2""],""mode"":""solve_system"",""target"":""x""}",True,True,True,True,True,-6,-6,True,-6,True,,"STRUCTURE: two_linear_constraints
TOOL: substitution
ARGUMENTS: {""equations"":[""2*x + y + 8"",""-3*x - 4*y - 2""],""mode"":""solve_system"",""target"":""x""}"
test_unseen_00062,500,unseen,"Without separately squaring both numbers, find the difference between 45 squared and 37 squared.",polynomial_identity,equivalent_products,False,factorization,multiplication,False,"{""expression"":""u**2 - v**2"",""mode"":""evaluate"",""substitutions"":{""u"":45,""v"":37}}","{""left_number"":37}",True,False,False,False,False,656,,False,656,True,wrong_structure,"STRUCTURE: equivalent_products
TOOL: multiplication
ARGUMENTS: {""left_number"":45,""left_number"":37}"
test_unseen_00063,500,unseen,What number results from opening the brackets in (12 + 29)(12 + 29)?,polynomial_identity,additive_property,False,expansion,expansion,True,"{""expression"":""(a + b)**2"",""mode"":""evaluate"",""substitutions"":{""a"":12,""b"":29}}","{""expression"":""(12 + 29)*(12 + 29)"",""mode"":""evaluate"",""substitutions"":{""12"":12,""29"":29}}",True,False,False,False,False,1681,,False,1681,True,wrong_structure,"STRUCTURE: additive_property
TOOL: expansion
ARGUMENTS: {""expression"":""(12 + 29)*(12 + 29)"",""mode"":""evaluate"",""substitutions"":{""12"":12,""29"":29}}"
test_unseen_00064,500,unseen,A batch of 8 units has value 13. Find the value of a same-rate batch of 48 units.,equivalent_ratios,equivalent_ratios,True,proportional_scaling,multiplication,False,"{""base_quantity"":8,""base_value"":13,""target_quantity"":48}","{""base_quantity"":8,""base_value"":13,""target_quantity"":48}",True,False,True,True,False,78,,False,78,True,wrong_tool,"STRUCTURE: equivalent_ratios
TOOL: multiplication
ARGUMENTS: {""base_quantity"":8,""base_value"":13,""target_quantity"":48}"
test_unseen_00065,500,unseen,Complete the equivalent fractions: 11/10 = 55/[blank].,equivalent_ratios,equivalent_ratios,True,cross_multiplication,division,False,"{""left_den"":10,""left_num"":11,""right_num"":55}","{""base"":10,""target"":55}",True,False,False,False,False,50,,False,50,True,wrong_tool,"STRUCTURE: equivalent_ratios
TOOL: division
ARGUMENTS: {""base"":10,""target"":55}"
test_unseen_00066,500,unseen,A machine begins at -11 and applies a change of 1 for 6 rounds. What is its final value?,additive_recurrence,additive_recurrence,True,iteration,iteration,True,"{""start"":-11,""step"":1,""updates"":6}","{""reps"":6,""start"":-11,""step"":1}",True,False,False,False,False,-5,,False,-5,True,invalid_arguments,"STRUCTURE: additive_recurrence
TOOL: iteration
ARGUMENTS: {""start"":-11,""step"":1,""reps"":6}"
test_unseen_00067,500,unseen,The repeated-change process is summarized by c(k) = 5 + (k - 1)(-4). Evaluate it at k = 13.,additive_recurrence,additive_recurrence,True,substitution,substitution,True,"{""expression"":""5 + (n - 1)*(-4)"",""mode"":""evaluate"",""substitutions"":{""n"":13}}","{""expression"":""5 + (k - 1)*(-4)"",""mode"":""evaluate"",""substitutions"":{""k"":13}}",True,True,False,False,True,-43,-43,True,-43,True,,"STRUCTURE: additive_recurrence
TOOL: substitution
ARGUMENTS: {""expression"":""5 + (k - 1)*(-4)"",""mode"":""evaluate"",""substitutions"":{""k"":13}}"
test_unseen_00068,500,unseen,"Knowing only that p + q = 5 and pq = -150, determine p^2 + q^2 by opening (p + q)^2.",symmetric_sum_product,symmetric_sum,False,expansion,expansion,True,"{""mode"":""symmetric_square_sum"",""product"":-150,""sum"":5}","{""expression"":""(a + b)**2"",""mode"":""evaluate"",""substitutions"":{""a"":5,""b"":-150}}",True,True,False,False,True,325,21025,False,325,True,wrong_structure,"STRUCTURE: symmetric_sum
TOOL: expansion
ARGUMENTS: {""expression"":""(a + b)**2"",""mode"":""evaluate"",""substitutions"":{""a"":5,""b"":-150}}"
test_unseen_00069,500,unseen,Split the quadratic t^2 + 10t into linear factors and report the squared-root sum.,symmetric_sum_product,transformed_expression,False,factorization,factorization,True,"{""mode"":""root_power_sum"",""polynomial"":""t**2 + 10*t"",""power"":2,""variable"":""t""}","{""expression"":""t**2 + 10*t"",""mode"":""evaluate"",""substitutions"":{""t"":10}}",True,True,False,False,True,100,200,False,100,True,wrong_structure,"STRUCTURE: transformed_expression
TOOL: factorization
ARGUMENTS: {""expression"":""t**2 + 10*t"",""mode"":""evaluate"",""substitutions"":{""t"":10}}"
test_unseen_00070,500,unseen,Insert u = 0 into -u^2 + 6u + 3. What value results?,transformed_expression,transformed_expression,True,substitution,substitution,True,"{""expression"":""-t**2 + 6*t + 3"",""mode"":""evaluate"",""substitutions"":{""t"":0}}","{""expression"":""-t**2 + 6*t + 3"",""mode"":""evaluate"",""substitutions"":{""t"":0}}",True,True,True,True,True,3,3,True,3,True,,"STRUCTURE: transformed_expression
TOOL: substitution
ARGUMENTS: {""expression"":""-t**2 + 6*t + 3"",""mode"":""evaluate"",""substitutions"":{""t"":0}}"
test_unseen_00071,500,unseen,"After multiplying out the two shifted factors (z + -1) and (z + -1), find the result when z is 4.",transformed_expression,additive_expression,False,expansion,substitution,False,"{""expression"":""(z - 1)**2"",""mode"":""evaluate"",""substitutions"":{""z"":4}}","{""expression"":""(z - 1)*(z - 1)"",""mode"":""evaluate"",""substitutions"":{""z"":4}}",True,True,False,True,True,9,9,True,9,True,,"STRUCTURE: additive_expression
TOOL: substitution
ARGUMENTS: {""expression"":""(z - 1)*(z - 1)"",""mode"":""evaluate"",""substitutions"":{""z"":4}}"
test_unseen_00072,500,unseen,The lines x + 2y = 17 and 2x - 4y = -14 intersect. Give their y-coordinate.,two_linear_relations,two_linear_relations,True,elimination,elimination,True,"{""equations"":[""x + 2*y - 17"",""2*x - 4*y + 14""],""target"":""y""}","{""equations"":[""x + 2*y - 17"",""2*x - 4*y + 14""],""target"":""y""}",True,True,True,True,True,6,6,True,6,True,,"STRUCTURE: two_linear_relations
TOOL: elimination
ARGUMENTS: {""equations"":[""x + 2*y - 17"",""2*x - 4*y + 14""],""target"":""y""}"
test_unseen_00073,500,unseen,One variable is isolated in y = -2x; use the other constraint -2x + 3y = -72 to obtain x.,two_linear_relations,two_linear_constraints,False,substitution,substitution,True,"{""equations"":[""2*x + y"",""-2*x + 3*y + 72""],""mode"":""solve_system"",""target"":""x""}","{""equations"":[""2*x + y"",""-2*x + 3*y + 72""],""mode"":""solve_system"",""target"":""x""}",True,True,True,True,True,9,9,True,9,True,,"STRUCTURE: two_linear_constraints
TOOL: substitution
ARGUMENTS: {""equations"":[""2*x + y"",""-2*x + 3*y + 72""],""mode"":""solve_system"",""target"":""x""}"
test_unseen_00074,500,unseen,"Without separately squaring both numbers, find the difference between 27 squared and 24 squared.",polynomial_identity,equivalent_products,False,factorization,multiplication,False,"{""expression"":""u**2 - v**2"",""mode"":""evaluate"",""substitutions"":{""u"":27,""v"":24}}","{""expression"":""(a**2) - (b**2)"",""mode"":""evaluate"",""substitutions"":{""a"":27,""b"":24}}",True,False,False,False,False,153,,False,153,True,wrong_structure,"STRUCTURE: equivalent_products
TOOL: multiplication
ARGUMENTS: {""expression"":""(a**2) - (b**2)"",""mode"":""evaluate"",""substitutions"":{""a"":27,""b"":24}}"
test_unseen_00075,500,unseen,What number results from opening the brackets in (25 + 16)(25 + 16)?,polynomial_identity,expanded_expression,False,expansion,expansion,True,"{""expression"":""(a + b)**2"",""mode"":""evaluate"",""substitutions"":{""a"":25,""b"":16}}","{""expression"":""(25 + 16)*(25 + 16)"",""mode"":""evaluate"",""substitutions"":{""16"":7,""25"":5}}",True,False,False,False,False,1681,,False,1681,True,wrong_structure,"STRUCTURE: expanded_expression
TOOL: expansion
ARGUMENTS: {""expression"":""(25 + 16)*(25 + 16)"",""mode"":""evaluate"",""substitutions"":{""25"":5,""16"":7}}"
test_unseen_00076,500,unseen,A batch of 8 units has value 11. Find the value of a same-rate batch of 64 units.,equivalent_ratios,equivalent_ratios,True,proportional_scaling,multiplication,False,"{""base_quantity"":8,""base_value"":11,""target_quantity"":64}","{""base_quantity"":8,""base_value"":11,""target_quantity"":64}",True,False,True,True,False,88,,False,88,True,wrong_tool,"STRUCTURE: equivalent_ratios
TOOL: multiplication
ARGUMENTS: {""base_quantity"":8,""base_value"":11,""target_quantity"":64}"
test_unseen_00077,500,unseen,Complete the equivalent fractions: 3/2 = 24/[blank].,equivalent_ratios,equivalent_ratios,True,cross_multiplication,multiplication,False,"{""left_den"":2,""left_num"":3,""right_num"":24}","{""base"":3,""target"":24}",True,False,False,False,False,16,,False,16,True,wrong_tool,"STRUCTURE: equivalent_ratios
TOOL: multiplication
ARGUMENTS: {""base"":3,""target"":24}"
test_unseen_00078,500,unseen,A machine begins at -6 and applies a change of 9 for 6 rounds. What is its final value?,additive_recurrence,additive_recurrence,True,iteration,iteration,True,"{""start"":-6,""step"":9,""updates"":6}","{""rounds"":6,""start"":-6,""step"":9}",True,False,False,False,False,48,,False,48,True,invalid_arguments,"STRUCTURE: additive_recurrence
TOOL: iteration
ARGUMENTS: {""start"":-6,""step"":9,""rounds"":6}"
test_unseen_00079,500,unseen,The repeated-change process is summarized by c(k) = -19 + (k - 1)(-4). Evaluate it at k = 15.,additive_recurrence,additive_recurrence,True,substitution,substitution,True,"{""expression"":""-19 + (n - 1)*(-4)"",""mode"":""evaluate"",""substitutions"":{""n"":15}}","{""expression"":""-19 + (k - 1)*(-4)"",""mode"":""evaluate"",""substitutions"":{""k"":15}}",True,True,False,False,True,-75,-75,True,-75,True,,"STRUCTURE: additive_recurrence
TOOL: substitution
ARGUMENTS: {""expression"":""-19 + (k - 1)*(-4)"",""mode"":""evaluate"",""substitutions"":{""k"":15}}"
test_unseen_00080,500,unseen,"Knowing only that p + q = -4 and pq = -45, determine p^2 + q^2 by opening (p + q)^2.",symmetric_sum_product,symmetric_sum_product,True,expansion,expansion,True,"{""mode"":""symmetric_square_sum"",""product"":-45,""sum"":-4}","{""expression"":""(a + b)**2"",""mode"":""evaluate"",""substitutions"":{""a"":-4,""b"":-45}}",True,True,False,False,True,106,2401,False,106,True,valid_but_wrong_arguments,"STRUCTURE: symmetric_sum_product
TOOL: expansion
ARGUMENTS: {""expression"":""(a + b)**2"",""mode"":""evaluate"",""substitutions"":{""a"":-4,""b"":-45}}"
test_unseen_00081,500,unseen,Split the quadratic t^2 - t - 30 into linear factors and report the squared-root sum.,symmetric_sum_product,transformed_expression,False,factorization,factorization,True,"{""mode"":""root_power_sum"",""polynomial"":""t**2 - t - 30"",""power"":2,""variable"":""t""}","{""expression"":""t**2 - t - 30"",""mode"":""evaluate"",""substitutions"":{""t"":-1}}",True,True,False,False,True,61,-28,False,61,True,wrong_structure,"STRUCTURE: transformed_expression
TOOL: factorization
ARGUMENTS: {""expression"":""t**2 - t - 30"",""mode"":""evaluate"",""substitutions"":{""t"":-1}}"
test_unseen_00082,500,unseen,Insert u = -7 into u^2 + 6u + 3. What value results?,transformed_expression,polynomial_identity,False,substitution,substitution,True,"{""expression"":""t**2 + 6*t + 3"",""mode"":""evaluate"",""substitutions"":{""t"":-7}}","{""expression"":""-7**2 + 6*(-7) + 3"",""mode"":""evaluate"",""substitutions"":{""u"":-7}}",True,True,False,False,True,10,-88,False,10,True,wrong_structure,"STRUCTURE: polynomial_identity
TOOL: substitution
ARGUMENTS: {""expression"":""-7**2 + 6*(-7) + 3"",""mode"":""evaluate"",""substitutions"":{""u"":-7}}"
test_unseen_00083,500,unseen,"After multiplying out the two shifted factors (t + 8) and (t + 8), find the result when t is -7.",transformed_expression,additive_expression,False,expansion,substitution,False,"{""expression"":""(t + 8)**2"",""mode"":""evaluate"",""substitutions"":{""t"":-7}}","{""expression"":""(t + 8)*(t + 8)"",""mode"":""evaluate"",""substitutions"":{""t"":-7}}",True,True,False,True,True,1,1,True,1,True,,"STRUCTURE: additive_expression
TOOL: substitution
ARGUMENTS: {""expression"":""(t + 8)*(t + 8)"",""mode"":""evaluate"",""substitutions"":{""t"":-7}}"
test_unseen_00084,500,unseen,The lines 2x - 5y = 2 and -4x - y = 18 intersect. Give their y-coordinate.,two_linear_relations,two_linear_relations,True,elimination,elimination,True,"{""equations"":[""2*x - 5*y - 2"",""-4*x - y - 18""],""target"":""y""}","{""equations"":[""2*x - 5*y - 2"",""-4*x - y - 18""],""target"":""y""}",True,True,True,True,True,-2,-2,True,-2,True,,"STRUCTURE: two_linear_relations
TOOL: elimination
ARGUMENTS: {""equations"":[""2*x - 5*y - 2"",""-4*x - y - 18""],""target"":""y""}"
test_unseen_00085,500,unseen,One variable is isolated in y = 6 - 3x; use the other constraint -x - 5y = -114 to obtain x.,two_linear_relations,two_linear_constraints,False,substitution,substitution,True,"{""equations"":[""3*x + y - 6"",""-x - 5*y + 114""],""mode"":""solve_system"",""target"":""x""}","{""equations"":[""3*x + y - 6"",""-x - 5*y + 114""],""mode"":""solve_system"",""target"":""x""}",True,True,True,True,True,-6,-6,True,-6,True,,"STRUCTURE: two_linear_constraints
TOOL: substitution
ARGUMENTS: {""equations"":[""3*x + y - 6"",""-x - 5*y + 114""],""mode"":""solve_system"",""target"":""x""}"
test_unseen_00086,500,unseen,"Without separately squaring both numbers, find the difference between 37 squared and 35 squared.",polynomial_identity,equivalent_products,False,factorization,multiplication,False,"{""expression"":""u**2 - v**2"",""mode"":""evaluate"",""substitutions"":{""u"":37,""v"":35}}","{""left_number"":35}",True,False,False,False,False,144,,False,144,True,wrong_structure,"STRUCTURE: equivalent_products
TOOL: multiplication
ARGUMENTS: {""left_number"":37,""left_number"":35}"
test_unseen_00087,500,unseen,What number results from opening the brackets in (24 + 6)(24 + 6)?,polynomial_identity,equivalent_operations,False,expansion,expansion,True,"{""expression"":""(a + b)**2"",""mode"":""evaluate"",""substitutions"":{""a"":24,""b"":6}}","{""expression"":""(a + b)**2"",""mode"":""evaluate"",""substitutions"":{""a"":24,""b"":6}}",True,True,True,True,True,900,900,True,900,True,,"STRUCTURE: equivalent_operations
TOOL: expansion
ARGUMENTS: {""expression"":""(a + b)**2"",""mode"":""evaluate"",""substitutions"":{""a"":24,""b"":6}}"
test_unseen_00088,500,unseen,A batch of 2 units has value 2. Find the value of a same-rate batch of 4 units.,equivalent_ratios,equivalent_ratios,True,proportional_scaling,multiplication,False,"{""base_quantity"":2,""base_value"":2,""target_quantity"":4}","{""base_quantity"":2,""base_value"":2,""target_quantity"":4}",True,False,True,True,False,4,,False,4,True,wrong_tool,"STRUCTURE: equivalent_ratios
TOOL: multiplication
ARGUMENTS: {""base_quantity"":2,""base_value"":2,""target_quantity"":4}"
test_unseen_00089,500,unseen,Complete the equivalent fractions: 14/19 = 140/[blank].,equivalent_ratios,equivalent_ratios,True,cross_multiplication,division,False,"{""left_den"":19,""left_num"":14,""right_num"":140}","{""base"":19,""target"":140}",True,False,False,False,False,190,,False,190,True,wrong_tool,"STRUCTURE: equivalent_ratios
TOOL: division
ARGUMENTS: {""base"":19,""target"":140}"
test_unseen_00090,500,unseen,A machine begins at 1 and applies a change of 7 for 3 rounds. What is its final value?,additive_recurrence,additive_recurrence,True,iteration,iteration,True,"{""start"":1,""step"":7,""updates"":3}","{""rounds"":3,""start"":1}",True,False,False,False,False,22,,False,22,True,invalid_arguments,"STRUCTURE: additive_recurrence
TOOL: iteration
ARGUMENTS: {""start"":1,""rounds"":3}"
test_unseen_00091,500,unseen,The repeated-change process is summarized by c(k) = 14 + (k - 1)(2). Evaluate it at k = 10.,additive_recurrence,additive_recurrence,True,substitution,substitution,True,"{""expression"":""14 + (n - 1)*(2)"",""mode"":""evaluate"",""substitutions"":{""n"":10}}","{""expression"":""14 + (k - 1)*(2)"",""mode"":""evaluate"",""substitutions"":{""k"":10}}",True,True,False,False,True,32,32,True,32,True,,"STRUCTURE: additive_recurrence
TOOL: substitution
ARGUMENTS: {""expression"":""14 + (k - 1)*(2)"",""mode"":""evaluate"",""substitutions"":{""k"":10}}"
test_unseen_00092,500,unseen,"Knowing only that p + q = 4 and pq = -96, determine p^2 + q^2 by opening (p + q)^2.",symmetric_sum_product,symmetric_sum_product,True,expansion,expansion,True,"{""mode"":""symmetric_square_sum"",""product"":-96,""sum"":4}","{""expression"":""(a + b)**2"",""mode"":""evaluate"",""substitutions"":{""a"":4,""b"":-96}}",True,True,False,False,True,208,8464,False,208,True,valid_but_wrong_arguments,"STRUCTURE: symmetric_sum_product
TOOL: expansion
ARGUMENTS: {""expression"":""(a + b)**2"",""mode"":""evaluate"",""substitutions"":{""a"":4,""b"":-96}}"
test_unseen_00093,500,unseen,Split the quadratic t^2 - 20t + 91 into linear factors and report the squared-root sum.,symmetric_sum_product,symmetric_sum,False,factorization,factorization,True,"{""mode"":""root_power_sum"",""polynomial"":""t**2 - 20*t + 91"",""power"":2,""variable"":""t""}","{""mode"":""split"",""substitutions"":{""t"":true,""-20:t+0.5"",""91:t-4.5}}",False,False,False,False,False,218,,False,218,True,wrong_structure,"STRUCTURE: symmetric_sum
TOOL: factorization
ARGUMENTS: {""mode"":""split"",""substitutions"":{""t"":true,""-20:t+0.5"",""91:t-4.5}}"
test_unseen_00094,500,unseen,Insert u = -7 into 4u^2 + 7u - 12. What value results?,transformed_expression,symmetric_sum_product,False,substitution,substitution,True,"{""expression"":""4*t**2 + 7*t - 12"",""mode"":""evaluate"",""substitutions"":{""t"":-7}}","{""expression"":""-7*u**2 + 7*u - 12"",""mode"":""evaluate"",""substitutions"":{""u"":-7}}",True,True,False,False,True,135,-404,False,135,True,wrong_structure,"STRUCTURE: symmetric_sum_product
TOOL: substitution
ARGUMENTS: {""expression"":""-7*u**2 + 7*u - 12"",""mode"":""evaluate"",""substitutions"":{""u"":-7}}"
test_unseen_00095,500,unseen,"After multiplying out the two shifted factors (z + -10) and (z + 2), find the result when z is -7.",transformed_expression,additive_expression,False,expansion,substitution,False,"{""expression"":""(z - 10)*(z + 2)"",""mode"":""evaluate"",""substitutions"":{""z"":-7}}","{""expression"":""(z - 10)*(z + 2)"",""mode"":""evaluate"",""substitutions"":{""z"":-7}}",True,True,True,True,True,85,85,True,85,True,,"STRUCTURE: additive_expression
TOOL: substitution
ARGUMENTS: {""expression"":""(z - 10)*(z + 2)"",""mode"":""evaluate"",""substitutions"":{""z"":-7}}"
test_unseen_00096,500,unseen,The lines -4x + 4y = -60 and -2x + 5y = -51 intersect. Give their y-coordinate.,two_linear_relations,two_linear_relations,True,elimination,substitution,False,"{""equations"":[""-4*x + 4*y + 60"",""-2*x + 5*y + 51""],""target"":""y""}","{""equations"":[""-4*x + 4*y + 60"",""-2*x + 5*y - 51""],""mode"":""intersection"",""target_y"":1}",True,False,False,False,False,-7,,False,-7,True,wrong_tool,"STRUCTURE: two_linear_relations
TOOL: substitution
ARGUMENTS: {""equations"":[""-4*x + 4*y + 60"",""-2*x + 5*y - 51""],""mode"":""intersection"",""target_y"":1}"
test_unseen_00097,500,unseen,One variable is isolated in y = 4 - 5x; use the other constraint 3x + 5y = -156 to obtain x.,two_linear_relations,two_variables,False,substitution,substitution,True,"{""equations"":[""5*x + y - 4"",""3*x + 5*y + 156""],""mode"":""solve_system"",""target"":""x""}","{""expression"":""4 - 5*x"",""mode"":""evaluate"",""substitutions"":{""x"":-1}}",True,True,False,False,True,8,9,False,8,True,wrong_structure,"STRUCTURE: two_variables
TOOL: substitution
ARGUMENTS: {""expression"":""4 - 5*x"",""mode"":""evaluate"",""substitutions"":{""x"":-1}}"
test_unseen_00098,500,unseen,"Without separately squaring both numbers, find the difference between 75 squared and 6 squared.",polynomial_identity,equivalent_products,False,factorization,multiplication,False,"{""expression"":""u**2 - v**2"",""mode"":""evaluate"",""substitutions"":{""u"":75,""v"":6}}","{""expression"":""a**2 - b**2"",""mode"":""evaluate"",""substitutions"":{""a"":6,""b"":75}}",True,False,False,False,False,5589,,False,5589,True,wrong_structure,"STRUCTURE: equivalent_products
TOOL: multiplication
ARGUMENTS: {""expression"":""a**2 - b**2"",""mode"":""evaluate"",""substitutions"":{""a"":6,""b"":75}}"
test_unseen_00099,500,unseen,What number results from opening the brackets in (26 + 9)(26 + 9)?,polynomial_identity,additive_property,False,expansion,expansion,True,"{""expression"":""(a + b)**2"",""mode"":""evaluate"",""substitutions"":{""a"":26,""b"":9}}","{""expression"":""(a + b)**2*(a + b)"",""mode"":""evaluate"",""substitutions"":{""a"":26,""b"":9}}",True,True,False,False,True,1225,42875,False,1225,True,wrong_structure,"STRUCTURE: additive_property
TOOL: expansion
ARGUMENTS: {""expression"":""(a + b)**2*(a + b)"",""mode"":""evaluate"",""substitutions"":{""a"":26,""b"":9}}"
test_unseen_00100,500,unseen,A batch of 10 units has value 6. Find the value of a same-rate batch of 120 units.,equivalent_ratios,equivalent_ratios,True,proportional_scaling,multiplication,False,"{""base_quantity"":10,""base_value"":6,""target_quantity"":120}","{""base_quantity"":10,""base_value"":6,""target_quantity"":120}",True,False,True,True,False,72,,False,72,True,wrong_tool,"STRUCTURE: equivalent_ratios
TOOL: multiplication
ARGUMENTS: {""base_quantity"":10,""base_value"":6,""target_quantity"":120}"
test_unseen_00101,500,unseen,Complete the equivalent fractions: 3/10 = 15/[blank].,equivalent_ratios,equivalent_ratios,True,cross_multiplication,multiplication,False,"{""left_den"":10,""left_num"":3,""right_num"":15}","{""base"":3,""target"":15}",True,False,False,False,False,50,,False,50,True,wrong_tool,"STRUCTURE: equivalent_ratios
TOOL: multiplication
ARGUMENTS: {""base"":3,""target"":15}"
test_unseen_00102,500,unseen,A machine begins at -3 and applies a change of -1 for 5 rounds. What is its final value?,additive_recurrence,additive_recurrence,True,iteration,iteration,True,"{""start"":-3,""step"":-1,""updates"":5}","{""reps"":5,""start"":-3,""step"":-1}",True,False,False,False,False,-8,,False,-8,True,invalid_arguments,"STRUCTURE: additive_recurrence
TOOL: iteration
ARGUMENTS: {""start"":-3,""step"":-1,""reps"":5}"
test_unseen_00103,500,unseen,The repeated-change process is summarized by c(k) = 14 + (k - 1)(2). Evaluate it at k = 4.,additive_recurrence,additive_recurrence,True,substitution,substitution,True,"{""expression"":""14 + (n - 1)*(2)"",""mode"":""evaluate"",""substitutions"":{""n"":4}}","{""expression"":""14 + (k - 1)*(2)"",""mode"":""evaluate"",""substitutions"":{""k"":4}}",True,True,False,False,True,20,20,True,20,True,,"STRUCTURE: additive_recurrence
TOOL: substitution
ARGUMENTS: {""expression"":""14 + (k - 1)*(2)"",""mode"":""evaluate"",""substitutions"":{""k"":4}}"
test_unseen_00104,500,unseen,"Knowing only that p + q = 5 and pq = 4, determine p^2 + q^2 by opening (p + q)^2.",symmetric_sum_product,symmetric_sum,False,expansion,expansion,True,"{""mode"":""symmetric_square_sum"",""product"":4,""sum"":5}","{""expression"":""(a + b)**2"",""mode"":""evaluate"",""substitutions"":{""a"":5,""b"":4}}",True,True,False,False,True,17,81,False,17,True,wrong_structure,"STRUCTURE: symmetric_sum
TOOL: expansion
ARGUMENTS: {""expression"":""(a + b)**2"",""mode"":""evaluate"",""substitutions"":{""a"":5,""b"":4}}"
test_unseen_00105,500,unseen,Split the quadratic t^2 - 4t - 21 into linear factors and report the squared-root sum.,symmetric_sum_product,transformed_expression,False,factorization,factorization,True,"{""mode"":""root_power_sum"",""polynomial"":""t**2 - 4*t - 21"",""power"":2,""variable"":""t""}","{""expression"":""t**2 - 4*t - 21"",""mode"":""evaluate"",""substitutions"":{""t"":-21/1}}",False,False,False,False,False,58,,False,58,True,wrong_structure,"STRUCTURE: transformed_expression
TOOL: factorization
ARGUMENTS: {""expression"":""t**2 - 4*t - 21"",""mode"":""evaluate"",""substitutions"":{""t"":-21/1}}"
test_unseen_00106,500,unseen,Insert u = -4 into 4u^2 - 8u - 2. What value results?,transformed_expression,transformed_expression,True,substitution,substitution,True,"{""expression"":""4*t**2 - 8*t - 2"",""mode"":""evaluate"",""substitutions"":{""t"":-4}}","{""expression"":""-4*u**2 - 8*u - 2"",""mode"":""evaluate"",""substitutions"":{""u"":-4}}",True,True,False,False,True,94,-34,False,94,True,valid_but_wrong_arguments,"STRUCTURE: transformed_expression
TOOL: substitution
ARGUMENTS: {""expression"":""-4*u**2 - 8*u - 2"",""mode"":""evaluate"",""substitutions"":{""u"":-4}}"
test_unseen_00107,500,unseen,"After multiplying out the two shifted factors (z + 3) and (z + -10), find the result when z is 4.",transformed_expression,additive_expression,False,expansion,substitution,False,"{""expression"":""(z - 10)*(z + 3)"",""mode"":""evaluate"",""substitutions"":{""z"":4}}","{""expression"":""(z + 3)*(z - 10)"",""mode"":""evaluate"",""substitutions"":{""z"":4}}",True,True,False,True,True,-42,-42,True,-42,True,,"STRUCTURE: additive_expression
TOOL: substitution
ARGUMENTS: {""expression"":""(z + 3)*(z - 10)"",""mode"":""evaluate"",""substitutions"":{""z"":4}}"
test_unseen_00108,500,unseen,The lines -3x - 5y = -30 and x - 2y = -1 intersect. Give their x-coordinate.,two_linear_relations,two_linear_relations,True,elimination,substitution,False,"{""equations"":[""-3*x - 5*y + 30"",""x - 2*y + 1""],""target"":""x""}","{""equations"":[""-3*x - 5*y + 30"",""x - 2*y + 1""],""mode"":""intersection"",""target"":""x""}",True,False,False,False,False,5,,False,5,True,wrong_tool,"STRUCTURE: two_linear_relations
TOOL: substitution
ARGUMENTS: {""equations"":[""-3*x - 5*y + 30"",""x - 2*y + 1""],""mode"":""intersection"",""target"":""x""}"
test_unseen_00109,500,unseen,One variable is isolated in y = 5x + 2; use the other constraint 2x + y = -19 to obtain y.,two_linear_relations,two_linear_constraints,False,substitution,substitution,True,"{""equations"":[""-5*x + y - 2"",""2*x + y + 19""],""mode"":""solve_system"",""target"":""y""}","{""equations"":[""-5*x + y - 2"",""2*x + y + 19""],""mode"":""solve_system"",""target"":""y""}",True,True,True,True,True,-13,-13,True,-13,True,,"STRUCTURE: two_linear_constraints
TOOL: substitution
ARGUMENTS: {""equations"":[""-5*x + y - 2"",""2*x + y + 19""],""mode"":""solve_system"",""target"":""y""}"
test_unseen_00110,500,unseen,"Without separately squaring both numbers, find the difference between 80 squared and 23 squared.",polynomial_identity,equivalent_products,False,factorization,multiplication,False,"{""expression"":""u**2 - v**2"",""mode"":""evaluate"",""substitutions"":{""u"":80,""v"":23}}","{""expression"":""i**2 - j**2"",""mode"":""evaluate"",""substitutions"":{""i"":80,""j"":23}}",True,False,False,False,False,5871,,False,5871,True,wrong_structure,"STRUCTURE: equivalent_products
TOOL: multiplication
ARGUMENTS: {""expression"":""i**2 - j**2"",""mode"":""evaluate"",""substitutions"":{""i"":80,""j"":23}}"
test_unseen_00111,500,unseen,What number results from opening the brackets in (4 + 27)(4 + 27)?,polynomial_identity,expanded_expression,False,expansion,expansion,True,"{""expression"":""(a + b)**2"",""mode"":""evaluate"",""substitutions"":{""a"":4,""b"":27}}","{""expression"":""(4 + 27)*(4 + 27)"",""mode"":""evaluate"",""substitutions"":{""27"":27,""4"":4}}",True,False,False,False,False,961,,False,961,True,wrong_structure,"STRUCTURE: expanded_expression
TOOL: expansion
ARGUMENTS: {""expression"":""(4 + 27)*(4 + 27)"",""mode"":""evaluate"",""substitutions"":{""4"":4,""27"":27}}"
test_unseen_00112,500,unseen,A batch of 9 units has value 22. Find the value of a same-rate batch of 63 units.,equivalent_ratios,equivalent_ratios,True,proportional_scaling,proportional_scaling,True,"{""base_quantity"":9,""base_value"":22,""target_quantity"":63}","{""base_quantity"":9,""base_value"":22,""target_quantity"":63}",True,True,True,True,True,154,154,True,154,True,,"STRUCTURE: equivalent_ratios
TOOL: proportional_scaling
ARGUMENTS: {""base_quantity"":9,""base_value"":22,""target_quantity"":63}"
test_unseen_00113,500,unseen,Complete the equivalent fractions: 10/10 = 100/[blank].,equivalent_ratios,equivalent_ratios,True,cross_multiplication,division,False,"{""left_den"":10,""left_num"":10,""right_num"":100}","{""base"":10,""target"":100}",True,False,False,False,False,100,,False,100,True,wrong_tool,"STRUCTURE: equivalent_ratios
TOOL: division
ARGUMENTS: {""base"":10,""target"":100}"
test_unseen_00114,500,unseen,A machine begins at 17 and applies a change of 3 for 4 rounds. What is its final value?,additive_recurrence,additive_recurrence,True,iteration,iteration,True,"{""start"":17,""step"":3,""updates"":4}","{""start"":17,""steps"":4}",True,False,False,False,False,29,,False,29,True,invalid_arguments,"STRUCTURE: additive_recurrence
TOOL: iteration
ARGUMENTS: {""start"":17,""steps"":4}"
test_unseen_00115,500,unseen,The repeated-change process is summarized by c(k) = -18 + (k - 1)(7). Evaluate it at k = 15.,additive_recurrence,additive_recurrence,True,substitution,substitution,True,"{""expression"":""-18 + (n - 1)*(7)"",""mode"":""evaluate"",""substitutions"":{""n"":15}}","{""expression"":""-18 + (k - 1)*(7)"",""mode"":""evaluate"",""substitutions"":{""k"":15}}",True,True,False,False,True,80,80,True,80,True,,"STRUCTURE: additive_recurrence
TOOL: substitution
ARGUMENTS: {""expression"":""-18 + (k - 1)*(7)"",""mode"":""evaluate"",""substitutions"":{""k"":15}}"
test_unseen_00116,500,unseen,"Knowing only that p + q = 7 and pq = 0, determine p^2 + q^2 by opening (p + q)^2.",symmetric_sum_product,symmetric_sum,False,expansion,expansion,True,"{""mode"":""symmetric_square_sum"",""product"":0,""sum"":7}","{""expression"":""(a + b)**2"",""mode"":""evaluate"",""substitutions"":{""a"":7,""b"":0}}",True,True,False,False,True,49,49,True,49,True,,"STRUCTURE: symmetric_sum
TOOL: expansion
ARGUMENTS: {""expression"":""(a + b)**2"",""mode"":""evaluate"",""substitutions"":{""a"":7,""b"":0}}"
test_unseen_00117,500,unseen,Split the quadratic t^2 - 10t + 24 into linear factors and report the squared-root sum.,symmetric_sum_product,symmetric_sum,False,factorization,factorization,True,"{""mode"":""root_power_sum"",""polynomial"":""t**2 - 10*t + 24"",""power"":2,""variable"":""t""}","{""mode"":""split"",""polynomials"":[""t**2 - 10*t + 24""],""report"":[""square_root_sum""]}",True,False,False,False,False,52,,False,52,True,wrong_structure,"STRUCTURE: symmetric_sum
TOOL: factorization
ARGUMENTS: {""mode"":""split"",""polynomials"":[""t**2 - 10*t + 24""],""report"":[""square_root_sum""]}"
test_unseen_00118,500,unseen,Insert u = -4 into -4u^2 - 3. What value results?,transformed_expression,polynomial_identity,False,substitution,substitution,True,"{""expression"":""-4*t**2 - 3"",""mode"":""evaluate"",""substitutions"":{""t"":-4}}","{""expression"":""-4*u**2 - 3"",""mode"":""evaluate"",""substitutions"":{""u"":-4}}",True,True,False,False,True,-67,-67,True,-67,True,,"STRUCTURE: polynomial_identity
TOOL: substitution
ARGUMENTS: {""expression"":""-4*u**2 - 3"",""mode"":""evaluate"",""substitutions"":{""u"":-4}}"
test_unseen_00119,500,unseen,"After multiplying out the two shifted factors (z + -1) and (z + 8), find the result when z is 2.",transformed_expression,additive_expression,False,expansion,substitution,False,"{""expression"":""(z - 1)*(z + 8)"",""mode"":""evaluate"",""substitutions"":{""z"":2}}","{""expression"":""(z - 1)*(z + 8)"",""mode"":""evaluate"",""substitutions"":{""z"":2}}",True,True,True,True,True,10,10,True,10,True,,"STRUCTURE: additive_expression
TOOL: substitution
ARGUMENTS: {""expression"":""(z - 1)*(z + 8)"",""mode"":""evaluate"",""substitutions"":{""z"":2}}"
