id,setting,train_size,template_split,problem,gold_answer,predicted_answer,answer_correct,gold_structure,predicted_structure,structure_correct,gold_tool,predicted_tool,tool_correct,raw_prediction
test_seen_00000,baseline,50,seen,"If x + y = -20 and xy = 84, find x^2 + y^2.",232,196,False,symmetric_polynomial_identity,,,expand_symmetric_identity,,, 196
test_seen_00001,baseline,50,seen,Evaluate 71^2 - 11^2.,4920,4900,False,factorization,,,factor_difference_of_squares,,, 4900
test_seen_00002,baseline,50,seen,Let f(t) = t^2 - 5t + 2. Find f(2).,-4,4,False,substitution,,,substitute_expression,,, 4
test_seen_00003,baseline,50,seen,Solve 4x + 3y = -3 and x + y = -3. What is x?,6,-1,False,linear_elimination,,,solve_linear_system,,, -1
test_seen_00004,baseline,50,seen,Solve the proportion 2/5 = 6/x for x.,15,15,True,ratio_proportion,,,solve_proportion,,, 15
test_seen_00005,baseline,50,seen,A sequence starts with a1 = -11 and each next term is the current term + 4. Find a4.,1,21,False,recurrence,,,unroll_recurrence,,, 21
test_seen_00006,baseline,50,seen,Two numbers have sum -9 and product -10. What is the sum of their squares?,101,85,False,symmetric_polynomial_identity,,,expand_symmetric_identity,,, 85
test_seen_00007,baseline,50,seen,Compute the difference of squares: 42 squared minus 33 squared.,675,105,False,factorization,,,factor_difference_of_squares,,, 105
test_seen_00008,baseline,50,seen,Substitute z = 2 into 2z^2 + 8z - 4.,20,16,False,substitution,,,substitute_expression,,, 16
test_seen_00009,baseline,50,seen,The equations -4x - 5y = 1 and 4x - 5y = -31 hold simultaneously. Find x.,-4,-2,False,linear_elimination,,,solve_linear_system,,, -2
test_seen_00010,baseline,50,seen,"If 2:7 = 12:x, what is x?",42,42,True,ratio_proportion,,,solve_proportion,,, 42
test_seen_00011,baseline,50,seen,"Starting at -16, repeatedly change the value by -1. What is term 11, counting the start as term 1?",-26,-30,False,recurrence,,,unroll_recurrence,,, -30
test_seen_00012,baseline,50,seen,"Given s = x + y = -8 and p = xy = -48, compute x^2 + y^2.",160,160,True,symmetric_polynomial_identity,,,expand_symmetric_identity,,, 160
test_seen_00013,baseline,50,seen,What is 43^2 - 39^2? Use factorization if helpful.,328,1000,False,factorization,,,factor_difference_of_squares,,, 1000
test_seen_00014,baseline,50,seen,"For P(x) = -4x^2 + 6x + 8, evaluate P(7).",-146,-19,False,substitution,,,substitute_expression,,, -19
test_seen_00015,baseline,50,seen,Use elimination on the system 3x + 5y = 8; 2x - 3y = -1. Determine x.,1,4,False,linear_elimination,,,solve_linear_system,,, 4
test_seen_00016,baseline,50,seen,The ratio 15 to 4 equals the ratio 105 to x. Find x.,28,35,False,ratio_proportion,,,solve_proportion,,, 35
test_seen_00017,baseline,50,seen,An arithmetic sequence has first term 17 and common difference -8. Find its 7th term.,-31,"1 # The formula for finding the nth term of an arithmetic sequence is given by a_n = a_1 + (n-1)d, where a_n is the nth term, a_1 is the first term, n is the position in the sequence, and d is the common difference. Plugging in",False,recurrence,,,unroll_recurrence,,," 1 # The formula for finding the nth term of an arithmetic sequence is given by a_n = a_1 + (n-1)d, where a_n is the nth term, a_1 is the first term, n is the position in the sequence, and d is the common difference. Plugging in"
test_seen_00018,baseline,50,seen,"If x + y = -4 and xy = -60, find x^2 + y^2.",136,135,False,symmetric_polynomial_identity,,,expand_symmetric_identity,,, 135
test_seen_00019,baseline,50,seen,Evaluate 45^2 - 40^2.,425,1650,False,factorization,,,factor_difference_of_squares,,, 1650
test_seen_00020,baseline,50,seen,Let f(t) = 4t^2 - 5t - 3. Find f(0).,-3,15,False,substitution,,,substitute_expression,,, 15
test_seen_00021,baseline,50,seen,Solve -5x + 2y = -2 and x + 4y = 18. What is x?,2,-3,False,linear_elimination,,,solve_linear_system,,, -3
test_seen_00022,baseline,50,seen,Solve the proportion 7/6 = 84/x for x.,72,6,False,ratio_proportion,,,solve_proportion,,, 6
test_seen_00023,baseline,50,seen,A sequence starts with a1 = -11 and each next term is the current term - 7. Find a12.,-88,-19,False,recurrence,,,unroll_recurrence,,, -19
test_seen_00024,baseline,50,seen,Two numbers have sum 4 and product -60. What is the sum of their squares?,136,120,False,symmetric_polynomial_identity,,,expand_symmetric_identity,,, 120
test_seen_00025,baseline,50,seen,Compute the difference of squares: 77 squared minus 8 squared.,5865,5249,False,factorization,,,factor_difference_of_squares,,, 5249
test_seen_00026,baseline,50,seen,Substitute z = -7 into 2z^2 + 6z + 6.,62,14,False,substitution,,,substitute_expression,,, 14
test_seen_00027,baseline,50,seen,The equations -4x - 4y = 56 and -3x - 5y = 60 hold simultaneously. Find y.,-9,1,False,linear_elimination,,,solve_linear_system,,, 1
test_seen_00028,baseline,50,seen,"If 3:19 = 27:x, what is x?",171,84,False,ratio_proportion,,,solve_proportion,,, 84
test_seen_00029,baseline,50,seen,"Starting at 9, repeatedly change the value by -1. What is term 8, counting the start as term 1?",2,-7,False,recurrence,,,unroll_recurrence,,, -7
test_seen_00030,baseline,50,seen,"Given s = x + y = 27 and p = xy = 180, compute x^2 + y^2.",369,365,False,symmetric_polynomial_identity,,,expand_symmetric_identity,,, 365
test_seen_00031,baseline,50,seen,What is 32^2 - 26^2? Use factorization if helpful.,348,1944,False,factorization,,,factor_difference_of_squares,,, 1944
test_seen_00032,baseline,50,seen,"For P(x) = -5x^2 - 6x + 10, evaluate P(-4).",-46,-39,False,substitution,,,substitute_expression,,, -39
test_seen_00033,baseline,50,seen,Use elimination on the system 5x + 4y = 3; x - y = 6. Determine y.,-3,1,False,linear_elimination,,,solve_linear_system,,, 1
test_seen_00034,baseline,50,seen,The ratio 14 to 12 equals the ratio 112 to x. Find x.,96,96,True,ratio_proportion,,,solve_proportion,,, 96
test_seen_00035,baseline,50,seen,An arithmetic sequence has first term -17 and common difference 3. Find its 5th term.,-5,-20,False,recurrence,,,unroll_recurrence,,, -20
test_seen_00036,baseline,50,seen,"If x + y = -8 and xy = -20, find x^2 + y^2.",104,74,False,symmetric_polynomial_identity,,,expand_symmetric_identity,,, 74
test_seen_00037,baseline,50,seen,Evaluate 21^2 - 14^2.,245,305,False,factorization,,,factor_difference_of_squares,,, 305
test_seen_00038,baseline,50,seen,Let f(t) = -2t^2 + t - 5. Find f(-2).,-15,-14,False,substitution,,,substitute_expression,,, -14
test_seen_00039,baseline,50,seen,Solve x + y = -6 and -2x - 5y = 21. What is y?,-3,-4,False,linear_elimination,,,solve_linear_system,,, -4
test_seen_00040,baseline,50,seen,Solve the proportion 10/3 = 30/x for x.,9,9,True,ratio_proportion,,,solve_proportion,,, 9
test_seen_00041,baseline,50,seen,A sequence starts with a1 = -19 and each next term is the current term - 9. Find a11.,-109,-26,False,recurrence,,,unroll_recurrence,,, -26
test_seen_00042,baseline,50,seen,Two numbers have sum 16 and product 48. What is the sum of their squares?,160,205,False,symmetric_polynomial_identity,,,expand_symmetric_identity,,, 205
test_seen_00043,baseline,50,seen,Compute the difference of squares: 67 squared minus 34 squared.,3333,2085,False,factorization,,,factor_difference_of_squares,,, 2085
test_seen_00044,baseline,50,seen,Substitute z = -2 into 4z^2 - 5z + 6.,32,10,False,substitution,,,substitute_expression,,, 10
test_seen_00045,baseline,50,seen,The equations -3x + 2y = -1 and x - 3y = 5 hold simultaneously. Find x.,-1,-4,False,linear_elimination,,,solve_linear_system,,, -4
test_seen_00046,baseline,50,seen,"If 2:5 = 10:x, what is x?",25,30,False,ratio_proportion,,,solve_proportion,,, 30
test_seen_00047,baseline,50,seen,"Starting at 16, repeatedly change the value by -6. What is term 12, counting the start as term 1?",-50,-34,False,recurrence,,,unroll_recurrence,,, -34
test_seen_00048,baseline,50,seen,"Given s = x + y = -11 and p = xy = 18, compute x^2 + y^2.",85,45,False,symmetric_polynomial_identity,,,expand_symmetric_identity,,, 45
test_seen_00049,baseline,50,seen,What is 54^2 - 26^2? Use factorization if helpful.,2240,1080,False,factorization,,,factor_difference_of_squares,,, 1080
test_seen_00050,baseline,50,seen,"For P(x) = -4x^2 - 8x - 7, evaluate P(-1).",-3,-30,False,substitution,,,substitute_expression,,, -30
test_seen_00051,baseline,50,seen,Use elimination on the system 3x + 4y = -14; -3x - 2y = 16. Determine x.,-6,-5,False,linear_elimination,,,solve_linear_system,,, -5
test_seen_00052,baseline,50,seen,The ratio 5 to 3 equals the ratio 15 to x. Find x.,9,18,False,ratio_proportion,,,solve_proportion,,, 18
test_seen_00053,baseline,50,seen,An arithmetic sequence has first term 10 and common difference -1. Find its 14th term.,-3,9,False,recurrence,,,unroll_recurrence,,, 9
test_seen_00054,baseline,50,seen,"If x + y = 7 and xy = -98, find x^2 + y^2.",245,150,False,symmetric_polynomial_identity,,,expand_symmetric_identity,,, 150
test_seen_00055,baseline,50,seen,Evaluate 48^2 - 43^2.,455,1600,False,factorization,,,factor_difference_of_squares,,, 1600
test_seen_00056,baseline,50,seen,Let f(t) = 3t^2 + 2t - 8. Find f(-2).,0,14,False,substitution,,,substitute_expression,,, 14
test_seen_00057,baseline,50,seen,Solve -2x + 2y = -14 and 5x - 3y = 17. What is y?,-9,-2,False,linear_elimination,,,solve_linear_system,,, -2
test_seen_00058,baseline,50,seen,Solve the proportion 11/16 = 66/x for x.,96,96,True,ratio_proportion,,,solve_proportion,,, 96
test_seen_00059,baseline,50,seen,A sequence starts with a1 = 8 and each next term is the current term + 7. Find a7.,50,42,False,recurrence,,,unroll_recurrence,,, 42
test_seen_00060,baseline,50,seen,Two numbers have sum 29 and product 210. What is the sum of their squares?,421,458,False,symmetric_polynomial_identity,,,expand_symmetric_identity,,, 458
test_seen_00061,baseline,50,seen,Compute the difference of squares: 69 squared minus 37 squared.,3392,1204,False,factorization,,,factor_difference_of_squares,,, 1204
test_seen_00062,baseline,50,seen,Substitute z = -1 into 4z^2 + 5z + 11.,10,6,False,substitution,,,substitute_expression,,, 6
test_seen_00063,baseline,50,seen,The equations -4x - 2y = -46 and 4x + 5y = 73 hold simultaneously. Find x.,7,-10,False,linear_elimination,,,solve_linear_system,,, -10
test_seen_00064,baseline,50,seen,"If 11:2 = 132:x, what is x?",24,164,False,ratio_proportion,,,solve_proportion,,, 164
test_seen_00065,baseline,50,seen,"Starting at -6, repeatedly change the value by -7. What is term 6, counting the start as term 1?",-41,-35,False,recurrence,,,unroll_recurrence,,, -35
test_seen_00066,baseline,50,seen,"Given s = x + y = -5 and p = xy = -36, compute x^2 + y^2.",97,74,False,symmetric_polynomial_identity,,,expand_symmetric_identity,,, 74
test_seen_00067,baseline,50,seen,What is 39^2 - 35^2? Use factorization if helpful.,296,1080,False,factorization,,,factor_difference_of_squares,,, 1080
test_seen_00068,baseline,50,seen,"For P(x) = -x^2 - 3x + 3, evaluate P(0).",3,-3,False,substitution,,,substitute_expression,,, -3
test_seen_00069,baseline,50,seen,Use elimination on the system -x + 2y = -4; -3x - 4y = -12. Determine y.,0,-2,False,linear_elimination,,,solve_linear_system,,, -2
test_seen_00070,baseline,50,seen,The ratio 7 to 12 equals the ratio 49 to x. Find x.,84,36,False,ratio_proportion,,,solve_proportion,,, 36
test_seen_00071,baseline,50,seen,An arithmetic sequence has first term 4 and common difference -6. Find its 14th term.,-74,28,False,recurrence,,,unroll_recurrence,,, 28
test_seen_00072,baseline,50,seen,"If x + y = -6 and xy = 5, find x^2 + y^2.",26,40,False,symmetric_polynomial_identity,,,expand_symmetric_identity,,, 40
test_seen_00073,baseline,50,seen,Evaluate 46^2 - 15^2.,1891,2085,False,factorization,,,factor_difference_of_squares,,, 2085
test_seen_00074,baseline,50,seen,Let f(t) = 3t^2 - 3t - 1. Find f(-3).,35,54,False,substitution,,,substitute_expression,,, 54
test_seen_00075,baseline,50,seen,Solve 4x - y = 18 and 3x + 5y = 2. What is x?,4,6,False,linear_elimination,,,solve_linear_system,,, 6
test_seen_00076,baseline,50,seen,Solve the proportion 4/11 = 16/x for x.,44,55,False,ratio_proportion,,,solve_proportion,,, 55
test_seen_00077,baseline,50,seen,A sequence starts with a1 = -7 and each next term is the current term - 5. Find a5.,-27,-17,False,recurrence,,,unroll_recurrence,,, -17
test_seen_00078,baseline,50,seen,Two numbers have sum 4 and product 3. What is the sum of their squares?,10,19,False,symmetric_polynomial_identity,,,expand_symmetric_identity,,, 19
test_seen_00079,baseline,50,seen,Compute the difference of squares: 48 squared minus 14 squared.,2108,2080,False,factorization,,,factor_difference_of_squares,,, 2080
test_seen_00080,baseline,50,seen,Substitute z = -5 into 3z^2 + 4z + 4.,59,17,False,substitution,,,substitute_expression,,, 17
test_seen_00081,baseline,50,seen,The equations x - y = 5 and 3x - y = 3 hold simultaneously. Find x.,-1,2,False,linear_elimination,,,solve_linear_system,,, 2
test_seen_00082,baseline,50,seen,"If 4:20 = 40:x, what is x?",200,80,False,ratio_proportion,,,solve_proportion,,, 80
test_seen_00083,baseline,50,seen,"Starting at -17, repeatedly change the value by 4. What is term 9, counting the start as term 1?",15,58,False,recurrence,,,unroll_recurrence,,, 58
test_seen_00084,baseline,50,seen,"Given s = x + y = 2 and p = xy = -3, compute x^2 + y^2.",10,10,True,symmetric_polynomial_identity,,,expand_symmetric_identity,,, 10
test_seen_00085,baseline,50,seen,What is 72^2 - 42^2? Use factorization if helpful.,3420,3954,False,factorization,,,factor_difference_of_squares,,, 3954
test_seen_00086,baseline,50,seen,"For P(x) = 4x^2 + 7x + 5, evaluate P(3).",62,68,False,substitution,,,substitute_expression,,, 68
test_seen_00087,baseline,50,seen,Use elimination on the system 5x + 2y = -48; 2x - 4y = 24. Determine y.,-9,-1,False,linear_elimination,,,solve_linear_system,,, -1
test_seen_00088,baseline,50,seen,The ratio 3 to 8 equals the ratio 27 to x. Find x.,72,64,False,ratio_proportion,,,solve_proportion,,, 64
test_seen_00089,baseline,50,seen,An arithmetic sequence has first term 14 and common difference -7. Find its 9th term.,-42,35,False,recurrence,,,unroll_recurrence,,, 35
test_seen_00090,baseline,50,seen,"If x + y = -11 and xy = 0, find x^2 + y^2.",121,34,False,symmetric_polynomial_identity,,,expand_symmetric_identity,,, 34
test_seen_00091,baseline,50,seen,Evaluate 59^2 - 13^2.,3312,3408,False,factorization,,,factor_difference_of_squares,,, 3408
test_seen_00092,baseline,50,seen,Let f(t) = -5t^2 - 6t - 4. Find f(-2).,-12,-30,False,substitution,,,substitute_expression,,, -30
test_seen_00093,baseline,50,seen,Solve -4x + y = 25 and 2x - 5y = 19. What is x?,-8,-3,False,linear_elimination,,,solve_linear_system,,, -3
test_seen_00094,baseline,50,seen,Solve the proportion 12/4 = 60/x for x.,20,24,False,ratio_proportion,,,solve_proportion,,, 24
test_seen_00095,baseline,50,seen,A sequence starts with a1 = -8 and each next term is the current term - 6. Find a12.,-74,-10,False,recurrence,,,unroll_recurrence,,, -10
test_seen_00096,baseline,50,seen,Two numbers have sum -17 and product 72. What is the sum of their squares?,145,304,False,symmetric_polynomial_identity,,,expand_symmetric_identity,,, 304
test_seen_00097,baseline,50,seen,Compute the difference of squares: 55 squared minus 4 squared.,3009,2695,False,factorization,,,factor_difference_of_squares,,, 2695
test_seen_00098,baseline,50,seen,Substitute z = -3 into -5z^2 - 5z - 9.,-39,-48,False,substitution,,,substitute_expression,,, -48
test_seen_00099,baseline,50,seen,The equations 4x + 3y = -57 and 5x + 5y = -80 hold simultaneously. Find x.,-9,-1,False,linear_elimination,,,solve_linear_system,,, -1
test_seen_00100,baseline,50,seen,"If 6:10 = 48:x, what is x?",80,32,False,ratio_proportion,,,solve_proportion,,, 32
test_seen_00101,baseline,50,seen,"Starting at -10, repeatedly change the value by -4. What is term 13, counting the start as term 1?",-58,-28,False,recurrence,,,unroll_recurrence,,, -28
test_seen_00102,baseline,50,seen,"Given s = x + y = 2 and p = xy = -35, compute x^2 + y^2.",74,64,False,symmetric_polynomial_identity,,,expand_symmetric_identity,,, 64
test_seen_00103,baseline,50,seen,What is 70^2 - 33^2? Use factorization if helpful.,3811,5149,False,factorization,,,factor_difference_of_squares,,, 5149
test_seen_00104,baseline,50,seen,"For P(x) = 2x^2 + 5x + 9, evaluate P(-2).",7,14,False,substitution,,,substitute_expression,,, 14
test_seen_00105,baseline,50,seen,Use elimination on the system 4x - 2y = 16; 2x + y = 12. Determine y.,2,-3,False,linear_elimination,,,solve_linear_system,,, -3
test_seen_00106,baseline,50,seen,The ratio 15 to 2 equals the ratio 150 to x. Find x.,20,180,False,ratio_proportion,,,solve_proportion,,, 180
test_seen_00107,baseline,50,seen,An arithmetic sequence has first term 8 and common difference -5. Find its 3th term.,-2,1 <---,False,recurrence,,,unroll_recurrence,,, 1 <---
test_seen_00108,baseline,50,seen,"If x + y = -27 and xy = 180, find x^2 + y^2.",369,365,False,symmetric_polynomial_identity,,,expand_symmetric_identity,,, 365
test_seen_00109,baseline,50,seen,Evaluate 76^2 - 43^2.,3927,5081,False,factorization,,,factor_difference_of_squares,,, 5081
test_seen_00110,baseline,50,seen,Let f(t) = 4t^2 + 4t - 5. Find f(0).,-5,15,False,substitution,,,substitute_expression,,, 15
test_seen_00111,baseline,50,seen,Solve -4x - 3y = 42 and -5x + 3y = 39. What is x?,-9,-1,False,linear_elimination,,,solve_linear_system,,, -1
test_seen_00112,baseline,50,seen,Solve the proportion 2/4 = 10/x for x.,20,20,True,ratio_proportion,,,solve_proportion,,, 20
test_seen_00113,baseline,50,seen,A sequence starts with a1 = 15 and each next term is the current term - 6. Find a11.,-45,-5,False,recurrence,,,unroll_recurrence,,, -5
test_seen_00114,baseline,50,seen,Two numbers have sum 12 and product -28. What is the sum of their squares?,200,34,False,symmetric_polynomial_identity,,,expand_symmetric_identity,,, 34
test_seen_00115,baseline,50,seen,Compute the difference of squares: 36 squared minus 34 squared.,140,128,False,factorization,,,factor_difference_of_squares,,, 128
test_seen_00116,baseline,50,seen,Substitute z = -3 into z^2 + 2z - 1.,2,-8,False,substitution,,,substitute_expression,,, -8
test_seen_00117,baseline,50,seen,The equations -5x + 2y = -4 and -4x - 5y = -56 hold simultaneously. Find x.,4,-3,False,linear_elimination,,,solve_linear_system,,, -3
test_seen_00118,baseline,50,seen,"If 2:2 = 16:x, what is x?",16,8,False,ratio_proportion,,,solve_proportion,,, 8
test_seen_00119,baseline,50,seen,"Starting at -4, repeatedly change the value by -1. What is term 11, counting the start as term 1?",-14,-9,False,recurrence,,,unroll_recurrence,,, -9
test_unseen_00000,baseline,50,unseen,"Without solving for x and y, evaluate x^2 + y^2 when x + y = -1 and xy = -2.",5,5,True,symmetric_polynomial_identity,,,expand_symmetric_identity,,, 5
test_unseen_00001,baseline,50,unseen,"Using (u - v)(u + v), calculate 44^2 - 36^2.",640,1080,False,factorization,,,factor_difference_of_squares,,, 1080
test_unseen_00002,baseline,50,unseen,What number does -3u^2 + 4u - 5 produce when u is -3?,-44,-19,False,substitution,,,substitute_expression,,, -19
test_unseen_00003,baseline,50,unseen,The lines -4x + 4y = 28 and -5x - 4y = 53 intersect. Give the x-coordinate.,-9,1,False,linear_elimination,,,solve_linear_system,,, 1
test_unseen_00004,baseline,50,unseen,"At a fixed rate, 14 items cost 18 dollars. What do 84 items cost?",108,168,False,ratio_proportion,,,solve_proportion,,, 168
test_unseen_00005,baseline,50,unseen,A machine begins at 17; after each round it changes its value by 4. What value appears after 8 updates?,49,56,False,recurrence,,,unroll_recurrence,,, 56
test_unseen_00006,baseline,50,unseen,The roots x and y of t^2 - (16)t + (63) = 0 are real. Find x^2 + y^2.,130,54,False,symmetric_polynomial_identity,,,expand_symmetric_identity,,, 54
test_unseen_00007,baseline,50,unseen,A square of side 44 is removed from a square of side 65. What area remains?,2289,1204,False,factorization,,,factor_difference_of_squares,,, 1204
test_unseen_00008,baseline,50,unseen,A rule maps q to q^2 - 6q - 2. Determine its output at q = 6.,-2,15,False,substitution,,,substitute_expression,,, 15
test_unseen_00009,baseline,50,unseen,Find the value of x satisfying both constraints: -4x + 3y = -12 and -4x + 4y = -16.,0,-1,False,linear_elimination,,,solve_linear_system,,, -1
test_unseen_00010,baseline,50,unseen,Complete the equivalent fractions: 6/12 = 18/[blank].,36,3,False,ratio_proportion,,,solve_proportion,,, 3
test_unseen_00011,baseline,50,unseen,"Unroll b(n+1) = b(n) + 1, with b(1) = -18, to obtain b(8).",-11,95,False,recurrence,,,unroll_recurrence,,, 95
test_unseen_00012,baseline,50,unseen,"Without solving for x and y, evaluate x^2 + y^2 when x + y = -15 and xy = 36.",153,140,False,symmetric_polynomial_identity,,,expand_symmetric_identity,,, 140
test_unseen_00013,baseline,50,unseen,"Using (u - v)(u + v), calculate 39^2 - 14^2.",1325,5086,False,factorization,,,factor_difference_of_squares,,, 5086
test_unseen_00014,baseline,50,unseen,What number does 11 - 3u^2 produce when u is -4?,-37,-5,False,substitution,,,substitute_expression,,, -5
test_unseen_00015,baseline,50,unseen,The lines 5x + 5y = -80 and x - 5y = 32 intersect. Give the y-coordinate.,-8,-1,False,linear_elimination,,,solve_linear_system,,, -1
test_unseen_00016,baseline,50,unseen,"At a fixed rate, 7 items cost 17 dollars. What do 84 items cost?",204,204,True,ratio_proportion,,,solve_proportion,,, 204
test_unseen_00017,baseline,50,unseen,A machine begins at 17; after each round it changes its value by 6. What value appears after 14 updates?,101,98,False,recurrence,,,unroll_recurrence,,, 98
test_unseen_00018,baseline,50,unseen,The roots x and y of t^2 - (-9)t + (-22) = 0 are real. Find x^2 + y^2.,125,43,False,symmetric_polynomial_identity,,,expand_symmetric_identity,,, 43
test_unseen_00019,baseline,50,unseen,A square of side 16 is removed from a square of side 78. What area remains?,5828,304,False,factorization,,,factor_difference_of_squares,,, 304
test_unseen_00020,baseline,50,unseen,A rule maps q to 3q^2 + 3q + 7. Determine its output at q = 6.,133,108,False,substitution,,,substitute_expression,,, 108
test_unseen_00021,baseline,50,unseen,Find the value of y satisfying both constraints: -3x - 5y = 29 and -2x - 5y = 21.,-1,4,False,linear_elimination,,,solve_linear_system,,, 4
test_unseen_00022,baseline,50,unseen,Complete the equivalent fractions: 7/20 = 35/[blank].,100,14,False,ratio_proportion,,,solve_proportion,,, 14
test_unseen_00023,baseline,50,unseen,"Unroll b(n+1) = b(n) + 4, with b(1) = -13, to obtain b(8).",15,56,False,recurrence,,,unroll_recurrence,,, 56
test_unseen_00024,baseline,50,unseen,"Without solving for x and y, evaluate x^2 + y^2 when x + y = -17 and xy = 60.",169,345,False,symmetric_polynomial_identity,,,expand_symmetric_identity,,, 345
test_unseen_00025,baseline,50,unseen,"Using (u - v)(u + v), calculate 24^2 - 16^2.",320,384,False,factorization,,,factor_difference_of_squares,,, 384
test_unseen_00026,baseline,50,unseen,What number does 2u^2 - 7u + 9 produce when u is 2?,3,10,False,substitution,,,substitute_expression,,, 10
test_unseen_00027,baseline,50,unseen,The lines -3x - 3y = 0 and 5x - 5y = 60 intersect. Give the y-coordinate.,-6,1,False,linear_elimination,,,solve_linear_system,,, 1
test_unseen_00028,baseline,50,unseen,"At a fixed rate, 3 items cost 2 dollars. What do 24 items cost?",16,96,False,ratio_proportion,,,solve_proportion,,, 96
test_unseen_00029,baseline,50,unseen,A machine begins at -9; after each round it changes its value by -1. What value appears after 13 updates?,-22,-26,False,recurrence,,,unroll_recurrence,,, -26
test_unseen_00030,baseline,50,unseen,The roots x and y of t^2 - (-3)t + (-54) = 0 are real. Find x^2 + y^2.,117,16,False,symmetric_polynomial_identity,,,expand_symmetric_identity,,, 16
test_unseen_00031,baseline,50,unseen,A square of side 5 is removed from a square of side 41. What area remains?,1656,208,False,factorization,,,factor_difference_of_squares,,, 208
test_unseen_00032,baseline,50,unseen,A rule maps q to 3q^2 - 10. Determine its output at q = 1.,-7,7,False,substitution,,,substitute_expression,,, 7
test_unseen_00033,baseline,50,unseen,Find the value of x satisfying both constraints: -x - 3y = -25 and -3x + 5y = 37.,1,-1,False,linear_elimination,,,solve_linear_system,,, -1
test_unseen_00034,baseline,50,unseen,Complete the equivalent fractions: 3/16 = 24/[blank].,128,8,False,ratio_proportion,,,solve_proportion,,, 8
test_unseen_00035,baseline,50,unseen,"Unroll b(n+1) = b(n) + 3, with b(1) = 8, to obtain b(4).",17,29,False,recurrence,,,unroll_recurrence,,, 29
test_unseen_00036,baseline,50,unseen,"Without solving for x and y, evaluate x^2 + y^2 when x + y = 6 and xy = -91.",218,150,False,symmetric_polynomial_identity,,,expand_symmetric_identity,,, 150
test_unseen_00037,baseline,50,unseen,"Using (u - v)(u + v), calculate 47^2 - 38^2.",765,1059,False,factorization,,,factor_difference_of_squares,,, 1059
test_unseen_00038,baseline,50,unseen,What number does -u^2 + 8u - 1 produce when u is -4?,-49,-35,False,substitution,,,substitute_expression,,, -35
test_unseen_00039,baseline,50,unseen,The lines 3x + 2y = -28 and -4x + 3y = 26 intersect. Give the y-coordinate.,-2,-1,False,linear_elimination,,,solve_linear_system,,, -1
test_unseen_00040,baseline,50,unseen,"At a fixed rate, 15 items cost 15 dollars. What do 60 items cost?",60,90,False,ratio_proportion,,,solve_proportion,,, 90
test_unseen_00041,baseline,50,unseen,A machine begins at -4; after each round it changes its value by 6. What value appears after 4 updates?,20,0,False,recurrence,,,unroll_recurrence,,, 0
test_unseen_00042,baseline,50,unseen,The roots x and y of t^2 - (6)t + (-112) = 0 are real. Find x^2 + y^2.,260,134,False,symmetric_polynomial_identity,,,expand_symmetric_identity,,, 134
test_unseen_00043,baseline,50,unseen,A square of side 40 is removed from a square of side 64. What area remains?,2496,128,False,factorization,,,factor_difference_of_squares,,, 128
test_unseen_00044,baseline,50,unseen,A rule maps q to 4q^2 - 5q - 2. Determine its output at q = -2.,24,10,False,substitution,,,substitute_expression,,, 10
test_unseen_00045,baseline,50,unseen,Find the value of y satisfying both constraints: -5x - 4y = -10 and x + 5y = -19.,-5,-2,False,linear_elimination,,,solve_linear_system,,, -2
test_unseen_00046,baseline,50,unseen,Complete the equivalent fractions: 8/20 = 96/[blank].,240,16,False,ratio_proportion,,,solve_proportion,,, 16
test_unseen_00047,baseline,50,unseen,"Unroll b(n+1) = b(n) + 8, with b(1) = 8, to obtain b(6).",48,72,False,recurrence,,,unroll_recurrence,,, 72
test_unseen_00048,baseline,50,unseen,"Without solving for x and y, evaluate x^2 + y^2 when x + y = -18 and xy = 80.",164,345,False,symmetric_polynomial_identity,,,expand_symmetric_identity,,, 345
test_unseen_00049,baseline,50,unseen,"Using (u - v)(u + v), calculate 12^2 - 11^2.",23,80,False,factorization,,,factor_difference_of_squares,,, 80
test_unseen_00050,baseline,50,unseen,What number does u^2 + u - 12 produce when u is 1?,-10,-7,False,substitution,,,substitute_expression,,, -7
test_unseen_00051,baseline,50,unseen,The lines -3x - 2y = 19 and 3x - 5y = 16 intersect. Give the x-coordinate.,-3,-4,False,linear_elimination,,,solve_linear_system,,, -4
test_unseen_00052,baseline,50,unseen,"At a fixed rate, 3 items cost 5 dollars. What do 24 items cost?",40,120,False,ratio_proportion,,,solve_proportion,,, 120
test_unseen_00053,baseline,50,unseen,A machine begins at 12; after each round it changes its value by 9. What value appears after 2 updates?,30,35,False,recurrence,,,unroll_recurrence,,, 35
test_unseen_00054,baseline,50,unseen,The roots x and y of t^2 - (18)t + (65) = 0 are real. Find x^2 + y^2.,194,43,False,symmetric_polynomial_identity,,,expand_symmetric_identity,,, 43
test_unseen_00055,baseline,50,unseen,A square of side 21 is removed from a square of side 47. What area remains?,1768,308,False,factorization,,,factor_difference_of_squares,,, 308
test_unseen_00056,baseline,50,unseen,A rule maps q to 8 - 3q^2. Determine its output at q = -5.,-67,-10,False,substitution,,,substitute_expression,,, -10
test_unseen_00057,baseline,50,unseen,Find the value of x satisfying both constraints: 4x - y = -29 and -5x - 5y = 30.,-7,-1,False,linear_elimination,,,solve_linear_system,,, -1
test_unseen_00058,baseline,50,unseen,Complete the equivalent fractions: 3/8 = 6/[blank].,16,12,False,ratio_proportion,,,solve_proportion,,, 12
test_unseen_00059,baseline,50,unseen,"Unroll b(n+1) = b(n) - 4, with b(1) = -16, to obtain b(5).",-32,20,False,recurrence,,,unroll_recurrence,,, 20
test_unseen_00060,baseline,50,unseen,"Without solving for x and y, evaluate x^2 + y^2 when x + y = -10 and xy = -24.",148,36,False,symmetric_polynomial_identity,,,expand_symmetric_identity,,, 36
test_unseen_00061,baseline,50,unseen,"Using (u - v)(u + v), calculate 67^2 - 12^2.",4345,4053,False,factorization,,,factor_difference_of_squares,,, 4053
test_unseen_00062,baseline,50,unseen,What number does -u^2 + 4u - 1 produce when u is -4?,-33,-35,False,substitution,,,substitute_expression,,, -35
test_unseen_00063,baseline,50,unseen,The lines -3x - y = -26 and -x + y = -10 intersect. Give the x-coordinate.,9,4,False,linear_elimination,,,solve_linear_system,,, 4
test_unseen_00064,baseline,50,unseen,"At a fixed rate, 12 items cost 7 dollars. What do 108 items cost?",63,96,False,ratio_proportion,,,solve_proportion,,, 96
test_unseen_00065,baseline,50,unseen,A machine begins at -2; after each round it changes its value by -4. What value appears after 9 updates?,-38,-16,False,recurrence,,,unroll_recurrence,,, -16
test_unseen_00066,baseline,50,unseen,The roots x and y of t^2 - (27)t + (182) = 0 are real. Find x^2 + y^2.,365,34,False,symmetric_polynomial_identity,,,expand_symmetric_identity,,, 34
test_unseen_00067,baseline,50,unseen,A square of side 33 is removed from a square of side 64. What area remains?,3007,1296,False,factorization,,,factor_difference_of_squares,,, 1296
test_unseen_00068,baseline,50,unseen,A rule maps q to -q^2 + q + 10. Determine its output at q = 2.,8,-6,False,substitution,,,substitute_expression,,, -6
test_unseen_00069,baseline,50,unseen,Find the value of y satisfying both constraints: x + 2y = 17 and 2x - 4y = -14.,6,3,False,linear_elimination,,,solve_linear_system,,, 3
test_unseen_00070,baseline,50,unseen,Complete the equivalent fractions: 11/8 = 66/[blank].,48,44,False,ratio_proportion,,,solve_proportion,,, 44
test_unseen_00071,baseline,50,unseen,"Unroll b(n+1) = b(n) - 2, with b(1) = 10, to obtain b(13).",-14,58,False,recurrence,,,unroll_recurrence,,, 58
test_unseen_00072,baseline,50,unseen,"Without solving for x and y, evaluate x^2 + y^2 when x + y = -18 and xy = 56.",212,304,False,symmetric_polynomial_identity,,,expand_symmetric_identity,,, 304
test_unseen_00073,baseline,50,unseen,"Using (u - v)(u + v), calculate 40^2 - 25^2.",975,1600,False,factorization,,,factor_difference_of_squares,,, 1600
test_unseen_00074,baseline,50,unseen,What number does 2u^2 + 5u - 3 produce when u is -7?,60,-14,False,substitution,,,substitute_expression,,, -14
test_unseen_00075,baseline,50,unseen,The lines x - 4y = -33 and -5x - 2y = -11 intersect. Give the y-coordinate.,8,-6,False,linear_elimination,,,solve_linear_system,,, -6
test_unseen_00076,baseline,50,unseen,"At a fixed rate, 2 items cost 7 dollars. What do 24 items cost?",84,18,False,ratio_proportion,,,solve_proportion,,, 18
test_unseen_00077,baseline,50,unseen,A machine begins at 0; after each round it changes its value by -3. What value appears after 12 updates?,-36,-15,False,recurrence,,,unroll_recurrence,,, -15
test_unseen_00078,baseline,50,unseen,The roots x and y of t^2 - (12)t + (35) = 0 are real. Find x^2 + y^2.,74,46,False,symmetric_polynomial_identity,,,expand_symmetric_identity,,, 46
test_unseen_00079,baseline,50,unseen,A square of side 23 is removed from a square of side 52. What area remains?,2175,1048,False,factorization,,,factor_difference_of_squares,,, 1048
test_unseen_00080,baseline,50,unseen,A rule maps q to 3q^2 - 8q + 6. Determine its output at q = 2.,2,10,False,substitution,,,substitute_expression,,, 10
test_unseen_00081,baseline,50,unseen,Find the value of y satisfying both constraints: -3x + 5y = 24 and -2x + 4y = 16.,0,8,False,linear_elimination,,,solve_linear_system,,, 8
test_unseen_00082,baseline,50,unseen,Complete the equivalent fractions: 15/2 = 105/[blank].,14,35,False,ratio_proportion,,,solve_proportion,,, 35
test_unseen_00083,baseline,50,unseen,"Unroll b(n+1) = b(n) - 4, with b(1) = -17, to obtain b(15).",-73,28,False,recurrence,,,unroll_recurrence,,, 28
test_unseen_00084,baseline,50,unseen,"Without solving for x and y, evaluate x^2 + y^2 when x + y = -9 and xy = 18.",45,30,False,symmetric_polynomial_identity,,,expand_symmetric_identity,,, 30
test_unseen_00085,baseline,50,unseen,"Using (u - v)(u + v), calculate 30^2 - 9^2.",819,1800,False,factorization,,,factor_difference_of_squares,,, 1800
test_unseen_00086,baseline,50,unseen,What number does 3u^2 - 11 produce when u is 7?,136,95,False,substitution,,,substitute_expression,,, 95
test_unseen_00087,baseline,50,unseen,The lines 3x + 2y = 8 and -5x - 5y = -25 intersect. Give the x-coordinate.,-2,1,False,linear_elimination,,,solve_linear_system,,, 1
test_unseen_00088,baseline,50,unseen,"At a fixed rate, 8 items cost 2 dollars. What do 80 items cost?",20,16,False,ratio_proportion,,,solve_proportion,,, 16
test_unseen_00089,baseline,50,unseen,A machine begins at -13; after each round it changes its value by -7. What value appears after 14 updates?,-111,-28,False,recurrence,,,unroll_recurrence,,, -28
test_unseen_00090,baseline,50,unseen,The roots x and y of t^2 - (13)t + (36) = 0 are real. Find x^2 + y^2.,97,45,False,symmetric_polynomial_identity,,,expand_symmetric_identity,,, 45
test_unseen_00091,baseline,50,unseen,A square of side 16 is removed from a square of side 72. What area remains?,4928,304,False,factorization,,,factor_difference_of_squares,,, 304
test_unseen_00092,baseline,50,unseen,A rule maps q to 4q^2 - 7q. Determine its output at q = 0.,0,0,True,substitution,,,substitute_expression,,, 0
test_unseen_00093,baseline,50,unseen,Find the value of y satisfying both constraints: 5x - 2y = 31 and -4x + 3y = -15.,7,8,False,linear_elimination,,,solve_linear_system,,, 8
test_unseen_00094,baseline,50,unseen,Complete the equivalent fractions: 3/18 = 12/[blank].,72,6,False,ratio_proportion,,,solve_proportion,,, 6
test_unseen_00095,baseline,50,unseen,"Unroll b(n+1) = b(n) - 3, with b(1) = -14, to obtain b(7).",-32,28,False,recurrence,,,unroll_recurrence,,, 28
test_unseen_00096,baseline,50,unseen,"Without solving for x and y, evaluate x^2 + y^2 when x + y = -15 and xy = 56.",113,30,False,symmetric_polynomial_identity,,,expand_symmetric_identity,,, 30
test_unseen_00097,baseline,50,unseen,"Using (u - v)(u + v), calculate 58^2 - 36^2.",2068,1040,False,factorization,,,factor_difference_of_squares,,, 1040
test_unseen_00098,baseline,50,unseen,What number does -4u^2 + 8u produce when u is 4?,-32,-64,False,substitution,,,substitute_expression,,, -64
test_unseen_00099,baseline,50,unseen,The lines 2x + y = 7 and -3x - 5y = 21 intersect. Give the y-coordinate.,-9,-4,False,linear_elimination,,,solve_linear_system,,, -4
test_unseen_00100,baseline,50,unseen,"At a fixed rate, 5 items cost 8 dollars. What do 25 items cost?",40,40,True,ratio_proportion,,,solve_proportion,,, 40
test_unseen_00101,baseline,50,unseen,A machine begins at 7; after each round it changes its value by 2. What value appears after 7 updates?,21,15,False,recurrence,,,unroll_recurrence,,, 15
test_unseen_00102,baseline,50,unseen,The roots x and y of t^2 - (10)t + (-24) = 0 are real. Find x^2 + y^2.,148,58,False,symmetric_polynomial_identity,,,expand_symmetric_identity,,, 58
test_unseen_00103,baseline,50,unseen,A square of side 23 is removed from a square of side 80. What area remains?,5871,1440,False,factorization,,,factor_difference_of_squares,,, 1440
test_unseen_00104,baseline,50,unseen,A rule maps q to -5q^2 + 4q - 2. Determine its output at q = 0.,-2,-1,False,substitution,,,substitute_expression,,, -1
test_unseen_00105,baseline,50,unseen,Find the value of x satisfying both constraints: -5x + 2y = -24 and 2x + 4y = 48.,8,3,False,linear_elimination,,,solve_linear_system,,, 3
test_unseen_00106,baseline,50,unseen,Complete the equivalent fractions: 6/11 = 30/[blank].,55,30,False,ratio_proportion,,,solve_proportion,,, 30
test_unseen_00107,baseline,50,unseen,"Unroll b(n+1) = b(n) + 1, with b(1) = 16, to obtain b(12).",27,19,False,recurrence,,,unroll_recurrence,,, 19
test_unseen_00108,baseline,50,unseen,"Without solving for x and y, evaluate x^2 + y^2 when x + y = 15 and xy = 14.",197,60,False,symmetric_polynomial_identity,,,expand_symmetric_identity,,, 60
test_unseen_00109,baseline,50,unseen,"Using (u - v)(u + v), calculate 74^2 - 15^2.",5251,6089,False,factorization,,,factor_difference_of_squares,,, 6089
test_unseen_00110,baseline,50,unseen,What number does -5u^2 - 6u - 6 produce when u is 0?,-6,-6,True,substitution,,,substitute_expression,,, -6
test_unseen_00111,baseline,50,unseen,The lines -3x - y = 2 and -5x - 5y = 10 intersect. Give the x-coordinate.,0,-1,False,linear_elimination,,,solve_linear_system,,, -1
test_unseen_00112,baseline,50,unseen,"At a fixed rate, 8 items cost 17 dollars. What do 80 items cost?",170,280,False,ratio_proportion,,,solve_proportion,,, 280
test_unseen_00113,baseline,50,unseen,A machine begins at 18; after each round it changes its value by -2. What value appears after 5 updates?,8,-30,False,recurrence,,,unroll_recurrence,,, -30
test_unseen_00114,baseline,50,unseen,The roots x and y of t^2 - (9)t + (14) = 0 are real. Find x^2 + y^2.,53,35,False,symmetric_polynomial_identity,,,expand_symmetric_identity,,, 35
test_unseen_00115,baseline,50,unseen,A square of side 14 is removed from a square of side 77. What area remains?,5733,305,False,factorization,,,factor_difference_of_squares,,, 305
test_unseen_00116,baseline,50,unseen,A rule maps q to -q^2 + 2q - 8. Determine its output at q = 7.,-43,-14,False,substitution,,,substitute_expression,,, -14
test_unseen_00117,baseline,50,unseen,Find the value of y satisfying both constraints: 5x + 3y = 15 and 4x + y = 12.,0,3,False,linear_elimination,,,solve_linear_system,,, 3
test_unseen_00118,baseline,50,unseen,Complete the equivalent fractions: 10/3 = 70/[blank].,21,25,False,ratio_proportion,,,solve_proportion,,, 25
test_unseen_00119,baseline,50,unseen,"Unroll b(n+1) = b(n) - 1, with b(1) = -16, to obtain b(3).",-18,25,False,recurrence,,,unroll_recurrence,,, 25
test_seen_00000,oracle,50,seen,"If x + y = -20 and xy = 84, find x^2 + y^2.",232,169,False,symmetric_polynomial_identity,,,expand_symmetric_identity,,, 169
test_seen_00001,oracle,50,seen,Evaluate 71^2 - 11^2.,4920,4900,False,factorization,,,factor_difference_of_squares,,, 4900
test_seen_00002,oracle,50,seen,Let f(t) = t^2 - 5t + 2. Find f(2).,-4,1,False,substitution,,,substitute_expression,,, 1
test_seen_00003,oracle,50,seen,Solve 4x + 3y = -3 and x + y = -3. What is x?,6,-1,False,linear_elimination,,,solve_linear_system,,, -1
test_seen_00004,oracle,50,seen,Solve the proportion 2/5 = 6/x for x.,15,30,False,ratio_proportion,,,solve_proportion,,, 30
test_seen_00005,oracle,50,seen,A sequence starts with a1 = -11 and each next term is the current term + 4. Find a4.,1,23,False,recurrence,,,unroll_recurrence,,, 23
test_seen_00006,oracle,50,seen,Two numbers have sum -9 and product -10. What is the sum of their squares?,101,85,False,symmetric_polynomial_identity,,,expand_symmetric_identity,,, 85
test_seen_00007,oracle,50,seen,Compute the difference of squares: 42 squared minus 33 squared.,675,105,False,factorization,,,factor_difference_of_squares,,, 105
test_seen_00008,oracle,50,seen,Substitute z = 2 into 2z^2 + 8z - 4.,20,16,False,substitution,,,substitute_expression,,, 16
test_seen_00009,oracle,50,seen,The equations -4x - 5y = 1 and 4x - 5y = -31 hold simultaneously. Find x.,-4,-2,False,linear_elimination,,,solve_linear_system,,, -2
test_seen_00010,oracle,50,seen,"If 2:7 = 12:x, what is x?",42,42,True,ratio_proportion,,,solve_proportion,,, 42
test_seen_00011,oracle,50,seen,"Starting at -16, repeatedly change the value by -1. What is term 11, counting the start as term 1?",-26,-17,False,recurrence,,,unroll_recurrence,,, -17
test_seen_00012,oracle,50,seen,"Given s = x + y = -8 and p = xy = -48, compute x^2 + y^2.",160,160,True,symmetric_polynomial_identity,,,expand_symmetric_identity,,, 160
test_seen_00013,oracle,50,seen,What is 43^2 - 39^2? Use factorization if helpful.,328,1055,False,factorization,,,factor_difference_of_squares,,, 1055
test_seen_00014,oracle,50,seen,"For P(x) = -4x^2 + 6x + 8, evaluate P(7).",-146,-15,False,substitution,,,substitute_expression,,, -15
test_seen_00015,oracle,50,seen,Use elimination on the system 3x + 5y = 8; 2x - 3y = -1. Determine x.,1,4,False,linear_elimination,,,solve_linear_system,,, 4
test_seen_00016,oracle,50,seen,The ratio 15 to 4 equals the ratio 105 to x. Find x.,28,35,False,ratio_proportion,,,solve_proportion,,, 35
test_seen_00017,oracle,50,seen,An arithmetic sequence has first term 17 and common difference -8. Find its 7th term.,-31,35,False,recurrence,,,unroll_recurrence,,, 35
test_seen_00018,oracle,50,seen,"If x + y = -4 and xy = -60, find x^2 + y^2.",136,136,True,symmetric_polynomial_identity,,,expand_symmetric_identity,,, 136
test_seen_00019,oracle,50,seen,Evaluate 45^2 - 40^2.,425,725,False,factorization,,,factor_difference_of_squares,,, 725
test_seen_00020,oracle,50,seen,Let f(t) = 4t^2 - 5t - 3. Find f(0).,-3,9,False,substitution,,,substitute_expression,,, 9
test_seen_00021,oracle,50,seen,Solve -5x + 2y = -2 and x + 4y = 18. What is x?,2,-3,False,linear_elimination,,,solve_linear_system,,, -3
test_seen_00022,oracle,50,seen,Solve the proportion 7/6 = 84/x for x.,72,6,False,ratio_proportion,,,solve_proportion,,, 6
test_seen_00023,oracle,50,seen,A sequence starts with a1 = -11 and each next term is the current term - 7. Find a12.,-88,-4,False,recurrence,,,unroll_recurrence,,, -4
test_seen_00024,oracle,50,seen,Two numbers have sum 4 and product -60. What is the sum of their squares?,136,120,False,symmetric_polynomial_identity,,,expand_symmetric_identity,,, 120
test_seen_00025,oracle,50,seen,Compute the difference of squares: 77 squared minus 8 squared.,5865,5409,False,factorization,,,factor_difference_of_squares,,, 5409
test_seen_00026,oracle,50,seen,Substitute z = -7 into 2z^2 + 6z + 6.,62,14,False,substitution,,,substitute_expression,,, 14
test_seen_00027,oracle,50,seen,The equations -4x - 4y = 56 and -3x - 5y = 60 hold simultaneously. Find y.,-9,1,False,linear_elimination,,,solve_linear_system,,, 1
test_seen_00028,oracle,50,seen,"If 3:19 = 27:x, what is x?",171,54,False,ratio_proportion,,,solve_proportion,,, 54
test_seen_00029,oracle,50,seen,"Starting at 9, repeatedly change the value by -1. What is term 8, counting the start as term 1?",2,-7,False,recurrence,,,unroll_recurrence,,, -7
test_seen_00030,oracle,50,seen,"Given s = x + y = 27 and p = xy = 180, compute x^2 + y^2.",369,365,False,symmetric_polynomial_identity,,,expand_symmetric_identity,,, 365
test_seen_00031,oracle,50,seen,What is 32^2 - 26^2? Use factorization if helpful.,348,100,False,factorization,,,factor_difference_of_squares,,, 100
test_seen_00032,oracle,50,seen,"For P(x) = -5x^2 - 6x + 10, evaluate P(-4).",-46,-78,False,substitution,,,substitute_expression,,, -78
test_seen_00033,oracle,50,seen,Use elimination on the system 5x + 4y = 3; x - y = 6. Determine y.,-3,-1,False,linear_elimination,,,solve_linear_system,,, -1
test_seen_00034,oracle,50,seen,The ratio 14 to 12 equals the ratio 112 to x. Find x.,96,168,False,ratio_proportion,,,solve_proportion,,, 168
test_seen_00035,oracle,50,seen,An arithmetic sequence has first term -17 and common difference 3. Find its 5th term.,-5,20,False,recurrence,,,unroll_recurrence,,, 20
test_seen_00036,oracle,50,seen,"If x + y = -8 and xy = -20, find x^2 + y^2.",104,144,False,symmetric_polynomial_identity,,,expand_symmetric_identity,,, 144
test_seen_00037,oracle,50,seen,Evaluate 21^2 - 14^2.,245,365,False,factorization,,,factor_difference_of_squares,,, 365
test_seen_00038,oracle,50,seen,Let f(t) = -2t^2 + t - 5. Find f(-2).,-15,-19,False,substitution,,,substitute_expression,,, -19
test_seen_00039,oracle,50,seen,Solve x + y = -6 and -2x - 5y = 21. What is y?,-3,-4,False,linear_elimination,,,solve_linear_system,,, -4
test_seen_00040,oracle,50,seen,Solve the proportion 10/3 = 30/x for x.,9,30,False,ratio_proportion,,,solve_proportion,,, 30
test_seen_00041,oracle,50,seen,A sequence starts with a1 = -19 and each next term is the current term - 9. Find a11.,-109,-86,False,recurrence,,,unroll_recurrence,,, -86
test_seen_00042,oracle,50,seen,Two numbers have sum 16 and product 48. What is the sum of their squares?,160,256,False,symmetric_polynomial_identity,,,expand_symmetric_identity,,, 256
test_seen_00043,oracle,50,seen,Compute the difference of squares: 67 squared minus 34 squared.,3333,2085,False,factorization,,,factor_difference_of_squares,,, 2085
test_seen_00044,oracle,50,seen,Substitute z = -2 into 4z^2 - 5z + 6.,32,18,False,substitution,,,substitute_expression,,, 18
test_seen_00045,oracle,50,seen,The equations -3x + 2y = -1 and x - 3y = 5 hold simultaneously. Find x.,-1,-4,False,linear_elimination,,,solve_linear_system,,, -4
test_seen_00046,oracle,50,seen,"If 2:5 = 10:x, what is x?",25,30,False,ratio_proportion,,,solve_proportion,,, 30
test_seen_00047,oracle,50,seen,"Starting at 16, repeatedly change the value by -6. What is term 12, counting the start as term 1?",-50,-30,False,recurrence,,,unroll_recurrence,,, -30
test_seen_00048,oracle,50,seen,"Given s = x + y = -11 and p = xy = 18, compute x^2 + y^2.",85,30,False,symmetric_polynomial_identity,,,expand_symmetric_identity,,, 30
test_seen_00049,oracle,50,seen,What is 54^2 - 26^2? Use factorization if helpful.,2240,1080,False,factorization,,,factor_difference_of_squares,,, 1080
test_seen_00050,oracle,50,seen,"For P(x) = -4x^2 - 8x - 7, evaluate P(-1).",-3,-3,True,substitution,,,substitute_expression,,, -3
test_seen_00051,oracle,50,seen,Use elimination on the system 3x + 4y = -14; -3x - 2y = 16. Determine x.,-6,-5,False,linear_elimination,,,solve_linear_system,,, -5
test_seen_00052,oracle,50,seen,The ratio 5 to 3 equals the ratio 15 to x. Find x.,9,18,False,ratio_proportion,,,solve_proportion,,, 18
test_seen_00053,oracle,50,seen,An arithmetic sequence has first term 10 and common difference -1. Find its 14th term.,-3,13,False,recurrence,,,unroll_recurrence,,, 13
test_seen_00054,oracle,50,seen,"If x + y = 7 and xy = -98, find x^2 + y^2.",245,140,False,symmetric_polynomial_identity,,,expand_symmetric_identity,,, 140
test_seen_00055,oracle,50,seen,Evaluate 48^2 - 43^2.,455,1065,False,factorization,,,factor_difference_of_squares,,, 1065
test_seen_00056,oracle,50,seen,Let f(t) = 3t^2 + 2t - 8. Find f(-2).,0,14,False,substitution,,,substitute_expression,,, 14
test_seen_00057,oracle,50,seen,Solve -2x + 2y = -14 and 5x - 3y = 17. What is y?,-9,-2,False,linear_elimination,,,solve_linear_system,,, -2
test_seen_00058,oracle,50,seen,Solve the proportion 11/16 = 66/x for x.,96,96,True,ratio_proportion,,,solve_proportion,,, 96
test_seen_00059,oracle,50,seen,A sequence starts with a1 = 8 and each next term is the current term + 7. Find a7.,50,49,False,recurrence,,,unroll_recurrence,,, 49
test_seen_00060,oracle,50,seen,Two numbers have sum 29 and product 210. What is the sum of their squares?,421,685,False,symmetric_polynomial_identity,,,expand_symmetric_identity,,, 685
test_seen_00061,oracle,50,seen,Compute the difference of squares: 69 squared minus 37 squared.,3392,2048,False,factorization,,,factor_difference_of_squares,,, 2048
test_seen_00062,oracle,50,seen,Substitute z = -1 into 4z^2 + 5z + 11.,10,36,False,substitution,,,substitute_expression,,, 36
test_seen_00063,oracle,50,seen,The equations -4x - 2y = -46 and 4x + 5y = 73 hold simultaneously. Find x.,7,-1,False,linear_elimination,,,solve_linear_system,,, -1
test_seen_00064,oracle,50,seen,"If 11:2 = 132:x, what is x?",24,168,False,ratio_proportion,,,solve_proportion,,, 168
test_seen_00065,oracle,50,seen,"Starting at -6, repeatedly change the value by -7. What is term 6, counting the start as term 1?",-41,-25,False,recurrence,,,unroll_recurrence,,, -25
test_seen_00066,oracle,50,seen,"Given s = x + y = -5 and p = xy = -36, compute x^2 + y^2.",97,104,False,symmetric_polynomial_identity,,,expand_symmetric_identity,,, 104
test_seen_00067,oracle,50,seen,What is 39^2 - 35^2? Use factorization if helpful.,296,1080,False,factorization,,,factor_difference_of_squares,,, 1080
test_seen_00068,oracle,50,seen,"For P(x) = -x^2 - 3x + 3, evaluate P(0).",3,-3,False,substitution,,,substitute_expression,,, -3
test_seen_00069,oracle,50,seen,Use elimination on the system -x + 2y = -4; -3x - 4y = -12. Determine y.,0,-5,False,linear_elimination,,,solve_linear_system,,, -5
test_seen_00070,oracle,50,seen,The ratio 7 to 12 equals the ratio 49 to x. Find x.,84,36,False,ratio_proportion,,,solve_proportion,,, 36
test_seen_00071,oracle,50,seen,An arithmetic sequence has first term 4 and common difference -6. Find its 14th term.,-74,0,False,recurrence,,,unroll_recurrence,,, 0
test_seen_00072,oracle,50,seen,"If x + y = -6 and xy = 5, find x^2 + y^2.",26,79,False,symmetric_polynomial_identity,,,expand_symmetric_identity,,, 79
test_seen_00073,oracle,50,seen,Evaluate 46^2 - 15^2.,1891,2080,False,factorization,,,factor_difference_of_squares,,, 2080
test_seen_00074,oracle,50,seen,Let f(t) = 3t^2 - 3t - 1. Find f(-3).,35,9,False,substitution,,,substitute_expression,,, 9
test_seen_00075,oracle,50,seen,Solve 4x - y = 18 and 3x + 5y = 2. What is x?,4,-2,False,linear_elimination,,,solve_linear_system,,, -2
test_seen_00076,oracle,50,seen,Solve the proportion 4/11 = 16/x for x.,44,44,True,ratio_proportion,,,solve_proportion,,, 44
test_seen_00077,oracle,50,seen,A sequence starts with a1 = -7 and each next term is the current term - 5. Find a5.,-27,-30,False,recurrence,,,unroll_recurrence,,, -30
test_seen_00078,oracle,50,seen,Two numbers have sum 4 and product 3. What is the sum of their squares?,10,25,False,symmetric_polynomial_identity,,,expand_symmetric_identity,,, 25
test_seen_00079,oracle,50,seen,Compute the difference of squares: 48 squared minus 14 squared.,2108,208,False,factorization,,,factor_difference_of_squares,,, 208
test_seen_00080,oracle,50,seen,Substitute z = -5 into 3z^2 + 4z + 4.,59,17,False,substitution,,,substitute_expression,,, 17
test_seen_00081,oracle,50,seen,The equations x - y = 5 and 3x - y = 3 hold simultaneously. Find x.,-1,2,False,linear_elimination,,,solve_linear_system,,, 2
test_seen_00082,oracle,50,seen,"If 4:20 = 40:x, what is x?",200,40,False,ratio_proportion,,,solve_proportion,,, 40
test_seen_00083,oracle,50,seen,"Starting at -17, repeatedly change the value by 4. What is term 9, counting the start as term 1?",15,35,False,recurrence,,,unroll_recurrence,,, 35
test_seen_00084,oracle,50,seen,"Given s = x + y = 2 and p = xy = -3, compute x^2 + y^2.",10,14,False,symmetric_polynomial_identity,,,expand_symmetric_identity,,, 14
test_seen_00085,oracle,50,seen,What is 72^2 - 42^2? Use factorization if helpful.,3420,3960,False,factorization,,,factor_difference_of_squares,,, 3960
test_seen_00086,oracle,50,seen,"For P(x) = 4x^2 + 7x + 5, evaluate P(3).",62,68,False,substitution,,,substitute_expression,,, 68
test_seen_00087,oracle,50,seen,Use elimination on the system 5x + 2y = -48; 2x - 4y = 24. Determine y.,-9,-1,False,linear_elimination,,,solve_linear_system,,, -1
test_seen_00088,oracle,50,seen,The ratio 3 to 8 equals the ratio 27 to x. Find x.,72,64,False,ratio_proportion,,,solve_proportion,,, 64
test_seen_00089,oracle,50,seen,An arithmetic sequence has first term 14 and common difference -7. Find its 9th term.,-42,3,False,recurrence,,,unroll_recurrence,,," 3 

Explanation: The 9th term of the given arithmetic sequence can be found by applying the recurrence relation to the initial terms. For an arithmetic sequence, the nth term is given by:

\[ a_n = a_1 + (n-1)d \]

Where:
- \( a_n \) is"
test_seen_00090,oracle,50,seen,"If x + y = -11 and xy = 0, find x^2 + y^2.",121,56,False,symmetric_polynomial_identity,,,expand_symmetric_identity,,, 56
test_seen_00091,oracle,50,seen,Evaluate 59^2 - 13^2.,3312,3408,False,factorization,,,factor_difference_of_squares,,, 3408
test_seen_00092,oracle,50,seen,Let f(t) = -5t^2 - 6t - 4. Find f(-2).,-12,-30,False,substitution,,,substitute_expression,,, -30
test_seen_00093,oracle,50,seen,Solve -4x + y = 25 and 2x - 5y = 19. What is x?,-8,-3,False,linear_elimination,,,solve_linear_system,,, -3
test_seen_00094,oracle,50,seen,Solve the proportion 12/4 = 60/x for x.,20,30,False,ratio_proportion,,,solve_proportion,,, 30
test_seen_00095,oracle,50,seen,A sequence starts with a1 = -8 and each next term is the current term - 6. Find a12.,-74,-14,False,recurrence,,,unroll_recurrence,,, -14
test_seen_00096,oracle,50,seen,Two numbers have sum -17 and product 72. What is the sum of their squares?,145,130,False,symmetric_polynomial_identity,,,expand_symmetric_identity,,, 130
test_seen_00097,oracle,50,seen,Compute the difference of squares: 55 squared minus 4 squared.,3009,2805,False,factorization,,,factor_difference_of_squares,,, 2805
test_seen_00098,oracle,50,seen,Substitute z = -3 into -5z^2 - 5z - 9.,-39,-48,False,substitution,,,substitute_expression,,, -48
test_seen_00099,oracle,50,seen,The equations 4x + 3y = -57 and 5x + 5y = -80 hold simultaneously. Find x.,-9,-1,False,linear_elimination,,,solve_linear_system,,, -1
test_seen_00100,oracle,50,seen,"If 6:10 = 48:x, what is x?",80,32,False,ratio_proportion,,,solve_proportion,,, 32
test_seen_00101,oracle,50,seen,"Starting at -10, repeatedly change the value by -4. What is term 13, counting the start as term 1?",-58,-26,False,recurrence,,,unroll_recurrence,,, -26
test_seen_00102,oracle,50,seen,"Given s = x + y = 2 and p = xy = -35, compute x^2 + y^2.",74,140,False,symmetric_polynomial_identity,,,expand_symmetric_identity,,, 140
test_seen_00103,oracle,50,seen,What is 70^2 - 33^2? Use factorization if helpful.,3811,4855,False,factorization,,,factor_difference_of_squares,,, 4855
test_seen_00104,oracle,50,seen,"For P(x) = 2x^2 + 5x + 9, evaluate P(-2).",7,17,False,substitution,,,substitute_expression,,, 17
test_seen_00105,oracle,50,seen,Use elimination on the system 4x - 2y = 16; 2x + y = 12. Determine y.,2,3,False,linear_elimination,,,solve_linear_system,,, 3
test_seen_00106,oracle,50,seen,The ratio 15 to 2 equals the ratio 150 to x. Find x.,20,30,False,ratio_proportion,,,solve_proportion,,, 30
test_seen_00107,oracle,50,seen,An arithmetic sequence has first term 8 and common difference -5. Find its 3th term.,-2,-14,False,recurrence,,,unroll_recurrence,,, -14
test_seen_00108,oracle,50,seen,"If x + y = -27 and xy = 180, find x^2 + y^2.",369,345,False,symmetric_polynomial_identity,,,expand_symmetric_identity,,, 345
test_seen_00109,oracle,50,seen,Evaluate 76^2 - 43^2.,3927,5184,False,factorization,,,factor_difference_of_squares,,, 5184
test_seen_00110,oracle,50,seen,Let f(t) = 4t^2 + 4t - 5. Find f(0).,-5,5,False,substitution,,,substitute_expression,,, 5
test_seen_00111,oracle,50,seen,Solve -4x - 3y = 42 and -5x + 3y = 39. What is x?,-9,-1,False,linear_elimination,,,solve_linear_system,,, -1
test_seen_00112,oracle,50,seen,Solve the proportion 2/4 = 10/x for x.,20,20,True,ratio_proportion,,,solve_proportion,,, 20
test_seen_00113,oracle,50,seen,A sequence starts with a1 = 15 and each next term is the current term - 6. Find a11.,-45,-24,False,recurrence,,,unroll_recurrence,,, -24
test_seen_00114,oracle,50,seen,Two numbers have sum 12 and product -28. What is the sum of their squares?,200,64,False,symmetric_polynomial_identity,,,expand_symmetric_identity,,, 64
test_seen_00115,oracle,50,seen,Compute the difference of squares: 36 squared minus 34 squared.,140,108,False,factorization,,,factor_difference_of_squares,,, 108
test_seen_00116,oracle,50,seen,Substitute z = -3 into z^2 + 2z - 1.,2,4,False,substitution,,,substitute_expression,,, 4
test_seen_00117,oracle,50,seen,The equations -5x + 2y = -4 and -4x - 5y = -56 hold simultaneously. Find x.,4,-3,False,linear_elimination,,,solve_linear_system,,, -3
test_seen_00118,oracle,50,seen,"If 2:2 = 16:x, what is x?",16,8,False,ratio_proportion,,,solve_proportion,,, 8
test_seen_00119,oracle,50,seen,"Starting at -4, repeatedly change the value by -1. What is term 11, counting the start as term 1?",-14,-8,False,recurrence,,,unroll_recurrence,,, -8
test_unseen_00000,oracle,50,unseen,"Without solving for x and y, evaluate x^2 + y^2 when x + y = -1 and xy = -2.",5,5,True,symmetric_polynomial_identity,,,expand_symmetric_identity,,, 5
test_unseen_00001,oracle,50,unseen,"Using (u - v)(u + v), calculate 44^2 - 36^2.",640,1080,False,factorization,,,factor_difference_of_squares,,, 1080
test_unseen_00002,oracle,50,unseen,What number does -3u^2 + 4u - 5 produce when u is -3?,-44,19,False,substitution,,,substitute_expression,,, 19
test_unseen_00003,oracle,50,unseen,The lines -4x + 4y = 28 and -5x - 4y = 53 intersect. Give the x-coordinate.,-9,1,False,linear_elimination,,,solve_linear_system,,, 1
test_unseen_00004,oracle,50,unseen,"At a fixed rate, 14 items cost 18 dollars. What do 84 items cost?",108,168,False,ratio_proportion,,,solve_proportion,,, 168
test_unseen_00005,oracle,50,unseen,A machine begins at 17; after each round it changes its value by 4. What value appears after 8 updates?,49,56,False,recurrence,,,unroll_recurrence,,, 56
test_unseen_00006,oracle,50,unseen,The roots x and y of t^2 - (16)t + (63) = 0 are real. Find x^2 + y^2.,130,85,False,symmetric_polynomial_identity,,,expand_symmetric_identity,,, 85
test_unseen_00007,oracle,50,unseen,A square of side 44 is removed from a square of side 65. What area remains?,2289,128,False,factorization,,,factor_difference_of_squares,,, 128
test_unseen_00008,oracle,50,unseen,A rule maps q to q^2 - 6q - 2. Determine its output at q = 6.,-2,14,False,substitution,,,substitute_expression,,, 14
test_unseen_00009,oracle,50,unseen,Find the value of x satisfying both constraints: -4x + 3y = -12 and -4x + 4y = -16.,0,-1,False,linear_elimination,,,solve_linear_system,,, -1
test_unseen_00010,oracle,50,unseen,Complete the equivalent fractions: 6/12 = 18/[blank].,36,3,False,ratio_proportion,,,solve_proportion,,, 3
test_unseen_00011,oracle,50,unseen,"Unroll b(n+1) = b(n) + 1, with b(1) = -18, to obtain b(8).",-11,20,False,recurrence,,,unroll_recurrence,,, 20
test_unseen_00012,oracle,50,unseen,"Without solving for x and y, evaluate x^2 + y^2 when x + y = -15 and xy = 36.",153,140,False,symmetric_polynomial_identity,,,expand_symmetric_identity,,, 140
test_unseen_00013,oracle,50,unseen,"Using (u - v)(u + v), calculate 39^2 - 14^2.",1325,508,False,factorization,,,factor_difference_of_squares,,, 508
test_unseen_00014,oracle,50,unseen,What number does 11 - 3u^2 produce when u is -4?,-37,5,False,substitution,,,substitute_expression,,, 5
test_unseen_00015,oracle,50,unseen,The lines 5x + 5y = -80 and x - 5y = 32 intersect. Give the y-coordinate.,-8,-1,False,linear_elimination,,,solve_linear_system,,, -1
test_unseen_00016,oracle,50,unseen,"At a fixed rate, 7 items cost 17 dollars. What do 84 items cost?",204,168,False,ratio_proportion,,,solve_proportion,,, 168
test_unseen_00017,oracle,50,unseen,A machine begins at 17; after each round it changes its value by 6. What value appears after 14 updates?,101,98,False,recurrence,,,unroll_recurrence,,, 98
test_unseen_00018,oracle,50,unseen,The roots x and y of t^2 - (-9)t + (-22) = 0 are real. Find x^2 + y^2.,125,13,False,symmetric_polynomial_identity,,,expand_symmetric_identity,,, 13
test_unseen_00019,oracle,50,unseen,A square of side 16 is removed from a square of side 78. What area remains?,5828,3048,False,factorization,,,factor_difference_of_squares,,, 3048
test_unseen_00020,oracle,50,unseen,A rule maps q to 3q^2 + 3q + 7. Determine its output at q = 6.,133,105,False,substitution,,,substitute_expression,,, 105
test_unseen_00021,oracle,50,unseen,Find the value of y satisfying both constraints: -3x - 5y = 29 and -2x - 5y = 21.,-1,4,False,linear_elimination,,,solve_linear_system,,, 4
test_unseen_00022,oracle,50,unseen,Complete the equivalent fractions: 7/20 = 35/[blank].,100,35/40,False,ratio_proportion,,,solve_proportion,,, 35/40
test_unseen_00023,oracle,50,unseen,"Unroll b(n+1) = b(n) + 4, with b(1) = -13, to obtain b(8).",15,-56,False,recurrence,,,unroll_recurrence,,, -56
test_unseen_00024,oracle,50,unseen,"Without solving for x and y, evaluate x^2 + y^2 when x + y = -17 and xy = 60.",169,345,False,symmetric_polynomial_identity,,,expand_symmetric_identity,,, 345
test_unseen_00025,oracle,50,unseen,"Using (u - v)(u + v), calculate 24^2 - 16^2.",320,705,False,factorization,,,factor_difference_of_squares,,, 705
test_unseen_00026,oracle,50,unseen,What number does 2u^2 - 7u + 9 produce when u is 2?,3,14,False,substitution,,,substitute_expression,,, 14
test_unseen_00027,oracle,50,unseen,The lines -3x - 3y = 0 and 5x - 5y = 60 intersect. Give the y-coordinate.,-6,1,False,linear_elimination,,,solve_linear_system,,, 1
test_unseen_00028,oracle,50,unseen,"At a fixed rate, 3 items cost 2 dollars. What do 24 items cost?",16,16,True,ratio_proportion,,,solve_proportion,,, 16
test_unseen_00029,oracle,50,unseen,A machine begins at -9; after each round it changes its value by -1. What value appears after 13 updates?,-22,-20,False,recurrence,,,unroll_recurrence,,, -20
test_unseen_00030,oracle,50,unseen,The roots x and y of t^2 - (-3)t + (-54) = 0 are real. Find x^2 + y^2.,117,168,False,symmetric_polynomial_identity,,,expand_symmetric_identity,,, 168
test_unseen_00031,oracle,50,unseen,A square of side 5 is removed from a square of side 41. What area remains?,1656,608,False,factorization,,,factor_difference_of_squares,,, 608
test_unseen_00032,oracle,50,unseen,A rule maps q to 3q^2 - 10. Determine its output at q = 1.,-7,3-10=-7,False,substitution,,,substitute_expression,,, 3-10=-7
test_unseen_00033,oracle,50,unseen,Find the value of x satisfying both constraints: -x - 3y = -25 and -3x + 5y = 37.,1,-1,False,linear_elimination,,,solve_linear_system,,, -1
test_unseen_00034,oracle,50,unseen,Complete the equivalent fractions: 3/16 = 24/[blank].,128,128,True,ratio_proportion,,,solve_proportion,,, 128
test_unseen_00035,oracle,50,unseen,"Unroll b(n+1) = b(n) + 3, with b(1) = 8, to obtain b(4).",17,25,False,recurrence,,,unroll_recurrence,,, 25
test_unseen_00036,oracle,50,unseen,"Without solving for x and y, evaluate x^2 + y^2 when x + y = 6 and xy = -91.",218,85,False,symmetric_polynomial_identity,,,expand_symmetric_identity,,, 85
test_unseen_00037,oracle,50,unseen,"Using (u - v)(u + v), calculate 47^2 - 38^2.",765,1056,False,factorization,,,factor_difference_of_squares,,, 1056
test_unseen_00038,oracle,50,unseen,What number does -u^2 + 8u - 1 produce when u is -4?,-49,3,False,substitution,,,substitute_expression,,, 3
test_unseen_00039,oracle,50,unseen,The lines 3x + 2y = -28 and -4x + 3y = 26 intersect. Give the y-coordinate.,-2,1,False,linear_elimination,,,solve_linear_system,,, 1
test_unseen_00040,oracle,50,unseen,"At a fixed rate, 15 items cost 15 dollars. What do 60 items cost?",60,90,False,ratio_proportion,,,solve_proportion,,, 90
test_unseen_00041,oracle,50,unseen,A machine begins at -4; after each round it changes its value by 6. What value appears after 4 updates?,20,20,True,recurrence,,,unroll_recurrence,,, 20
test_unseen_00042,oracle,50,unseen,The roots x and y of t^2 - (6)t + (-112) = 0 are real. Find x^2 + y^2.,260,35,False,symmetric_polynomial_identity,,,expand_symmetric_identity,,, 35
test_unseen_00043,oracle,50,unseen,A square of side 40 is removed from a square of side 64. What area remains?,2496,128,False,factorization,,,factor_difference_of_squares,,, 128
test_unseen_00044,oracle,50,unseen,A rule maps q to 4q^2 - 5q - 2. Determine its output at q = -2.,24,10,False,substitution,,,substitute_expression,,, 10
test_unseen_00045,oracle,50,unseen,Find the value of y satisfying both constraints: -5x - 4y = -10 and x + 5y = -19.,-5,-2,False,linear_elimination,,,solve_linear_system,,, -2
test_unseen_00046,oracle,50,unseen,Complete the equivalent fractions: 8/20 = 96/[blank].,240,14,False,ratio_proportion,,,solve_proportion,,, 14
test_unseen_00047,oracle,50,unseen,"Unroll b(n+1) = b(n) + 8, with b(1) = 8, to obtain b(6).",48,40,False,recurrence,,,unroll_recurrence,,, 40
test_unseen_00048,oracle,50,unseen,"Without solving for x and y, evaluate x^2 + y^2 when x + y = -18 and xy = 80.",164,345,False,symmetric_polynomial_identity,,,expand_symmetric_identity,,, 345
test_unseen_00049,oracle,50,unseen,"Using (u - v)(u + v), calculate 12^2 - 11^2.",23,40,False,factorization,,,factor_difference_of_squares,,, 40
test_unseen_00050,oracle,50,unseen,What number does u^2 + u - 12 produce when u is 1?,-10,7,False,substitution,,,substitute_expression,,, 7
test_unseen_00051,oracle,50,unseen,The lines -3x - 2y = 19 and 3x - 5y = 16 intersect. Give the x-coordinate.,-3,-4,False,linear_elimination,,,solve_linear_system,,, -4
test_unseen_00052,oracle,50,unseen,"At a fixed rate, 3 items cost 5 dollars. What do 24 items cost?",40,12,False,ratio_proportion,,,solve_proportion,,, 12
test_unseen_00053,oracle,50,unseen,A machine begins at 12; after each round it changes its value by 9. What value appears after 2 updates?,30,35,False,recurrence,,,unroll_recurrence,,, 35
test_unseen_00054,oracle,50,unseen,The roots x and y of t^2 - (18)t + (65) = 0 are real. Find x^2 + y^2.,194,79,False,symmetric_polynomial_identity,,,expand_symmetric_identity,,, 79
test_unseen_00055,oracle,50,unseen,A square of side 21 is removed from a square of side 47. What area remains?,1768,308,False,factorization,,,factor_difference_of_squares,,, 308
test_unseen_00056,oracle,50,unseen,A rule maps q to 8 - 3q^2. Determine its output at q = -5.,-67,10,False,substitution,,,substitute_expression,,, 10
test_unseen_00057,oracle,50,unseen,Find the value of x satisfying both constraints: 4x - y = -29 and -5x - 5y = 30.,-7,-1,False,linear_elimination,,,solve_linear_system,,, -1
test_unseen_00058,oracle,50,unseen,Complete the equivalent fractions: 3/8 = 6/[blank].,16,12/16,False,ratio_proportion,,,solve_proportion,,, 12/16
test_unseen_00059,oracle,50,unseen,"Unroll b(n+1) = b(n) - 4, with b(1) = -16, to obtain b(5).",-32,-32,True,recurrence,,,unroll_recurrence,,, -32
test_unseen_00060,oracle,50,unseen,"Without solving for x and y, evaluate x^2 + y^2 when x + y = -10 and xy = -24.",148,65,False,symmetric_polynomial_identity,,,expand_symmetric_identity,,, 65
test_unseen_00061,oracle,50,unseen,"Using (u - v)(u + v), calculate 67^2 - 12^2.",4345,4508,False,factorization,,,factor_difference_of_squares,,, 4508
test_unseen_00062,oracle,50,unseen,What number does -u^2 + 4u - 1 produce when u is -4?,-33,8,False,substitution,,,substitute_expression,,, 8
test_unseen_00063,oracle,50,unseen,The lines -3x - y = -26 and -x + y = -10 intersect. Give the x-coordinate.,9,-4,False,linear_elimination,,,solve_linear_system,,, -4
test_unseen_00064,oracle,50,unseen,"At a fixed rate, 12 items cost 7 dollars. What do 108 items cost?",63,90,False,ratio_proportion,,,solve_proportion,,, 90
test_unseen_00065,oracle,50,unseen,A machine begins at -2; after each round it changes its value by -4. What value appears after 9 updates?,-38,-16,False,recurrence,,,unroll_recurrence,,, -16
test_unseen_00066,oracle,50,unseen,The roots x and y of t^2 - (27)t + (182) = 0 are real. Find x^2 + y^2.,365,35,False,symmetric_polynomial_identity,,,expand_symmetric_identity,,, 35
test_unseen_00067,oracle,50,unseen,A square of side 33 is removed from a square of side 64. What area remains?,3007,105,False,factorization,,,factor_difference_of_squares,,, 105
test_unseen_00068,oracle,50,unseen,A rule maps q to -q^2 + q + 10. Determine its output at q = 2.,8,-3,False,substitution,,,substitute_expression,,, -3
test_unseen_00069,oracle,50,unseen,Find the value of y satisfying both constraints: x + 2y = 17 and 2x - 4y = -14.,6,-3,False,linear_elimination,,,solve_linear_system,,, -3
test_unseen_00070,oracle,50,unseen,Complete the equivalent fractions: 11/8 = 66/[blank].,48,74,False,ratio_proportion,,,solve_proportion,,, 74
test_unseen_00071,oracle,50,unseen,"Unroll b(n+1) = b(n) - 2, with b(1) = 10, to obtain b(13).",-14,46,False,recurrence,,,unroll_recurrence,,, 46
test_unseen_00072,oracle,50,unseen,"Without solving for x and y, evaluate x^2 + y^2 when x + y = -18 and xy = 56.",212,304,False,symmetric_polynomial_identity,,,expand_symmetric_identity,,, 304
test_unseen_00073,oracle,50,unseen,"Using (u - v)(u + v), calculate 40^2 - 25^2.",975,1600,False,factorization,,,factor_difference_of_squares,,, 1600
test_unseen_00074,oracle,50,unseen,What number does 2u^2 + 5u - 3 produce when u is -7?,60,14,False,substitution,,,substitute_expression,,, 14
test_unseen_00075,oracle,50,unseen,The lines x - 4y = -33 and -5x - 2y = -11 intersect. Give the y-coordinate.,8,-9,False,linear_elimination,,,solve_linear_system,,, -9
test_unseen_00076,oracle,50,unseen,"At a fixed rate, 2 items cost 7 dollars. What do 24 items cost?",84,168,False,ratio_proportion,,,solve_proportion,,, 168
test_unseen_00077,oracle,50,unseen,A machine begins at 0; after each round it changes its value by -3. What value appears after 12 updates?,-36,-24,False,recurrence,,,unroll_recurrence,,, -24
test_unseen_00078,oracle,50,unseen,The roots x and y of t^2 - (12)t + (35) = 0 are real. Find x^2 + y^2.,74,46,False,symmetric_polynomial_identity,,,expand_symmetric_identity,,, 46
test_unseen_00079,oracle,50,unseen,A square of side 23 is removed from a square of side 52. What area remains?,2175,1084,False,factorization,,,factor_difference_of_squares,,, 1084
test_unseen_00080,oracle,50,unseen,A rule maps q to 3q^2 - 8q + 6. Determine its output at q = 2.,2,14,False,substitution,,,substitute_expression,,, 14
test_unseen_00081,oracle,50,unseen,Find the value of y satisfying both constraints: -3x + 5y = 24 and -2x + 4y = 16.,0,8,False,linear_elimination,,,solve_linear_system,,, 8
test_unseen_00082,oracle,50,unseen,Complete the equivalent fractions: 15/2 = 105/[blank].,14,35,False,ratio_proportion,,,solve_proportion,,, 35
test_unseen_00083,oracle,50,unseen,"Unroll b(n+1) = b(n) - 4, with b(1) = -17, to obtain b(15).",-73,-36,False,recurrence,,,unroll_recurrence,,, -36
test_unseen_00084,oracle,50,unseen,"Without solving for x and y, evaluate x^2 + y^2 when x + y = -9 and xy = 18.",45,30,False,symmetric_polynomial_identity,,,expand_symmetric_identity,,, 30
test_unseen_00085,oracle,50,unseen,"Using (u - v)(u + v), calculate 30^2 - 9^2.",819,674,False,factorization,,,factor_difference_of_squares,,, 674
test_unseen_00086,oracle,50,unseen,What number does 3u^2 - 11 produce when u is 7?,136,54,False,substitution,,,substitute_expression,,, 54
test_unseen_00087,oracle,50,unseen,The lines 3x + 2y = 8 and -5x - 5y = -25 intersect. Give the x-coordinate.,-2,1,False,linear_elimination,,,solve_linear_system,,, 1
test_unseen_00088,oracle,50,unseen,"At a fixed rate, 8 items cost 2 dollars. What do 80 items cost?",20,160,False,ratio_proportion,,,solve_proportion,,, 160
test_unseen_00089,oracle,50,unseen,A machine begins at -13; after each round it changes its value by -7. What value appears after 14 updates?,-111,-56,False,recurrence,,,unroll_recurrence,,, -56
test_unseen_00090,oracle,50,unseen,The roots x and y of t^2 - (13)t + (36) = 0 are real. Find x^2 + y^2.,97,58,False,symmetric_polynomial_identity,,,expand_symmetric_identity,,, 58
test_unseen_00091,oracle,50,unseen,A square of side 16 is removed from a square of side 72. What area remains?,4928,359,False,factorization,,,factor_difference_of_squares,,, 359
test_unseen_00092,oracle,50,unseen,A rule maps q to 4q^2 - 7q. Determine its output at q = 0.,0,15,False,substitution,,,substitute_expression,,, 15
test_unseen_00093,oracle,50,unseen,Find the value of y satisfying both constraints: 5x - 2y = 31 and -4x + 3y = -15.,7,8,False,linear_elimination,,,solve_linear_system,,, 8
test_unseen_00094,oracle,50,unseen,Complete the equivalent fractions: 3/18 = 12/[blank].,72,6,False,ratio_proportion,,,solve_proportion,,, 6
test_unseen_00095,oracle,50,unseen,"Unroll b(n+1) = b(n) - 3, with b(1) = -14, to obtain b(7).",-32,-56,False,recurrence,,,unroll_recurrence,,, -56
test_unseen_00096,oracle,50,unseen,"Without solving for x and y, evaluate x^2 + y^2 when x + y = -15 and xy = 56.",113,304,False,symmetric_polynomial_identity,,,expand_symmetric_identity,,, 304
test_unseen_00097,oracle,50,unseen,"Using (u - v)(u + v), calculate 58^2 - 36^2.",2068,1040,False,factorization,,,factor_difference_of_squares,,, 1040
test_unseen_00098,oracle,50,unseen,What number does -4u^2 + 8u produce when u is 4?,-32,6,False,substitution,,,substitute_expression,,, 6
test_unseen_00099,oracle,50,unseen,The lines 2x + y = 7 and -3x - 5y = 21 intersect. Give the y-coordinate.,-9,4,False,linear_elimination,,,solve_linear_system,,, 4
test_unseen_00100,oracle,50,unseen,"At a fixed rate, 5 items cost 8 dollars. What do 25 items cost?",40,40,True,ratio_proportion,,,solve_proportion,,, 40
test_unseen_00101,oracle,50,unseen,A machine begins at 7; after each round it changes its value by 2. What value appears after 7 updates?,21,15,False,recurrence,,,unroll_recurrence,,, 15
test_unseen_00102,oracle,50,unseen,The roots x and y of t^2 - (10)t + (-24) = 0 are real. Find x^2 + y^2.,148,56,False,symmetric_polynomial_identity,,,expand_symmetric_identity,,, 56
test_unseen_00103,oracle,50,unseen,A square of side 23 is removed from a square of side 80. What area remains?,5871,1496,False,factorization,,,factor_difference_of_squares,,, 1496
test_unseen_00104,oracle,50,unseen,A rule maps q to -5q^2 + 4q - 2. Determine its output at q = 0.,-2,-2,True,substitution,,,substitute_expression,,, -2
test_unseen_00105,oracle,50,unseen,Find the value of x satisfying both constraints: -5x + 2y = -24 and 2x + 4y = 48.,8,-1,False,linear_elimination,,,solve_linear_system,,, -1
test_unseen_00106,oracle,50,unseen,Complete the equivalent fractions: 6/11 = 30/[blank].,55,25,False,ratio_proportion,,,solve_proportion,,, 25
test_unseen_00107,oracle,50,unseen,"Unroll b(n+1) = b(n) + 1, with b(1) = 16, to obtain b(12).",27,37,False,recurrence,,,unroll_recurrence,,, 37
test_unseen_00108,oracle,50,unseen,"Without solving for x and y, evaluate x^2 + y^2 when x + y = 15 and xy = 14.",197,38,False,symmetric_polynomial_identity,,,expand_symmetric_identity,,, 38
test_unseen_00109,oracle,50,unseen,"Using (u - v)(u + v), calculate 74^2 - 15^2.",5251,6089,False,factorization,,,factor_difference_of_squares,,, 6089
test_unseen_00110,oracle,50,unseen,What number does -5u^2 - 6u - 6 produce when u is 0?,-6,-6,True,substitution,,,substitute_expression,,, -6
test_unseen_00111,oracle,50,unseen,The lines -3x - y = 2 and -5x - 5y = 10 intersect. Give the x-coordinate.,0,-1,False,linear_elimination,,,solve_linear_system,,, -1
test_unseen_00112,oracle,50,unseen,"At a fixed rate, 8 items cost 17 dollars. What do 80 items cost?",170,140,False,ratio_proportion,,,solve_proportion,,, 140
test_unseen_00113,oracle,50,unseen,A machine begins at 18; after each round it changes its value by -2. What value appears after 5 updates?,8,-30,False,recurrence,,,unroll_recurrence,,, -30
test_unseen_00114,oracle,50,unseen,The roots x and y of t^2 - (9)t + (14) = 0 are real. Find x^2 + y^2.,53,35,False,symmetric_polynomial_identity,,,expand_symmetric_identity,,, 35
test_unseen_00115,oracle,50,unseen,A square of side 14 is removed from a square of side 77. What area remains?,5733,308,False,factorization,,,factor_difference_of_squares,,, 308
test_unseen_00116,oracle,50,unseen,A rule maps q to -q^2 + 2q - 8. Determine its output at q = 7.,-43,-16,False,substitution,,,substitute_expression,,, -16
test_unseen_00117,oracle,50,unseen,Find the value of y satisfying both constraints: 5x + 3y = 15 and 4x + y = 12.,0,3,False,linear_elimination,,,solve_linear_system,,, 3
test_unseen_00118,oracle,50,unseen,Complete the equivalent fractions: 10/3 = 70/[blank].,21,28,False,ratio_proportion,,,solve_proportion,,, 28
test_unseen_00119,oracle,50,unseen,"Unroll b(n+1) = b(n) - 1, with b(1) = -16, to obtain b(3).",-18,-15,False,recurrence,,,unroll_recurrence,,, -15
test_seen_00000,structure_aware,50,seen,"If x + y = -20 and xy = 84, find x^2 + y^2.",232,365,False,symmetric_polynomial_identity,symmetric_polynomial_identity,True,expand_symmetric_identity,expand_symmetric_identity,True,"STRUCTURE: symmetric_polynomial_identity
TOOL: expand_symmetric_identity
ANSWER: 365"
test_seen_00001,structure_aware,50,seen,Evaluate 71^2 - 11^2.,4920,5040,False,factorization,difference_of_squares,False,factor_difference_of_squares,factorization,False,"STRUCTURE: difference_of_squares
TOOL: factorization
ANSWER: 5040"
test_seen_00002,structure_aware,50,seen,Let f(t) = t^2 - 5t + 2. Find f(2).,-4,1 <\/span>,False,substitution,functional_expression,False,substitute_expression,substitute_value,False,"STRUCTURE: functional_expression
TOOL: substitute_value
ANSWER: 1 <\/span>"
test_seen_00003,structure_aware,50,seen,Solve 4x + 3y = -3 and x + y = -3. What is x?,6,-1,False,linear_elimination,linear_system,False,solve_linear_system,solve_linear_system,True,"STRUCTURE: linear_system
TOOL: solve_linear_system
ANSWER: -1"
test_seen_00004,structure_aware,50,seen,Solve the proportion 2/5 = 6/x for x.,15,30,False,ratio_proportion,ratio_proportion,True,solve_proportion,solve_proportion,True,"STRUCTURE: ratio_proportion
TOOL: solve_proportion
ANSWER: 30"
test_seen_00005,structure_aware,50,seen,A sequence starts with a1 = -11 and each next term is the current term + 4. Find a4.,1,35,False,recurrence,recurrence,True,unroll_recurrence,solve_recurrence,False,"STRUCTURE: recurrence
TOOL: solve_recurrence
ANSWER: 35"
test_seen_00006,structure_aware,50,seen,Two numbers have sum -9 and product -10. What is the sum of their squares?,101,85,False,symmetric_polynomial_identity,symmetric_polynomial_identity,True,expand_symmetric_identity,expand_symmetric_identity,True,"STRUCTURE: symmetric_polynomial_identity
TOOL: expand_symmetric_identity
ANSWER: 85"
test_seen_00007,structure_aware,50,seen,Compute the difference of squares: 42 squared minus 33 squared.,675,108,False,factorization,factorization,True,factor_difference_of_squares,fact_diff_squares,False,"STRUCTURE: factorization
TOOL: fact_diff_squares
ANSWER: 108"
test_seen_00008,structure_aware,50,seen,Substitute z = 2 into 2z^2 + 8z - 4.,20,16,False,substitution,substitution,True,substitute_expression,simplify_expression,False,"STRUCTURE: substitution
TOOL: simplify_expression
ANSWER: 16"
test_seen_00009,structure_aware,50,seen,The equations -4x - 5y = 1 and 4x - 5y = -31 hold simultaneously. Find x.,-4,-2,False,linear_elimination,linear_equation_system,False,solve_linear_system,solve_linear_system,True,"STRUCTURE: linear_equation_system
TOOL: solve_linear_system
ANSWER: -2"
test_seen_00010,structure_aware,50,seen,"If 2:7 = 12:x, what is x?",42,84,False,ratio_proportion,ratio_proportion,True,solve_proportion,solve_proportions,False,"STRUCTURE: ratio_proportion
TOOL: solve_proportions
ANSWER: 84"
test_seen_00011,structure_aware,50,seen,"Starting at -16, repeatedly change the value by -1. What is term 11, counting the start as term 1?",-26,-25,False,recurrence,recurrence,True,unroll_recurrence,solve_recurrence,False,"STRUCTURE: recurrence
TOOL: solve_recurrence
ANSWER: -25"
test_seen_00012,structure_aware,50,seen,"Given s = x + y = -8 and p = xy = -48, compute x^2 + y^2.",160,160,True,symmetric_polynomial_identity,symmetric_polynomial_identity,True,expand_symmetric_identity,expand_symmetric_identity,True,"STRUCTURE: symmetric_polynomial_identity
TOOL: expand_symmetric_identity
ANSWER: 160"
test_seen_00013,structure_aware,50,seen,What is 43^2 - 39^2? Use factorization if helpful.,328,105,False,factorization,factorization,True,factor_difference_of_squares,factor_difference_of_squares,True,"STRUCTURE: factorization
TOOL: factor_difference_of_squares
ANSWER: 105"
test_seen_00014,structure_aware,50,seen,"For P(x) = -4x^2 + 6x + 8, evaluate P(7).",-146,-10,False,substitution,substitution,True,substitute_expression,substitute_value,False,"STRUCTURE: substitution
TOOL: substitute_value
ANSWER: -10"
test_seen_00015,structure_aware,50,seen,Use elimination on the system 3x + 5y = 8; 2x - 3y = -1. Determine x.,1,1,True,linear_elimination,linear_algebra,False,solve_linear_system,solve_linear_system,True,"STRUCTURE: linear_algebra
TOOL: solve_linear_system
ANSWER: 1"
test_seen_00016,structure_aware,50,seen,The ratio 15 to 4 equals the ratio 105 to x. Find x.,28,35,False,ratio_proportion,ratio_proportion,True,solve_proportion,solve_proportions,False,"STRUCTURE: ratio_proportion
TOOL: solve_proportions
ANSWER: 35"
test_seen_00017,structure_aware,50,seen,An arithmetic sequence has first term 17 and common difference -8. Find its 7th term.,-31,-25,False,recurrence,recurrence_relation,False,unroll_recurrence,solve_recurrence,False,"STRUCTURE: recurrence_relation
TOOL: solve_recurrence
ANSWER: -25"
test_seen_00018,structure_aware,50,seen,"If x + y = -4 and xy = -60, find x^2 + y^2.",136,180,False,symmetric_polynomial_identity,symmetric_polynomial_identity,True,expand_symmetric_identity,expand_symmetric_identity,True,"STRUCTURE: symmetric_polynomial_identity
TOOL: expand_symmetric_identity
ANSWER: 180"
test_seen_00019,structure_aware,50,seen,Evaluate 45^2 - 40^2.,425,810,False,factorization,factorization,True,factor_difference_of_squares,factor_difference_of_squares,True,"STRUCTURE: factorization
TOOL: factor_difference_of_squares
ANSWER: 810"
test_seen_00020,structure_aware,50,seen,Let f(t) = 4t^2 - 5t - 3. Find f(0).,-3,-3,True,substitution,polynomial_evaluation,False,substitute_expression,evaluate_polynomial,False,"STRUCTURE: polynomial_evaluation
TOOL: evaluate_polynomial
ANSWER: -3"
test_seen_00021,structure_aware,50,seen,Solve -5x + 2y = -2 and x + 4y = 18. What is x?,2,-3,False,linear_elimination,linear_system,False,solve_linear_system,solve_linear_system,True,"STRUCTURE: linear_system
TOOL: solve_linear_system
ANSWER: -3"
test_seen_00022,structure_aware,50,seen,Solve the proportion 7/6 = 84/x for x.,72,56,False,ratio_proportion,ratio_proportion,True,solve_proportion,solve_proportion,True,"STRUCTURE: ratio_proportion
TOOL: solve_proportion
ANSWER: 56"
test_seen_00023,structure_aware,50,seen,A sequence starts with a1 = -11 and each next term is the current term - 7. Find a12.,-88,-30,False,recurrence,recurrence,True,unroll_recurrence,substitute_value,False,"STRUCTURE: recurrence
TOOL: substitute_value
ANSWER: -30"
test_seen_00024,structure_aware,50,seen,Two numbers have sum 4 and product -60. What is the sum of their squares?,136,128,False,symmetric_polynomial_identity,symmetric_polynomial_identity,True,expand_symmetric_identity,expand_symmetric_identity,True,"STRUCTURE: symmetric_polynomial_identity
TOOL: expand_symmetric_identity
ANSWER: 128"
test_seen_00025,structure_aware,50,seen,Compute the difference of squares: 77 squared minus 8 squared.,5865,534,False,factorization,factorization,True,factor_difference_of_squares,factor_difference_of_squares,True,"STRUCTURE: factorization
TOOL: factor_difference_of_squares
ANSWER: 534"
test_seen_00026,structure_aware,50,seen,Substitute z = -7 into 2z^2 + 6z + 6.,62,14,False,substitution,substitution,True,substitute_expression,simplify_expression,False,"STRUCTURE: substitution
TOOL: simplify_expression
ANSWER: 14"
test_seen_00027,structure_aware,50,seen,The equations -4x - 4y = 56 and -3x - 5y = 60 hold simultaneously. Find y.,-9,1,False,linear_elimination,linear_algebra,False,solve_linear_system,solve_linear_system,True,"STRUCTURE: linear_algebra
TOOL: solve_linear_system
ANSWER: 1"
test_seen_00028,structure_aware,50,seen,"If 3:19 = 27:x, what is x?",171,81,False,ratio_proportion,ratio_proportion,True,solve_proportion,solve_proportions,False,"STRUCTURE: ratio_proportion
TOOL: solve_proportions
ANSWER: 81"
test_seen_00029,structure_aware,50,seen,"Starting at 9, repeatedly change the value by -1. What is term 8, counting the start as term 1?",2,-6,False,recurrence,recurrence,True,unroll_recurrence,solve_recurrence,False,"STRUCTURE: recurrence
TOOL: solve_recurrence
ANSWER: -6"
test_seen_00030,structure_aware,50,seen,"Given s = x + y = 27 and p = xy = 180, compute x^2 + y^2.",369,365,False,symmetric_polynomial_identity,symmetric_polynomial_identity,True,expand_symmetric_identity,expand_symmetric_identity,True,"STRUCTURE: symmetric_polynomial_identity
TOOL: expand_symmetric_identity
ANSWER: 365"
test_seen_00031,structure_aware,50,seen,What is 32^2 - 26^2? Use factorization if helpful.,348,1080,False,factorization,factorization,True,factor_difference_of_squares,factor_difference_of_squares,True,"STRUCTURE: factorization
TOOL: factor_difference_of_squares
ANSWER: 1080"
test_seen_00032,structure_aware,50,seen,"For P(x) = -5x^2 - 6x + 10, evaluate P(-4).",-46,38,False,substitution,substitution,True,substitute_expression,substitute_value,False,"STRUCTURE: substitution
TOOL: substitute_value
ANSWER: 38"
test_seen_00033,structure_aware,50,seen,Use elimination on the system 5x + 4y = 3; x - y = 6. Determine y.,-3,2,False,linear_elimination,linear_algebra,False,solve_linear_system,solve_linear_system,True,"STRUCTURE: linear_algebra
TOOL: solve_linear_system
ANSWER: 2"
test_seen_00034,structure_aware,50,seen,The ratio 14 to 12 equals the ratio 112 to x. Find x.,96,96,True,ratio_proportion,ratio_proportion,True,solve_proportion,solve_proportion,True,"STRUCTURE: ratio_proportion
TOOL: solve_proportion
ANSWER: 96"
test_seen_00035,structure_aware,50,seen,An arithmetic sequence has first term -17 and common difference 3. Find its 5th term.,-5,-28,False,recurrence,recurrence_relation,False,unroll_recurrence,solve_recurrence,False,"STRUCTURE: recurrence_relation
TOOL: solve_recurrence
ANSWER: -28"
test_seen_00036,structure_aware,50,seen,"If x + y = -8 and xy = -20, find x^2 + y^2.",104,144,False,symmetric_polynomial_identity,symmetric_polynomial_identity,True,expand_symmetric_identity,expand_symmetric_identity,True,"STRUCTURE: symmetric_polynomial_identity
TOOL: expand_symmetric_identity
ANSWER: 144"
test_seen_00037,structure_aware,50,seen,Evaluate 21^2 - 14^2.,245,305,False,factorization,factorization,True,factor_difference_of_squares,factor_difference_of_squares,True,"STRUCTURE: factorization
TOOL: factor_difference_of_squares
ANSWER: 305"
test_seen_00038,structure_aware,50,seen,Let f(t) = -2t^2 + t - 5. Find f(-2).,-15,-13,False,substitution,polynomial_trigonometric,False,substitute_expression,simplify_polynomial,False,"STRUCTURE: polynomial_trigonometric
TOOL: simplify_polynomial
ANSWER: -13"
test_seen_00039,structure_aware,50,seen,Solve x + y = -6 and -2x - 5y = 21. What is y?,-3,-3,True,linear_elimination,linear_system,False,solve_linear_system,solve_linear_system,True,"STRUCTURE: linear_system
TOOL: solve_linear_system
ANSWER: -3"
test_seen_00040,structure_aware,50,seen,Solve the proportion 10/3 = 30/x for x.,9,9,True,ratio_proportion,ratio_proportion,True,solve_proportion,solve_proportion,True,"STRUCTURE: ratio_proportion
TOOL: solve_proportion
ANSWER: 9"
test_seen_00041,structure_aware,50,seen,A sequence starts with a1 = -19 and each next term is the current term - 9. Find a11.,-109,-80,False,recurrence,recurrence,True,unroll_recurrence,substitute_value,False,"STRUCTURE: recurrence
TOOL: substitute_value
ANSWER: -80"
test_seen_00042,structure_aware,50,seen,Two numbers have sum 16 and product 48. What is the sum of their squares?,160,250,False,symmetric_polynomial_identity,symmetric_polynomial_identity,True,expand_symmetric_identity,expand_symmetric_identity,True,"STRUCTURE: symmetric_polynomial_identity
TOOL: expand_symmetric_identity
ANSWER: 250"
test_seen_00043,structure_aware,50,seen,Compute the difference of squares: 67 squared minus 34 squared.,3333,1085,False,factorization,factorization,True,factor_difference_of_squares,fact_diff_squares,False,"STRUCTURE: factorization
TOOL: fact_diff_squares
ANSWER: 1085"
test_seen_00044,structure_aware,50,seen,Substitute z = -2 into 4z^2 - 5z + 6.,32,10,False,substitution,substitution,True,substitute_expression,substitute_expression,True,"STRUCTURE: substitution
TOOL: substitute_expression
ANSWER: 10"
test_seen_00045,structure_aware,50,seen,The equations -3x + 2y = -1 and x - 3y = 5 hold simultaneously. Find x.,-1,2,False,linear_elimination,linear_algebra,False,solve_linear_system,solve_linear_system,True,"STRUCTURE: linear_algebra
TOOL: solve_linear_system
ANSWER: 2"
test_seen_00046,structure_aware,50,seen,"If 2:5 = 10:x, what is x?",25,35,False,ratio_proportion,ratio_proportion,True,solve_proportion,solve_proportions,False,"STRUCTURE: ratio_proportion
TOOL: solve_proportions
ANSWER: 35"
test_seen_00047,structure_aware,50,seen,"Starting at 16, repeatedly change the value by -6. What is term 12, counting the start as term 1?",-50,-48,False,recurrence,recurrence,True,unroll_recurrence,solve_recurrence,False,"STRUCTURE: recurrence
TOOL: solve_recurrence
ANSWER: -48"
test_seen_00048,structure_aware,50,seen,"Given s = x + y = -11 and p = xy = 18, compute x^2 + y^2.",85,30,False,symmetric_polynomial_identity,symmetric_polynomial_identity,True,expand_symmetric_identity,expand_symmetric_identity,True,"STRUCTURE: symmetric_polynomial_identity
TOOL: expand_symmetric_identity
ANSWER: 30"
test_seen_00049,structure_aware,50,seen,What is 54^2 - 26^2? Use factorization if helpful.,2240,1900,False,factorization,factorization,True,factor_difference_of_squares,factor_difference_of_squares,True,"STRUCTURE: factorization
TOOL: factor_difference_of_squares
ANSWER: 1900"
test_seen_00050,structure_aware,50,seen,"For P(x) = -4x^2 - 8x - 7, evaluate P(-1).",-3,-30,False,substitution,substitution,True,substitute_expression,substitute_value,False,"STRUCTURE: substitution
TOOL: substitute_value
ANSWER: -30"
test_seen_00051,structure_aware,50,seen,Use elimination on the system 3x + 4y = -14; -3x - 2y = 16. Determine x.,-6,-2,False,linear_elimination,linear_algebra,False,solve_linear_system,solve_linear_system,True,"STRUCTURE: linear_algebra
TOOL: solve_linear_system
ANSWER: -2"
test_seen_00052,structure_aware,50,seen,The ratio 5 to 3 equals the ratio 15 to x. Find x.,9,9,True,ratio_proportion,ratio_proportion,True,solve_proportion,solve_proportions,False,"STRUCTURE: ratio_proportion
TOOL: solve_proportions
ANSWER: 9"
test_seen_00053,structure_aware,50,seen,An arithmetic sequence has first term 10 and common difference -1. Find its 14th term.,-3,-25,False,recurrence,recurrence,True,unroll_recurrence,recurrence_relation,False,"STRUCTURE: recurrence
TOOL: recurrence_relation
ANSWER: -25"
test_seen_00054,structure_aware,50,seen,"If x + y = 7 and xy = -98, find x^2 + y^2.",245,204,False,symmetric_polynomial_identity,symmetric_polynomial_identity,True,expand_symmetric_identity,expand_symmetric_identity,True,"STRUCTURE: symmetric_polynomial_identity
TOOL: expand_symmetric_identity
ANSWER: 204"
test_seen_00055,structure_aware,50,seen,Evaluate 48^2 - 43^2.,455,1960,False,factorization,factorization,True,factor_difference_of_squares,factor_difference_of_squares,True,"STRUCTURE: factorization
TOOL: factor_difference_of_squares
ANSWER: 1960"
test_seen_00056,structure_aware,50,seen,Let f(t) = 3t^2 + 2t - 8. Find f(-2).,0,14,False,substitution,substitution,True,substitute_expression,substitute_value,False,"STRUCTURE: substitution
TOOL: substitute_value
ANSWER: 14"
test_seen_00057,structure_aware,50,seen,Solve -2x + 2y = -14 and 5x - 3y = 17. What is y?,-9,-2,False,linear_elimination,linear_algebra,False,solve_linear_system,solve_linear_system,True,"STRUCTURE: linear_algebra
TOOL: solve_linear_system
ANSWER: -2"
test_seen_00058,structure_aware,50,seen,Solve the proportion 11/16 = 66/x for x.,96,96,True,ratio_proportion,ratio_proportion,True,solve_proportion,solve_proportion,True,"STRUCTURE: ratio_proportion
TOOL: solve_proportion
ANSWER: 96"
test_seen_00059,structure_aware,50,seen,A sequence starts with a1 = 8 and each next term is the current term + 7. Find a7.,50,49,False,recurrence,recurrence,True,unroll_recurrence,solve_recurrence,False,"STRUCTURE: recurrence
TOOL: solve_recurrence
ANSWER: 49"
test_seen_00060,structure_aware,50,seen,Two numbers have sum 29 and product 210. What is the sum of their squares?,421,485,False,symmetric_polynomial_identity,symmetric_polynomial_identity,True,expand_symmetric_identity,expand_symmetric_identity,True,"STRUCTURE: symmetric_polynomial_identity
TOOL: expand_symmetric_identity
ANSWER: 485"
test_seen_00061,structure_aware,50,seen,Compute the difference of squares: 69 squared minus 37 squared.,3392,1080,False,factorization,factorization,True,factor_difference_of_squares,fact_diff_squares,False,"STRUCTURE: factorization
TOOL: fact_diff_squares
ANSWER: 1080"
test_seen_00062,structure_aware,50,seen,Substitute z = -1 into 4z^2 + 5z + 11.,10,36,False,substitution,substitution,True,substitute_expression,substitute_expression,True,"STRUCTURE: substitution
TOOL: substitute_expression
ANSWER: 36"
test_seen_00063,structure_aware,50,seen,The equations -4x - 2y = -46 and 4x + 5y = 73 hold simultaneously. Find x.,7,-1,False,linear_elimination,linear_algebra,False,solve_linear_system,solve_linear_system,True,"STRUCTURE: linear_algebra
TOOL: solve_linear_system
ANSWER: -1"
test_seen_00064,structure_aware,50,seen,"If 11:2 = 132:x, what is x?",24,98,False,ratio_proportion,ratio_proportion,True,solve_proportion,solve_proportions,False,"STRUCTURE: ratio_proportion
TOOL: solve_proportions
ANSWER: 98"
test_seen_00065,structure_aware,50,seen,"Starting at -6, repeatedly change the value by -7. What is term 6, counting the start as term 1?",-41,-25,False,recurrence,recurrence,True,unroll_recurrence,solve_recurrence,False,"STRUCTURE: recurrence
TOOL: solve_recurrence
ANSWER: -25"
test_seen_00066,structure_aware,50,seen,"Given s = x + y = -5 and p = xy = -36, compute x^2 + y^2.",97,140,False,symmetric_polynomial_identity,symmetric_polynomial_identity,True,expand_symmetric_identity,expand_symmetric_identity,True,"STRUCTURE: symmetric_polynomial_identity
TOOL: expand_symmetric_identity
ANSWER: 140"
test_seen_00067,structure_aware,50,seen,What is 39^2 - 35^2? Use factorization if helpful.,296,1080,False,factorization,factorization,True,factor_difference_of_squares,factor_difference_of_squares,True,"STRUCTURE: factorization
TOOL: factor_difference_of_squares
ANSWER: 1080"
test_seen_00068,structure_aware,50,seen,"For P(x) = -x^2 - 3x + 3, evaluate P(0).",3,3,True,substitution,polynomial_evaluation,False,substitute_expression,substitute_value,False,"STRUCTURE: polynomial_evaluation
TOOL: substitute_value
ANSWER: 3"
test_seen_00069,structure_aware,50,seen,Use elimination on the system -x + 2y = -4; -3x - 4y = -12. Determine y.,0,5,False,linear_elimination,linear_algebra,False,solve_linear_system,solve_linear_system,True,"STRUCTURE: linear_algebra
TOOL: solve_linear_system
ANSWER: 5"
test_seen_00070,structure_aware,50,seen,The ratio 7 to 12 equals the ratio 49 to x. Find x.,84,36,False,ratio_proportion,ratio_proportion,True,solve_proportion,solve_proportions,False,"STRUCTURE: ratio_proportion
TOOL: solve_proportions
ANSWER: 36"
test_seen_00071,structure_aware,50,seen,An arithmetic sequence has first term 4 and common difference -6. Find its 14th term.,-74,-28,False,recurrence,recurrence,True,unroll_recurrence,recurrence_relation,False,"STRUCTURE: recurrence
TOOL: recurrence_relation
ANSWER: -28"
test_seen_00072,structure_aware,50,seen,"If x + y = -6 and xy = 5, find x^2 + y^2.",26,41,False,symmetric_polynomial_identity,symmetric_polynomial_identity,True,expand_symmetric_identity,expand_symmetric_identity,True,"STRUCTURE: symmetric_polynomial_identity
TOOL: expand_symmetric_identity
ANSWER: 41"
test_seen_00073,structure_aware,50,seen,Evaluate 46^2 - 15^2.,1891,2089,False,factorization,difference_of_squares,False,factor_difference_of_squares,factorization,False,"STRUCTURE: difference_of_squares
TOOL: factorization
ANSWER: 2089"
test_seen_00074,structure_aware,50,seen,Let f(t) = 3t^2 - 3t - 1. Find f(-3).,35,-45,False,substitution,substitution,True,substitute_expression,substitute_expression,True,"STRUCTURE: substitution
TOOL: substitute_expression
ANSWER: -45"
test_seen_00075,structure_aware,50,seen,Solve 4x - y = 18 and 3x + 5y = 2. What is x?,4,2,False,linear_elimination,linear_algebra,False,solve_linear_system,solve_linear_system,True,"STRUCTURE: linear_algebra
TOOL: solve_linear_system
ANSWER: 2"
test_seen_00076,structure_aware,50,seen,Solve the proportion 4/11 = 16/x for x.,44,44,True,ratio_proportion,ratio_proportion,True,solve_proportion,solve_proportion,True,"STRUCTURE: ratio_proportion
TOOL: solve_proportion
ANSWER: 44"
test_seen_00077,structure_aware,50,seen,A sequence starts with a1 = -7 and each next term is the current term - 5. Find a5.,-27,-24,False,recurrence,recurrence,True,unroll_recurrence,solve_recurrence,False,"STRUCTURE: recurrence
TOOL: solve_recurrence
ANSWER: -24"
test_seen_00078,structure_aware,50,seen,Two numbers have sum 4 and product 3. What is the sum of their squares?,10,17,False,symmetric_polynomial_identity,symmetric_polynomial_identity,True,expand_symmetric_identity,expand_symmetric_identity,True,"STRUCTURE: symmetric_polynomial_identity
TOOL: expand_symmetric_identity
ANSWER: 17"
test_seen_00079,structure_aware,50,seen,Compute the difference of squares: 48 squared minus 14 squared.,2108,2048,False,factorization,factorization,True,factor_difference_of_squares,factored_difference_of_squares,False,"STRUCTURE: factorization
TOOL: factored_difference_of_squares
ANSWER: 2048"
test_seen_00080,structure_aware,50,seen,Substitute z = -5 into 3z^2 + 4z + 4.,59,17,False,substitution,substitution,True,substitute_expression,substitute_expression,True,"STRUCTURE: substitution
TOOL: substitute_expression
ANSWER: 17"
test_seen_00081,structure_aware,50,seen,The equations x - y = 5 and 3x - y = 3 hold simultaneously. Find x.,-1,2,False,linear_elimination,linear_equation_system,False,solve_linear_system,solve_linear_system,True,"STRUCTURE: linear_equation_system
TOOL: solve_linear_system
ANSWER: 2"
test_seen_00082,structure_aware,50,seen,"If 4:20 = 40:x, what is x?",200,80,False,ratio_proportion,ratio_proportion,True,solve_proportion,solve_proportions,False,"STRUCTURE: ratio_proportion
TOOL: solve_proportions
ANSWER: 80"
test_seen_00083,structure_aware,50,seen,"Starting at -17, repeatedly change the value by 4. What is term 9, counting the start as term 1?",15,-25,False,recurrence,recurrence,True,unroll_recurrence,solve_recurrence,False,"STRUCTURE: recurrence
TOOL: solve_recurrence
ANSWER: -25"
test_seen_00084,structure_aware,50,seen,"Given s = x + y = 2 and p = xy = -3, compute x^2 + y^2.",10,14,False,symmetric_polynomial_identity,symmetric_polynomial_identity,True,expand_symmetric_identity,expand_symmetric_identity,True,"STRUCTURE: symmetric_polynomial_identity
TOOL: expand_symmetric_identity
ANSWER: 14"
test_seen_00085,structure_aware,50,seen,What is 72^2 - 42^2? Use factorization if helpful.,3420,5040,False,factorization,factorization,True,factor_difference_of_squares,factor_difference_of_squares,True,"STRUCTURE: factorization
TOOL: factor_difference_of_squares
ANSWER: 5040"
test_seen_00086,structure_aware,50,seen,"For P(x) = 4x^2 + 7x + 5, evaluate P(3).",62,89,False,substitution,substitution,True,substitute_expression,substitute_value,False,"STRUCTURE: substitution
TOOL: substitute_value
ANSWER: 89"
test_seen_00087,structure_aware,50,seen,Use elimination on the system 5x + 2y = -48; 2x - 4y = 24. Determine y.,-9,-1,False,linear_elimination,linear_algebra,False,solve_linear_system,solve_linear_system,True,"STRUCTURE: linear_algebra
TOOL: solve_linear_system
ANSWER: -1"
test_seen_00088,structure_aware,50,seen,The ratio 3 to 8 equals the ratio 27 to x. Find x.,72,105,False,ratio_proportion,ratio_proportion,True,solve_proportion,solve_proportions,False,"STRUCTURE: ratio_proportion
TOOL: solve_proportions
ANSWER: 105"
test_seen_00089,structure_aware,50,seen,An arithmetic sequence has first term 14 and common difference -7. Find its 9th term.,-42,-35,False,recurrence,recurrence_relation,False,unroll_recurrence,solve_recurrence,False,"STRUCTURE: recurrence_relation
TOOL: solve_recurrence
ANSWER: -35"
test_seen_00090,structure_aware,50,seen,"If x + y = -11 and xy = 0, find x^2 + y^2.",121,0,False,symmetric_polynomial_identity,symmetric_polynomial_identity,True,expand_symmetric_identity,expand_symmetric_identity,True,"STRUCTURE: symmetric_polynomial_identity
TOOL: expand_symmetric_identity
ANSWER: 0"
test_seen_00091,structure_aware,50,seen,Evaluate 59^2 - 13^2.,3312,3048,False,factorization,difference_of_squares,False,factor_difference_of_squares,factorization,False,"STRUCTURE: difference_of_squares
TOOL: factorization
ANSWER: 3048"
test_seen_00092,structure_aware,50,seen,Let f(t) = -5t^2 - 6t - 4. Find f(-2).,-12,10,False,substitution,substitution,True,substitute_expression,substitute_value,False,"STRUCTURE: substitution
TOOL: substitute_value
ANSWER: 10"
test_seen_00093,structure_aware,50,seen,Solve -4x + y = 25 and 2x - 5y = 19. What is x?,-8,-3,False,linear_elimination,linear_algebra,False,solve_linear_system,solve_linear_system,True,"STRUCTURE: linear_algebra
TOOL: solve_linear_system
ANSWER: -3"
test_seen_00094,structure_aware,50,seen,Solve the proportion 12/4 = 60/x for x.,20,24,False,ratio_proportion,ratio_proportion,True,solve_proportion,solve_proportion,True,"STRUCTURE: ratio_proportion
TOOL: solve_proportion
ANSWER: 24"
test_seen_00095,structure_aware,50,seen,A sequence starts with a1 = -8 and each next term is the current term - 6. Find a12.,-74,-30,False,recurrence,recurrence,True,unroll_recurrence,solve_recurrence,False,"STRUCTURE: recurrence
TOOL: solve_recurrence
ANSWER: -30"
test_seen_00096,structure_aware,50,seen,Two numbers have sum -17 and product 72. What is the sum of their squares?,145,345,False,symmetric_polynomial_identity,symmetric_polynomial_identity,True,expand_symmetric_identity,expand_symmetric_identity,True,"STRUCTURE: symmetric_polynomial_identity
TOOL: expand_symmetric_identity
ANSWER: 345"
test_seen_00097,structure_aware,50,seen,Compute the difference of squares: 55 squared minus 4 squared.,3009,260,False,factorization,factorization,True,factor_difference_of_squares,factor_difference_of_squares,True,"STRUCTURE: factorization
TOOL: factor_difference_of_squares
ANSWER: 260"
test_seen_00098,structure_aware,50,seen,Substitute z = -3 into -5z^2 - 5z - 9.,-39,-14,False,substitution,substitution,True,substitute_expression,substitute_expression,True,"STRUCTURE: substitution
TOOL: substitute_expression
ANSWER: -14"
test_seen_00099,structure_aware,50,seen,The equations 4x + 3y = -57 and 5x + 5y = -80 hold simultaneously. Find x.,-9,-2,False,linear_elimination,linear_algebra,False,solve_linear_system,solve_linear_system,True,"STRUCTURE: linear_algebra
TOOL: solve_linear_system
ANSWER: -2"
test_seen_00100,structure_aware,50,seen,"If 6:10 = 48:x, what is x?",80,36,False,ratio_proportion,ratio_proportion,True,solve_proportion,solve_proportions,False,"STRUCTURE: ratio_proportion
TOOL: solve_proportions
ANSWER: 36"
test_seen_00101,structure_aware,50,seen,"Starting at -10, repeatedly change the value by -4. What is term 13, counting the start as term 1?",-58,-25,False,recurrence,recurrence,True,unroll_recurrence,solve_recurrence,False,"STRUCTURE: recurrence
TOOL: solve_recurrence
ANSWER: -25"
test_seen_00102,structure_aware,50,seen,"Given s = x + y = 2 and p = xy = -35, compute x^2 + y^2.",74,140,False,symmetric_polynomial_identity,symmetric_polynomial_identity,True,expand_symmetric_identity,expand_symmetric_identity,True,"STRUCTURE: symmetric_polynomial_identity
TOOL: expand_symmetric_identity
ANSWER: 140"
test_seen_00103,structure_aware,50,seen,What is 70^2 - 33^2? Use factorization if helpful.,3811,5199,False,factorization,factorization,True,factor_difference_of_squares,factor_difference_of_squares,True,"STRUCTURE: factorization
TOOL: factor_difference_of_squares
ANSWER: 5199"
test_seen_00104,structure_aware,50,seen,"For P(x) = 2x^2 + 5x + 9, evaluate P(-2).",7,14,False,substitution,substitution,True,substitute_expression,substitute_value,False,"STRUCTURE: substitution
TOOL: substitute_value
ANSWER: 14"
test_seen_00105,structure_aware,50,seen,Use elimination on the system 4x - 2y = 16; 2x + y = 12. Determine y.,2,3,False,linear_elimination,linear_algebra,False,solve_linear_system,solve_linear_system,True,"STRUCTURE: linear_algebra
TOOL: solve_linear_system
ANSWER: 3"
test_seen_00106,structure_aware,50,seen,The ratio 15 to 2 equals the ratio 150 to x. Find x.,20,30,False,ratio_proportion,ratio_proportion,True,solve_proportion,solve_proportions,False,"STRUCTURE: ratio_proportion
TOOL: solve_proportions
ANSWER: 30"
test_seen_00107,structure_aware,50,seen,An arithmetic sequence has first term 8 and common difference -5. Find its 3th term.,-2,-17,False,recurrence,recurrence_relation,False,unroll_recurrence,solve_recurrence,False,"STRUCTURE: recurrence_relation
TOOL: solve_recurrence
ANSWER: -17"
test_seen_00108,structure_aware,50,seen,"If x + y = -27 and xy = 180, find x^2 + y^2.",369,450,False,symmetric_polynomial_identity,symmetric_polynomial_identity,True,expand_symmetric_identity,expand_symmetric_identity,True,"STRUCTURE: symmetric_polynomial_identity
TOOL: expand_symmetric_identity
ANSWER: 450"
test_seen_00109,structure_aware,50,seen,Evaluate 76^2 - 43^2.,3927,5195,False,factorization,factorization,True,factor_difference_of_squares,factor_difference_of_squares,True,"STRUCTURE: factorization
TOOL: factor_difference_of_squares
ANSWER: 5195"
test_seen_00110,structure_aware,50,seen,Let f(t) = 4t^2 + 4t - 5. Find f(0).,-5,-5,True,substitution,polynomial_identity,False,substitute_expression,simplify_polynomial,False,"STRUCTURE: polynomial_identity
TOOL: simplify_polynomial
ANSWER: -5"
test_seen_00111,structure_aware,50,seen,Solve -4x - 3y = 42 and -5x + 3y = 39. What is x?,-9,-1,False,linear_elimination,linear_system,False,solve_linear_system,solve_linear_system,True,"STRUCTURE: linear_system
TOOL: solve_linear_system
ANSWER: -1"
test_seen_00112,structure_aware,50,seen,Solve the proportion 2/4 = 10/x for x.,20,20,True,ratio_proportion,ratio_proportion,True,solve_proportion,solve_proportion,True,"STRUCTURE: ratio_proportion
TOOL: solve_proportion
ANSWER: 20"
test_seen_00113,structure_aware,50,seen,A sequence starts with a1 = 15 and each next term is the current term - 6. Find a11.,-45,9 </structured_response>,False,recurrence,recurrence,True,unroll_recurrence,substitute_value,False,"STRUCTURE: recurrence
TOOL: substitute_value
ANSWER: 9 </structured_response> 结果如下：

STRUCTURE: recurrence
TOOL: substitute_value
ANSWER: 9 </structured_response> 

解释：根据给定的递归公式，我们可以直接计算出第"
test_seen_00114,structure_aware,50,seen,Two numbers have sum 12 and product -28. What is the sum of their squares?,200,109,False,symmetric_polynomial_identity,symmetric_polynomial_identity,True,expand_symmetric_identity,expand_symmetric_identity,True,"STRUCTURE: symmetric_polynomial_identity
TOOL: expand_symmetric_identity
ANSWER: 109"
test_seen_00115,structure_aware,50,seen,Compute the difference of squares: 36 squared minus 34 squared.,140,108,False,factorization,factorization,True,factor_difference_of_squares,factored_difference_of_squares,False,"STRUCTURE: factorization
TOOL: factored_difference_of_squares
ANSWER: 108"
test_seen_00116,structure_aware,50,seen,Substitute z = -3 into z^2 + 2z - 1.,2,-8,False,substitution,substitution,True,substitute_expression,simplify_expression,False,"STRUCTURE: substitution
TOOL: simplify_expression
ANSWER: -8"
test_seen_00117,structure_aware,50,seen,The equations -5x + 2y = -4 and -4x - 5y = -56 hold simultaneously. Find x.,4,-3,False,linear_elimination,linear_algebra,False,solve_linear_system,solve_linear_system,True,"STRUCTURE: linear_algebra
TOOL: solve_linear_system
ANSWER: -3"
test_seen_00118,structure_aware,50,seen,"If 2:2 = 16:x, what is x?",16,8,False,ratio_proportion,ratio_proportion,True,solve_proportion,solve_proportions,False,"STRUCTURE: ratio_proportion
TOOL: solve_proportions
ANSWER: 8"
test_seen_00119,structure_aware,50,seen,"Starting at -4, repeatedly change the value by -1. What is term 11, counting the start as term 1?",-14,-9,False,recurrence,recurrence,True,unroll_recurrence,solve_recurrence,False,"STRUCTURE: recurrence
TOOL: solve_recurrence
ANSWER: -9"
test_unseen_00000,structure_aware,50,unseen,"Without solving for x and y, evaluate x^2 + y^2 when x + y = -1 and xy = -2.",5,5,True,symmetric_polynomial_identity,symmetric_polynomial_identity,True,expand_symmetric_identity,expand_symmetric_identity,True,"STRUCTURE: symmetric_polynomial_identity
TOOL: expand_symmetric_identity
ANSWER: 5"
test_unseen_00001,structure_aware,50,unseen,"Using (u - v)(u + v), calculate 44^2 - 36^2.",640,196,False,factorization,factorization,True,factor_difference_of_squares,factor_difference_of_squares,True,"STRUCTURE: factorization
TOOL: factor_difference_of_squares
ANSWER: 196"
test_unseen_00002,structure_aware,50,unseen,What number does -3u^2 + 4u - 5 produce when u is -3?,-44,-18,False,substitution,polynomial_factorization,False,substitute_expression,factor_polynomial,False,"STRUCTURE: polynomial_factorization
TOOL: factor_polynomial
ANSWER: -18"
test_unseen_00003,structure_aware,50,unseen,The lines -4x + 4y = 28 and -5x - 4y = 53 intersect. Give the x-coordinate.,-9,1,False,linear_elimination,linear_inequality,False,solve_linear_system,solve_linear_system,True,"STRUCTURE: linear_inequality
TOOL: solve_linear_system
ANSWER: 1"
test_unseen_00004,structure_aware,50,unseen,"At a fixed rate, 14 items cost 18 dollars. What do 84 items cost?",108,126,False,ratio_proportion,ratio_proposition,False,solve_proportion,solve_proportionality,False,"STRUCTURE: ratio_proposition
TOOL: solve_proportionality
ANSWER: 126"
test_unseen_00005,structure_aware,50,unseen,A machine begins at 17; after each round it changes its value by 4. What value appears after 8 updates?,49,56,False,recurrence,iterated_update,False,unroll_recurrence,evaluate_sequence,False,"STRUCTURE: iterated_update
TOOL: evaluate_sequence
ANSWER: 56"
test_unseen_00006,structure_aware,50,unseen,The roots x and y of t^2 - (16)t + (63) = 0 are real. Find x^2 + y^2.,130,145,False,symmetric_polynomial_identity,symmetric_polynomial_identity,True,expand_symmetric_identity,expand_symmetric_identity,True,"STRUCTURE: symmetric_polynomial_identity
TOOL: expand_symmetric_identity
ANSWER: 145"
test_unseen_00007,structure_aware,50,unseen,A square of side 44 is removed from a square of side 65. What area remains?,2289,128,False,factorization,difference,False,factor_difference_of_squares,subtract_area,False,"STRUCTURE: difference
TOOL: subtract_area
ANSWER: 128"
test_unseen_00008,structure_aware,50,unseen,A rule maps q to q^2 - 6q - 2. Determine its output at q = 6.,-2,14,False,substitution,polynomial_trigonometric,False,substitute_expression,evaluate_polynomial,False,"STRUCTURE: polynomial_trigonometric
TOOL: evaluate_polynomial
ANSWER: 14"
test_unseen_00009,structure_aware,50,unseen,Find the value of x satisfying both constraints: -4x + 3y = -12 and -4x + 4y = -16.,0,0,True,linear_elimination,linear_system,False,solve_linear_system,solve_linear_system,True,"STRUCTURE: linear_system
TOOL: solve_linear_system
ANSWER: 0"
test_unseen_00010,structure_aware,50,unseen,Complete the equivalent fractions: 6/12 = 18/[blank].,36,3/2,False,ratio_proportion,ratio_equation,False,solve_proportion,simplify_ratio,False,"STRUCTURE: ratio_equation
TOOL: simplify_ratio
ANSWER: 3/2"
test_unseen_00011,structure_aware,50,unseen,"Unroll b(n+1) = b(n) + 1, with b(1) = -18, to obtain b(8).",-11,-205,False,recurrence,recurrence_relation,False,unroll_recurrence,unroll_recurrence,True,"STRUCTURE: recurrence_relation
TOOL: unroll_recurrence
ANSWER: -205"
test_unseen_00012,structure_aware,50,unseen,"Without solving for x and y, evaluate x^2 + y^2 when x + y = -15 and xy = 36.",153,204,False,symmetric_polynomial_identity,symmetric_polynomial_identity,True,expand_symmetric_identity,expand_symmetric_identity,True,"STRUCTURE: symmetric_polynomial_identity
TOOL: expand_symmetric_identity
ANSWER: 204"
test_unseen_00013,structure_aware,50,unseen,"Using (u - v)(u + v), calculate 39^2 - 14^2.",1325,685,False,factorization,factorization,True,factor_difference_of_squares,factor_difference_of_squares,True,"STRUCTURE: factorization
TOOL: factor_difference_of_squares
ANSWER: 685"
test_unseen_00014,structure_aware,50,unseen,What number does 11 - 3u^2 produce when u is -4?,-37,-5,False,substitution,polynomial_trigonometric,False,substitute_expression,factor_polynomial,False,"STRUCTURE: polynomial_trigonometric
TOOL: factor_polynomial
ANSWER: -5"
test_unseen_00015,structure_aware,50,unseen,The lines 5x + 5y = -80 and x - 5y = 32 intersect. Give the y-coordinate.,-8,-1,False,linear_elimination,linear_inequality,False,solve_linear_system,solve_linear_system,True,"STRUCTURE: linear_inequality
TOOL: solve_linear_system
ANSWER: -1"
test_unseen_00016,structure_aware,50,unseen,"At a fixed rate, 7 items cost 17 dollars. What do 84 items cost?",204,28,False,ratio_proportion,ratio_proportion,True,solve_proportion,solve_proportions,False,"STRUCTURE: ratio_proportion
TOOL: solve_proportions
ANSWER: 28"
test_unseen_00017,structure_aware,50,unseen,A machine begins at 17; after each round it changes its value by 6. What value appears after 14 updates?,101,98,False,recurrence,iterated_update,False,unroll_recurrence,evaluate_sequence,False,"STRUCTURE: iterated_update
TOOL: evaluate_sequence
ANSWER: 98"
test_unseen_00018,structure_aware,50,unseen,The roots x and y of t^2 - (-9)t + (-22) = 0 are real. Find x^2 + y^2.,125,145,False,symmetric_polynomial_identity,symmetric_polynomial_identity,True,expand_symmetric_identity,expand_symmetric_identity,True,"STRUCTURE: symmetric_polynomial_identity
TOOL: expand_symmetric_identity
ANSWER: 145"
test_unseen_00019,structure_aware,50,unseen,A square of side 16 is removed from a square of side 78. What area remains?,5828,304,False,factorization,factorization,True,factor_difference_of_squares,factor_difference,False,"STRUCTURE: factorization
TOOL: factor_difference
ANSWER: 304"
test_unseen_00020,structure_aware,50,unseen,A rule maps q to 3q^2 + 3q + 7. Determine its output at q = 6.,133,150,False,substitution,polynomial_evaluation,False,substitute_expression,evaluate_polynomial,False,"STRUCTURE: polynomial_evaluation
TOOL: evaluate_polynomial
ANSWER: 150"
test_unseen_00021,structure_aware,50,unseen,Find the value of y satisfying both constraints: -3x - 5y = 29 and -2x - 5y = 21.,-1,4,False,linear_elimination,linear_system,False,solve_linear_system,solve_linear_system,True,"STRUCTURE: linear_system
TOOL: solve_linear_system
ANSWER: 4"
test_unseen_00022,structure_aware,50,unseen,Complete the equivalent fractions: 7/20 = 35/[blank].,100,49,False,ratio_proportion,ratio_equation,False,solve_proportion,simplify_ratio,False,"STRUCTURE: ratio_equation
TOOL: simplify_ratio
ANSWER: 49"
test_unseen_00023,structure_aware,50,unseen,"Unroll b(n+1) = b(n) + 4, with b(1) = -13, to obtain b(8).",15,-259,False,recurrence,recurrence_recurse,False,unroll_recurrence,solve_recurrence,False,"STRUCTURE: recurrence_recurse
TOOL: solve_recurrence
ANSWER: -259"
test_unseen_00024,structure_aware,50,unseen,"Without solving for x and y, evaluate x^2 + y^2 when x + y = -17 and xy = 60.",169,345,False,symmetric_polynomial_identity,symmetric_polynomial_identity,True,expand_symmetric_identity,expand_symmetric_identity,True,"STRUCTURE: symmetric_polynomial_identity
TOOL: expand_symmetric_identity
ANSWER: 345"
test_unseen_00025,structure_aware,50,unseen,"Using (u - v)(u + v), calculate 24^2 - 16^2.",320,384,False,factorization,factorization,True,factor_difference_of_squares,factor_difference_of_squares,True,"STRUCTURE: factorization
TOOL: factor_difference_of_squares
ANSWER: 384"
test_unseen_00026,structure_aware,50,unseen,What number does 2u^2 - 7u + 9 produce when u is 2?,3,14,False,substitution,polynomial_factorization,False,substitute_expression,factor_polynomial,False,"STRUCTURE: polynomial_factorization
TOOL: factor_polynomial
ANSWER: 14"
test_unseen_00027,structure_aware,50,unseen,The lines -3x - 3y = 0 and 5x - 5y = 60 intersect. Give the y-coordinate.,-6,1,False,linear_elimination,linear_inequality,False,solve_linear_system,solve_linear_inequality,False,"STRUCTURE: linear_inequality
TOOL: solve_linear_inequality
ANSWER: 1"
test_unseen_00028,structure_aware,50,unseen,"At a fixed rate, 3 items cost 2 dollars. What do 24 items cost?",16,16,True,ratio_proportion,ratio_proportion,True,solve_proportion,solve_proportions,False,"STRUCTURE: ratio_proportion
TOOL: solve_proportions
ANSWER: 16"
test_unseen_00029,structure_aware,50,unseen,A machine begins at -9; after each round it changes its value by -1. What value appears after 13 updates?,-22,25,False,recurrence,recurrence,True,unroll_recurrence,simplify_recurrence,False,"STRUCTURE: recurrence
TOOL: simplify_recurrence
ANSWER: 25"
test_unseen_00030,structure_aware,50,unseen,The roots x and y of t^2 - (-3)t + (-54) = 0 are real. Find x^2 + y^2.,117,169,False,symmetric_polynomial_identity,symmetric_polynomial_identity,True,expand_symmetric_identity,expand_symmetric_identity,True,"STRUCTURE: symmetric_polynomial_identity
TOOL: expand_symmetric_identity
ANSWER: 169"
test_unseen_00031,structure_aware,50,unseen,A square of side 5 is removed from a square of side 41. What area remains?,1656,208,False,factorization,factorization,True,factor_difference_of_squares,factor_difference,False,"STRUCTURE: factorization
TOOL: factor_difference
ANSWER: 208"
test_unseen_00032,structure_aware,50,unseen,A rule maps q to 3q^2 - 10. Determine its output at q = 1.,-7,5,False,substitution,polynomial_evaluation,False,substitute_expression,evaluate_polynomial,False,"STRUCTURE: polynomial_evaluation
TOOL: evaluate_polynomial
ANSWER: 5"
test_unseen_00033,structure_aware,50,unseen,Find the value of x satisfying both constraints: -x - 3y = -25 and -3x + 5y = 37.,1,4,False,linear_elimination,linear_system,False,solve_linear_system,solve_linear_system,True,"STRUCTURE: linear_system
TOOL: solve_linear_system
ANSWER: 4"
test_unseen_00034,structure_aware,50,unseen,Complete the equivalent fractions: 3/16 = 24/[blank].,128,8/4полнить,False,ratio_proportion,ratio_equation,False,solve_proportion,solve_ratio_equation,False,"STRUCTURE: ratio_equation
TOOL: solve_ratio_equation
ANSWER: 8/4полнить"
test_unseen_00035,structure_aware,50,unseen,"Unroll b(n+1) = b(n) + 3, with b(1) = 8, to obtain b(4).",17,29,False,recurrence,recurrence,True,unroll_recurrence,unroll_recurrence,True,"STRUCTURE: recurrence
TOOL: unroll_recurrence
ANSWER: 29"
test_unseen_00036,structure_aware,50,unseen,"Without solving for x and y, evaluate x^2 + y^2 when x + y = 6 and xy = -91.",218,180,False,symmetric_polynomial_identity,symmetric_polynomial_identity,True,expand_symmetric_identity,expand_symmetric_identity,True,"STRUCTURE: symmetric_polynomial_identity
TOOL: expand_symmetric_identity
ANSWER: 180"
test_unseen_00037,structure_aware,50,unseen,"Using (u - v)(u + v), calculate 47^2 - 38^2.",765,105,False,factorization,factorization,True,factor_difference_of_squares,factor_difference_of_squares,True,"STRUCTURE: factorization
TOOL: factor_difference_of_squares
ANSWER: 105"
test_unseen_00038,structure_aware,50,unseen,What number does -u^2 + 8u - 1 produce when u is -4?,-49,-6,False,substitution,polynomial_factorization,False,substitute_expression,factor_polynomial,False,"STRUCTURE: polynomial_factorization
TOOL: factor_polynomial
ANSWER: -6"
test_unseen_00039,structure_aware,50,unseen,The lines 3x + 2y = -28 and -4x + 3y = 26 intersect. Give the y-coordinate.,-2,-1,False,linear_elimination,linear_inequality,False,solve_linear_system,solve_linear_system,True,"STRUCTURE: linear_inequality
TOOL: solve_linear_system
ANSWER: -1"
test_unseen_00040,structure_aware,50,unseen,"At a fixed rate, 15 items cost 15 dollars. What do 60 items cost?",60,60,True,ratio_proportion,ratio_conversion,False,solve_proportion,inverse_conversion,False,"STRUCTURE: ratio_conversion
TOOL: inverse_conversion
ANSWER: 60"
test_unseen_00041,structure_aware,50,unseen,A machine begins at -4; after each round it changes its value by 6. What value appears after 4 updates?,20,0,False,recurrence,iterated_update,False,unroll_recurrence,evaluate_sequence,False,"STRUCTURE: iterated_update
TOOL: evaluate_sequence
ANSWER: 0"
test_unseen_00042,structure_aware,50,unseen,The roots x and y of t^2 - (6)t + (-112) = 0 are real. Find x^2 + y^2.,260,345,False,symmetric_polynomial_identity,symmetric_polynomial_identity,True,expand_symmetric_identity,expand_symmetric_identity,True,"STRUCTURE: symmetric_polynomial_identity
TOOL: expand_symmetric_identity
ANSWER: 345"
test_unseen_00043,structure_aware,50,unseen,A square of side 40 is removed from a square of side 64. What area remains?,2496,128,False,factorization,difference,False,factor_difference_of_squares,subtract_area,False,"STRUCTURE: difference
TOOL: subtract_area
ANSWER: 128"
test_unseen_00044,structure_aware,50,unseen,A rule maps q to 4q^2 - 5q - 2. Determine its output at q = -2.,24,-18,False,substitution,polynomial_trigonometric,False,substitute_expression,evaluate_polynomial,False,"STRUCTURE: polynomial_trigonometric
TOOL: evaluate_polynomial
ANSWER: -18"
test_unseen_00045,structure_aware,50,unseen,Find the value of y satisfying both constraints: -5x - 4y = -10 and x + 5y = -19.,-5,-2,False,linear_elimination,linear_system,False,solve_linear_system,solve_linear_system,True,"STRUCTURE: linear_system
TOOL: solve_linear_system
ANSWER: -2"
test_unseen_00046,structure_aware,50,unseen,Complete the equivalent fractions: 8/20 = 96/[blank].,240,14,False,ratio_proportion,ratio_equation,False,solve_proportion,simplify_ratio,False,"STRUCTURE: ratio_equation
TOOL: simplify_ratio
ANSWER: 14"
test_unseen_00047,structure_aware,50,unseen,"Unroll b(n+1) = b(n) + 8, with b(1) = 8, to obtain b(6).",48,"[20, 34]",False,recurrence,recurrence,True,unroll_recurrence,unroll_recurrence,True,"STRUCTURE: recurrence
TOOL: unroll_recurrence
ANSWER: [20, 34]"
test_unseen_00048,structure_aware,50,unseen,"Without solving for x and y, evaluate x^2 + y^2 when x + y = -18 and xy = 80.",164,345,False,symmetric_polynomial_identity,symmetric_polynomial_identity,True,expand_symmetric_identity,expand_symmetric_identity,True,"STRUCTURE: symmetric_polynomial_identity
TOOL: expand_symmetric_identity
ANSWER: 345"
test_unseen_00049,structure_aware,50,unseen,"Using (u - v)(u + v), calculate 12^2 - 11^2.",23,80,False,factorization,factorization,True,factor_difference_of_squares,factor_difference_of_squares,True,"STRUCTURE: factorization
TOOL: factor_difference_of_squares
ANSWER: 80"
test_unseen_00050,structure_aware,50,unseen,What number does u^2 + u - 12 produce when u is 1?,-10,"(-3, 4)",False,substitution,polynomial_factorization,False,substitute_expression,factor_polynomial,False,"STRUCTURE: polynomial_factorization
TOOL: factor_polynomial
ANSWER: (-3, 4)"
test_unseen_00051,structure_aware,50,unseen,The lines -3x - 2y = 19 and 3x - 5y = 16 intersect. Give the x-coordinate.,-3,4,False,linear_elimination,linear_inequality,False,solve_linear_system,solve_linear_system,True,"STRUCTURE: linear_inequality
TOOL: solve_linear_system
ANSWER: 4"
test_unseen_00052,structure_aware,50,unseen,"At a fixed rate, 3 items cost 5 dollars. What do 24 items cost?",40,12,False,ratio_proportion,ratio_proportion,True,solve_proportion,solve_proportions,False,"STRUCTURE: ratio_proportion
TOOL: solve_proportions
ANSWER: 12"
test_unseen_00053,structure_aware,50,unseen,A machine begins at 12; after each round it changes its value by 9. What value appears after 2 updates?,30,36,False,recurrence,iterated_update,False,unroll_recurrence,evaluate_sequence,False,"STRUCTURE: iterated_update
TOOL: evaluate_sequence
ANSWER: 36"
test_unseen_00054,structure_aware,50,unseen,The roots x and y of t^2 - (18)t + (65) = 0 are real. Find x^2 + y^2.,194,34,False,symmetric_polynomial_identity,symmetric_polynomial_identity,True,expand_symmetric_identity,expand_symmetric_identity,True,"STRUCTURE: symmetric_polynomial_identity
TOOL: expand_symmetric_identity
ANSWER: 34"
test_unseen_00055,structure_aware,50,unseen,A square of side 21 is removed from a square of side 47. What area remains?,1768,308,False,factorization,factorization,True,factor_difference_of_squares,factor_difference,False,"STRUCTURE: factorization
TOOL: factor_difference
ANSWER: 308"
test_unseen_00056,structure_aware,50,unseen,A rule maps q to 8 - 3q^2. Determine its output at q = -5.,-67,-14,False,substitution,polynomial_trigonometric,False,substitute_expression,evaluate_polynomial,False,"STRUCTURE: polynomial_trigonometric
TOOL: evaluate_polynomial
ANSWER: -14"
test_unseen_00057,structure_aware,50,unseen,Find the value of x satisfying both constraints: 4x - y = -29 and -5x - 5y = 30.,-7,1,False,linear_elimination,linear_system,False,solve_linear_system,solve_linear_system,True,"STRUCTURE: linear_system
TOOL: solve_linear_system
ANSWER: 1"
test_unseen_00058,structure_aware,50,unseen,Complete the equivalent fractions: 3/8 = 6/[blank].,16,12/4,False,ratio_proportion,ratio_equation,False,solve_proportion,solve_ratio_equation,False,"STRUCTURE: ratio_equation
TOOL: solve_ratio_equation
ANSWER: 12/4"
test_unseen_00059,structure_aware,50,unseen,"Unroll b(n+1) = b(n) - 4, with b(1) = -16, to obtain b(5).",-32,-20,False,recurrence,recurrence,True,unroll_recurrence,unroll_recurrence,True,"STRUCTURE: recurrence
TOOL: unroll_recurrence
ANSWER: -20"
test_unseen_00060,structure_aware,50,unseen,"Without solving for x and y, evaluate x^2 + y^2 when x + y = -10 and xy = -24.",148,58,False,symmetric_polynomial_identity,symmetric_polynomial_identity,True,expand_symmetric_identity,expand_symmetric_identity,True,"STRUCTURE: symmetric_polynomial_identity
TOOL: expand_symmetric_identity
ANSWER: 58"
test_unseen_00061,structure_aware,50,unseen,"Using (u - v)(u + v), calculate 67^2 - 12^2.",4345,3489,False,factorization,factorization,True,factor_difference_of_squares,factor_difference_of_squares,True,"STRUCTURE: factorization
TOOL: factor_difference_of_squares
ANSWER: 3489"
test_unseen_00062,structure_aware,50,unseen,What number does -u^2 + 4u - 1 produce when u is -4?,-33,-35,False,substitution,polynomial_factorization,False,substitute_expression,factor_polynomial,False,"STRUCTURE: polynomial_factorization
TOOL: factor_polynomial
ANSWER: -35"
test_unseen_00063,structure_aware,50,unseen,The lines -3x - y = -26 and -x + y = -10 intersect. Give the x-coordinate.,9,5,False,linear_elimination,linear_inequality,False,solve_linear_system,solve_linear_system,True,"STRUCTURE: linear_inequality
TOOL: solve_linear_system
ANSWER: 5"
test_unseen_00064,structure_aware,50,unseen,"At a fixed rate, 12 items cost 7 dollars. What do 108 items cost?",63,96,False,ratio_proportion,ratio_conversion,False,solve_proportion,inverse_conversion,False,"STRUCTURE: ratio_conversion
TOOL: inverse_conversion
ANSWER: 96"
test_unseen_00065,structure_aware,50,unseen,A machine begins at -2; after each round it changes its value by -4. What value appears after 9 updates?,-38,-16,False,recurrence,recurrence,True,unroll_recurrence,evaluate_recurrence,False,"STRUCTURE: recurrence
TOOL: evaluate_recurrence
ANSWER: -16"
test_unseen_00066,structure_aware,50,unseen,The roots x and y of t^2 - (27)t + (182) = 0 are real. Find x^2 + y^2.,365,345,False,symmetric_polynomial_identity,symmetric_polynomial_identity,True,expand_symmetric_identity,expand_symmetric_identity,True,"STRUCTURE: symmetric_polynomial_identity
TOOL: expand_symmetric_identity
ANSWER: 345"
test_unseen_00067,structure_aware,50,unseen,A square of side 33 is removed from a square of side 64. What area remains?,3007,129<context>,False,factorization,factorization,True,factor_difference_of_squares,factor_difference_of_squares,True,"STRUCTURE: factorization
TOOL: factor_difference_of_squares
ANSWER: 129<context>"
test_unseen_00068,structure_aware,50,unseen,A rule maps q to -q^2 + q + 10. Determine its output at q = 2.,8,3,False,substitution,polynomial_evaluation,False,substitute_expression,evaluate_polynomial,False,"STRUCTURE: polynomial_evaluation
TOOL: evaluate_polynomial
ANSWER: 3"
test_unseen_00069,structure_aware,50,unseen,Find the value of y satisfying both constraints: x + 2y = 17 and 2x - 4y = -14.,6,3,False,linear_elimination,linear_system,False,solve_linear_system,solve_linear_system,True,"STRUCTURE: linear_system
TOOL: solve_linear_system
ANSWER: 3"
test_unseen_00070,structure_aware,50,unseen,Complete the equivalent fractions: 11/8 = 66/[blank].,48,22/4,False,ratio_proportion,ratio_equation,False,solve_proportion,simplify_ratio,False,"STRUCTURE: ratio_equation
TOOL: simplify_ratio
ANSWER: 22/4"
test_unseen_00071,structure_aware,50,unseen,"Unroll b(n+1) = b(n) - 2, with b(1) = 10, to obtain b(13).",-14,45,False,recurrence,recurrence,True,unroll_recurrence,unroll_recurrence,True,"STRUCTURE: recurrence
TOOL: unroll_recurrence
ANSWER: 45"
test_unseen_00072,structure_aware,50,unseen,"Without solving for x and y, evaluate x^2 + y^2 when x + y = -18 and xy = 56.",212,349,False,symmetric_polynomial_identity,symmetric_polynomial_identity,True,expand_symmetric_identity,expand_symmetric_identity,True,"STRUCTURE: symmetric_polynomial_identity
TOOL: expand_symmetric_identity
ANSWER: 349"
test_unseen_00073,structure_aware,50,unseen,"Using (u - v)(u + v), calculate 40^2 - 25^2.",975,1600,False,factorization,factorization,True,factor_difference_of_squares,factor_difference_of_squares,True,"STRUCTURE: factorization
TOOL: factor_difference_of_squares
ANSWER: 1600"
test_unseen_00074,structure_aware,50,unseen,What number does 2u^2 + 5u - 3 produce when u is -7?,60,-14,False,substitution,polynomial_trigonometric,False,substitute_expression,factor_polynomial,False,"STRUCTURE: polynomial_trigonometric
TOOL: factor_polynomial
ANSWER: -14"
test_unseen_00075,structure_aware,50,unseen,The lines x - 4y = -33 and -5x - 2y = -11 intersect. Give the y-coordinate.,8,-7,False,linear_elimination,linear_inequality,False,solve_linear_system,solve_linear_system,True,"STRUCTURE: linear_inequality
TOOL: solve_linear_system
ANSWER: -7"
test_unseen_00076,structure_aware,50,unseen,"At a fixed rate, 2 items cost 7 dollars. What do 24 items cost?",84,84,True,ratio_proportion,ratio_proportion,True,solve_proportion,solve_proportions,False,"STRUCTURE: ratio_proportion
TOOL: solve_proportions
ANSWER: 84"
test_unseen_00077,structure_aware,50,unseen,A machine begins at 0; after each round it changes its value by -3. What value appears after 12 updates?,-36,-9,False,recurrence,iterated_update,False,unroll_recurrence,evaluate_expression,False,"STRUCTURE: iterated_update
TOOL: evaluate_expression
ANSWER: -9"
test_unseen_00078,structure_aware,50,unseen,The roots x and y of t^2 - (12)t + (35) = 0 are real. Find x^2 + y^2.,74,148,False,symmetric_polynomial_identity,symmetric_polynomial_identity,True,expand_symmetric_identity,expand_symmetric_identity,True,"STRUCTURE: symmetric_polynomial_identity
TOOL: expand_symmetric_identity
ANSWER: 148"
test_unseen_00079,structure_aware,50,unseen,A square of side 23 is removed from a square of side 52. What area remains?,2175,184,False,factorization,difference,False,factor_difference_of_squares,subtract_area,False,"STRUCTURE: difference
TOOL: subtract_area
ANSWER: 184"
test_unseen_00080,structure_aware,50,unseen,A rule maps q to 3q^2 - 8q + 6. Determine its output at q = 2.,2,10,False,substitution,polynomial_trigonometric,False,substitute_expression,evaluate_polynomial,False,"STRUCTURE: polynomial_trigonometric
TOOL: evaluate_polynomial
ANSWER: 10"
test_unseen_00081,structure_aware,50,unseen,Find the value of y satisfying both constraints: -3x + 5y = 24 and -2x + 4y = 16.,0,2,False,linear_elimination,linear_system,False,solve_linear_system,solve_linear_system,True,"STRUCTURE: linear_system
TOOL: solve_linear_system
ANSWER: 2"
test_unseen_00082,structure_aware,50,unseen,Complete the equivalent fractions: 15/2 = 105/[blank].,14,35,False,ratio_proportion,ratio_equation,False,solve_proportion,simplify_ratio,False,"STRUCTURE: ratio_equation
TOOL: simplify_ratio
ANSWER: 35"
test_unseen_00083,structure_aware,50,unseen,"Unroll b(n+1) = b(n) - 4, with b(1) = -17, to obtain b(15).",-73,-280,False,recurrence,recurrence,True,unroll_recurrence,unroll_recurrence,True,"STRUCTURE: recurrence
TOOL: unroll_recurrence
ANSWER: -280"
test_unseen_00084,structure_aware,50,unseen,"Without solving for x and y, evaluate x^2 + y^2 when x + y = -9 and xy = 18.",45,204,False,symmetric_polynomial_identity,symmetric_polynomial_identity,True,expand_symmetric_identity,expand_symmetric_identity,True,"STRUCTURE: symmetric_polynomial_identity
TOOL: expand_symmetric_identity
ANSWER: 204"
test_unseen_00085,structure_aware,50,unseen,"Using (u - v)(u + v), calculate 30^2 - 9^2.",819,1854,False,factorization,factorization,True,factor_difference_of_squares,factor_difference_of_squares,True,"STRUCTURE: factorization
TOOL: factor_difference_of_squares
ANSWER: 1854"
test_unseen_00086,structure_aware,50,unseen,What number does 3u^2 - 11 produce when u is 7?,136,-4,False,substitution,polynomial_factorization,False,substitute_expression,factor_polynomial,False,"STRUCTURE: polynomial_factorization
TOOL: factor_polynomial
ANSWER: -4"
test_unseen_00087,structure_aware,50,unseen,The lines 3x + 2y = 8 and -5x - 5y = -25 intersect. Give the x-coordinate.,-2,1,False,linear_elimination,linear_inequality,False,solve_linear_system,solve_linear_system,True,"STRUCTURE: linear_inequality
TOOL: solve_linear_system
ANSWER: 1"
test_unseen_00088,structure_aware,50,unseen,"At a fixed rate, 8 items cost 2 dollars. What do 80 items cost?",20,40,False,ratio_proportion,ratio_conversion,False,solve_proportion,divide_by_ratio,False,"STRUCTURE: ratio_conversion
TOOL: divide_by_ratio
ANSWER: 40"
test_unseen_00089,structure_aware,50,unseen,A machine begins at -13; after each round it changes its value by -7. What value appears after 14 updates?,-111,-28,False,recurrence,recurrence,True,unroll_recurrence,simplify_recurrence,False,"STRUCTURE: recurrence
TOOL: simplify_recurrence
ANSWER: -28"
test_unseen_00090,structure_aware,50,unseen,The roots x and y of t^2 - (13)t + (36) = 0 are real. Find x^2 + y^2.,97,145,False,symmetric_polynomial_identity,symmetric_polynomial_identity,True,expand_symmetric_identity,expand_symmetric_identity,True,"STRUCTURE: symmetric_polynomial_identity
TOOL: expand_symmetric_identity
ANSWER: 145"
test_unseen_00091,structure_aware,50,unseen,A square of side 16 is removed from a square of side 72. What area remains?,4928,384,False,factorization,decomposition,False,factor_difference_of_squares,calculate_area_difference,False,"STRUCTURE: decomposition
TOOL: calculate_area_difference
ANSWER: 384"
test_unseen_00092,structure_aware,50,unseen,A rule maps q to 4q^2 - 7q. Determine its output at q = 0.,0,0,True,substitution,polynomial_evaluation,False,substitute_expression,evaluate_polynomial,False,"STRUCTURE: polynomial_evaluation
TOOL: evaluate_polynomial
ANSWER: 0"
test_unseen_00093,structure_aware,50,unseen,Find the value of y satisfying both constraints: 5x - 2y = 31 and -4x + 3y = -15.,7,8,False,linear_elimination,linear_system,False,solve_linear_system,solve_linear_system,True,"STRUCTURE: linear_system
TOOL: solve_linear_system
ANSWER: 8"
test_unseen_00094,structure_aware,50,unseen,Complete the equivalent fractions: 3/18 = 12/[blank].,72,6,False,ratio_proportion,ratio_equation,False,solve_proportion,simplify_ratio,False,"STRUCTURE: ratio_equation
TOOL: simplify_ratio
ANSWER: 6"
test_unseen_00095,structure_aware,50,unseen,"Unroll b(n+1) = b(n) - 3, with b(1) = -14, to obtain b(7).",-32,"-25, -20, -15",False,recurrence,recurrence,True,unroll_recurrence,unroll_recurrence,True,"STRUCTURE: recurrence
TOOL: unroll_recurrence
ANSWER: -25, -20, -15"
test_unseen_00096,structure_aware,50,unseen,"Without solving for x and y, evaluate x^2 + y^2 when x + y = -15 and xy = 56.",113,348,False,symmetric_polynomial_identity,symmetric_polynomial_identity,True,expand_symmetric_identity,expand_symmetric_identity,True,"STRUCTURE: symmetric_polynomial_identity
TOOL: expand_symmetric_identity
ANSWER: 348"
test_unseen_00097,structure_aware,50,unseen,"Using (u - v)(u + v), calculate 58^2 - 36^2.",2068,1040,False,factorization,factorization,True,factor_difference_of_squares,factor_difference_of_squares,True,"STRUCTURE: factorization
TOOL: factor_difference_of_squares
ANSWER: 1040"
test_unseen_00098,structure_aware,50,unseen,What number does -4u^2 + 8u produce when u is 4?,-32,-64,False,substitution,polynomial_factorization,False,substitute_expression,factor_polynomial,False,"STRUCTURE: polynomial_factorization
TOOL: factor_polynomial
ANSWER: -64"
test_unseen_00099,structure_aware,50,unseen,The lines 2x + y = 7 and -3x - 5y = 21 intersect. Give the y-coordinate.,-9,4,False,linear_elimination,linear_inequality,False,solve_linear_system,solve_linear_system,True,"STRUCTURE: linear_inequality
TOOL: solve_linear_system
ANSWER: 4"
test_unseen_00100,structure_aware,50,unseen,"At a fixed rate, 5 items cost 8 dollars. What do 25 items cost?",40,40,True,ratio_proportion,ratio_proposition,False,solve_proportion,solve_proportionality,False,"STRUCTURE: ratio_proposition
TOOL: solve_proportionality
ANSWER: 40"
test_unseen_00101,structure_aware,50,unseen,A machine begins at 7; after each round it changes its value by 2. What value appears after 7 updates?,21,14,False,recurrence,iterated_update,False,unroll_recurrence,evaluate_sequence,False,"STRUCTURE: iterated_update
TOOL: evaluate_sequence
ANSWER: 14"
test_unseen_00102,structure_aware,50,unseen,The roots x and y of t^2 - (10)t + (-24) = 0 are real. Find x^2 + y^2.,148,36,False,symmetric_polynomial_identity,symmetric_polynomial_identity,True,expand_symmetric_identity,expand_symmetric_identity,True,"STRUCTURE: symmetric_polynomial_identity
TOOL: expand_symmetric_identity
ANSWER: 36"
test_unseen_00103,structure_aware,50,unseen,A square of side 23 is removed from a square of side 80. What area remains?,5871,1456,False,factorization,difference,False,factor_difference_of_squares,subtract_area,False,"STRUCTURE: difference
TOOL: subtract_area
ANSWER: 1456"
test_unseen_00104,structure_aware,50,unseen,A rule maps q to -5q^2 + 4q - 2. Determine its output at q = 0.,-2,-2,True,substitution,polynomial_trigonometric,False,substitute_expression,simplify_polynomial,False,"STRUCTURE: polynomial_trigonometric
TOOL: simplify_polynomial
ANSWER: -2"
test_unseen_00105,structure_aware,50,unseen,Find the value of x satisfying both constraints: -5x + 2y = -24 and 2x + 4y = 48.,8,3,False,linear_elimination,linear_system,False,solve_linear_system,solve_linear_system,True,"STRUCTURE: linear_system
TOOL: solve_linear_system
ANSWER: 3"
test_unseen_00106,structure_aware,50,unseen,Complete the equivalent fractions: 6/11 = 30/[blank].,55,235,False,ratio_proportion,ratio_equation,False,solve_proportion,solve_ratio_equation,False,"STRUCTURE: ratio_equation
TOOL: solve_ratio_equation
ANSWER: 235"
test_unseen_00107,structure_aware,50,unseen,"Unroll b(n+1) = b(n) + 1, with b(1) = 16, to obtain b(12).",27,304,False,recurrence,recurrence_relation,False,unroll_recurrence,unroll_recurrence,True,"STRUCTURE: recurrence_relation
TOOL: unroll_recurrence
ANSWER: 304"
test_unseen_00108,structure_aware,50,unseen,"Without solving for x and y, evaluate x^2 + y^2 when x + y = 15 and xy = 14.",197,38,False,symmetric_polynomial_identity,symmetric_polynomial_identity,True,expand_symmetric_identity,expand_symmetric_identity,True,"STRUCTURE: symmetric_polynomial_identity
TOOL: expand_symmetric_identity
ANSWER: 38"
test_unseen_00109,structure_aware,50,unseen,"Using (u - v)(u + v), calculate 74^2 - 15^2.",5251,3600,False,factorization,factorization,True,factor_difference_of_squares,factor_difference_of_squares,True,"STRUCTURE: factorization
TOOL: factor_difference_of_squares
ANSWER: 3600"
test_unseen_00110,structure_aware,50,unseen,What number does -5u^2 - 6u - 6 produce when u is 0?,-6,-6,True,substitution,polynomial_factorization,False,substitute_expression,factor_polynomial,False,"STRUCTURE: polynomial_factorization
TOOL: factor_polynomial
ANSWER: -6"
test_unseen_00111,structure_aware,50,unseen,The lines -3x - y = 2 and -5x - 5y = 10 intersect. Give the x-coordinate.,0,1,False,linear_elimination,linear_inequality,False,solve_linear_system,solve_linear_system,True,"STRUCTURE: linear_inequality
TOOL: solve_linear_system
ANSWER: 1"
test_unseen_00112,structure_aware,50,unseen,"At a fixed rate, 8 items cost 17 dollars. What do 80 items cost?",170,120,False,ratio_proportion,ratio_proportion,True,solve_proportion,solve_proportions,False,"STRUCTURE: ratio_proportion
TOOL: solve_proportions
ANSWER: 120"
test_unseen_00113,structure_aware,50,unseen,A machine begins at 18; after each round it changes its value by -2. What value appears after 5 updates?,8,-30,False,recurrence,iterated_update,False,unroll_recurrence,evaluate_expression,False,"STRUCTURE: iterated_update
TOOL: evaluate_expression
ANSWER: -30"
test_unseen_00114,structure_aware,50,unseen,The roots x and y of t^2 - (9)t + (14) = 0 are real. Find x^2 + y^2.,53,85,False,symmetric_polynomial_identity,symmetric_polynomial_identity,True,expand_symmetric_identity,expand_symmetric_identity,True,"STRUCTURE: symmetric_polynomial_identity
TOOL: expand_symmetric_identity
ANSWER: 85"
test_unseen_00115,structure_aware,50,unseen,A square of side 14 is removed from a square of side 77. What area remains?,5733,385,False,factorization,factorization,True,factor_difference_of_squares,factor_difference,False,"STRUCTURE: factorization
TOOL: factor_difference
ANSWER: 385"
test_unseen_00116,structure_aware,50,unseen,A rule maps q to -q^2 + 2q - 8. Determine its output at q = 7.,-43,-154,False,substitution,polynomial_trigonometric,False,substitute_expression,evaluate_polynomial,False,"STRUCTURE: polynomial_trigonometric
TOOL: evaluate_polynomial
ANSWER: -154"
test_unseen_00117,structure_aware,50,unseen,Find the value of y satisfying both constraints: 5x + 3y = 15 and 4x + y = 12.,0,-0.5,False,linear_elimination,linear_system,False,solve_linear_system,solve_linear_system,True,"STRUCTURE: linear_system
TOOL: solve_linear_system
ANSWER: -0.5"
test_unseen_00118,structure_aware,50,unseen,Complete the equivalent fractions: 10/3 = 70/[blank].,21,25,False,ratio_proportion,ratio_equation,False,solve_proportion,simplify_ratio,False,"STRUCTURE: ratio_equation
TOOL: simplify_ratio
ANSWER: 25"
test_unseen_00119,structure_aware,50,unseen,"Unroll b(n+1) = b(n) - 1, with b(1) = -16, to obtain b(3).",-18,-20,False,recurrence,unrolled_formula,False,unroll_recurrence,expand_unrolled_formula,False,"STRUCTURE: unrolled_formula
TOOL: expand_unrolled_formula
ANSWER: -20"
test_seen_00000,baseline,100,seen,"If x + y = -20 and xy = 84, find x^2 + y^2.",232,169,False,symmetric_polynomial_identity,,,expand_symmetric_identity,,, 169
test_seen_00001,baseline,100,seen,Evaluate 71^2 - 11^2.,4920,4600,False,factorization,,,factor_difference_of_squares,,, 4600
test_seen_00002,baseline,100,seen,Let f(t) = t^2 - 5t + 2. Find f(2).,-4,4,False,substitution,,,substitute_expression,,, 4
test_seen_00003,baseline,100,seen,Solve 4x + 3y = -3 and x + y = -3. What is x?,6,-1,False,linear_elimination,,,solve_linear_system,,, -1
test_seen_00004,baseline,100,seen,Solve the proportion 2/5 = 6/x for x.,15,15,True,ratio_proportion,,,solve_proportion,,, 15
test_seen_00005,baseline,100,seen,A sequence starts with a1 = -11 and each next term is the current term + 4. Find a4.,1,17,False,recurrence,,,unroll_recurrence,,, 17
test_seen_00006,baseline,100,seen,Two numbers have sum -9 and product -10. What is the sum of their squares?,101,35,False,symmetric_polynomial_identity,,,expand_symmetric_identity,,, 35
test_seen_00007,baseline,100,seen,Compute the difference of squares: 42 squared minus 33 squared.,675,105,False,factorization,,,factor_difference_of_squares,,, 105
test_seen_00008,baseline,100,seen,Substitute z = 2 into 2z^2 + 8z - 4.,20,20,True,substitution,,,substitute_expression,,, 20
test_seen_00009,baseline,100,seen,The equations -4x - 5y = 1 and 4x - 5y = -31 hold simultaneously. Find x.,-4,-2,False,linear_elimination,,,solve_linear_system,,, -2
test_seen_00010,baseline,100,seen,"If 2:7 = 12:x, what is x?",42,42,True,ratio_proportion,,,solve_proportion,,, 42
test_seen_00011,baseline,100,seen,"Starting at -16, repeatedly change the value by -1. What is term 11, counting the start as term 1?",-26,-17,False,recurrence,,,unroll_recurrence,,, -17
test_seen_00012,baseline,100,seen,"Given s = x + y = -8 and p = xy = -48, compute x^2 + y^2.",160,169,False,symmetric_polynomial_identity,,,expand_symmetric_identity,,, 169
test_seen_00013,baseline,100,seen,What is 43^2 - 39^2? Use factorization if helpful.,328,105,False,factorization,,,factor_difference_of_squares,,, 105
test_seen_00014,baseline,100,seen,"For P(x) = -4x^2 + 6x + 8, evaluate P(7).",-146,-51,False,substitution,,,substitute_expression,,, -51
test_seen_00015,baseline,100,seen,Use elimination on the system 3x + 5y = 8; 2x - 3y = -1. Determine x.,1,2,False,linear_elimination,,,solve_linear_system,,, 2
test_seen_00016,baseline,100,seen,The ratio 15 to 4 equals the ratio 105 to x. Find x.,28,35,False,ratio_proportion,,,solve_proportion,,, 35
test_seen_00017,baseline,100,seen,An arithmetic sequence has first term 17 and common difference -8. Find its 7th term.,-31,1/2,False,recurrence,,,unroll_recurrence,,, 1/2
test_seen_00018,baseline,100,seen,"If x + y = -4 and xy = -60, find x^2 + y^2.",136,155,False,symmetric_polynomial_identity,,,expand_symmetric_identity,,, 155
test_seen_00019,baseline,100,seen,Evaluate 45^2 - 40^2.,425,750,False,factorization,,,factor_difference_of_squares,,, 750
test_seen_00020,baseline,100,seen,Let f(t) = 4t^2 - 5t - 3. Find f(0).,-3,15,False,substitution,,,substitute_expression,,, 15
test_seen_00021,baseline,100,seen,Solve -5x + 2y = -2 and x + 4y = 18. What is x?,2,-3,False,linear_elimination,,,solve_linear_system,,, -3
test_seen_00022,baseline,100,seen,Solve the proportion 7/6 = 84/x for x.,72,64,False,ratio_proportion,,,solve_proportion,,, 64
test_seen_00023,baseline,100,seen,A sequence starts with a1 = -11 and each next term is the current term - 7. Find a12.,-88,-35,False,recurrence,,,unroll_recurrence,,, -35
test_seen_00024,baseline,100,seen,Two numbers have sum 4 and product -60. What is the sum of their squares?,136,153,False,symmetric_polynomial_identity,,,expand_symmetric_identity,,, 153
test_seen_00025,baseline,100,seen,Compute the difference of squares: 77 squared minus 8 squared.,5865,5025,False,factorization,,,factor_difference_of_squares,,, 5025
test_seen_00026,baseline,100,seen,Substitute z = -7 into 2z^2 + 6z + 6.,62,14,False,substitution,,,substitute_expression,,, 14
test_seen_00027,baseline,100,seen,The equations -4x - 4y = 56 and -3x - 5y = 60 hold simultaneously. Find y.,-9,-1,False,linear_elimination,,,solve_linear_system,,, -1
test_seen_00028,baseline,100,seen,"If 3:19 = 27:x, what is x?",171,51,False,ratio_proportion,,,solve_proportion,,, 51
test_seen_00029,baseline,100,seen,"Starting at 9, repeatedly change the value by -1. What is term 8, counting the start as term 1?",2,-1,False,recurrence,,,unroll_recurrence,,, -1
test_seen_00030,baseline,100,seen,"Given s = x + y = 27 and p = xy = 180, compute x^2 + y^2.",369,365,False,symmetric_polynomial_identity,,,expand_symmetric_identity,,, 365
test_seen_00031,baseline,100,seen,What is 32^2 - 26^2? Use factorization if helpful.,348,104,False,factorization,,,factor_difference_of_squares,,, 104
test_seen_00032,baseline,100,seen,"For P(x) = -5x^2 - 6x + 10, evaluate P(-4).",-46,-83,False,substitution,,,substitute_expression,,, -83
test_seen_00033,baseline,100,seen,Use elimination on the system 5x + 4y = 3; x - y = 6. Determine y.,-3,1,False,linear_elimination,,,solve_linear_system,,, 1
test_seen_00034,baseline,100,seen,The ratio 14 to 12 equals the ratio 112 to x. Find x.,96,88,False,ratio_proportion,,,solve_proportion,,, 88
test_seen_00035,baseline,100,seen,An arithmetic sequence has first term -17 and common difference 3. Find its 5th term.,-5,8,False,recurrence,,,unroll_recurrence,,, 8
test_seen_00036,baseline,100,seen,"If x + y = -8 and xy = -20, find x^2 + y^2.",104,64,False,symmetric_polynomial_identity,,,expand_symmetric_identity,,, 64
test_seen_00037,baseline,100,seen,Evaluate 21^2 - 14^2.,245,305,False,factorization,,,factor_difference_of_squares,,, 305
test_seen_00038,baseline,100,seen,Let f(t) = -2t^2 + t - 5. Find f(-2).,-15,-14,False,substitution,,,substitute_expression,,, -14
test_seen_00039,baseline,100,seen,Solve x + y = -6 and -2x - 5y = 21. What is y?,-3,-4,False,linear_elimination,,,solve_linear_system,,, -4
test_seen_00040,baseline,100,seen,Solve the proportion 10/3 = 30/x for x.,9,9,True,ratio_proportion,,,solve_proportion,,, 9
test_seen_00041,baseline,100,seen,A sequence starts with a1 = -19 and each next term is the current term - 9. Find a11.,-109,-86,False,recurrence,,,unroll_recurrence,,, -86
test_seen_00042,baseline,100,seen,Two numbers have sum 16 and product 48. What is the sum of their squares?,160,256,False,symmetric_polynomial_identity,,,expand_symmetric_identity,,, 256
test_seen_00043,baseline,100,seen,Compute the difference of squares: 67 squared minus 34 squared.,3333,2955,False,factorization,,,factor_difference_of_squares,,, 2955
test_seen_00044,baseline,100,seen,Substitute z = -2 into 4z^2 - 5z + 6.,32,10,False,substitution,,,substitute_expression,,, 10
test_seen_00045,baseline,100,seen,The equations -3x + 2y = -1 and x - 3y = 5 hold simultaneously. Find x.,-1,-4,False,linear_elimination,,,solve_linear_system,,, -4
test_seen_00046,baseline,100,seen,"If 2:5 = 10:x, what is x?",25,25,True,ratio_proportion,,,solve_proportion,,, 25
test_seen_00047,baseline,100,seen,"Starting at 16, repeatedly change the value by -6. What is term 12, counting the start as term 1?",-50,-30,False,recurrence,,,unroll_recurrence,,, -30
test_seen_00048,baseline,100,seen,"Given s = x + y = -11 and p = xy = 18, compute x^2 + y^2.",85,65,False,symmetric_polynomial_identity,,,expand_symmetric_identity,,, 65
test_seen_00049,baseline,100,seen,What is 54^2 - 26^2? Use factorization if helpful.,2240,1308,False,factorization,,,factor_difference_of_squares,,, 1308
test_seen_00050,baseline,100,seen,"For P(x) = -4x^2 - 8x - 7, evaluate P(-1).",-3,-3,True,substitution,,,substitute_expression,,, -3
test_seen_00051,baseline,100,seen,Use elimination on the system 3x + 4y = -14; -3x - 2y = 16. Determine x.,-6,-5,False,linear_elimination,,,solve_linear_system,,, -5
test_seen_00052,baseline,100,seen,The ratio 5 to 3 equals the ratio 15 to x. Find x.,9,9,True,ratio_proportion,,,solve_proportion,,, 9
test_seen_00053,baseline,100,seen,An arithmetic sequence has first term 10 and common difference -1. Find its 14th term.,-3,9,False,recurrence,,,unroll_recurrence,,, 9
test_seen_00054,baseline,100,seen,"If x + y = 7 and xy = -98, find x^2 + y^2.",245,250,False,symmetric_polynomial_identity,,,expand_symmetric_identity,,, 250
test_seen_00055,baseline,100,seen,Evaluate 48^2 - 43^2.,455,1655,False,factorization,,,factor_difference_of_squares,,, 1655
test_seen_00056,baseline,100,seen,Let f(t) = 3t^2 + 2t - 8. Find f(-2).,0,14,False,substitution,,,substitute_expression,,, 14
test_seen_00057,baseline,100,seen,Solve -2x + 2y = -14 and 5x - 3y = 17. What is y?,-9,-2,False,linear_elimination,,,solve_linear_system,,, -2
test_seen_00058,baseline,100,seen,Solve the proportion 11/16 = 66/x for x.,96,70,False,ratio_proportion,,,solve_proportion,,, 70
test_seen_00059,baseline,100,seen,A sequence starts with a1 = 8 and each next term is the current term + 7. Find a7.,50,29,False,recurrence,,,unroll_recurrence,,, 29
test_seen_00060,baseline,100,seen,Two numbers have sum 29 and product 210. What is the sum of their squares?,421,365,False,symmetric_polynomial_identity,,,expand_symmetric_identity,,, 365
test_seen_00061,baseline,100,seen,Compute the difference of squares: 69 squared minus 37 squared.,3392,2014,False,factorization,,,factor_difference_of_squares,,, 2014
test_seen_00062,baseline,100,seen,Substitute z = -1 into 4z^2 + 5z + 11.,10,3,False,substitution,,,substitute_expression,,, 3
test_seen_00063,baseline,100,seen,The equations -4x - 2y = -46 and 4x + 5y = 73 hold simultaneously. Find x.,7,-10,False,linear_elimination,,,solve_linear_system,,, -10
test_seen_00064,baseline,100,seen,"If 11:2 = 132:x, what is x?",24,26,False,ratio_proportion,,,solve_proportion,,, 26
test_seen_00065,baseline,100,seen,"Starting at -6, repeatedly change the value by -7. What is term 6, counting the start as term 1?",-41,-35,False,recurrence,,,unroll_recurrence,,, -35
test_seen_00066,baseline,100,seen,"Given s = x + y = -5 and p = xy = -36, compute x^2 + y^2.",97,80,False,symmetric_polynomial_identity,,,expand_symmetric_identity,,, 80
test_seen_00067,baseline,100,seen,What is 39^2 - 35^2? Use factorization if helpful.,296,1080,False,factorization,,,factor_difference_of_squares,,, 1080
test_seen_00068,baseline,100,seen,"For P(x) = -x^2 - 3x + 3, evaluate P(0).",3,-3,False,substitution,,,substitute_expression,,, -3
test_seen_00069,baseline,100,seen,Use elimination on the system -x + 2y = -4; -3x - 4y = -12. Determine y.,0,-5,False,linear_elimination,,,solve_linear_system,,, -5
test_seen_00070,baseline,100,seen,The ratio 7 to 12 equals the ratio 49 to x. Find x.,84,36,False,ratio_proportion,,,solve_proportion,,, 36
test_seen_00071,baseline,100,seen,An arithmetic sequence has first term 4 and common difference -6. Find its 14th term.,-74,8,False,recurrence,,,unroll_recurrence,,, 8
test_seen_00072,baseline,100,seen,"If x + y = -6 and xy = 5, find x^2 + y^2.",26,31,False,symmetric_polynomial_identity,,,expand_symmetric_identity,,, 31
test_seen_00073,baseline,100,seen,Evaluate 46^2 - 15^2.,1891,2085,False,factorization,,,factor_difference_of_squares,,, 2085
test_seen_00074,baseline,100,seen,Let f(t) = 3t^2 - 3t - 1. Find f(-3).,35,54,False,substitution,,,substitute_expression,,, 54
test_seen_00075,baseline,100,seen,Solve 4x - y = 18 and 3x + 5y = 2. What is x?,4,0,False,linear_elimination,,,solve_linear_system,,, 0
test_seen_00076,baseline,100,seen,Solve the proportion 4/11 = 16/x for x.,44,32,False,ratio_proportion,,,solve_proportion,,, 32
test_seen_00077,baseline,100,seen,A sequence starts with a1 = -7 and each next term is the current term - 5. Find a5.,-27,-30,False,recurrence,,,unroll_recurrence,,, -30
test_seen_00078,baseline,100,seen,Two numbers have sum 4 and product 3. What is the sum of their squares?,10,20,False,symmetric_polynomial_identity,,,expand_symmetric_identity,,, 20
test_seen_00079,baseline,100,seen,Compute the difference of squares: 48 squared minus 14 squared.,2108,2080,False,factorization,,,factor_difference_of_squares,,, 2080
test_seen_00080,baseline,100,seen,Substitute z = -5 into 3z^2 + 4z + 4.,59,69,False,substitution,,,substitute_expression,,, 69
test_seen_00081,baseline,100,seen,The equations x - y = 5 and 3x - y = 3 hold simultaneously. Find x.,-1,2,False,linear_elimination,,,solve_linear_system,,, 2
test_seen_00082,baseline,100,seen,"If 4:20 = 40:x, what is x?",200,8,False,ratio_proportion,,,solve_proportion,,, 8
test_seen_00083,baseline,100,seen,"Starting at -17, repeatedly change the value by 4. What is term 9, counting the start as term 1?",15,2,False,recurrence,,,unroll_recurrence,,, 2
test_seen_00084,baseline,100,seen,"Given s = x + y = 2 and p = xy = -3, compute x^2 + y^2.",10,10,True,symmetric_polynomial_identity,,,expand_symmetric_identity,,, 10
test_seen_00085,baseline,100,seen,What is 72^2 - 42^2? Use factorization if helpful.,3420,3084,False,factorization,,,factor_difference_of_squares,,, 3084
test_seen_00086,baseline,100,seen,"For P(x) = 4x^2 + 7x + 5, evaluate P(3).",62,68,False,substitution,,,substitute_expression,,, 68
test_seen_00087,baseline,100,seen,Use elimination on the system 5x + 2y = -48; 2x - 4y = 24. Determine y.,-9,-6,False,linear_elimination,,,solve_linear_system,,, -6
test_seen_00088,baseline,100,seen,The ratio 3 to 8 equals the ratio 27 to x. Find x.,72,64,False,ratio_proportion,,,solve_proportion,,, 64
test_seen_00089,baseline,100,seen,An arithmetic sequence has first term 14 and common difference -7. Find its 9th term.,-42,1,False,recurrence,,,unroll_recurrence,,," 1  
Explanation: The 9th term of an arithmetic sequence is calculated using the formula:

\[ a_n = a_1 + (n-1)d \]

Where:
- \(a_n\) is the nth term,
- \(a_1\) is the first term, which is 14 in"
test_seen_00090,baseline,100,seen,"If x + y = -11 and xy = 0, find x^2 + y^2.",121,36,False,symmetric_polynomial_identity,,,expand_symmetric_identity,,, 36
test_seen_00091,baseline,100,seen,Evaluate 59^2 - 13^2.,3312,3048,False,factorization,,,factor_difference_of_squares,,, 3048
test_seen_00092,baseline,100,seen,Let f(t) = -5t^2 - 6t - 4. Find f(-2).,-12,-30,False,substitution,,,substitute_expression,,, -30
test_seen_00093,baseline,100,seen,Solve -4x + y = 25 and 2x - 5y = 19. What is x?,-8,-3,False,linear_elimination,,,solve_linear_system,,, -3
test_seen_00094,baseline,100,seen,Solve the proportion 12/4 = 60/x for x.,20,24,False,ratio_proportion,,,solve_proportion,,, 24
test_seen_00095,baseline,100,seen,A sequence starts with a1 = -8 and each next term is the current term - 6. Find a12.,-74,-30,False,recurrence,,,unroll_recurrence,,, -30
test_seen_00096,baseline,100,seen,Two numbers have sum -17 and product 72. What is the sum of their squares?,145,285,False,symmetric_polynomial_identity,,,expand_symmetric_identity,,, 285
test_seen_00097,baseline,100,seen,Compute the difference of squares: 55 squared minus 4 squared.,3009,2961,False,factorization,,,factor_difference_of_squares,,, 2961
test_seen_00098,baseline,100,seen,Substitute z = -3 into -5z^2 - 5z - 9.,-39,-54,False,substitution,,,substitute_expression,,, -54
test_seen_00099,baseline,100,seen,The equations 4x + 3y = -57 and 5x + 5y = -80 hold simultaneously. Find x.,-9,-1,False,linear_elimination,,,solve_linear_system,,, -1
test_seen_00100,baseline,100,seen,"If 6:10 = 48:x, what is x?",80,72,False,ratio_proportion,,,solve_proportion,,, 72
test_seen_00101,baseline,100,seen,"Starting at -10, repeatedly change the value by -4. What is term 13, counting the start as term 1?",-58,-28,False,recurrence,,,unroll_recurrence,,, -28
test_seen_00102,baseline,100,seen,"Given s = x + y = 2 and p = xy = -35, compute x^2 + y^2.",74,64,False,symmetric_polynomial_identity,,,expand_symmetric_identity,,, 64
test_seen_00103,baseline,100,seen,What is 70^2 - 33^2? Use factorization if helpful.,3811,4155,False,factorization,,,factor_difference_of_squares,,, 4155
test_seen_00104,baseline,100,seen,"For P(x) = 2x^2 + 5x + 9, evaluate P(-2).",7,13,False,substitution,,,substitute_expression,,, 13
test_seen_00105,baseline,100,seen,Use elimination on the system 4x - 2y = 16; 2x + y = 12. Determine y.,2,-3,False,linear_elimination,,,solve_linear_system,,, -3
test_seen_00106,baseline,100,seen,The ratio 15 to 2 equals the ratio 150 to x. Find x.,20,150,False,ratio_proportion,,,solve_proportion,,, 150
test_seen_00107,baseline,100,seen,An arithmetic sequence has first term 8 and common difference -5. Find its 3th term.,-2,"1 Explanation: The third term of an arithmetic sequence is found by adding the common difference to the first term. Therefore, the 3rd term = First Term + (Common Difference x Number of Terms) = 8 + (-5) x 2 = 1.",False,recurrence,,,unroll_recurrence,,," 1 Explanation: The third term of an arithmetic sequence is found by adding the common difference to the first term. Therefore, the 3rd term = First Term + (Common Difference x Number of Terms) = 8 + (-5) x 2 = 1."
test_seen_00108,baseline,100,seen,"If x + y = -27 and xy = 180, find x^2 + y^2.",369,365,False,symmetric_polynomial_identity,,,expand_symmetric_identity,,, 365
test_seen_00109,baseline,100,seen,Evaluate 76^2 - 43^2.,3927,5081,False,factorization,,,factor_difference_of_squares,,, 5081
test_seen_00110,baseline,100,seen,Let f(t) = 4t^2 + 4t - 5. Find f(0).,-5,5,False,substitution,,,substitute_expression,,, 5
test_seen_00111,baseline,100,seen,Solve -4x - 3y = 42 and -5x + 3y = 39. What is x?,-9,-1,False,linear_elimination,,,solve_linear_system,,, -1
test_seen_00112,baseline,100,seen,Solve the proportion 2/4 = 10/x for x.,20,20,True,ratio_proportion,,,solve_proportion,,, 20
test_seen_00113,baseline,100,seen,A sequence starts with a1 = 15 and each next term is the current term - 6. Find a11.,-45,-6,False,recurrence,,,unroll_recurrence,,, -6
test_seen_00114,baseline,100,seen,Two numbers have sum 12 and product -28. What is the sum of their squares?,200,64,False,symmetric_polynomial_identity,,,expand_symmetric_identity,,, 64
test_seen_00115,baseline,100,seen,Compute the difference of squares: 36 squared minus 34 squared.,140,108,False,factorization,,,factor_difference_of_squares,,, 108
test_seen_00116,baseline,100,seen,Substitute z = -3 into z^2 + 2z - 1.,2,4,False,substitution,,,substitute_expression,,, 4
test_seen_00117,baseline,100,seen,The equations -5x + 2y = -4 and -4x - 5y = -56 hold simultaneously. Find x.,4,-3,False,linear_elimination,,,solve_linear_system,,, -3
test_seen_00118,baseline,100,seen,"If 2:2 = 16:x, what is x?",16,8,False,ratio_proportion,,,solve_proportion,,, 8
test_seen_00119,baseline,100,seen,"Starting at -4, repeatedly change the value by -1. What is term 11, counting the start as term 1?",-14,-9,False,recurrence,,,unroll_recurrence,,, -9
test_unseen_00000,baseline,100,unseen,"Without solving for x and y, evaluate x^2 + y^2 when x + y = -1 and xy = -2.",5,5,True,symmetric_polynomial_identity,,,expand_symmetric_identity,,, 5
test_unseen_00001,baseline,100,unseen,"Using (u - v)(u + v), calculate 44^2 - 36^2.",640,108,False,factorization,,,factor_difference_of_squares,,, 108
test_unseen_00002,baseline,100,unseen,What number does -3u^2 + 4u - 5 produce when u is -3?,-44,-19,False,substitution,,,substitute_expression,,, -19
test_unseen_00003,baseline,100,unseen,The lines -4x + 4y = 28 and -5x - 4y = 53 intersect. Give the x-coordinate.,-9,-1,False,linear_elimination,,,solve_linear_system,,, -1
test_unseen_00004,baseline,100,unseen,"At a fixed rate, 14 items cost 18 dollars. What do 84 items cost?",108,168,False,ratio_proportion,,,solve_proportion,,, 168
test_unseen_00005,baseline,100,unseen,A machine begins at 17; after each round it changes its value by 4. What value appears after 8 updates?,49,50,False,recurrence,,,unroll_recurrence,,, 50
test_unseen_00006,baseline,100,unseen,The roots x and y of t^2 - (16)t + (63) = 0 are real. Find x^2 + y^2.,130,85,False,symmetric_polynomial_identity,,,expand_symmetric_identity,,, 85
test_unseen_00007,baseline,100,unseen,A square of side 44 is removed from a square of side 65. What area remains?,2289,120,False,factorization,,,factor_difference_of_squares,,, 120
test_unseen_00008,baseline,100,unseen,A rule maps q to q^2 - 6q - 2. Determine its output at q = 6.,-2,18,False,substitution,,,substitute_expression,,, 18
test_unseen_00009,baseline,100,unseen,Find the value of x satisfying both constraints: -4x + 3y = -12 and -4x + 4y = -16.,0,-1,False,linear_elimination,,,solve_linear_system,,, -1
test_unseen_00010,baseline,100,unseen,Complete the equivalent fractions: 6/12 = 18/[blank].,36,12,False,ratio_proportion,,,solve_proportion,,, 12
test_unseen_00011,baseline,100,unseen,"Unroll b(n+1) = b(n) + 1, with b(1) = -18, to obtain b(8).",-11,96,False,recurrence,,,unroll_recurrence,,, 96
test_unseen_00012,baseline,100,unseen,"Without solving for x and y, evaluate x^2 + y^2 when x + y = -15 and xy = 36.",153,144,False,symmetric_polynomial_identity,,,expand_symmetric_identity,,, 144
test_unseen_00013,baseline,100,unseen,"Using (u - v)(u + v), calculate 39^2 - 14^2.",1325,508,False,factorization,,,factor_difference_of_squares,,, 508
test_unseen_00014,baseline,100,unseen,What number does 11 - 3u^2 produce when u is -4?,-37,-20,False,substitution,,,substitute_expression,,, -20
test_unseen_00015,baseline,100,unseen,The lines 5x + 5y = -80 and x - 5y = 32 intersect. Give the y-coordinate.,-8,-4,False,linear_elimination,,,solve_linear_system,,, -4
test_unseen_00016,baseline,100,unseen,"At a fixed rate, 7 items cost 17 dollars. What do 84 items cost?",204,168,False,ratio_proportion,,,solve_proportion,,, 168
test_unseen_00017,baseline,100,unseen,A machine begins at 17; after each round it changes its value by 6. What value appears after 14 updates?,101,82,False,recurrence,,,unroll_recurrence,,, 82
test_unseen_00018,baseline,100,unseen,The roots x and y of t^2 - (-9)t + (-22) = 0 are real. Find x^2 + y^2.,125,65,False,symmetric_polynomial_identity,,,expand_symmetric_identity,,, 65
test_unseen_00019,baseline,100,unseen,A square of side 16 is removed from a square of side 78. What area remains?,5828,304,False,factorization,,,factor_difference_of_squares,,, 304
test_unseen_00020,baseline,100,unseen,A rule maps q to 3q^2 + 3q + 7. Determine its output at q = 6.,133,108,False,substitution,,,substitute_expression,,, 108
test_unseen_00021,baseline,100,unseen,Find the value of y satisfying both constraints: -3x - 5y = 29 and -2x - 5y = 21.,-1,-4,False,linear_elimination,,,solve_linear_system,,, -4
test_unseen_00022,baseline,100,unseen,Complete the equivalent fractions: 7/20 = 35/[blank].,100,14,False,ratio_proportion,,,solve_proportion,,, 14
test_unseen_00023,baseline,100,unseen,"Unroll b(n+1) = b(n) + 4, with b(1) = -13, to obtain b(8).",15,50,False,recurrence,,,unroll_recurrence,,, 50
test_unseen_00024,baseline,100,unseen,"Without solving for x and y, evaluate x^2 + y^2 when x + y = -17 and xy = 60.",169,258,False,symmetric_polynomial_identity,,,expand_symmetric_identity,,, 258
test_unseen_00025,baseline,100,unseen,"Using (u - v)(u + v), calculate 24^2 - 16^2.",320,384,False,factorization,,,factor_difference_of_squares,,, 384
test_unseen_00026,baseline,100,unseen,What number does 2u^2 - 7u + 9 produce when u is 2?,3,4,False,substitution,,,substitute_expression,,, 4
test_unseen_00027,baseline,100,unseen,The lines -3x - 3y = 0 and 5x - 5y = 60 intersect. Give the y-coordinate.,-6,1,False,linear_elimination,,,solve_linear_system,,, 1
test_unseen_00028,baseline,100,unseen,"At a fixed rate, 3 items cost 2 dollars. What do 24 items cost?",16,16,True,ratio_proportion,,,solve_proportion,,, 16
test_unseen_00029,baseline,100,unseen,A machine begins at -9; after each round it changes its value by -1. What value appears after 13 updates?,-22,-25,False,recurrence,,,unroll_recurrence,,, -25
test_unseen_00030,baseline,100,unseen,The roots x and y of t^2 - (-3)t + (-54) = 0 are real. Find x^2 + y^2.,117,168,False,symmetric_polynomial_identity,,,expand_symmetric_identity,,, 168
test_unseen_00031,baseline,100,unseen,A square of side 5 is removed from a square of side 41. What area remains?,1656,896,False,factorization,,,factor_difference_of_squares,,, 896
test_unseen_00032,baseline,100,unseen,A rule maps q to 3q^2 - 10. Determine its output at q = 1.,-7,5,False,substitution,,,substitute_expression,,, 5
test_unseen_00033,baseline,100,unseen,Find the value of x satisfying both constraints: -x - 3y = -25 and -3x + 5y = 37.,1,-4,False,linear_elimination,,,solve_linear_system,,, -4
test_unseen_00034,baseline,100,unseen,Complete the equivalent fractions: 3/16 = 24/[blank].,128,16,False,ratio_proportion,,,solve_proportion,,, 16
test_unseen_00035,baseline,100,unseen,"Unroll b(n+1) = b(n) + 3, with b(1) = 8, to obtain b(4).",17,25,False,recurrence,,,unroll_recurrence,,, 25
test_unseen_00036,baseline,100,unseen,"Without solving for x and y, evaluate x^2 + y^2 when x + y = 6 and xy = -91.",218,150,False,symmetric_polynomial_identity,,,expand_symmetric_identity,,, 150
test_unseen_00037,baseline,100,unseen,"Using (u - v)(u + v), calculate 47^2 - 38^2.",765,1059,False,factorization,,,factor_difference_of_squares,,, 1059
test_unseen_00038,baseline,100,unseen,What number does -u^2 + 8u - 1 produce when u is -4?,-49,-35,False,substitution,,,substitute_expression,,, -35
test_unseen_00039,baseline,100,unseen,The lines 3x + 2y = -28 and -4x + 3y = 26 intersect. Give the y-coordinate.,-2,1,False,linear_elimination,,,solve_linear_system,,, 1
test_unseen_00040,baseline,100,unseen,"At a fixed rate, 15 items cost 15 dollars. What do 60 items cost?",60,9,False,ratio_proportion,,,solve_proportion,,, 9
test_unseen_00041,baseline,100,unseen,A machine begins at -4; after each round it changes its value by 6. What value appears after 4 updates?,20,0,False,recurrence,,,unroll_recurrence,,, 0
test_unseen_00042,baseline,100,unseen,The roots x and y of t^2 - (6)t + (-112) = 0 are real. Find x^2 + y^2.,260,145,False,symmetric_polynomial_identity,,,expand_symmetric_identity,,, 145
test_unseen_00043,baseline,100,unseen,A square of side 40 is removed from a square of side 64. What area remains?,2496,128,False,factorization,,,factor_difference_of_squares,,, 128
test_unseen_00044,baseline,100,unseen,A rule maps q to 4q^2 - 5q - 2. Determine its output at q = -2.,24,10,False,substitution,,,substitute_expression,,, 10
test_unseen_00045,baseline,100,unseen,Find the value of y satisfying both constraints: -5x - 4y = -10 and x + 5y = -19.,-5,-2,False,linear_elimination,,,solve_linear_system,,, -2
test_unseen_00046,baseline,100,unseen,Complete the equivalent fractions: 8/20 = 96/[blank].,240,16,False,ratio_proportion,,,solve_proportion,,, 16
test_unseen_00047,baseline,100,unseen,"Unroll b(n+1) = b(n) + 8, with b(1) = 8, to obtain b(6).",48,72,False,recurrence,,,unroll_recurrence,,, 72
test_unseen_00048,baseline,100,unseen,"Without solving for x and y, evaluate x^2 + y^2 when x + y = -18 and xy = 80.",164,256,False,symmetric_polynomial_identity,,,expand_symmetric_identity,,, 256
test_unseen_00049,baseline,100,unseen,"Using (u - v)(u + v), calculate 12^2 - 11^2.",23,40,False,factorization,,,factor_difference_of_squares,,, 40
test_unseen_00050,baseline,100,unseen,What number does u^2 + u - 12 produce when u is 1?,-10,-6,False,substitution,,,substitute_expression,,, -6
test_unseen_00051,baseline,100,unseen,The lines -3x - 2y = 19 and 3x - 5y = 16 intersect. Give the x-coordinate.,-3,-1,False,linear_elimination,,,solve_linear_system,,, -1
test_unseen_00052,baseline,100,unseen,"At a fixed rate, 3 items cost 5 dollars. What do 24 items cost?",40,30,False,ratio_proportion,,,solve_proportion,,, 30
test_unseen_00053,baseline,100,unseen,A machine begins at 12; after each round it changes its value by 9. What value appears after 2 updates?,30,35,False,recurrence,,,unroll_recurrence,,, 35
test_unseen_00054,baseline,100,unseen,The roots x and y of t^2 - (18)t + (65) = 0 are real. Find x^2 + y^2.,194,73,False,symmetric_polynomial_identity,,,expand_symmetric_identity,,, 73
test_unseen_00055,baseline,100,unseen,A square of side 21 is removed from a square of side 47. What area remains?,1768,308,False,factorization,,,factor_difference_of_squares,,, 308
test_unseen_00056,baseline,100,unseen,A rule maps q to 8 - 3q^2. Determine its output at q = -5.,-67,10,False,substitution,,,substitute_expression,,, 10
test_unseen_00057,baseline,100,unseen,Find the value of x satisfying both constraints: 4x - y = -29 and -5x - 5y = 30.,-7,-1,False,linear_elimination,,,solve_linear_system,,, -1
test_unseen_00058,baseline,100,unseen,Complete the equivalent fractions: 3/8 = 6/[blank].,16,2,False,ratio_proportion,,,solve_proportion,,, 2
test_unseen_00059,baseline,100,unseen,"Unroll b(n+1) = b(n) - 4, with b(1) = -16, to obtain b(5).",-32,20,False,recurrence,,,unroll_recurrence,,, 20
test_unseen_00060,baseline,100,unseen,"Without solving for x and y, evaluate x^2 + y^2 when x + y = -10 and xy = -24.",148,169,False,symmetric_polynomial_identity,,,expand_symmetric_identity,,, 169
test_unseen_00061,baseline,100,unseen,"Using (u - v)(u + v), calculate 67^2 - 12^2.",4345,3081,False,factorization,,,factor_difference_of_squares,,, 3081
test_unseen_00062,baseline,100,unseen,What number does -u^2 + 4u - 1 produce when u is -4?,-33,-35,False,substitution,,,substitute_expression,,, -35
test_unseen_00063,baseline,100,unseen,The lines -3x - y = -26 and -x + y = -10 intersect. Give the x-coordinate.,9,1,False,linear_elimination,,,solve_linear_system,,, 1
test_unseen_00064,baseline,100,unseen,"At a fixed rate, 12 items cost 7 dollars. What do 108 items cost?",63,36,False,ratio_proportion,,,solve_proportion,,, 36
test_unseen_00065,baseline,100,unseen,A machine begins at -2; after each round it changes its value by -4. What value appears after 9 updates?,-38,-16,False,recurrence,,,unroll_recurrence,,, -16
test_unseen_00066,baseline,100,unseen,The roots x and y of t^2 - (27)t + (182) = 0 are real. Find x^2 + y^2.,365,35,False,symmetric_polynomial_identity,,,expand_symmetric_identity,,, 35
test_unseen_00067,baseline,100,unseen,A square of side 33 is removed from a square of side 64. What area remains?,3007,1296,False,factorization,,,factor_difference_of_squares,,, 1296
test_unseen_00068,baseline,100,unseen,A rule maps q to -q^2 + q + 10. Determine its output at q = 2.,8,-3,False,substitution,,,substitute_expression,,, -3
test_unseen_00069,baseline,100,unseen,Find the value of y satisfying both constraints: x + 2y = 17 and 2x - 4y = -14.,6,3,False,linear_elimination,,,solve_linear_system,,, 3
test_unseen_00070,baseline,100,unseen,Complete the equivalent fractions: 11/8 = 66/[blank].,48,64,False,ratio_proportion,,,solve_proportion,,, 64
test_unseen_00071,baseline,100,unseen,"Unroll b(n+1) = b(n) - 2, with b(1) = 10, to obtain b(13).",-14,45,False,recurrence,,,unroll_recurrence,,, 45
test_unseen_00072,baseline,100,unseen,"Without solving for x and y, evaluate x^2 + y^2 when x + y = -18 and xy = 56.",212,304,False,symmetric_polynomial_identity,,,expand_symmetric_identity,,, 304
test_unseen_00073,baseline,100,unseen,"Using (u - v)(u + v), calculate 40^2 - 25^2.",975,1600,False,factorization,,,factor_difference_of_squares,,, 1600
test_unseen_00074,baseline,100,unseen,What number does 2u^2 + 5u - 3 produce when u is -7?,60,19,False,substitution,,,substitute_expression,,, 19
test_unseen_00075,baseline,100,unseen,The lines x - 4y = -33 and -5x - 2y = -11 intersect. Give the y-coordinate.,8,-6,False,linear_elimination,,,solve_linear_system,,, -6
test_unseen_00076,baseline,100,unseen,"At a fixed rate, 2 items cost 7 dollars. What do 24 items cost?",84,84,True,ratio_proportion,,,solve_proportion,,, 84
test_unseen_00077,baseline,100,unseen,A machine begins at 0; after each round it changes its value by -3. What value appears after 12 updates?,-36,-15,False,recurrence,,,unroll_recurrence,,, -15
test_unseen_00078,baseline,100,unseen,The roots x and y of t^2 - (12)t + (35) = 0 are real. Find x^2 + y^2.,74,46,False,symmetric_polynomial_identity,,,expand_symmetric_identity,,, 46
test_unseen_00079,baseline,100,unseen,A square of side 23 is removed from a square of side 52. What area remains?,2175,108,False,factorization,,,factor_difference_of_squares,,, 108
test_unseen_00080,baseline,100,unseen,A rule maps q to 3q^2 - 8q + 6. Determine its output at q = 2.,2,10,False,substitution,,,substitute_expression,,, 10
test_unseen_00081,baseline,100,unseen,Find the value of y satisfying both constraints: -3x + 5y = 24 and -2x + 4y = 16.,0,3,False,linear_elimination,,,solve_linear_system,,, 3
test_unseen_00082,baseline,100,unseen,Complete the equivalent fractions: 15/2 = 105/[blank].,14,105,False,ratio_proportion,,,solve_proportion,,, 105
test_unseen_00083,baseline,100,unseen,"Unroll b(n+1) = b(n) - 4, with b(1) = -17, to obtain b(15).",-73,28,False,recurrence,,,unroll_recurrence,,, 28
test_unseen_00084,baseline,100,unseen,"Without solving for x and y, evaluate x^2 + y^2 when x + y = -9 and xy = 18.",45,65,False,symmetric_polynomial_identity,,,expand_symmetric_identity,,, 65
test_unseen_00085,baseline,100,unseen,"Using (u - v)(u + v), calculate 30^2 - 9^2.",819,1564,False,factorization,,,factor_difference_of_squares,,, 1564
test_unseen_00086,baseline,100,unseen,What number does 3u^2 - 11 produce when u is 7?,136,50,False,substitution,,,substitute_expression,,, 50
test_unseen_00087,baseline,100,unseen,The lines 3x + 2y = 8 and -5x - 5y = -25 intersect. Give the x-coordinate.,-2,1,False,linear_elimination,,,solve_linear_system,,, 1
test_unseen_00088,baseline,100,unseen,"At a fixed rate, 8 items cost 2 dollars. What do 80 items cost?",20,10,False,ratio_proportion,,,solve_proportion,,, 10
test_unseen_00089,baseline,100,unseen,A machine begins at -13; after each round it changes its value by -7. What value appears after 14 updates?,-111,-55,False,recurrence,,,unroll_recurrence,,, -55
test_unseen_00090,baseline,100,unseen,The roots x and y of t^2 - (13)t + (36) = 0 are real. Find x^2 + y^2.,97,54,False,symmetric_polynomial_identity,,,expand_symmetric_identity,,, 54
test_unseen_00091,baseline,100,unseen,A square of side 16 is removed from a square of side 72. What area remains?,4928,384,False,factorization,,,factor_difference_of_squares,,, 384
test_unseen_00092,baseline,100,unseen,A rule maps q to 4q^2 - 7q. Determine its output at q = 0.,0,0,True,substitution,,,substitute_expression,,, 0
test_unseen_00093,baseline,100,unseen,Find the value of y satisfying both constraints: 5x - 2y = 31 and -4x + 3y = -15.,7,8,False,linear_elimination,,,solve_linear_system,,, 8
test_unseen_00094,baseline,100,unseen,Complete the equivalent fractions: 3/18 = 12/[blank].,72,6,False,ratio_proportion,,,solve_proportion,,, 6
test_unseen_00095,baseline,100,unseen,"Unroll b(n+1) = b(n) - 3, with b(1) = -14, to obtain b(7).",-32,25,False,recurrence,,,unroll_recurrence,,, 25
test_unseen_00096,baseline,100,unseen,"Without solving for x and y, evaluate x^2 + y^2 when x + y = -15 and xy = 56.",113,348,False,symmetric_polynomial_identity,,,expand_symmetric_identity,,, 348
test_unseen_00097,baseline,100,unseen,"Using (u - v)(u + v), calculate 58^2 - 36^2.",2068,1048,False,factorization,,,factor_difference_of_squares,,, 1048
test_unseen_00098,baseline,100,unseen,What number does -4u^2 + 8u produce when u is 4?,-32,-32,True,substitution,,,substitute_expression,,, -32
test_unseen_00099,baseline,100,unseen,The lines 2x + y = 7 and -3x - 5y = 21 intersect. Give the y-coordinate.,-9,4,False,linear_elimination,,,solve_linear_system,,, 4
test_unseen_00100,baseline,100,unseen,"At a fixed rate, 5 items cost 8 dollars. What do 25 items cost?",40,40,True,ratio_proportion,,,solve_proportion,,, 40
test_unseen_00101,baseline,100,unseen,A machine begins at 7; after each round it changes its value by 2. What value appears after 7 updates?,21,15,False,recurrence,,,unroll_recurrence,,, 15
test_unseen_00102,baseline,100,unseen,The roots x and y of t^2 - (10)t + (-24) = 0 are real. Find x^2 + y^2.,148,65,False,symmetric_polynomial_identity,,,expand_symmetric_identity,,, 65
test_unseen_00103,baseline,100,unseen,A square of side 23 is removed from a square of side 80. What area remains?,5871,1440,False,factorization,,,factor_difference_of_squares,,, 1440
test_unseen_00104,baseline,100,unseen,A rule maps q to -5q^2 + 4q - 2. Determine its output at q = 0.,-2,-10,False,substitution,,,substitute_expression,,, -10
test_unseen_00105,baseline,100,unseen,Find the value of x satisfying both constraints: -5x + 2y = -24 and 2x + 4y = 48.,8,-3,False,linear_elimination,,,solve_linear_system,,, -3
test_unseen_00106,baseline,100,unseen,Complete the equivalent fractions: 6/11 = 30/[blank].,55,33,False,ratio_proportion,,,solve_proportion,,, 33
test_unseen_00107,baseline,100,unseen,"Unroll b(n+1) = b(n) + 1, with b(1) = 16, to obtain b(12).",27,19,False,recurrence,,,unroll_recurrence,,, 19
test_unseen_00108,baseline,100,unseen,"Without solving for x and y, evaluate x^2 + y^2 when x + y = 15 and xy = 14.",197,60,False,symmetric_polynomial_identity,,,expand_symmetric_identity,,, 60
test_unseen_00109,baseline,100,unseen,"Using (u - v)(u + v), calculate 74^2 - 15^2.",5251,3089,False,factorization,,,factor_difference_of_squares,,, 3089
test_unseen_00110,baseline,100,unseen,What number does -5u^2 - 6u - 6 produce when u is 0?,-6,-6,True,substitution,,,substitute_expression,,, -6
test_unseen_00111,baseline,100,unseen,The lines -3x - y = 2 and -5x - 5y = 10 intersect. Give the x-coordinate.,0,-1,False,linear_elimination,,,solve_linear_system,,, -1
test_unseen_00112,baseline,100,unseen,"At a fixed rate, 8 items cost 17 dollars. What do 80 items cost?",170,150,False,ratio_proportion,,,solve_proportion,,, 150
test_unseen_00113,baseline,100,unseen,A machine begins at 18; after each round it changes its value by -2. What value appears after 5 updates?,8,-2,False,recurrence,,,unroll_recurrence,,, -2
test_unseen_00114,baseline,100,unseen,The roots x and y of t^2 - (9)t + (14) = 0 are real. Find x^2 + y^2.,53,35,False,symmetric_polynomial_identity,,,expand_symmetric_identity,,, 35
test_unseen_00115,baseline,100,unseen,A square of side 14 is removed from a square of side 77. What area remains?,5733,308,False,factorization,,,factor_difference_of_squares,,, 308
test_unseen_00116,baseline,100,unseen,A rule maps q to -q^2 + 2q - 8. Determine its output at q = 7.,-43,-15,False,substitution,,,substitute_expression,,, -15
test_unseen_00117,baseline,100,unseen,Find the value of y satisfying both constraints: 5x + 3y = 15 and 4x + y = 12.,0,0,True,linear_elimination,,,solve_linear_system,,, 0
test_unseen_00118,baseline,100,unseen,Complete the equivalent fractions: 10/3 = 70/[blank].,21,3,False,ratio_proportion,,,solve_proportion,,, 3
test_unseen_00119,baseline,100,unseen,"Unroll b(n+1) = b(n) - 1, with b(1) = -16, to obtain b(3).",-18,25,False,recurrence,,,unroll_recurrence,,, 25
test_seen_00000,oracle,100,seen,"If x + y = -20 and xy = 84, find x^2 + y^2.",232,168,False,symmetric_polynomial_identity,,,expand_symmetric_identity,,, 168
test_seen_00001,oracle,100,seen,Evaluate 71^2 - 11^2.,4920,4600,False,factorization,,,factor_difference_of_squares,,, 4600
test_seen_00002,oracle,100,seen,Let f(t) = t^2 - 5t + 2. Find f(2).,-4,4,False,substitution,,,substitute_expression,,, 4
test_seen_00003,oracle,100,seen,Solve 4x + 3y = -3 and x + y = -3. What is x?,6,-2,False,linear_elimination,,,solve_linear_system,,, -2
test_seen_00004,oracle,100,seen,Solve the proportion 2/5 = 6/x for x.,15,15,True,ratio_proportion,,,solve_proportion,,, 15
test_seen_00005,oracle,100,seen,A sequence starts with a1 = -11 and each next term is the current term + 4. Find a4.,1,23,False,recurrence,,,unroll_recurrence,,, 23
test_seen_00006,oracle,100,seen,Two numbers have sum -9 and product -10. What is the sum of their squares?,101,85,False,symmetric_polynomial_identity,,,expand_symmetric_identity,,, 85
test_seen_00007,oracle,100,seen,Compute the difference of squares: 42 squared minus 33 squared.,675,108,False,factorization,,,factor_difference_of_squares,,, 108
test_seen_00008,oracle,100,seen,Substitute z = 2 into 2z^2 + 8z - 4.,20,16,False,substitution,,,substitute_expression,,, 16
test_seen_00009,oracle,100,seen,The equations -4x - 5y = 1 and 4x - 5y = -31 hold simultaneously. Find x.,-4,-2,False,linear_elimination,,,solve_linear_system,,, -2
test_seen_00010,oracle,100,seen,"If 2:7 = 12:x, what is x?",42,42,True,ratio_proportion,,,solve_proportion,,, 42
test_seen_00011,oracle,100,seen,"Starting at -16, repeatedly change the value by -1. What is term 11, counting the start as term 1?",-26,-23,False,recurrence,,,unroll_recurrence,,, -23
test_seen_00012,oracle,100,seen,"Given s = x + y = -8 and p = xy = -48, compute x^2 + y^2.",160,160,True,symmetric_polynomial_identity,,,expand_symmetric_identity,,, 160
test_seen_00013,oracle,100,seen,What is 43^2 - 39^2? Use factorization if helpful.,328,108,False,factorization,,,factor_difference_of_squares,,, 108
test_seen_00014,oracle,100,seen,"For P(x) = -4x^2 + 6x + 8, evaluate P(7).",-146,-13,False,substitution,,,substitute_expression,,, -13
test_seen_00015,oracle,100,seen,Use elimination on the system 3x + 5y = 8; 2x - 3y = -1. Determine x.,1,2,False,linear_elimination,,,solve_linear_system,,, 2
test_seen_00016,oracle,100,seen,The ratio 15 to 4 equals the ratio 105 to x. Find x.,28,35,False,ratio_proportion,,,solve_proportion,,, 35
test_seen_00017,oracle,100,seen,An arithmetic sequence has first term 17 and common difference -8. Find its 7th term.,-31,0,False,recurrence,,,unroll_recurrence,,, 0
test_seen_00018,oracle,100,seen,"If x + y = -4 and xy = -60, find x^2 + y^2.",136,168,False,symmetric_polynomial_identity,,,expand_symmetric_identity,,, 168
test_seen_00019,oracle,100,seen,Evaluate 45^2 - 40^2.,425,1350,False,factorization,,,factor_difference_of_squares,,, 1350
test_seen_00020,oracle,100,seen,Let f(t) = 4t^2 - 5t - 3. Find f(0).,-3,3,False,substitution,,,substitute_expression,,, 3
test_seen_00021,oracle,100,seen,Solve -5x + 2y = -2 and x + 4y = 18. What is x?,2,-3,False,linear_elimination,,,solve_linear_system,,, -3
test_seen_00022,oracle,100,seen,Solve the proportion 7/6 = 84/x for x.,72,50,False,ratio_proportion,,,solve_proportion,,, 50
test_seen_00023,oracle,100,seen,A sequence starts with a1 = -11 and each next term is the current term - 7. Find a12.,-88,-19,False,recurrence,,,unroll_recurrence,,, -19
test_seen_00024,oracle,100,seen,Two numbers have sum 4 and product -60. What is the sum of their squares?,136,136,True,symmetric_polynomial_identity,,,expand_symmetric_identity,,, 136
test_seen_00025,oracle,100,seen,Compute the difference of squares: 77 squared minus 8 squared.,5865,5029,False,factorization,,,factor_difference_of_squares,,, 5029
test_seen_00026,oracle,100,seen,Substitute z = -7 into 2z^2 + 6z + 6.,62,14,False,substitution,,,substitute_expression,,, 14
test_seen_00027,oracle,100,seen,The equations -4x - 4y = 56 and -3x - 5y = 60 hold simultaneously. Find y.,-9,1,False,linear_elimination,,,solve_linear_system,,, 1
test_seen_00028,oracle,100,seen,"If 3:19 = 27:x, what is x?",171,51,False,ratio_proportion,,,solve_proportion,,, 51
test_seen_00029,oracle,100,seen,"Starting at 9, repeatedly change the value by -1. What is term 8, counting the start as term 1?",2,-8,False,recurrence,,,unroll_recurrence,,, -8
test_seen_00030,oracle,100,seen,"Given s = x + y = 27 and p = xy = 180, compute x^2 + y^2.",369,360,False,symmetric_polynomial_identity,,,expand_symmetric_identity,,, 360
test_seen_00031,oracle,100,seen,What is 32^2 - 26^2? Use factorization if helpful.,348,104,False,factorization,,,factor_difference_of_squares,,, 104
test_seen_00032,oracle,100,seen,"For P(x) = -5x^2 - 6x + 10, evaluate P(-4).",-46,-83,False,substitution,,,substitute_expression,,, -83
test_seen_00033,oracle,100,seen,Use elimination on the system 5x + 4y = 3; x - y = 6. Determine y.,-3,2,False,linear_elimination,,,solve_linear_system,,, 2
test_seen_00034,oracle,100,seen,The ratio 14 to 12 equals the ratio 112 to x. Find x.,96,96,True,ratio_proportion,,,solve_proportion,,, 96
test_seen_00035,oracle,100,seen,An arithmetic sequence has first term -17 and common difference 3. Find its 5th term.,-5,20,False,recurrence,,,unroll_recurrence,,, 20
test_seen_00036,oracle,100,seen,"If x + y = -8 and xy = -20, find x^2 + y^2.",104,76,False,symmetric_polynomial_identity,,,expand_symmetric_identity,,, 76
test_seen_00037,oracle,100,seen,Evaluate 21^2 - 14^2.,245,305,False,factorization,,,factor_difference_of_squares,,, 305
test_seen_00038,oracle,100,seen,Let f(t) = -2t^2 + t - 5. Find f(-2).,-15,-19,False,substitution,,,substitute_expression,,, -19
test_seen_00039,oracle,100,seen,Solve x + y = -6 and -2x - 5y = 21. What is y?,-3,-4,False,linear_elimination,,,solve_linear_system,,, -4
test_seen_00040,oracle,100,seen,Solve the proportion 10/3 = 30/x for x.,9,9,True,ratio_proportion,,,solve_proportion,,, 9
test_seen_00041,oracle,100,seen,A sequence starts with a1 = -19 and each next term is the current term - 9. Find a11.,-109,-28,False,recurrence,,,unroll_recurrence,,, -28
test_seen_00042,oracle,100,seen,Two numbers have sum 16 and product 48. What is the sum of their squares?,160,120,False,symmetric_polynomial_identity,,,expand_symmetric_identity,,, 120
test_seen_00043,oracle,100,seen,Compute the difference of squares: 67 squared minus 34 squared.,3333,2015,False,factorization,,,factor_difference_of_squares,,, 2015
test_seen_00044,oracle,100,seen,Substitute z = -2 into 4z^2 - 5z + 6.,32,10,False,substitution,,,substitute_expression,,, 10
test_seen_00045,oracle,100,seen,The equations -3x + 2y = -1 and x - 3y = 5 hold simultaneously. Find x.,-1,4,False,linear_elimination,,,solve_linear_system,,, 4
test_seen_00046,oracle,100,seen,"If 2:5 = 10:x, what is x?",25,50,False,ratio_proportion,,,solve_proportion,,, 50
test_seen_00047,oracle,100,seen,"Starting at 16, repeatedly change the value by -6. What is term 12, counting the start as term 1?",-50,-30,False,recurrence,,,unroll_recurrence,,, -30
test_seen_00048,oracle,100,seen,"Given s = x + y = -11 and p = xy = 18, compute x^2 + y^2.",85,65,False,symmetric_polynomial_identity,,,expand_symmetric_identity,,, 65
test_seen_00049,oracle,100,seen,What is 54^2 - 26^2? Use factorization if helpful.,2240,1308,False,factorization,,,factor_difference_of_squares,,, 1308
test_seen_00050,oracle,100,seen,"For P(x) = -4x^2 - 8x - 7, evaluate P(-1).",-3,-19,False,substitution,,,substitute_expression,,, -19
test_seen_00051,oracle,100,seen,Use elimination on the system 3x + 4y = -14; -3x - 2y = 16. Determine x.,-6,-5,False,linear_elimination,,,solve_linear_system,,, -5
test_seen_00052,oracle,100,seen,The ratio 5 to 3 equals the ratio 15 to x. Find x.,9,9,True,ratio_proportion,,,solve_proportion,,, 9
test_seen_00053,oracle,100,seen,An arithmetic sequence has first term 10 and common difference -1. Find its 14th term.,-3,9,False,recurrence,,,unroll_recurrence,,, 9
test_seen_00054,oracle,100,seen,"If x + y = 7 and xy = -98, find x^2 + y^2.",245,205,False,symmetric_polynomial_identity,,,expand_symmetric_identity,,, 205
test_seen_00055,oracle,100,seen,Evaluate 48^2 - 43^2.,455,1504,False,factorization,,,factor_difference_of_squares,,, 1504
test_seen_00056,oracle,100,seen,Let f(t) = 3t^2 + 2t - 8. Find f(-2).,0,14,False,substitution,,,substitute_expression,,, 14
test_seen_00057,oracle,100,seen,Solve -2x + 2y = -14 and 5x - 3y = 17. What is y?,-9,-2,False,linear_elimination,,,solve_linear_system,,, -2
test_seen_00058,oracle,100,seen,Solve the proportion 11/16 = 66/x for x.,96,96,True,ratio_proportion,,,solve_proportion,,, 96
test_seen_00059,oracle,100,seen,A sequence starts with a1 = 8 and each next term is the current term + 7. Find a7.,50,49,False,recurrence,,,unroll_recurrence,,, 49
test_seen_00060,oracle,100,seen,Two numbers have sum 29 and product 210. What is the sum of their squares?,421,685,False,symmetric_polynomial_identity,,,expand_symmetric_identity,,, 685
test_seen_00061,oracle,100,seen,Compute the difference of squares: 69 squared minus 37 squared.,3392,2048,False,factorization,,,factor_difference_of_squares,,, 2048
test_seen_00062,oracle,100,seen,Substitute z = -1 into 4z^2 + 5z + 11.,10,36,False,substitution,,,substitute_expression,,, 36
test_seen_00063,oracle,100,seen,The equations -4x - 2y = -46 and 4x + 5y = 73 hold simultaneously. Find x.,7,-1,False,linear_elimination,,,solve_linear_system,,, -1
test_seen_00064,oracle,100,seen,"If 11:2 = 132:x, what is x?",24,248,False,ratio_proportion,,,solve_proportion,,, 248
test_seen_00065,oracle,100,seen,"Starting at -6, repeatedly change the value by -7. What is term 6, counting the start as term 1?",-41,-25,False,recurrence,,,unroll_recurrence,,, -25
test_seen_00066,oracle,100,seen,"Given s = x + y = -5 and p = xy = -36, compute x^2 + y^2.",97,80,False,symmetric_polynomial_identity,,,expand_symmetric_identity,,, 80
test_seen_00067,oracle,100,seen,What is 39^2 - 35^2? Use factorization if helpful.,296,1080,False,factorization,,,factor_difference_of_squares,,, 1080
test_seen_00068,oracle,100,seen,"For P(x) = -x^2 - 3x + 3, evaluate P(0).",3,3,True,substitution,,,substitute_expression,,, 3
test_seen_00069,oracle,100,seen,Use elimination on the system -x + 2y = -4; -3x - 4y = -12. Determine y.,0,-5,False,linear_elimination,,,solve_linear_system,,, -5
test_seen_00070,oracle,100,seen,The ratio 7 to 12 equals the ratio 49 to x. Find x.,84,36,False,ratio_proportion,,,solve_proportion,,, 36
test_seen_00071,oracle,100,seen,An arithmetic sequence has first term 4 and common difference -6. Find its 14th term.,-74,-30,False,recurrence,,,unroll_recurrence,,, -30
test_seen_00072,oracle,100,seen,"If x + y = -6 and xy = 5, find x^2 + y^2.",26,41,False,symmetric_polynomial_identity,,,expand_symmetric_identity,,, 41
test_seen_00073,oracle,100,seen,Evaluate 46^2 - 15^2.,1891,2080,False,factorization,,,factor_difference_of_squares,,, 2080
test_seen_00074,oracle,100,seen,Let f(t) = 3t^2 - 3t - 1. Find f(-3).,35,9,False,substitution,,,substitute_expression,,, 9
test_seen_00075,oracle,100,seen,Solve 4x - y = 18 and 3x + 5y = 2. What is x?,4,2,False,linear_elimination,,,solve_linear_system,,, 2
test_seen_00076,oracle,100,seen,Solve the proportion 4/11 = 16/x for x.,44,44,True,ratio_proportion,,,solve_proportion,,, 44
test_seen_00077,oracle,100,seen,A sequence starts with a1 = -7 and each next term is the current term - 5. Find a5.,-27,-26,False,recurrence,,,unroll_recurrence,,, -26
test_seen_00078,oracle,100,seen,Two numbers have sum 4 and product 3. What is the sum of their squares?,10,25,False,symmetric_polynomial_identity,,,expand_symmetric_identity,,, 25
test_seen_00079,oracle,100,seen,Compute the difference of squares: 48 squared minus 14 squared.,2108,2080,False,factorization,,,factor_difference_of_squares,,, 2080
test_seen_00080,oracle,100,seen,Substitute z = -5 into 3z^2 + 4z + 4.,59,61,False,substitution,,,substitute_expression,,, 61
test_seen_00081,oracle,100,seen,The equations x - y = 5 and 3x - y = 3 hold simultaneously. Find x.,-1,2,False,linear_elimination,,,solve_linear_system,,, 2
test_seen_00082,oracle,100,seen,"If 4:20 = 40:x, what is x?",200,80,False,ratio_proportion,,,solve_proportion,,, 80
test_seen_00083,oracle,100,seen,"Starting at -17, repeatedly change the value by 4. What is term 9, counting the start as term 1?",15,32,False,recurrence,,,unroll_recurrence,,, 32
test_seen_00084,oracle,100,seen,"Given s = x + y = 2 and p = xy = -3, compute x^2 + y^2.",10,14,False,symmetric_polynomial_identity,,,expand_symmetric_identity,,, 14
test_seen_00085,oracle,100,seen,What is 72^2 - 42^2? Use factorization if helpful.,3420,3088,False,factorization,,,factor_difference_of_squares,,, 3088
test_seen_00086,oracle,100,seen,"For P(x) = 4x^2 + 7x + 5, evaluate P(3).",62,60,False,substitution,,,substitute_expression,,, 60
test_seen_00087,oracle,100,seen,Use elimination on the system 5x + 2y = -48; 2x - 4y = 24. Determine y.,-9,-1,False,linear_elimination,,,solve_linear_system,,, -1
test_seen_00088,oracle,100,seen,The ratio 3 to 8 equals the ratio 27 to x. Find x.,72,24,False,ratio_proportion,,,solve_proportion,,, 24
test_seen_00089,oracle,100,seen,An arithmetic sequence has first term 14 and common difference -7. Find its 9th term.,-42,0,False,recurrence,,,unroll_recurrence,,, 0
test_seen_00090,oracle,100,seen,"If x + y = -11 and xy = 0, find x^2 + y^2.",121,56,False,symmetric_polynomial_identity,,,expand_symmetric_identity,,, 56
test_seen_00091,oracle,100,seen,Evaluate 59^2 - 13^2.,3312,3084,False,factorization,,,factor_difference_of_squares,,, 3084
test_seen_00092,oracle,100,seen,Let f(t) = -5t^2 - 6t - 4. Find f(-2).,-12,-38,False,substitution,,,substitute_expression,,, -38
test_seen_00093,oracle,100,seen,Solve -4x + y = 25 and 2x - 5y = 19. What is x?,-8,-3,False,linear_elimination,,,solve_linear_system,,, -3
test_seen_00094,oracle,100,seen,Solve the proportion 12/4 = 60/x for x.,20,30,False,ratio_proportion,,,solve_proportion,,, 30
test_seen_00095,oracle,100,seen,A sequence starts with a1 = -8 and each next term is the current term - 6. Find a12.,-74,-16,False,recurrence,,,unroll_recurrence,,, -16
test_seen_00096,oracle,100,seen,Two numbers have sum -17 and product 72. What is the sum of their squares?,145,169,False,symmetric_polynomial_identity,,,expand_symmetric_identity,,, 169
test_seen_00097,oracle,100,seen,Compute the difference of squares: 55 squared minus 4 squared.,3009,2961,False,factorization,,,factor_difference_of_squares,,, 2961
test_seen_00098,oracle,100,seen,Substitute z = -3 into -5z^2 - 5z - 9.,-39,-48,False,substitution,,,substitute_expression,,, -48
test_seen_00099,oracle,100,seen,The equations 4x + 3y = -57 and 5x + 5y = -80 hold simultaneously. Find x.,-9,-6,False,linear_elimination,,,solve_linear_system,,, -6
test_seen_00100,oracle,100,seen,"If 6:10 = 48:x, what is x?",80,72,False,ratio_proportion,,,solve_proportion,,, 72
test_seen_00101,oracle,100,seen,"Starting at -10, repeatedly change the value by -4. What is term 13, counting the start as term 1?",-58,-26,False,recurrence,,,unroll_recurrence,,, -26
test_seen_00102,oracle,100,seen,"Given s = x + y = 2 and p = xy = -35, compute x^2 + y^2.",74,76,False,symmetric_polynomial_identity,,,expand_symmetric_identity,,, 76
test_seen_00103,oracle,100,seen,What is 70^2 - 33^2? Use factorization if helpful.,3811,4568,False,factorization,,,factor_difference_of_squares,,, 4568
test_seen_00104,oracle,100,seen,"For P(x) = 2x^2 + 5x + 9, evaluate P(-2).",7,31,False,substitution,,,substitute_expression,,, 31
test_seen_00105,oracle,100,seen,Use elimination on the system 4x - 2y = 16; 2x + y = 12. Determine y.,2,3,False,linear_elimination,,,solve_linear_system,,, 3
test_seen_00106,oracle,100,seen,The ratio 15 to 2 equals the ratio 150 to x. Find x.,20,150,False,ratio_proportion,,,solve_proportion,,, 150
test_seen_00107,oracle,100,seen,An arithmetic sequence has first term 8 and common difference -5. Find its 3th term.,-2,1 <--,False,recurrence,,,unroll_recurrence,,, 1 <--
test_seen_00108,oracle,100,seen,"If x + y = -27 and xy = 180, find x^2 + y^2.",369,368,False,symmetric_polynomial_identity,,,expand_symmetric_identity,,, 368
test_seen_00109,oracle,100,seen,Evaluate 76^2 - 43^2.,3927,5081,False,factorization,,,factor_difference_of_squares,,, 5081
test_seen_00110,oracle,100,seen,Let f(t) = 4t^2 + 4t - 5. Find f(0).,-5,5,False,substitution,,,substitute_expression,,, 5
test_seen_00111,oracle,100,seen,Solve -4x - 3y = 42 and -5x + 3y = 39. What is x?,-9,-1,False,linear_elimination,,,solve_linear_system,,, -1
test_seen_00112,oracle,100,seen,Solve the proportion 2/4 = 10/x for x.,20,20,True,ratio_proportion,,,solve_proportion,,, 20
test_seen_00113,oracle,100,seen,A sequence starts with a1 = 15 and each next term is the current term - 6. Find a11.,-45,-24,False,recurrence,,,unroll_recurrence,,, -24
test_seen_00114,oracle,100,seen,Two numbers have sum 12 and product -28. What is the sum of their squares?,200,68,False,symmetric_polynomial_identity,,,expand_symmetric_identity,,, 68
test_seen_00115,oracle,100,seen,Compute the difference of squares: 36 squared minus 34 squared.,140,108,False,factorization,,,factor_difference_of_squares,,, 108
test_seen_00116,oracle,100,seen,Substitute z = -3 into z^2 + 2z - 1.,2,0,False,substitution,,,substitute_expression,,, 0
test_seen_00117,oracle,100,seen,The equations -5x + 2y = -4 and -4x - 5y = -56 hold simultaneously. Find x.,4,-3,False,linear_elimination,,,solve_linear_system,,, -3
test_seen_00118,oracle,100,seen,"If 2:2 = 16:x, what is x?",16,16,True,ratio_proportion,,,solve_proportion,,, 16
test_seen_00119,oracle,100,seen,"Starting at -4, repeatedly change the value by -1. What is term 11, counting the start as term 1?",-14,-13,False,recurrence,,,unroll_recurrence,,, -13
test_unseen_00000,oracle,100,unseen,"Without solving for x and y, evaluate x^2 + y^2 when x + y = -1 and xy = -2.",5,5,True,symmetric_polynomial_identity,,,expand_symmetric_identity,,, 5
test_unseen_00001,oracle,100,unseen,"Using (u - v)(u + v), calculate 44^2 - 36^2.",640,1908,False,factorization,,,factor_difference_of_squares,,, 1908
test_unseen_00002,oracle,100,unseen,What number does -3u^2 + 4u - 5 produce when u is -3?,-44,18,False,substitution,,,substitute_expression,,, 18
test_unseen_00003,oracle,100,unseen,The lines -4x + 4y = 28 and -5x - 4y = 53 intersect. Give the x-coordinate.,-9,1,False,linear_elimination,,,solve_linear_system,,, 1
test_unseen_00004,oracle,100,unseen,"At a fixed rate, 14 items cost 18 dollars. What do 84 items cost?",108,168,False,ratio_proportion,,,solve_proportion,,, 168
test_unseen_00005,oracle,100,unseen,A machine begins at 17; after each round it changes its value by 4. What value appears after 8 updates?,49,52,False,recurrence,,,unroll_recurrence,,, 52
test_unseen_00006,oracle,100,unseen,The roots x and y of t^2 - (16)t + (63) = 0 are real. Find x^2 + y^2.,130,148,False,symmetric_polynomial_identity,,,expand_symmetric_identity,,, 148
test_unseen_00007,oracle,100,unseen,A square of side 44 is removed from a square of side 65. What area remains?,2289,1208,False,factorization,,,factor_difference_of_squares,,, 1208
test_unseen_00008,oracle,100,unseen,A rule maps q to q^2 - 6q - 2. Determine its output at q = 6.,-2,18,False,substitution,,,substitute_expression,,, 18
test_unseen_00009,oracle,100,unseen,Find the value of x satisfying both constraints: -4x + 3y = -12 and -4x + 4y = -16.,0,-1,False,linear_elimination,,,solve_linear_system,,, -1
test_unseen_00010,oracle,100,unseen,Complete the equivalent fractions: 6/12 = 18/[blank].,36,3,False,ratio_proportion,,,solve_proportion,,, 3
test_unseen_00011,oracle,100,unseen,"Unroll b(n+1) = b(n) + 1, with b(1) = -18, to obtain b(8).",-11,-15,False,recurrence,,,unroll_recurrence,,, -15
test_unseen_00012,oracle,100,unseen,"Without solving for x and y, evaluate x^2 + y^2 when x + y = -15 and xy = 36.",153,144,False,symmetric_polynomial_identity,,,expand_symmetric_identity,,, 144
test_unseen_00013,oracle,100,unseen,"Using (u - v)(u + v), calculate 39^2 - 14^2.",1325,2085,False,factorization,,,factor_difference_of_squares,,, 2085
test_unseen_00014,oracle,100,unseen,What number does 11 - 3u^2 produce when u is -4?,-37,-25,False,substitution,,,substitute_expression,,, -25
test_unseen_00015,oracle,100,unseen,The lines 5x + 5y = -80 and x - 5y = 32 intersect. Give the y-coordinate.,-8,-1,False,linear_elimination,,,solve_linear_system,,, -1
test_unseen_00016,oracle,100,unseen,"At a fixed rate, 7 items cost 17 dollars. What do 84 items cost?",204,20,False,ratio_proportion,,,solve_proportion,,, 20
test_unseen_00017,oracle,100,unseen,A machine begins at 17; after each round it changes its value by 6. What value appears after 14 updates?,101,52,False,recurrence,,,unroll_recurrence,,, 52
test_unseen_00018,oracle,100,unseen,The roots x and y of t^2 - (-9)t + (-22) = 0 are real. Find x^2 + y^2.,125,138,False,symmetric_polynomial_identity,,,expand_symmetric_identity,,, 138
test_unseen_00019,oracle,100,unseen,A square of side 16 is removed from a square of side 78. What area remains?,5828,3048,False,factorization,,,factor_difference_of_squares,,, 3048
test_unseen_00020,oracle,100,unseen,A rule maps q to 3q^2 + 3q + 7. Determine its output at q = 6.,133,159,False,substitution,,,substitute_expression,,, 159
test_unseen_00021,oracle,100,unseen,Find the value of y satisfying both constraints: -3x - 5y = 29 and -2x - 5y = 21.,-1,4,False,linear_elimination,,,solve_linear_system,,, 4
test_unseen_00022,oracle,100,unseen,Complete the equivalent fractions: 7/20 = 35/[blank].,100,140,False,ratio_proportion,,,solve_proportion,,, 140
test_unseen_00023,oracle,100,unseen,"Unroll b(n+1) = b(n) + 4, with b(1) = -13, to obtain b(8).",15,-50,False,recurrence,,,unroll_recurrence,,, -50
test_unseen_00024,oracle,100,unseen,"Without solving for x and y, evaluate x^2 + y^2 when x + y = -17 and xy = 60.",169,258,False,symmetric_polynomial_identity,,,expand_symmetric_identity,,, 258
test_unseen_00025,oracle,100,unseen,"Using (u - v)(u + v), calculate 24^2 - 16^2.",320,380,False,factorization,,,factor_difference_of_squares,,, 380
test_unseen_00026,oracle,100,unseen,What number does 2u^2 - 7u + 9 produce when u is 2?,3,10,False,substitution,,,substitute_expression,,, 10
test_unseen_00027,oracle,100,unseen,The lines -3x - 3y = 0 and 5x - 5y = 60 intersect. Give the y-coordinate.,-6,1,False,linear_elimination,,,solve_linear_system,,, 1
test_unseen_00028,oracle,100,unseen,"At a fixed rate, 3 items cost 2 dollars. What do 24 items cost?",16,6,False,ratio_proportion,,,solve_proportion,,, 6
test_unseen_00029,oracle,100,unseen,A machine begins at -9; after each round it changes its value by -1. What value appears after 13 updates?,-22,-25,False,recurrence,,,unroll_recurrence,,, -25
test_unseen_00030,oracle,100,unseen,The roots x and y of t^2 - (-3)t + (-54) = 0 are real. Find x^2 + y^2.,117,168,False,symmetric_polynomial_identity,,,expand_symmetric_identity,,, 168
test_unseen_00031,oracle,100,unseen,A square of side 5 is removed from a square of side 41. What area remains?,1656,608,False,factorization,,,factor_difference_of_squares,,, 608
test_unseen_00032,oracle,100,unseen,A rule maps q to 3q^2 - 10. Determine its output at q = 1.,-7,1,False,substitution,,,substitute_expression,,, 1
test_unseen_00033,oracle,100,unseen,Find the value of x satisfying both constraints: -x - 3y = -25 and -3x + 5y = 37.,1,4,False,linear_elimination,,,solve_linear_system,,, 4
test_unseen_00034,oracle,100,unseen,Complete the equivalent fractions: 3/16 = 24/[blank].,128,38,False,ratio_proportion,,,solve_proportion,,, 38
test_unseen_00035,oracle,100,unseen,"Unroll b(n+1) = b(n) + 3, with b(1) = 8, to obtain b(4).",17,29,False,recurrence,,,unroll_recurrence,,, 29
test_unseen_00036,oracle,100,unseen,"Without solving for x and y, evaluate x^2 + y^2 when x + y = 6 and xy = -91.",218,145,False,symmetric_polynomial_identity,,,expand_symmetric_identity,,, 145
test_unseen_00037,oracle,100,unseen,"Using (u - v)(u + v), calculate 47^2 - 38^2.",765,1050,False,factorization,,,factor_difference_of_squares,,, 1050
test_unseen_00038,oracle,100,unseen,What number does -u^2 + 8u - 1 produce when u is -4?,-49,3,False,substitution,,,substitute_expression,,, 3
test_unseen_00039,oracle,100,unseen,The lines 3x + 2y = -28 and -4x + 3y = 26 intersect. Give the y-coordinate.,-2,-1,False,linear_elimination,,,solve_linear_system,,, -1
test_unseen_00040,oracle,100,unseen,"At a fixed rate, 15 items cost 15 dollars. What do 60 items cost?",60,90,False,ratio_proportion,,,solve_proportion,,, 90
test_unseen_00041,oracle,100,unseen,A machine begins at -4; after each round it changes its value by 6. What value appears after 4 updates?,20,0,False,recurrence,,,unroll_recurrence,,, 0
test_unseen_00042,oracle,100,unseen,The roots x and y of t^2 - (6)t + (-112) = 0 are real. Find x^2 + y^2.,260,174,False,symmetric_polynomial_identity,,,expand_symmetric_identity,,, 174
test_unseen_00043,oracle,100,unseen,A square of side 40 is removed from a square of side 64. What area remains?,2496,128,False,factorization,,,factor_difference_of_squares,,, 128
test_unseen_00044,oracle,100,unseen,A rule maps q to 4q^2 - 5q - 2. Determine its output at q = -2.,24,10,False,substitution,,,substitute_expression,,, 10
test_unseen_00045,oracle,100,unseen,Find the value of y satisfying both constraints: -5x - 4y = -10 and x + 5y = -19.,-5,-2,False,linear_elimination,,,solve_linear_system,,, -2
test_unseen_00046,oracle,100,unseen,Complete the equivalent fractions: 8/20 = 96/[blank].,240,14,False,ratio_proportion,,,solve_proportion,,, 14
test_unseen_00047,oracle,100,unseen,"Unroll b(n+1) = b(n) + 8, with b(1) = 8, to obtain b(6).",48,92,False,recurrence,,,unroll_recurrence,,, 92
test_unseen_00048,oracle,100,unseen,"Without solving for x and y, evaluate x^2 + y^2 when x + y = -18 and xy = 80.",164,248,False,symmetric_polynomial_identity,,,expand_symmetric_identity,,, 248
test_unseen_00049,oracle,100,unseen,"Using (u - v)(u + v), calculate 12^2 - 11^2.",23,80,False,factorization,,,factor_difference_of_squares,,, 80
test_unseen_00050,oracle,100,unseen,What number does u^2 + u - 12 produce when u is 1?,-10,7,False,substitution,,,substitute_expression,,, 7
test_unseen_00051,oracle,100,unseen,The lines -3x - 2y = 19 and 3x - 5y = 16 intersect. Give the x-coordinate.,-3,4,False,linear_elimination,,,solve_linear_system,,, 4
test_unseen_00052,oracle,100,unseen,"At a fixed rate, 3 items cost 5 dollars. What do 24 items cost?",40,30,False,ratio_proportion,,,solve_proportion,,, 30
test_unseen_00053,oracle,100,unseen,A machine begins at 12; after each round it changes its value by 9. What value appears after 2 updates?,30,33,False,recurrence,,,unroll_recurrence,,, 33
test_unseen_00054,oracle,100,unseen,The roots x and y of t^2 - (18)t + (65) = 0 are real. Find x^2 + y^2.,194,94,False,symmetric_polynomial_identity,,,expand_symmetric_identity,,, 94
test_unseen_00055,oracle,100,unseen,A square of side 21 is removed from a square of side 47. What area remains?,1768,308,False,factorization,,,factor_difference_of_squares,,, 308
test_unseen_00056,oracle,100,unseen,A rule maps q to 8 - 3q^2. Determine its output at q = -5.,-67,17,False,substitution,,,substitute_expression,,, 17
test_unseen_00057,oracle,100,unseen,Find the value of x satisfying both constraints: 4x - y = -29 and -5x - 5y = 30.,-7,-1,False,linear_elimination,,,solve_linear_system,,, -1
test_unseen_00058,oracle,100,unseen,Complete the equivalent fractions: 3/8 = 6/[blank].,16,12,False,ratio_proportion,,,solve_proportion,,, 12
test_unseen_00059,oracle,100,unseen,"Unroll b(n+1) = b(n) - 4, with b(1) = -16, to obtain b(5).",-32,-32,True,recurrence,,,unroll_recurrence,,, -32
test_unseen_00060,oracle,100,unseen,"Without solving for x and y, evaluate x^2 + y^2 when x + y = -10 and xy = -24.",148,136,False,symmetric_polynomial_identity,,,expand_symmetric_identity,,, 136
test_unseen_00061,oracle,100,unseen,"Using (u - v)(u + v), calculate 67^2 - 12^2.",4345,4050,False,factorization,,,factor_difference_of_squares,,, 4050
test_unseen_00062,oracle,100,unseen,What number does -u^2 + 4u - 1 produce when u is -4?,-33,8,False,substitution,,,substitute_expression,,, 8
test_unseen_00063,oracle,100,unseen,The lines -3x - y = -26 and -x + y = -10 intersect. Give the x-coordinate.,9,-4,False,linear_elimination,,,solve_linear_system,,, -4
test_unseen_00064,oracle,100,unseen,"At a fixed rate, 12 items cost 7 dollars. What do 108 items cost?",63,96,False,ratio_proportion,,,solve_proportion,,, 96
test_unseen_00065,oracle,100,unseen,A machine begins at -2; after each round it changes its value by -4. What value appears after 9 updates?,-38,-16,False,recurrence,,,unroll_recurrence,,, -16
test_unseen_00066,oracle,100,unseen,The roots x and y of t^2 - (27)t + (182) = 0 are real. Find x^2 + y^2.,365,365,True,symmetric_polynomial_identity,,,expand_symmetric_identity,,, 365
test_unseen_00067,oracle,100,unseen,A square of side 33 is removed from a square of side 64. What area remains?,3007,1296,False,factorization,,,factor_difference_of_squares,,, 1296
test_unseen_00068,oracle,100,unseen,A rule maps q to -q^2 + q + 10. Determine its output at q = 2.,8,-3,False,substitution,,,substitute_expression,,, -3
test_unseen_00069,oracle,100,unseen,Find the value of y satisfying both constraints: x + 2y = 17 and 2x - 4y = -14.,6,3,False,linear_elimination,,,solve_linear_system,,, 3
test_unseen_00070,oracle,100,unseen,Complete the equivalent fractions: 11/8 = 66/[blank].,48,52,False,ratio_proportion,,,solve_proportion,,, 52
test_unseen_00071,oracle,100,unseen,"Unroll b(n+1) = b(n) - 2, with b(1) = 10, to obtain b(13).",-14,45,False,recurrence,,,unroll_recurrence,,, 45
test_unseen_00072,oracle,100,unseen,"Without solving for x and y, evaluate x^2 + y^2 when x + y = -18 and xy = 56.",212,308,False,symmetric_polynomial_identity,,,expand_symmetric_identity,,, 308
test_unseen_00073,oracle,100,unseen,"Using (u - v)(u + v), calculate 40^2 - 25^2.",975,1300,False,factorization,,,factor_difference_of_squares,,, 1300
test_unseen_00074,oracle,100,unseen,What number does 2u^2 + 5u - 3 produce when u is -7?,60,14,False,substitution,,,substitute_expression,,, 14
test_unseen_00075,oracle,100,unseen,The lines x - 4y = -33 and -5x - 2y = -11 intersect. Give the y-coordinate.,8,-6,False,linear_elimination,,,solve_linear_system,,, -6
test_unseen_00076,oracle,100,unseen,"At a fixed rate, 2 items cost 7 dollars. What do 24 items cost?",84,36,False,ratio_proportion,,,solve_proportion,,, 36
test_unseen_00077,oracle,100,unseen,A machine begins at 0; after each round it changes its value by -3. What value appears after 12 updates?,-36,-15,False,recurrence,,,unroll_recurrence,,, -15
test_unseen_00078,oracle,100,unseen,The roots x and y of t^2 - (12)t + (35) = 0 are real. Find x^2 + y^2.,74,68,False,symmetric_polynomial_identity,,,expand_symmetric_identity,,, 68
test_unseen_00079,oracle,100,unseen,A square of side 23 is removed from a square of side 52. What area remains?,2175,1048,False,factorization,,,factor_difference_of_squares,,, 1048
test_unseen_00080,oracle,100,unseen,A rule maps q to 3q^2 - 8q + 6. Determine its output at q = 2.,2,10,False,substitution,,,substitute_expression,,, 10
test_unseen_00081,oracle,100,unseen,Find the value of y satisfying both constraints: -3x + 5y = 24 and -2x + 4y = 16.,0,2,False,linear_elimination,,,solve_linear_system,,, 2
test_unseen_00082,oracle,100,unseen,Complete the equivalent fractions: 15/2 = 105/[blank].,14,35,False,ratio_proportion,,,solve_proportion,,, 35
test_unseen_00083,oracle,100,unseen,"Unroll b(n+1) = b(n) - 4, with b(1) = -17, to obtain b(15).",-73,-32,False,recurrence,,,unroll_recurrence,,, -32
test_unseen_00084,oracle,100,unseen,"Without solving for x and y, evaluate x^2 + y^2 when x + y = -9 and xy = 18.",45,60,False,symmetric_polynomial_identity,,,expand_symmetric_identity,,, 60
test_unseen_00085,oracle,100,unseen,"Using (u - v)(u + v), calculate 30^2 - 9^2.",819,675,False,factorization,,,factor_difference_of_squares,,, 675
test_unseen_00086,oracle,100,unseen,What number does 3u^2 - 11 produce when u is 7?,136,68,False,substitution,,,substitute_expression,,, 68
test_unseen_00087,oracle,100,unseen,The lines 3x + 2y = 8 and -5x - 5y = -25 intersect. Give the x-coordinate.,-2,1,False,linear_elimination,,,solve_linear_system,,, 1
test_unseen_00088,oracle,100,unseen,"At a fixed rate, 8 items cost 2 dollars. What do 80 items cost?",20,160,False,ratio_proportion,,,solve_proportion,,, 160
test_unseen_00089,oracle,100,unseen,A machine begins at -13; after each round it changes its value by -7. What value appears after 14 updates?,-111,-28,False,recurrence,,,unroll_recurrence,,, -28
test_unseen_00090,oracle,100,unseen,The roots x and y of t^2 - (13)t + (36) = 0 are real. Find x^2 + y^2.,97,84,False,symmetric_polynomial_identity,,,expand_symmetric_identity,,, 84
test_unseen_00091,oracle,100,unseen,A square of side 16 is removed from a square of side 72. What area remains?,4928,352,False,factorization,,,factor_difference_of_squares,,, 352
test_unseen_00092,oracle,100,unseen,A rule maps q to 4q^2 - 7q. Determine its output at q = 0.,0,1,False,substitution,,,substitute_expression,,, 1
test_unseen_00093,oracle,100,unseen,Find the value of y satisfying both constraints: 5x - 2y = 31 and -4x + 3y = -15.,7,6,False,linear_elimination,,,solve_linear_system,,, 6
test_unseen_00094,oracle,100,unseen,Complete the equivalent fractions: 3/18 = 12/[blank].,72,6,False,ratio_proportion,,,solve_proportion,,, 6
test_unseen_00095,oracle,100,unseen,"Unroll b(n+1) = b(n) - 3, with b(1) = -14, to obtain b(7).",-32,-50,False,recurrence,,,unroll_recurrence,,, -50
test_unseen_00096,oracle,100,unseen,"Without solving for x and y, evaluate x^2 + y^2 when x + y = -15 and xy = 56.",113,144,False,symmetric_polynomial_identity,,,expand_symmetric_identity,,, 144
test_unseen_00097,oracle,100,unseen,"Using (u - v)(u + v), calculate 58^2 - 36^2.",2068,1040,False,factorization,,,factor_difference_of_squares,,, 1040
test_unseen_00098,oracle,100,unseen,What number does -4u^2 + 8u produce when u is 4?,-32,36,False,substitution,,,substitute_expression,,, 36
test_unseen_00099,oracle,100,unseen,The lines 2x + y = 7 and -3x - 5y = 21 intersect. Give the y-coordinate.,-9,4,False,linear_elimination,,,solve_linear_system,,, 4
test_unseen_00100,oracle,100,unseen,"At a fixed rate, 5 items cost 8 dollars. What do 25 items cost?",40,40,True,ratio_proportion,,,solve_proportion,,, 40
test_unseen_00101,oracle,100,unseen,A machine begins at 7; after each round it changes its value by 2. What value appears after 7 updates?,21,15,False,recurrence,,,unroll_recurrence,,, 15
test_unseen_00102,oracle,100,unseen,The roots x and y of t^2 - (10)t + (-24) = 0 are real. Find x^2 + y^2.,148,68,False,symmetric_polynomial_identity,,,expand_symmetric_identity,,, 68
test_unseen_00103,oracle,100,unseen,A square of side 23 is removed from a square of side 80. What area remains?,5871,1496,False,factorization,,,factor_difference_of_squares,,, 1496
test_unseen_00104,oracle,100,unseen,A rule maps q to -5q^2 + 4q - 2. Determine its output at q = 0.,-2,-10,False,substitution,,,substitute_expression,,, -10
test_unseen_00105,oracle,100,unseen,Find the value of x satisfying both constraints: -5x + 2y = -24 and 2x + 4y = 48.,8,3,False,linear_elimination,,,solve_linear_system,,, 3
test_unseen_00106,oracle,100,unseen,Complete the equivalent fractions: 6/11 = 30/[blank].,55,25,False,ratio_proportion,,,solve_proportion,,, 25
test_unseen_00107,oracle,100,unseen,"Unroll b(n+1) = b(n) + 1, with b(1) = 16, to obtain b(12).",27,73,False,recurrence,,,unroll_recurrence,,, 73
test_unseen_00108,oracle,100,unseen,"Without solving for x and y, evaluate x^2 + y^2 when x + y = 15 and xy = 14.",197,63,False,symmetric_polynomial_identity,,,expand_symmetric_identity,,, 63
test_unseen_00109,oracle,100,unseen,"Using (u - v)(u + v), calculate 74^2 - 15^2.",5251,4080,False,factorization,,,factor_difference_of_squares,,, 4080
test_unseen_00110,oracle,100,unseen,What number does -5u^2 - 6u - 6 produce when u is 0?,-6,-18,False,substitution,,,substitute_expression,,, -18
test_unseen_00111,oracle,100,unseen,The lines -3x - y = 2 and -5x - 5y = 10 intersect. Give the x-coordinate.,0,-1,False,linear_elimination,,,solve_linear_system,,, -1
test_unseen_00112,oracle,100,unseen,"At a fixed rate, 8 items cost 17 dollars. What do 80 items cost?",170,140,False,ratio_proportion,,,solve_proportion,,, 140
test_unseen_00113,oracle,100,unseen,A machine begins at 18; after each round it changes its value by -2. What value appears after 5 updates?,8,-24,False,recurrence,,,unroll_recurrence,,, -24
test_unseen_00114,oracle,100,unseen,The roots x and y of t^2 - (9)t + (14) = 0 are real. Find x^2 + y^2.,53,56,False,symmetric_polynomial_identity,,,expand_symmetric_identity,,, 56
test_unseen_00115,oracle,100,unseen,A square of side 14 is removed from a square of side 77. What area remains?,5733,308,False,factorization,,,factor_difference_of_squares,,, 308
test_unseen_00116,oracle,100,unseen,A rule maps q to -q^2 + 2q - 8. Determine its output at q = 7.,-43,-14,False,substitution,,,substitute_expression,,, -14
test_unseen_00117,oracle,100,unseen,Find the value of y satisfying both constraints: 5x + 3y = 15 and 4x + y = 12.,0,0,True,linear_elimination,,,solve_linear_system,,, 0
test_unseen_00118,oracle,100,unseen,Complete the equivalent fractions: 10/3 = 70/[blank].,21,21,True,ratio_proportion,,,solve_proportion,,, 21
test_unseen_00119,oracle,100,unseen,"Unroll b(n+1) = b(n) - 1, with b(1) = -16, to obtain b(3).",-18,-17,False,recurrence,,,unroll_recurrence,,, -17
test_seen_00000,structure_aware,100,seen,"If x + y = -20 and xy = 84, find x^2 + y^2.",232,216,False,symmetric_polynomial_identity,symmetric_polynomial_identity,True,expand_symmetric_identity,expand_symmetric_identity,True,"STRUCTURE: symmetric_polynomial_identity
TOOL: expand_symmetric_identity
ANSWER: 216"
test_seen_00001,structure_aware,100,seen,Evaluate 71^2 - 11^2.,4920,5040,False,factorization,factorization,True,factor_difference_of_squares,factor_difference_of_squares,True,"STRUCTURE: factorization
TOOL: factor_difference_of_squares
ANSWER: 5040"
test_seen_00002,structure_aware,100,seen,Let f(t) = t^2 - 5t + 2. Find f(2).,-4,1,False,substitution,substitution,True,substitute_expression,substitute_expression,True,"STRUCTURE: substitution
TOOL: substitute_expression
ANSWER: 1"
test_seen_00003,structure_aware,100,seen,Solve 4x + 3y = -3 and x + y = -3. What is x?,6,-2,False,linear_elimination,linear_elimination,True,solve_linear_system,solve_linear_system,True,"STRUCTURE: linear_elimination
TOOL: solve_linear_system
ANSWER: -2"
test_seen_00004,structure_aware,100,seen,Solve the proportion 2/5 = 6/x for x.,15,15,True,ratio_proportion,ratio_proportion,True,solve_proportion,solve_proportion,True,"STRUCTURE: ratio_proportion
TOOL: solve_proportion
ANSWER: 15"
test_seen_00005,structure_aware,100,seen,A sequence starts with a1 = -11 and each next term is the current term + 4. Find a4.,1,33,False,recurrence,recurrence,True,unroll_recurrence,unroll_recurrence,True,"STRUCTURE: recurrence
TOOL: unroll_recurrence
ANSWER: 33"
test_seen_00006,structure_aware,100,seen,Two numbers have sum -9 and product -10. What is the sum of their squares?,101,85,False,symmetric_polynomial_identity,symmetric_polynomial_identity,True,expand_symmetric_identity,expand_symmetric_identity,True,"STRUCTURE: symmetric_polynomial_identity
TOOL: expand_symmetric_identity
ANSWER: 85"
test_seen_00007,structure_aware,100,seen,Compute the difference of squares: 42 squared minus 33 squared.,675,81,False,factorization,factorization,True,factor_difference_of_squares,factor_difference_of_squares,True,"STRUCTURE: factorization
TOOL: factor_difference_of_squares
ANSWER: 81"
test_seen_00008,structure_aware,100,seen,Substitute z = 2 into 2z^2 + 8z - 4.,20,16,False,substitution,substitution,True,substitute_expression,substitute_expression,True,"STRUCTURE: substitution
TOOL: substitute_expression
ANSWER: 16"
test_seen_00009,structure_aware,100,seen,The equations -4x - 5y = 1 and 4x - 5y = -31 hold simultaneously. Find x.,-4,-7,False,linear_elimination,linear_elimination,True,solve_linear_system,solve_linear_system,True,"STRUCTURE: linear_elimination
TOOL: solve_linear_system
ANSWER: -7"
test_seen_00010,structure_aware,100,seen,"If 2:7 = 12:x, what is x?",42,84,False,ratio_proportion,ratio_proportion,True,solve_proportion,solve_proportion,True,"STRUCTURE: ratio_proportion
TOOL: solve_proportion
ANSWER: 84"
test_seen_00011,structure_aware,100,seen,"Starting at -16, repeatedly change the value by -1. What is term 11, counting the start as term 1?",-26,-30,False,recurrence,recurrence,True,unroll_recurrence,unroll_recurrence,True,"STRUCTURE: recurrence
TOOL: unroll_recurrence
ANSWER: -30"
test_seen_00012,structure_aware,100,seen,"Given s = x + y = -8 and p = xy = -48, compute x^2 + y^2.",160,70,False,symmetric_polynomial_identity,symmetric_polynomial_identity,True,expand_symmetric_identity,expand_symmetric_identity,True,"STRUCTURE: symmetric_polynomial_identity
TOOL: expand_symmetric_identity
ANSWER: 70"
test_seen_00013,structure_aware,100,seen,What is 43^2 - 39^2? Use factorization if helpful.,328,1080,False,factorization,factorization,True,factor_difference_of_squares,factor_difference_of_squares,True,"STRUCTURE: factorization
TOOL: factor_difference_of_squares
ANSWER: 1080"
test_seen_00014,structure_aware,100,seen,"For P(x) = -4x^2 + 6x + 8, evaluate P(7).",-146,-10,False,substitution,substitution,True,substitute_expression,substitute_expression,True,"STRUCTURE: substitution
TOOL: substitute_expression
ANSWER: -10"
test_seen_00015,structure_aware,100,seen,Use elimination on the system 3x + 5y = 8; 2x - 3y = -1. Determine x.,1,1,True,linear_elimination,linear_elimination,True,solve_linear_system,solve_linear_system,True,"STRUCTURE: linear_elimination
TOOL: solve_linear_system
ANSWER: 1"
test_seen_00016,structure_aware,100,seen,The ratio 15 to 4 equals the ratio 105 to x. Find x.,28,35,False,ratio_proportion,ratio_proportion,True,solve_proportion,solve_proportion,True,"STRUCTURE: ratio_proportion
TOOL: solve_proportion
ANSWER: 35"
test_seen_00017,structure_aware,100,seen,An arithmetic sequence has first term 17 and common difference -8. Find its 7th term.,-31,-53,False,recurrence,recurrence,True,unroll_recurrence,unroll_recurrence,True,"STRUCTURE: recurrence
TOOL: unroll_recurrence
ANSWER: -53"
test_seen_00018,structure_aware,100,seen,"If x + y = -4 and xy = -60, find x^2 + y^2.",136,135,False,symmetric_polynomial_identity,symmetric_polynomial_identity,True,expand_symmetric_identity,expand_symmetric_identity,True,"STRUCTURE: symmetric_polynomial_identity
TOOL: expand_symmetric_identity
ANSWER: 135"
test_seen_00019,structure_aware,100,seen,Evaluate 45^2 - 40^2.,425,785,False,factorization,factorization,True,factor_difference_of_squares,factor_difference_of_squares,True,"STRUCTURE: factorization
TOOL: factor_difference_of_squares
ANSWER: 785"
test_seen_00020,structure_aware,100,seen,Let f(t) = 4t^2 - 5t - 3. Find f(0).,-3,-3,True,substitution,substitution,True,substitute_expression,substitute_expression,True,"STRUCTURE: substitution
TOOL: substitute_expression
ANSWER: -3"
test_seen_00021,structure_aware,100,seen,Solve -5x + 2y = -2 and x + 4y = 18. What is x?,2,-3,False,linear_elimination,linear_elimination,True,solve_linear_system,solve_linear_system,True,"STRUCTURE: linear_elimination
TOOL: solve_linear_system
ANSWER: -3"
test_seen_00022,structure_aware,100,seen,Solve the proportion 7/6 = 84/x for x.,72,72,True,ratio_proportion,ratio_proportion,True,solve_proportion,solve_proportion,True,"STRUCTURE: ratio_proportion
TOOL: solve_proportion
ANSWER: 72"
test_seen_00023,structure_aware,100,seen,A sequence starts with a1 = -11 and each next term is the current term - 7. Find a12.,-88,-30,False,recurrence,recurrence,True,unroll_recurrence,unroll_recurrence,True,"STRUCTURE: recurrence
TOOL: unroll_recurrence
ANSWER: -30"
test_seen_00024,structure_aware,100,seen,Two numbers have sum 4 and product -60. What is the sum of their squares?,136,128,False,symmetric_polynomial_identity,symmetric_polynomial_identity,True,expand_symmetric_identity,expand_symmetric_identity,True,"STRUCTURE: symmetric_polynomial_identity
TOOL: expand_symmetric_identity
ANSWER: 128"
test_seen_00025,structure_aware,100,seen,Compute the difference of squares: 77 squared minus 8 squared.,5865,5309,False,factorization,factorization,True,factor_difference_of_squares,factor_difference_of_squares,True,"STRUCTURE: factorization
TOOL: factor_difference_of_squares
ANSWER: 5309"
test_seen_00026,structure_aware,100,seen,Substitute z = -7 into 2z^2 + 6z + 6.,62,10,False,substitution,substitution,True,substitute_expression,substitute_expression,True,"STRUCTURE: substitution
TOOL: substitute_expression
ANSWER: 10"
test_seen_00027,structure_aware,100,seen,The equations -4x - 4y = 56 and -3x - 5y = 60 hold simultaneously. Find y.,-9,1,False,linear_elimination,linear_elimination,True,solve_linear_system,solve_linear_system,True,"STRUCTURE: linear_elimination
TOOL: solve_linear_system
ANSWER: 1"
test_seen_00028,structure_aware,100,seen,"If 3:19 = 27:x, what is x?",171,51,False,ratio_proportion,ratio_proportion,True,solve_proportion,solve_proportion,True,"STRUCTURE: ratio_proportion
TOOL: solve_proportion
ANSWER: 51"
test_seen_00029,structure_aware,100,seen,"Starting at 9, repeatedly change the value by -1. What is term 8, counting the start as term 1?",2,-8,False,recurrence,recurrence,True,unroll_recurrence,unroll_recurrence,True,"STRUCTURE: recurrence
TOOL: unroll_recurrence
ANSWER: -8"
test_seen_00030,structure_aware,100,seen,"Given s = x + y = 27 and p = xy = 180, compute x^2 + y^2.",369,450,False,symmetric_polynomial_identity,symmetric_polynomial_identity,True,expand_symmetric_identity,expand_symmetric_identity,True,"STRUCTURE: symmetric_polynomial_identity
TOOL: expand_symmetric_identity
ANSWER: 450"
test_seen_00031,structure_aware,100,seen,What is 32^2 - 26^2? Use factorization if helpful.,348,1080,False,factorization,factorization,True,factor_difference_of_squares,factor_difference_of_squares,True,"STRUCTURE: factorization
TOOL: factor_difference_of_squares
ANSWER: 1080"
test_seen_00032,structure_aware,100,seen,"For P(x) = -5x^2 - 6x + 10, evaluate P(-4).",-46,7,False,substitution,substitution,True,substitute_expression,substitute_expression,True,"STRUCTURE: substitution
TOOL: substitute_expression
ANSWER: 7"
test_seen_00033,structure_aware,100,seen,Use elimination on the system 5x + 4y = 3; x - y = 6. Determine y.,-3,2,False,linear_elimination,linear_elimination,True,solve_linear_system,solve_linear_system,True,"STRUCTURE: linear_elimination
TOOL: solve_linear_system
ANSWER: 2"
test_seen_00034,structure_aware,100,seen,The ratio 14 to 12 equals the ratio 112 to x. Find x.,96,96,True,ratio_proportion,ratio_proportion,True,solve_proportion,solve_proportion,True,"STRUCTURE: ratio_proportion
TOOL: solve_proportion
ANSWER: 96"
test_seen_00035,structure_aware,100,seen,An arithmetic sequence has first term -17 and common difference 3. Find its 5th term.,-5,20,False,recurrence,recurrence,True,unroll_recurrence,unroll_recurrence,True,"STRUCTURE: recurrence
TOOL: unroll_recurrence
ANSWER: 20"
test_seen_00036,structure_aware,100,seen,"If x + y = -8 and xy = -20, find x^2 + y^2.",104,64,False,symmetric_polynomial_identity,symmetric_polynomial_identity,True,expand_symmetric_identity,expand_symmetric_identity,True,"STRUCTURE: symmetric_polynomial_identity
TOOL: expand_symmetric_identity
ANSWER: 64"
test_seen_00037,structure_aware,100,seen,Evaluate 21^2 - 14^2.,245,305,False,factorization,factorization,True,factor_difference_of_squares,factor_difference_of_squares,True,"STRUCTURE: factorization
TOOL: factor_difference_of_squares
ANSWER: 305"
test_seen_00038,structure_aware,100,seen,Let f(t) = -2t^2 + t - 5. Find f(-2).,-15,-17,False,substitution,substitution,True,substitute_expression,substitute_expression,True,"STRUCTURE: substitution
TOOL: substitute_expression
ANSWER: -17"
test_seen_00039,structure_aware,100,seen,Solve x + y = -6 and -2x - 5y = 21. What is y?,-3,-8,False,linear_elimination,linear_elimination,True,solve_linear_system,solve_linear_system,True,"STRUCTURE: linear_elimination
TOOL: solve_linear_system
ANSWER: -8"
test_seen_00040,structure_aware,100,seen,Solve the proportion 10/3 = 30/x for x.,9,9,True,ratio_proportion,ratio_proportion,True,solve_proportion,solve_proportion,True,"STRUCTURE: ratio_proportion
TOOL: solve_proportion
ANSWER: 9"
test_seen_00041,structure_aware,100,seen,A sequence starts with a1 = -19 and each next term is the current term - 9. Find a11.,-109,-80,False,recurrence,recurrence,True,unroll_recurrence,unroll_recurrence,True,"STRUCTURE: recurrence
TOOL: unroll_recurrence
ANSWER: -80"
test_seen_00042,structure_aware,100,seen,Two numbers have sum 16 and product 48. What is the sum of their squares?,160,250,False,symmetric_polynomial_identity,symmetric_polynomial_identity,True,expand_symmetric_identity,expand_symmetric_identity,True,"STRUCTURE: symmetric_polynomial_identity
TOOL: expand_symmetric_identity
ANSWER: 250"
test_seen_00043,structure_aware,100,seen,Compute the difference of squares: 67 squared minus 34 squared.,3333,2915,False,factorization,factorization,True,factor_difference_of_squares,factor_difference_of_squares,True,"STRUCTURE: factorization
TOOL: factor_difference_of_squares
ANSWER: 2915"
test_seen_00044,structure_aware,100,seen,Substitute z = -2 into 4z^2 - 5z + 6.,32,10,False,substitution,substitution,True,substitute_expression,substitute_expression,True,"STRUCTURE: substitution
TOOL: substitute_expression
ANSWER: 10"
test_seen_00045,structure_aware,100,seen,The equations -3x + 2y = -1 and x - 3y = 5 hold simultaneously. Find x.,-1,2,False,linear_elimination,linear_elimination,True,solve_linear_system,solve_linear_system,True,"STRUCTURE: linear_elimination
TOOL: solve_linear_system
ANSWER: 2"
test_seen_00046,structure_aware,100,seen,"If 2:5 = 10:x, what is x?",25,50,False,ratio_proportion,ratio_proportion,True,solve_proportion,solve_proportion,True,"STRUCTURE: ratio_proportion
TOOL: solve_proportion
ANSWER: 50"
test_seen_00047,structure_aware,100,seen,"Starting at 16, repeatedly change the value by -6. What is term 12, counting the start as term 1?",-50,-4,False,recurrence,recurrence,True,unroll_recurrence,unroll_recurrence,True,"STRUCTURE: recurrence
TOOL: unroll_recurrence
ANSWER: -4"
test_seen_00048,structure_aware,100,seen,"Given s = x + y = -11 and p = xy = 18, compute x^2 + y^2.",85,43,False,symmetric_polynomial_identity,symmetric_polynomial_identity,True,expand_symmetric_identity,expand_symmetric_identity,True,"STRUCTURE: symmetric_polynomial_identity
TOOL: expand_symmetric_identity
ANSWER: 43"
test_seen_00049,structure_aware,100,seen,What is 54^2 - 26^2? Use factorization if helpful.,2240,1908,False,factorization,factorization,True,factor_difference_of_squares,factor_difference_of_squares,True,"STRUCTURE: factorization
TOOL: factor_difference_of_squares
ANSWER: 1908"
test_seen_00050,structure_aware,100,seen,"For P(x) = -4x^2 - 8x - 7, evaluate P(-1).",-3,-19,False,substitution,substitution,True,substitute_expression,substitute_expression,True,"STRUCTURE: substitution
TOOL: substitute_expression
ANSWER: -19"
test_seen_00051,structure_aware,100,seen,Use elimination on the system 3x + 4y = -14; -3x - 2y = 16. Determine x.,-6,-5,False,linear_elimination,linear_elimination,True,solve_linear_system,solve_linear_system,True,"STRUCTURE: linear_elimination
TOOL: solve_linear_system
ANSWER: -5"
test_seen_00052,structure_aware,100,seen,The ratio 5 to 3 equals the ratio 15 to x. Find x.,9,9,True,ratio_proportion,ratio_proportion,True,solve_proportion,solve_proportion,True,"STRUCTURE: ratio_proportion
TOOL: solve_proportion
ANSWER: 9"
test_seen_00053,structure_aware,100,seen,An arithmetic sequence has first term 10 and common difference -1. Find its 14th term.,-3,-23,False,recurrence,recurrence,True,unroll_recurrence,unroll_recurrence,True,"STRUCTURE: recurrence
TOOL: unroll_recurrence
ANSWER: -23"
test_seen_00054,structure_aware,100,seen,"If x + y = 7 and xy = -98, find x^2 + y^2.",245,205,False,symmetric_polynomial_identity,symmetric_polynomial_identity,True,expand_symmetric_identity,expand_symmetric_identity,True,"STRUCTURE: symmetric_polynomial_identity
TOOL: expand_symmetric_identity
ANSWER: 205"
test_seen_00055,structure_aware,100,seen,Evaluate 48^2 - 43^2.,455,1905,False,factorization,factorization,True,factor_difference_of_squares,factor_difference_of_squares,True,"STRUCTURE: factorization
TOOL: factor_difference_of_squares
ANSWER: 1905"
test_seen_00056,structure_aware,100,seen,Let f(t) = 3t^2 + 2t - 8. Find f(-2).,0,14,False,substitution,substitution,True,substitute_expression,substitute_expression,True,"STRUCTURE: substitution
TOOL: substitute_expression
ANSWER: 14"
test_seen_00057,structure_aware,100,seen,Solve -2x + 2y = -14 and 5x - 3y = 17. What is y?,-9,-6,False,linear_elimination,linear_elimination,True,solve_linear_system,solve_linear_system,True,"STRUCTURE: linear_elimination
TOOL: solve_linear_system
ANSWER: -6"
test_seen_00058,structure_aware,100,seen,Solve the proportion 11/16 = 66/x for x.,96,70,False,ratio_proportion,ratio_proportion,True,solve_proportion,solve_proportion,True,"STRUCTURE: ratio_proportion
TOOL: solve_proportion
ANSWER: 70"
test_seen_00059,structure_aware,100,seen,A sequence starts with a1 = 8 and each next term is the current term + 7. Find a7.,50,29,False,recurrence,recurrence,True,unroll_recurrence,unroll_recurrence,True,"STRUCTURE: recurrence
TOOL: unroll_recurrence
ANSWER: 29"
test_seen_00060,structure_aware,100,seen,Two numbers have sum 29 and product 210. What is the sum of their squares?,421,385,False,symmetric_polynomial_identity,symmetric_polynomial_identity,True,expand_symmetric_identity,expand_symmetric_identity,True,"STRUCTURE: symmetric_polynomial_identity
TOOL: expand_symmetric_identity
ANSWER: 385"
test_seen_00061,structure_aware,100,seen,Compute the difference of squares: 69 squared minus 37 squared.,3392,2048,False,factorization,factorization,True,factor_difference_of_squares,factor_difference_of_squares,True,"STRUCTURE: factorization
TOOL: factor_difference_of_squares
ANSWER: 2048"
test_seen_00062,structure_aware,100,seen,Substitute z = -1 into 4z^2 + 5z + 11.,10,3,False,substitution,substitution,True,substitute_expression,substitute_expression,True,"STRUCTURE: substitution
TOOL: substitute_expression
ANSWER: 3"
test_seen_00063,structure_aware,100,seen,The equations -4x - 2y = -46 and 4x + 5y = 73 hold simultaneously. Find x.,7,-1,False,linear_elimination,linear_elimination,True,solve_linear_system,solve_linear_system,True,"STRUCTURE: linear_elimination
TOOL: solve_linear_system
ANSWER: -1"
test_seen_00064,structure_aware,100,seen,"If 11:2 = 132:x, what is x?",24,144,False,ratio_proportion,ratio_proportion,True,solve_proportion,solve_proportion,True,"STRUCTURE: ratio_proportion
TOOL: solve_proportion
ANSWER: 144"
test_seen_00065,structure_aware,100,seen,"Starting at -6, repeatedly change the value by -7. What is term 6, counting the start as term 1?",-41,-35,False,recurrence,recurrence,True,unroll_recurrence,unroll_recurrence,True,"STRUCTURE: recurrence
TOOL: unroll_recurrence
ANSWER: -35"
test_seen_00066,structure_aware,100,seen,"Given s = x + y = -5 and p = xy = -36, compute x^2 + y^2.",97,80,False,symmetric_polynomial_identity,symmetric_polynomial_identity,True,expand_symmetric_identity,expand_symmetric_identity,True,"STRUCTURE: symmetric_polynomial_identity
TOOL: expand_symmetric_identity
ANSWER: 80"
test_seen_00067,structure_aware,100,seen,What is 39^2 - 35^2? Use factorization if helpful.,296,1080,False,factorization,factorization,True,factor_difference_of_squares,factor_difference_of_squares,True,"STRUCTURE: factorization
TOOL: factor_difference_of_squares
ANSWER: 1080"
test_seen_00068,structure_aware,100,seen,"For P(x) = -x^2 - 3x + 3, evaluate P(0).",3,3,True,substitution,substitution,True,substitute_expression,substitute_expression,True,"STRUCTURE: substitution
TOOL: substitute_expression
ANSWER: 3"
test_seen_00069,structure_aware,100,seen,Use elimination on the system -x + 2y = -4; -3x - 4y = -12. Determine y.,0,5,False,linear_elimination,linear_elimination,True,solve_linear_system,solve_linear_system,True,"STRUCTURE: linear_elimination
TOOL: solve_linear_system
ANSWER: 5"
test_seen_00070,structure_aware,100,seen,The ratio 7 to 12 equals the ratio 49 to x. Find x.,84,36,False,ratio_proportion,ratio_proportion,True,solve_proportion,solve_proportion,True,"STRUCTURE: ratio_proportion
TOOL: solve_proportion
ANSWER: 36"
test_seen_00071,structure_aware,100,seen,An arithmetic sequence has first term 4 and common difference -6. Find its 14th term.,-74,-28,False,recurrence,recurrence,True,unroll_recurrence,unroll_recurrence,True,"STRUCTURE: recurrence
TOOL: unroll_recurrence
ANSWER: -28"
test_seen_00072,structure_aware,100,seen,"If x + y = -6 and xy = 5, find x^2 + y^2.",26,41,False,symmetric_polynomial_identity,symmetric_polynomial_identity,True,expand_symmetric_identity,expand_symmetric_identity,True,"STRUCTURE: symmetric_polynomial_identity
TOOL: expand_symmetric_identity
ANSWER: 41"
test_seen_00073,structure_aware,100,seen,Evaluate 46^2 - 15^2.,1891,2085,False,factorization,factorization,True,factor_difference_of_squares,factor_difference_of_squares,True,"STRUCTURE: factorization
TOOL: factor_difference_of_squares
ANSWER: 2085"
test_seen_00074,structure_aware,100,seen,Let f(t) = 3t^2 - 3t - 1. Find f(-3).,35,5,False,substitution,substitution,True,substitute_expression,substitute_expression,True,"STRUCTURE: substitution
TOOL: substitute_expression
ANSWER: 5"
test_seen_00075,structure_aware,100,seen,Solve 4x - y = 18 and 3x + 5y = 2. What is x?,4,2,False,linear_elimination,linear_elimination,True,solve_linear_system,solve_linear_system,True,"STRUCTURE: linear_elimination
TOOL: solve_linear_system
ANSWER: 2"
test_seen_00076,structure_aware,100,seen,Solve the proportion 4/11 = 16/x for x.,44,42,False,ratio_proportion,ratio_proportion,True,solve_proportion,solve_proportion,True,"STRUCTURE: ratio_proportion
TOOL: solve_proportion
ANSWER: 42"
test_seen_00077,structure_aware,100,seen,A sequence starts with a1 = -7 and each next term is the current term - 5. Find a5.,-27,-30,False,recurrence,recurrence,True,unroll_recurrence,unroll_recurrence,True,"STRUCTURE: recurrence
TOOL: unroll_recurrence
ANSWER: -30"
test_seen_00078,structure_aware,100,seen,Two numbers have sum 4 and product 3. What is the sum of their squares?,10,17,False,symmetric_polynomial_identity,symmetric_polynomial_identity,True,expand_symmetric_identity,expand_symmetric_identity,True,"STRUCTURE: symmetric_polynomial_identity
TOOL: expand_symmetric_identity
ANSWER: 17"
test_seen_00079,structure_aware,100,seen,Compute the difference of squares: 48 squared minus 14 squared.,2108,208,False,factorization,factorization,True,factor_difference_of_squares,factor_difference_of_squares,True,"STRUCTURE: factorization
TOOL: factor_difference_of_squares
ANSWER: 208"
test_seen_00080,structure_aware,100,seen,Substitute z = -5 into 3z^2 + 4z + 4.,59,17,False,substitution,substitution,True,substitute_expression,substitute_expression,True,"STRUCTURE: substitution
TOOL: substitute_expression
ANSWER: 17"
test_seen_00081,structure_aware,100,seen,The equations x - y = 5 and 3x - y = 3 hold simultaneously. Find x.,-1,2,False,linear_elimination,linear_elimination,True,solve_linear_system,solve_linear_system,True,"STRUCTURE: linear_elimination
TOOL: solve_linear_system
ANSWER: 2"
test_seen_00082,structure_aware,100,seen,"If 4:20 = 40:x, what is x?",200,8,False,ratio_proportion,ratio_proportion,True,solve_proportion,solve_proportion,True,"STRUCTURE: ratio_proportion
TOOL: solve_proportion
ANSWER: 8"
test_seen_00083,structure_aware,100,seen,"Starting at -17, repeatedly change the value by 4. What is term 9, counting the start as term 1?",15,35,False,recurrence,recurrence,True,unroll_recurrence,unroll_recurrence,True,"STRUCTURE: recurrence
TOOL: unroll_recurrence
ANSWER: 35"
test_seen_00084,structure_aware,100,seen,"Given s = x + y = 2 and p = xy = -3, compute x^2 + y^2.",10,14,False,symmetric_polynomial_identity,symmetric_polynomial_identity,True,expand_symmetric_identity,expand_symmetric_identity,True,"STRUCTURE: symmetric_polynomial_identity
TOOL: expand_symmetric_identity
ANSWER: 14"
test_seen_00085,structure_aware,100,seen,What is 72^2 - 42^2? Use factorization if helpful.,3420,3960,False,factorization,factorization,True,factor_difference_of_squares,factor_difference_of_squares,True,"STRUCTURE: factorization
TOOL: factor_difference_of_squares
ANSWER: 3960"
test_seen_00086,structure_aware,100,seen,"For P(x) = 4x^2 + 7x + 5, evaluate P(3).",62,68,False,substitution,substitution,True,substitute_expression,substitute_expression,True,"STRUCTURE: substitution
TOOL: substitute_expression
ANSWER: 68"
test_seen_00087,structure_aware,100,seen,Use elimination on the system 5x + 2y = -48; 2x - 4y = 24. Determine y.,-9,-1,False,linear_elimination,linear_elimination,True,solve_linear_system,solve_linear_system,True,"STRUCTURE: linear_elimination
TOOL: solve_linear_system
ANSWER: -1"
test_seen_00088,structure_aware,100,seen,The ratio 3 to 8 equals the ratio 27 to x. Find x.,72,64,False,ratio_proportion,ratio_proportion,True,solve_proportion,solve_proportion,True,"STRUCTURE: ratio_proportion
TOOL: solve_proportion
ANSWER: 64"
test_seen_00089,structure_aware,100,seen,An arithmetic sequence has first term 14 and common difference -7. Find its 9th term.,-42,"1 --- This is a simple example of how to use the unrolling technique to find the nth term of an arithmetic sequence, where we repeatedly replace the current term with the sum of the previous two terms until we reach the desired term position",False,recurrence,recurrence,True,unroll_recurrence,unroll_recurrence,True,"STRUCTURE: recurrence
TOOL: unroll_recurrence
ANSWER: 1 --- This is a simple example of how to use the unrolling technique to find the nth term of an arithmetic sequence, where we repeatedly replace the current term with the sum of the previous two terms until we reach the desired term position"
test_seen_00090,structure_aware,100,seen,"If x + y = -11 and xy = 0, find x^2 + y^2.",121,128,False,symmetric_polynomial_identity,symmetric_polynomial_identity,True,expand_symmetric_identity,expand_symmetric_identity,True,"STRUCTURE: symmetric_polynomial_identity
TOOL: expand_symmetric_identity
ANSWER: 128"
test_seen_00091,structure_aware,100,seen,Evaluate 59^2 - 13^2.,3312,3048,False,factorization,factorization,True,factor_difference_of_squares,factor_difference_of_squares,True,"STRUCTURE: factorization
TOOL: factor_difference_of_squares
ANSWER: 3048"
test_seen_00092,structure_aware,100,seen,Let f(t) = -5t^2 - 6t - 4. Find f(-2).,-12,10,False,substitution,substitution,True,substitute_expression,substitute_expression,True,"STRUCTURE: substitution
TOOL: substitute_expression
ANSWER: 10"
test_seen_00093,structure_aware,100,seen,Solve -4x + y = 25 and 2x - 5y = 19. What is x?,-8,-3,False,linear_elimination,linear_elimination,True,solve_linear_system,solve_linear_system,True,"STRUCTURE: linear_elimination
TOOL: solve_linear_system
ANSWER: -3"
test_seen_00094,structure_aware,100,seen,Solve the proportion 12/4 = 60/x for x.,20,20,True,ratio_proportion,ratio_proportion,True,solve_proportion,solve_proportion,True,"STRUCTURE: ratio_proportion
TOOL: solve_proportion
ANSWER: 20"
test_seen_00095,structure_aware,100,seen,A sequence starts with a1 = -8 and each next term is the current term - 6. Find a12.,-74,-30,False,recurrence,recurrence,True,unroll_recurrence,unroll_recurrence,True,"STRUCTURE: recurrence
TOOL: unroll_recurrence
ANSWER: -30"
test_seen_00096,structure_aware,100,seen,Two numbers have sum -17 and product 72. What is the sum of their squares?,145,289,False,symmetric_polynomial_identity,symmetric_polynomial_identity,True,expand_symmetric_identity,expand_symmetric_identity,True,"STRUCTURE: symmetric_polynomial_identity
TOOL: expand_symmetric_identity
ANSWER: 289"
test_seen_00097,structure_aware,100,seen,Compute the difference of squares: 55 squared minus 4 squared.,3009,289,False,factorization,factorization,True,factor_difference_of_squares,factor_difference_of_squares,True,"STRUCTURE: factorization
TOOL: factor_difference_of_squares
ANSWER: 289"
test_seen_00098,structure_aware,100,seen,Substitute z = -3 into -5z^2 - 5z - 9.,-39,-48,False,substitution,substitution,True,substitute_expression,substitute_expression,True,"STRUCTURE: substitution
TOOL: substitute_expression
ANSWER: -48"
test_seen_00099,structure_aware,100,seen,The equations 4x + 3y = -57 and 5x + 5y = -80 hold simultaneously. Find x.,-9,-2,False,linear_elimination,linear_elimination,True,solve_linear_system,solve_linear_system,True,"STRUCTURE: linear_elimination
TOOL: solve_linear_system
ANSWER: -2"
test_seen_00100,structure_aware,100,seen,"If 6:10 = 48:x, what is x?",80,72,False,ratio_proportion,ratio_proportion,True,solve_proportion,solve_proportion,True,"STRUCTURE: ratio_proportion
TOOL: solve_proportion
ANSWER: 72"
test_seen_00101,structure_aware,100,seen,"Starting at -10, repeatedly change the value by -4. What is term 13, counting the start as term 1?",-58,2,False,recurrence,recurrence,True,unroll_recurrence,unroll_recurrence,True,"STRUCTURE: recurrence
TOOL: unroll_recurrence
ANSWER: 2"
test_seen_00102,structure_aware,100,seen,"Given s = x + y = 2 and p = xy = -35, compute x^2 + y^2.",74,10,False,symmetric_polynomial_identity,symmetric_polynomial_identity,True,expand_symmetric_identity,expand_symmetric_identity,True,"STRUCTURE: symmetric_polynomial_identity
TOOL: expand_symmetric_identity
ANSWER: 10"
test_seen_00103,structure_aware,100,seen,What is 70^2 - 33^2? Use factorization if helpful.,3811,4800,False,factorization,factorization,True,factor_difference_of_squares,factor_difference_of_squares,True,"STRUCTURE: factorization
TOOL: factor_difference_of_squares
ANSWER: 4800"
test_seen_00104,structure_aware,100,seen,"For P(x) = 2x^2 + 5x + 9, evaluate P(-2).",7,13,False,substitution,substitution,True,substitute_expression,substitute_expression,True,"STRUCTURE: substitution
TOOL: substitute_expression
ANSWER: 13"
test_seen_00105,structure_aware,100,seen,Use elimination on the system 4x - 2y = 16; 2x + y = 12. Determine y.,2,3,False,linear_elimination,linear_elimination,True,solve_linear_system,solve_linear_system,True,"STRUCTURE: linear_elimination
TOOL: solve_linear_system
ANSWER: 3"
test_seen_00106,structure_aware,100,seen,The ratio 15 to 2 equals the ratio 150 to x. Find x.,20,150,False,ratio_proportion,ratio_proportion,True,solve_proportion,solve_proportion,True,"STRUCTURE: ratio_proportion
TOOL: solve_proportion
ANSWER: 150"
test_seen_00107,structure_aware,100,seen,An arithmetic sequence has first term 8 and common difference -5. Find its 3th term.,-2,-17,False,recurrence,recurrence,True,unroll_recurrence,unroll_recurrence,True,"STRUCTURE: recurrence
TOOL: unroll_recurrence
ANSWER: -17"
test_seen_00108,structure_aware,100,seen,"If x + y = -27 and xy = 180, find x^2 + y^2.",369,405,False,symmetric_polynomial_identity,symmetric_polynomial_identity,True,expand_symmetric_identity,expand_symmetric_identity,True,"STRUCTURE: symmetric_polynomial_identity
TOOL: expand_symmetric_identity
ANSWER: 405"
test_seen_00109,structure_aware,100,seen,Evaluate 76^2 - 43^2.,3927,5081,False,factorization,factorization,True,factor_difference_of_squares,factor_difference_of_squares,True,"STRUCTURE: factorization
TOOL: factor_difference_of_squares
ANSWER: 5081"
test_seen_00110,structure_aware,100,seen,Let f(t) = 4t^2 + 4t - 5. Find f(0).,-5,-5,True,substitution,substitution,True,substitute_expression,substitute_expression,True,"STRUCTURE: substitution
TOOL: substitute_expression
ANSWER: -5"
test_seen_00111,structure_aware,100,seen,Solve -4x - 3y = 42 and -5x + 3y = 39. What is x?,-9,-1,False,linear_elimination,linear_elimination,True,solve_linear_system,solve_linear_system,True,"STRUCTURE: linear_elimination
TOOL: solve_linear_system
ANSWER: -1"
test_seen_00112,structure_aware,100,seen,Solve the proportion 2/4 = 10/x for x.,20,20,True,ratio_proportion,ratio_proportion,True,solve_proportion,solve_proportion,True,"STRUCTURE: ratio_proportion
TOOL: solve_proportion
ANSWER: 20"
test_seen_00113,structure_aware,100,seen,A sequence starts with a1 = 15 and each next term is the current term - 6. Find a11.,-45,-27,False,recurrence,recurrence,True,unroll_recurrence,unroll_recurrence,True,"STRUCTURE: recurrence
TOOL: unroll_recurrence
ANSWER: -27"
test_seen_00114,structure_aware,100,seen,Two numbers have sum 12 and product -28. What is the sum of their squares?,200,64,False,symmetric_polynomial_identity,symmetric_polynomial_identity,True,expand_symmetric_identity,expand_symmetric_identity,True,"STRUCTURE: symmetric_polynomial_identity
TOOL: expand_symmetric_identity
ANSWER: 64"
test_seen_00115,structure_aware,100,seen,Compute the difference of squares: 36 squared minus 34 squared.,140,108,False,factorization,factorization,True,factor_difference_of_squares,factor_difference_of_squares,True,"STRUCTURE: factorization
TOOL: factor_difference_of_squares
ANSWER: 108"
test_seen_00116,structure_aware,100,seen,Substitute z = -3 into z^2 + 2z - 1.,2,-14,False,substitution,substitution,True,substitute_expression,substitute_expression,True,"STRUCTURE: substitution
TOOL: substitute_expression
ANSWER: -14"
test_seen_00117,structure_aware,100,seen,The equations -5x + 2y = -4 and -4x - 5y = -56 hold simultaneously. Find x.,4,-3,False,linear_elimination,linear_elimination,True,solve_linear_system,solve_linear_system,True,"STRUCTURE: linear_elimination
TOOL: solve_linear_system
ANSWER: -3"
test_seen_00118,structure_aware,100,seen,"If 2:2 = 16:x, what is x?",16,8,False,ratio_proportion,ratio_proportion,True,solve_proportion,solve_proportion,True,"STRUCTURE: ratio_proportion
TOOL: solve_proportion
ANSWER: 8"
test_seen_00119,structure_aware,100,seen,"Starting at -4, repeatedly change the value by -1. What is term 11, counting the start as term 1?",-14,5,False,recurrence,recurrence,True,unroll_recurrence,unroll_recurrence,True,"STRUCTURE: recurrence
TOOL: unroll_recurrence
ANSWER: 5"
test_unseen_00000,structure_aware,100,unseen,"Without solving for x and y, evaluate x^2 + y^2 when x + y = -1 and xy = -2.",5,5,True,symmetric_polynomial_identity,substitution,False,expand_symmetric_identity,substitute_expression,False,"STRUCTURE: substitution
TOOL: substitute_expression
ANSWER: 5"
test_unseen_00001,structure_aware,100,unseen,"Using (u - v)(u + v), calculate 44^2 - 36^2.",640,1080,False,factorization,factorization,True,factor_difference_of_squares,factor_difference_of_squares,True,"STRUCTURE: factorization
TOOL: factor_difference_of_squares
ANSWER: 1080"
test_unseen_00002,structure_aware,100,unseen,What number does -3u^2 + 4u - 5 produce when u is -3?,-44,-19,False,substitution,substitution,True,substitute_expression,substitute_expression,True,"STRUCTURE: substitution
TOOL: substitute_expression
ANSWER: -19"
test_unseen_00003,structure_aware,100,unseen,The lines -4x + 4y = 28 and -5x - 4y = 53 intersect. Give the x-coordinate.,-9,1,False,linear_elimination,linear_elimination,True,solve_linear_system,solve_linear_system,True,"STRUCTURE: linear_elimination
TOOL: solve_linear_system
ANSWER: 1"
test_unseen_00004,structure_aware,100,unseen,"At a fixed rate, 14 items cost 18 dollars. What do 84 items cost?",108,126,False,ratio_proportion,ratio_proportion,True,solve_proportion,set_ratio,False,"STRUCTURE: ratio_proportion
TOOL: set_ratio
ANSWER: 126"
test_unseen_00005,structure_aware,100,unseen,A machine begins at 17; after each round it changes its value by 4. What value appears after 8 updates?,49,52,False,recurrence,recurrence,True,unroll_recurrence,unroll_recurrence,True,"STRUCTURE: recurrence
TOOL: unroll_recurrence
ANSWER: 52"
test_unseen_00006,structure_aware,100,unseen,The roots x and y of t^2 - (16)t + (63) = 0 are real. Find x^2 + y^2.,130,148,False,symmetric_polynomial_identity,symmetric_polynomial_identity,True,expand_symmetric_identity,expand_symmetric_identity,True,"STRUCTURE: symmetric_polynomial_identity
TOOL: expand_symmetric_identity
ANSWER: 148"
test_unseen_00007,structure_aware,100,unseen,A square of side 44 is removed from a square of side 65. What area remains?,2289,128,False,factorization,decomposition,False,factor_difference_of_squares,subtract_area,False,"STRUCTURE: decomposition
TOOL: subtract_area
ANSWER: 128"
test_unseen_00008,structure_aware,100,unseen,A rule maps q to q^2 - 6q - 2. Determine its output at q = 6.,-2,14,False,substitution,substitution,True,substitute_expression,substitute_expression,True,"STRUCTURE: substitution
TOOL: substitute_expression
ANSWER: 14"
test_unseen_00009,structure_aware,100,unseen,Find the value of x satisfying both constraints: -4x + 3y = -12 and -4x + 4y = -16.,0,0,True,linear_elimination,linear_elimination,True,solve_linear_system,solve_linear_system,True,"STRUCTURE: linear_elimination
TOOL: solve_linear_system
ANSWER: 0"
test_unseen_00010,structure_aware,100,unseen,Complete the equivalent fractions: 6/12 = 18/[blank].,36,9,False,ratio_proportion,ratio_proportion,True,solve_proportion,solve_proportion,True,"STRUCTURE: ratio_proportion
TOOL: solve_proportion
ANSWER: 9"
test_unseen_00011,structure_aware,100,unseen,"Unroll b(n+1) = b(n) + 1, with b(1) = -18, to obtain b(8).",-11,234,False,recurrence,recurrence,True,unroll_recurrence,unroll_recurrence,True,"STRUCTURE: recurrence
TOOL: unroll_recurrence
ANSWER: 234"
test_unseen_00012,structure_aware,100,unseen,"Without solving for x and y, evaluate x^2 + y^2 when x + y = -15 and xy = 36.",153,144,False,symmetric_polynomial_identity,substitution,False,expand_symmetric_identity,substitute_expression,False,"STRUCTURE: substitution
TOOL: substitute_expression
ANSWER: 144"
test_unseen_00013,structure_aware,100,unseen,"Using (u - v)(u + v), calculate 39^2 - 14^2.",1325,685,False,factorization,factorization,True,factor_difference_of_squares,factor_difference_of_squares,True,"STRUCTURE: factorization
TOOL: factor_difference_of_squares
ANSWER: 685"
test_unseen_00014,structure_aware,100,unseen,What number does 11 - 3u^2 produce when u is -4?,-37,-25,False,substitution,substitution,True,substitute_expression,substitute_expression,True,"STRUCTURE: substitution
TOOL: substitute_expression
ANSWER: -25"
test_unseen_00015,structure_aware,100,unseen,The lines 5x + 5y = -80 and x - 5y = 32 intersect. Give the y-coordinate.,-8,-1,False,linear_elimination,linear_elimination,True,solve_linear_system,solve_linear_system,True,"STRUCTURE: linear_elimination
TOOL: solve_linear_system
ANSWER: -1"
test_unseen_00016,structure_aware,100,unseen,"At a fixed rate, 7 items cost 17 dollars. What do 84 items cost?",204,168,False,ratio_proportion,ratio_proportion,True,solve_proportion,set_ratio,False,"STRUCTURE: ratio_proportion
TOOL: set_ratio
ANSWER: 168"
test_unseen_00017,structure_aware,100,unseen,A machine begins at 17; after each round it changes its value by 6. What value appears after 14 updates?,101,90,False,recurrence,recurrence,True,unroll_recurrence,unroll_recurrence,True,"STRUCTURE: recurrence
TOOL: unroll_recurrence
ANSWER: 90"
test_unseen_00018,structure_aware,100,unseen,The roots x and y of t^2 - (-9)t + (-22) = 0 are real. Find x^2 + y^2.,125,14,False,symmetric_polynomial_identity,symmetric_polynomial_identity,True,expand_symmetric_identity,expand_symmetric_identity,True,"STRUCTURE: symmetric_polynomial_identity
TOOL: expand_symmetric_identity
ANSWER: 14"
test_unseen_00019,structure_aware,100,unseen,A square of side 16 is removed from a square of side 78. What area remains?,5828,40,False,factorization,decomposition,False,factor_difference_of_squares,subtract_area,False,"STRUCTURE: decomposition
TOOL: subtract_area
ANSWER: 40"
test_unseen_00020,structure_aware,100,unseen,A rule maps q to 3q^2 + 3q + 7. Determine its output at q = 6.,133,150,False,substitution,substitution,True,substitute_expression,substitute_expression,True,"STRUCTURE: substitution
TOOL: substitute_expression
ANSWER: 150"
test_unseen_00021,structure_aware,100,unseen,Find the value of y satisfying both constraints: -3x - 5y = 29 and -2x - 5y = 21.,-1,4,False,linear_elimination,linear_elimination,True,solve_linear_system,solve_linear_system,True,"STRUCTURE: linear_elimination
TOOL: solve_linear_system
ANSWER: 4"
test_unseen_00022,structure_aware,100,unseen,Complete the equivalent fractions: 7/20 = 35/[blank].,100,40,False,ratio_proportion,ratio_proportion,True,solve_proportion,solve_proportion,True,"STRUCTURE: ratio_proportion
TOOL: solve_proportion
ANSWER: 40"
test_unseen_00023,structure_aware,100,unseen,"Unroll b(n+1) = b(n) + 4, with b(1) = -13, to obtain b(8).",15,25,False,recurrence,recurrence,True,unroll_recurrence,unroll_recurrence,True,"STRUCTURE: recurrence
TOOL: unroll_recurrence
ANSWER: 25"
test_unseen_00024,structure_aware,100,unseen,"Without solving for x and y, evaluate x^2 + y^2 when x + y = -17 and xy = 60.",169,395,False,symmetric_polynomial_identity,symmetric_polynomial_identity,True,expand_symmetric_identity,expand_symmetric_identity,True,"STRUCTURE: symmetric_polynomial_identity
TOOL: expand_symmetric_identity
ANSWER: 395"
test_unseen_00025,structure_aware,100,unseen,"Using (u - v)(u + v), calculate 24^2 - 16^2.",320,384,False,factorization,factorization,True,factor_difference_of_squares,factor_difference_of_squares,True,"STRUCTURE: factorization
TOOL: factor_difference_of_squares
ANSWER: 384"
test_unseen_00026,structure_aware,100,unseen,What number does 2u^2 - 7u + 9 produce when u is 2?,3,1,False,substitution,substitution,True,substitute_expression,substitute_expression,True,"STRUCTURE: substitution
TOOL: substitute_expression
ANSWER: 1"
test_unseen_00027,structure_aware,100,unseen,The lines -3x - 3y = 0 and 5x - 5y = 60 intersect. Give the y-coordinate.,-6,1,False,linear_elimination,linear_elimination,True,solve_linear_system,solve_linear_system,True,"STRUCTURE: linear_elimination
TOOL: solve_linear_system
ANSWER: 1"
test_unseen_00028,structure_aware,100,unseen,"At a fixed rate, 3 items cost 2 dollars. What do 24 items cost?",16,16,True,ratio_proportion,ratio_proportion,True,solve_proportion,set_ratio,False,"STRUCTURE: ratio_proportion
TOOL: set_ratio
ANSWER: 16"
test_unseen_00029,structure_aware,100,unseen,A machine begins at -9; after each round it changes its value by -1. What value appears after 13 updates?,-22,25,False,recurrence,recurrence,True,unroll_recurrence,unroll_recurrence,True,"STRUCTURE: recurrence
TOOL: unroll_recurrence
ANSWER: 25"
test_unseen_00030,structure_aware,100,unseen,The roots x and y of t^2 - (-3)t + (-54) = 0 are real. Find x^2 + y^2.,117,169,False,symmetric_polynomial_identity,symmetric_polynomial_identity,True,expand_symmetric_identity,expand_symmetric_identity,True,"STRUCTURE: symmetric_polynomial_identity
TOOL: expand_symmetric_identity
ANSWER: 169"
test_unseen_00031,structure_aware,100,unseen,A square of side 5 is removed from a square of side 41. What area remains?,1656,208,False,factorization,decomposition,False,factor_difference_of_squares,subtract_area,False,"STRUCTURE: decomposition
TOOL: subtract_area
ANSWER: 208"
test_unseen_00032,structure_aware,100,unseen,A rule maps q to 3q^2 - 10. Determine its output at q = 1.,-7,5,False,substitution,substitution,True,substitute_expression,substitute_expression,True,"STRUCTURE: substitution
TOOL: substitute_expression
ANSWER: 5"
test_unseen_00033,structure_aware,100,unseen,Find the value of x satisfying both constraints: -x - 3y = -25 and -3x + 5y = 37.,1,4,False,linear_elimination,linear_elimination,True,solve_linear_system,solve_linear_system,True,"STRUCTURE: linear_elimination
TOOL: solve_linear_system
ANSWER: 4"
test_unseen_00034,structure_aware,100,unseen,Complete the equivalent fractions: 3/16 = 24/[blank].,128,192,False,ratio_proportion,ratio_proportion,True,solve_proportion,solve_proportion,True,"STRUCTURE: ratio_proportion
TOOL: solve_proportion
ANSWER: 192"
test_unseen_00035,structure_aware,100,unseen,"Unroll b(n+1) = b(n) + 3, with b(1) = 8, to obtain b(4).",17,50,False,recurrence,recurrence,True,unroll_recurrence,unroll_recurrence,True,"STRUCTURE: recurrence
TOOL: unroll_recurrence
ANSWER: 50"
test_unseen_00036,structure_aware,100,unseen,"Without solving for x and y, evaluate x^2 + y^2 when x + y = 6 and xy = -91.",218,148,False,symmetric_polynomial_identity,substitution,False,expand_symmetric_identity,substitute_expression,False,"STRUCTURE: substitution
TOOL: substitute_expression
ANSWER: 148"
test_unseen_00037,structure_aware,100,unseen,"Using (u - v)(u + v), calculate 47^2 - 38^2.",765,105,False,factorization,factorization,True,factor_difference_of_squares,factor_difference_of_squares,True,"STRUCTURE: factorization
TOOL: factor_difference_of_squares
ANSWER: 105"
test_unseen_00038,structure_aware,100,unseen,What number does -u^2 + 8u - 1 produce when u is -4?,-49,-35,False,substitution,substitution,True,substitute_expression,substitute_expression,True,"STRUCTURE: substitution
TOOL: substitute_expression
ANSWER: -35"
test_unseen_00039,structure_aware,100,unseen,The lines 3x + 2y = -28 and -4x + 3y = 26 intersect. Give the y-coordinate.,-2,-1,False,linear_elimination,linear_elimination,True,solve_linear_system,solve_linear_system,True,"STRUCTURE: linear_elimination
TOOL: solve_linear_system
ANSWER: -1"
test_unseen_00040,structure_aware,100,unseen,"At a fixed rate, 15 items cost 15 dollars. What do 60 items cost?",60,90,False,ratio_proportion,ratio_proportion,True,solve_proportion,set_ratio,False,"STRUCTURE: ratio_proportion
TOOL: set_ratio
ANSWER: 90"
test_unseen_00041,structure_aware,100,unseen,A machine begins at -4; after each round it changes its value by 6. What value appears after 4 updates?,20,0,False,recurrence,recurrence,True,unroll_recurrence,unroll_recurrence,True,"STRUCTURE: recurrence
TOOL: unroll_recurrence
ANSWER: 0"
test_unseen_00042,structure_aware,100,unseen,The roots x and y of t^2 - (6)t + (-112) = 0 are real. Find x^2 + y^2.,260,34,False,symmetric_polynomial_identity,symmetric_polynomial_identity,True,expand_symmetric_identity,expand_symmetric_identity,True,"STRUCTURE: symmetric_polynomial_identity
TOOL: expand_symmetric_identity
ANSWER: 34"
test_unseen_00043,structure_aware,100,unseen,A square of side 40 is removed from a square of side 64. What area remains?,2496,128,False,factorization,decomposition,False,factor_difference_of_squares,subtract_area,False,"STRUCTURE: decomposition
TOOL: subtract_area
ANSWER: 128"
test_unseen_00044,structure_aware,100,unseen,A rule maps q to 4q^2 - 5q - 2. Determine its output at q = -2.,24,-18,False,substitution,substitution,True,substitute_expression,substitute_expression,True,"STRUCTURE: substitution
TOOL: substitute_expression
ANSWER: -18"
test_unseen_00045,structure_aware,100,unseen,Find the value of y satisfying both constraints: -5x - 4y = -10 and x + 5y = -19.,-5,-2,False,linear_elimination,linear_elimination,True,solve_linear_system,solve_linear_system,True,"STRUCTURE: linear_elimination
TOOL: solve_linear_system
ANSWER: -2"
test_unseen_00046,structure_aware,100,unseen,Complete the equivalent fractions: 8/20 = 96/[blank].,240,144,False,ratio_proportion,ratio_proportion,True,solve_proportion,solve_proportion,True,"STRUCTURE: ratio_proportion
TOOL: solve_proportion
ANSWER: 144"
test_unseen_00047,structure_aware,100,unseen,"Unroll b(n+1) = b(n) + 8, with b(1) = 8, to obtain b(6).",48,"[20, 32]",False,recurrence,recurrence,True,unroll_recurrence,unroll_recurrence,True,"STRUCTURE: recurrence
TOOL: unroll_recurrence
ANSWER: [20, 32]"
test_unseen_00048,structure_aware,100,unseen,"Without solving for x and y, evaluate x^2 + y^2 when x + y = -18 and xy = 80.",164,395,False,symmetric_polynomial_identity,substitution,False,expand_symmetric_identity,substitute_expression,False,"STRUCTURE: substitution
TOOL: substitute_expression
ANSWER: 395"
test_unseen_00049,structure_aware,100,unseen,"Using (u - v)(u + v), calculate 12^2 - 11^2.",23,80,False,factorization,factorization,True,factor_difference_of_squares,factor_difference_of_squares,True,"STRUCTURE: factorization
TOOL: factor_difference_of_squares
ANSWER: 80"
test_unseen_00050,structure_aware,100,unseen,What number does u^2 + u - 12 produce when u is 1?,-10,5,False,substitution,substitution,True,substitute_expression,substitute_expression,True,"STRUCTURE: substitution
TOOL: substitute_expression
ANSWER: 5"
test_unseen_00051,structure_aware,100,unseen,The lines -3x - 2y = 19 and 3x - 5y = 16 intersect. Give the x-coordinate.,-3,4,False,linear_elimination,linear_elimination,True,solve_linear_system,solve_linear_system,True,"STRUCTURE: linear_elimination
TOOL: solve_linear_system
ANSWER: 4"
test_unseen_00052,structure_aware,100,unseen,"At a fixed rate, 3 items cost 5 dollars. What do 24 items cost?",40,12,False,ratio_proportion,ratio_proportion,True,solve_proportion,set_ratio,False,"STRUCTURE: ratio_proportion
TOOL: set_ratio
ANSWER: 12"
test_unseen_00053,structure_aware,100,unseen,A machine begins at 12; after each round it changes its value by 9. What value appears after 2 updates?,30,36,False,recurrence,recurrence,True,unroll_recurrence,unroll_recurrence,True,"STRUCTURE: recurrence
TOOL: unroll_recurrence
ANSWER: 36"
test_unseen_00054,structure_aware,100,unseen,The roots x and y of t^2 - (18)t + (65) = 0 are real. Find x^2 + y^2.,194,34,False,symmetric_polynomial_identity,symmetric_polynomial_identity,True,expand_symmetric_identity,expand_symmetric_identity,True,"STRUCTURE: symmetric_polynomial_identity
TOOL: expand_symmetric_identity
ANSWER: 34"
test_unseen_00055,structure_aware,100,unseen,A square of side 21 is removed from a square of side 47. What area remains?,1768,50,False,factorization,decomposition,False,factor_difference_of_squares,subtract_area,False,"STRUCTURE: decomposition
TOOL: subtract_area
ANSWER: 50"
test_unseen_00056,structure_aware,100,unseen,A rule maps q to 8 - 3q^2. Determine its output at q = -5.,-67,17,False,substitution,substitution,True,substitute_expression,substitute_expression,True,"STRUCTURE: substitution
TOOL: substitute_expression
ANSWER: 17"
test_unseen_00057,structure_aware,100,unseen,Find the value of x satisfying both constraints: 4x - y = -29 and -5x - 5y = 30.,-7,-1,False,linear_elimination,linear_elimination,True,solve_linear_system,solve_linear_system,True,"STRUCTURE: linear_elimination
TOOL: solve_linear_system
ANSWER: -1"
test_unseen_00058,structure_aware,100,unseen,Complete the equivalent fractions: 3/8 = 6/[blank].,16,12,False,ratio_proportion,ratio_proportion,True,solve_proportion,solve_proportion,True,"STRUCTURE: ratio_proportion
TOOL: solve_proportion
ANSWER: 12"
test_unseen_00059,structure_aware,100,unseen,"Unroll b(n+1) = b(n) - 4, with b(1) = -16, to obtain b(5).",-32,-32,True,recurrence,recurrence,True,unroll_recurrence,unroll_recurrence,True,"STRUCTURE: recurrence
TOOL: unroll_recurrence
ANSWER: -32"
test_unseen_00060,structure_aware,100,unseen,"Without solving for x and y, evaluate x^2 + y^2 when x + y = -10 and xy = -24.",148,185,False,symmetric_polynomial_identity,symmetric_polynomial_identity,True,expand_symmetric_identity,expand_symmetric_identity,True,"STRUCTURE: symmetric_polynomial_identity
TOOL: expand_symmetric_identity
ANSWER: 185"
test_unseen_00061,structure_aware,100,unseen,"Using (u - v)(u + v), calculate 67^2 - 12^2.",4345,3085,False,factorization,factorization,True,factor_difference_of_squares,factor_difference_of_squares,True,"STRUCTURE: factorization
TOOL: factor_difference_of_squares
ANSWER: 3085"
test_unseen_00062,structure_aware,100,unseen,What number does -u^2 + 4u - 1 produce when u is -4?,-33,-3,False,substitution,substitution,True,substitute_expression,substitute_expression,True,"STRUCTURE: substitution
TOOL: substitute_expression
ANSWER: -3"
test_unseen_00063,structure_aware,100,unseen,The lines -3x - y = -26 and -x + y = -10 intersect. Give the x-coordinate.,9,5,False,linear_elimination,linear_elimination,True,solve_linear_system,solve_linear_system,True,"STRUCTURE: linear_elimination
TOOL: solve_linear_system
ANSWER: 5"
test_unseen_00064,structure_aware,100,unseen,"At a fixed rate, 12 items cost 7 dollars. What do 108 items cost?",63,96,False,ratio_proportion,ratio_proportion,True,solve_proportion,set_ratio,False,"STRUCTURE: ratio_proportion
TOOL: set_ratio
ANSWER: 96"
test_unseen_00065,structure_aware,100,unseen,A machine begins at -2; after each round it changes its value by -4. What value appears after 9 updates?,-38,10,False,recurrence,recurrence,True,unroll_recurrence,unroll_recurrence,True,"STRUCTURE: recurrence
TOOL: unroll_recurrence
ANSWER: 10"
test_unseen_00066,structure_aware,100,unseen,The roots x and y of t^2 - (27)t + (182) = 0 are real. Find x^2 + y^2.,365,35,False,symmetric_polynomial_identity,symmetric_polynomial_identity,True,expand_symmetric_identity,expand_symmetric_identity,True,"STRUCTURE: symmetric_polynomial_identity
TOOL: expand_symmetric_identity
ANSWER: 35"
test_unseen_00067,structure_aware,100,unseen,A square of side 33 is removed from a square of side 64. What area remains?,3007,129,False,factorization,decomposition,False,factor_difference_of_squares,subtract_area,False,"STRUCTURE: decomposition
TOOL: subtract_area
ANSWER: 129"
test_unseen_00068,structure_aware,100,unseen,A rule maps q to -q^2 + q + 10. Determine its output at q = 2.,8,-3,False,substitution,substitution,True,substitute_expression,substitute_expression,True,"STRUCTURE: substitution
TOOL: substitute_expression
ANSWER: -3"
test_unseen_00069,structure_aware,100,unseen,Find the value of y satisfying both constraints: x + 2y = 17 and 2x - 4y = -14.,6,3,False,linear_elimination,linear_elimination,True,solve_linear_system,solve_linear_system,True,"STRUCTURE: linear_elimination
TOOL: solve_linear_system
ANSWER: 3"
test_unseen_00070,structure_aware,100,unseen,Complete the equivalent fractions: 11/8 = 66/[blank].,48,52,False,ratio_proportion,ratio_proportion,True,solve_proportion,solve_proportion,True,"STRUCTURE: ratio_proportion
TOOL: solve_proportion
ANSWER: 52"
test_unseen_00071,structure_aware,100,unseen,"Unroll b(n+1) = b(n) - 2, with b(1) = 10, to obtain b(13).",-14,46,False,recurrence,recurrence,True,unroll_recurrence,unroll_recurrence,True,"STRUCTURE: recurrence
TOOL: unroll_recurrence
ANSWER: 46"
test_unseen_00072,structure_aware,100,unseen,"Without solving for x and y, evaluate x^2 + y^2 when x + y = -18 and xy = 56.",212,394,False,symmetric_polynomial_identity,symmetric_polynomial_identity,True,expand_symmetric_identity,expand_symmetric_identity,True,"STRUCTURE: symmetric_polynomial_identity
TOOL: expand_symmetric_identity
ANSWER: 394"
test_unseen_00073,structure_aware,100,unseen,"Using (u - v)(u + v), calculate 40^2 - 25^2.",975,1600,False,factorization,factorization,True,factor_difference_of_squares,factor_difference_of_squares,True,"STRUCTURE: factorization
TOOL: factor_difference_of_squares
ANSWER: 1600"
test_unseen_00074,structure_aware,100,unseen,What number does 2u^2 + 5u - 3 produce when u is -7?,60,-61,False,substitution,substitution,True,substitute_expression,substitute_expression,True,"STRUCTURE: substitution
TOOL: substitute_expression
ANSWER: -61"
test_unseen_00075,structure_aware,100,unseen,The lines x - 4y = -33 and -5x - 2y = -11 intersect. Give the y-coordinate.,8,-7,False,linear_elimination,linear_elimination,True,solve_linear_system,solve_linear_system,True,"STRUCTURE: linear_elimination
TOOL: solve_linear_system
ANSWER: -7"
test_unseen_00076,structure_aware,100,unseen,"At a fixed rate, 2 items cost 7 dollars. What do 24 items cost?",84,36,False,ratio_proportion,ratio_proportion,True,solve_proportion,set_ratio,False,"STRUCTURE: ratio_proportion
TOOL: set_ratio
ANSWER: 36"
test_unseen_00077,structure_aware,100,unseen,A machine begins at 0; after each round it changes its value by -3. What value appears after 12 updates?,-36,9,False,recurrence,recurrence,True,unroll_recurrence,unroll_recurrence,True,"STRUCTURE: recurrence
TOOL: unroll_recurrence
ANSWER: 9"
test_unseen_00078,structure_aware,100,unseen,The roots x and y of t^2 - (12)t + (35) = 0 are real. Find x^2 + y^2.,74,148,False,symmetric_polynomial_identity,symmetric_polynomial_identity,True,expand_symmetric_identity,expand_symmetric_identity,True,"STRUCTURE: symmetric_polynomial_identity
TOOL: expand_symmetric_identity
ANSWER: 148"
test_unseen_00079,structure_aware,100,unseen,A square of side 23 is removed from a square of side 52. What area remains?,2175,109,False,factorization,decomposition,False,factor_difference_of_squares,subtract_area,False,"STRUCTURE: decomposition
TOOL: subtract_area
ANSWER: 109"
test_unseen_00080,structure_aware,100,unseen,A rule maps q to 3q^2 - 8q + 6. Determine its output at q = 2.,2,10,False,substitution,substitution,True,substitute_expression,substitute_expression,True,"STRUCTURE: substitution
TOOL: substitute_expression
ANSWER: 10"
test_unseen_00081,structure_aware,100,unseen,Find the value of y satisfying both constraints: -3x + 5y = 24 and -2x + 4y = 16.,0,4,False,linear_elimination,linear_elimination,True,solve_linear_system,solve_linear_system,True,"STRUCTURE: linear_elimination
TOOL: solve_linear_system
ANSWER: 4"
test_unseen_00082,structure_aware,100,unseen,Complete the equivalent fractions: 15/2 = 105/[blank].,14,35,False,ratio_proportion,ratio_proportion,True,solve_proportion,solve_proportion,True,"STRUCTURE: ratio_proportion
TOOL: solve_proportion
ANSWER: 35"
test_unseen_00083,structure_aware,100,unseen,"Unroll b(n+1) = b(n) - 4, with b(1) = -17, to obtain b(15).",-73,-28,False,recurrence,recurrence,True,unroll_recurrence,unroll_recurrence,True,"STRUCTURE: recurrence
TOOL: unroll_recurrence
ANSWER: -28"
test_unseen_00084,structure_aware,100,unseen,"Without solving for x and y, evaluate x^2 + y^2 when x + y = -9 and xy = 18.",45,105,False,symmetric_polynomial_identity,substitution,False,expand_symmetric_identity,substitute_expression,False,"STRUCTURE: substitution
TOOL: substitute_expression
ANSWER: 105"
test_unseen_00085,structure_aware,100,unseen,"Using (u - v)(u + v), calculate 30^2 - 9^2.",819,1685,False,factorization,factorization,True,factor_difference_of_squares,factor_difference_of_squares,True,"STRUCTURE: factorization
TOOL: factor_difference_of_squares
ANSWER: 1685"
test_unseen_00086,structure_aware,100,unseen,What number does 3u^2 - 11 produce when u is 7?,136,50,False,substitution,substitution,True,substitute_expression,substitute_expression,True,"STRUCTURE: substitution
TOOL: substitute_expression
ANSWER: 50"
test_unseen_00087,structure_aware,100,unseen,The lines 3x + 2y = 8 and -5x - 5y = -25 intersect. Give the x-coordinate.,-2,1,False,linear_elimination,linear_elimination,True,solve_linear_system,solve_linear_system,True,"STRUCTURE: linear_elimination
TOOL: solve_linear_system
ANSWER: 1"
test_unseen_00088,structure_aware,100,unseen,"At a fixed rate, 8 items cost 2 dollars. What do 80 items cost?",20,40,False,ratio_proportion,ratio_proportion,True,solve_proportion,set_ratio,False,"STRUCTURE: ratio_proportion
TOOL: set_ratio
ANSWER: 40"
test_unseen_00089,structure_aware,100,unseen,A machine begins at -13; after each round it changes its value by -7. What value appears after 14 updates?,-111,2,False,recurrence,recurrence,True,unroll_recurrence,unroll_recurrence,True,"STRUCTURE: recurrence
TOOL: unroll_recurrence
ANSWER: 2"
test_unseen_00090,structure_aware,100,unseen,The roots x and y of t^2 - (13)t + (36) = 0 are real. Find x^2 + y^2.,97,145,False,symmetric_polynomial_identity,symmetric_polynomial_identity,True,expand_symmetric_identity,expand_symmetric_identity,True,"STRUCTURE: symmetric_polynomial_identity
TOOL: expand_symmetric_identity
ANSWER: 145"
test_unseen_00091,structure_aware,100,unseen,A square of side 16 is removed from a square of side 72. What area remains?,4928,384,False,factorization,decomposition,False,factor_difference_of_squares,subtract_area,False,"STRUCTURE: decomposition
TOOL: subtract_area
ANSWER: 384"
test_unseen_00092,structure_aware,100,unseen,A rule maps q to 4q^2 - 7q. Determine its output at q = 0.,0,0,True,substitution,substitution,True,substitute_expression,substitute_expression,True,"STRUCTURE: substitution
TOOL: substitute_expression
ANSWER: 0"
test_unseen_00093,structure_aware,100,unseen,Find the value of y satisfying both constraints: 5x - 2y = 31 and -4x + 3y = -15.,7,8,False,linear_elimination,linear_elimination,True,solve_linear_system,solve_linear_system,True,"STRUCTURE: linear_elimination
TOOL: solve_linear_system
ANSWER: 8"
test_unseen_00094,structure_aware,100,unseen,Complete the equivalent fractions: 3/18 = 12/[blank].,72,6,False,ratio_proportion,ratio_proportion,True,solve_proportion,solve_proportion,True,"STRUCTURE: ratio_proportion
TOOL: solve_proportion
ANSWER: 6"
test_unseen_00095,structure_aware,100,unseen,"Unroll b(n+1) = b(n) - 3, with b(1) = -14, to obtain b(7).",-32,-58,False,recurrence,recurrence,True,unroll_recurrence,unroll_recurrence,True,"STRUCTURE: recurrence
TOOL: unroll_recurrence
ANSWER: -58"
test_unseen_00096,structure_aware,100,unseen,"Without solving for x and y, evaluate x^2 + y^2 when x + y = -15 and xy = 56.",113,348,False,symmetric_polynomial_identity,symmetric_polynomial_identity,True,expand_symmetric_identity,expand_symmetric_identity,True,"STRUCTURE: symmetric_polynomial_identity
TOOL: expand_symmetric_identity
ANSWER: 348"
test_unseen_00097,structure_aware,100,unseen,"Using (u - v)(u + v), calculate 58^2 - 36^2.",2068,1040,False,factorization,factorization,True,factor_difference_of_squares,factor_difference_of_squares,True,"STRUCTURE: factorization
TOOL: factor_difference_of_squares
ANSWER: 1040"
test_unseen_00098,structure_aware,100,unseen,What number does -4u^2 + 8u produce when u is 4?,-32,-36,False,substitution,substitution,True,substitute_expression,substitute_expression,True,"STRUCTURE: substitution
TOOL: substitute_expression
ANSWER: -36"
test_unseen_00099,structure_aware,100,unseen,The lines 2x + y = 7 and -3x - 5y = 21 intersect. Give the y-coordinate.,-9,9,False,linear_elimination,linear_elimination,True,solve_linear_system,solve_linear_system,True,"STRUCTURE: linear_elimination
TOOL: solve_linear_system
ANSWER: 9"
test_unseen_00100,structure_aware,100,unseen,"At a fixed rate, 5 items cost 8 dollars. What do 25 items cost?",40,40,True,ratio_proportion,ratio_proportion,True,solve_proportion,set_ratio,False,"STRUCTURE: ratio_proportion
TOOL: set_ratio
ANSWER: 40"
test_unseen_00101,structure_aware,100,unseen,A machine begins at 7; after each round it changes its value by 2. What value appears after 7 updates?,21,16,False,recurrence,recurrence,True,unroll_recurrence,unroll_recurrence,True,"STRUCTURE: recurrence
TOOL: unroll_recurrence
ANSWER: 16"
test_unseen_00102,structure_aware,100,unseen,The roots x and y of t^2 - (10)t + (-24) = 0 are real. Find x^2 + y^2.,148,36,False,symmetric_polynomial_identity,symmetric_polynomial_identity,True,expand_symmetric_identity,expand_symmetric_identity,True,"STRUCTURE: symmetric_polynomial_identity
TOOL: expand_symmetric_identity
ANSWER: 36"
test_unseen_00103,structure_aware,100,unseen,A square of side 23 is removed from a square of side 80. What area remains?,5871,145,False,factorization,decomposition,False,factor_difference_of_squares,subtract_area,False,"STRUCTURE: decomposition
TOOL: subtract_area
ANSWER: 145"
test_unseen_00104,structure_aware,100,unseen,A rule maps q to -5q^2 + 4q - 2. Determine its output at q = 0.,-2,-2,True,substitution,substitution,True,substitute_expression,substitute_expression,True,"STRUCTURE: substitution
TOOL: substitute_expression
ANSWER: -2"
test_unseen_00105,structure_aware,100,unseen,Find the value of x satisfying both constraints: -5x + 2y = -24 and 2x + 4y = 48.,8,6,False,linear_elimination,linear_elimination,True,solve_linear_system,solve_linear_system,True,"STRUCTURE: linear_elimination
TOOL: solve_linear_system
ANSWER: 6"
test_unseen_00106,structure_aware,100,unseen,Complete the equivalent fractions: 6/11 = 30/[blank].,55,23,False,ratio_proportion,ratio_proportion,True,solve_proportion,solve_proportion,True,"STRUCTURE: ratio_proportion
TOOL: solve_proportion
ANSWER: 23"
test_unseen_00107,structure_aware,100,unseen,"Unroll b(n+1) = b(n) + 1, with b(1) = 16, to obtain b(12).",27,38,False,recurrence,recurrence,True,unroll_recurrence,unroll_recurrence,True,"STRUCTURE: recurrence
TOOL: unroll_recurrence
ANSWER: 38"
test_unseen_00108,structure_aware,100,unseen,"Without solving for x and y, evaluate x^2 + y^2 when x + y = 15 and xy = 14.",197,30,False,symmetric_polynomial_identity,substitution,False,expand_symmetric_identity,substitute_expression,False,"STRUCTURE: substitution
TOOL: substitute_expression
ANSWER: 30"
test_unseen_00109,structure_aware,100,unseen,"Using (u - v)(u + v), calculate 74^2 - 15^2.",5251,3600,False,factorization,factorization,True,factor_difference_of_squares,factor_difference_of_squares,True,"STRUCTURE: factorization
TOOL: factor_difference_of_squares
ANSWER: 3600"
test_unseen_00110,structure_aware,100,unseen,What number does -5u^2 - 6u - 6 produce when u is 0?,-6,-6,True,substitution,substitution,True,substitute_expression,substitute_expression,True,"STRUCTURE: substitution
TOOL: substitute_expression
ANSWER: -6"
test_unseen_00111,structure_aware,100,unseen,The lines -3x - y = 2 and -5x - 5y = 10 intersect. Give the x-coordinate.,0,-1,False,linear_elimination,linear_elimination,True,solve_linear_system,solve_linear_system,True,"STRUCTURE: linear_elimination
TOOL: solve_linear_system
ANSWER: -1"
test_unseen_00112,structure_aware,100,unseen,"At a fixed rate, 8 items cost 17 dollars. What do 80 items cost?",170,120,False,ratio_proportion,ratio_proportion,True,solve_proportion,set_ratio,False,"STRUCTURE: ratio_proportion
TOOL: set_ratio
ANSWER: 120"
test_unseen_00113,structure_aware,100,unseen,A machine begins at 18; after each round it changes its value by -2. What value appears after 5 updates?,8,-30,False,recurrence,recurrence,True,unroll_recurrence,unroll_recurrence,True,"STRUCTURE: recurrence
TOOL: unroll_recurrence
ANSWER: -30"
test_unseen_00114,structure_aware,100,unseen,The roots x and y of t^2 - (9)t + (14) = 0 are real. Find x^2 + y^2.,53,85,False,symmetric_polynomial_identity,symmetric_polynomial_identity,True,expand_symmetric_identity,expand_symmetric_identity,True,"STRUCTURE: symmetric_polynomial_identity
TOOL: expand_symmetric_identity
ANSWER: 85"
test_unseen_00115,structure_aware,100,unseen,A square of side 14 is removed from a square of side 77. What area remains?,5733,328,False,factorization,decomposition,False,factor_difference_of_squares,subtract_area,False,"STRUCTURE: decomposition
TOOL: subtract_area
ANSWER: 328"
test_unseen_00116,structure_aware,100,unseen,A rule maps q to -q^2 + 2q - 8. Determine its output at q = 7.,-43,-153,False,substitution,substitution,True,substitute_expression,substitute_expression,True,"STRUCTURE: substitution
TOOL: substitute_expression
ANSWER: -153"
test_unseen_00117,structure_aware,100,unseen,Find the value of y satisfying both constraints: 5x + 3y = 15 and 4x + y = 12.,0,-3,False,linear_elimination,linear_elimination,True,solve_linear_system,solve_linear_system,True,"STRUCTURE: linear_elimination
TOOL: solve_linear_system
ANSWER: -3"
test_unseen_00118,structure_aware,100,unseen,Complete the equivalent fractions: 10/3 = 70/[blank].,21,21,True,ratio_proportion,ratio_proportion,True,solve_proportion,solve_proportion,True,"STRUCTURE: ratio_proportion
TOOL: solve_proportion
ANSWER: 21"
test_unseen_00119,structure_aware,100,unseen,"Unroll b(n+1) = b(n) - 1, with b(1) = -16, to obtain b(3).",-18,-25,False,recurrence,recurrence,True,unroll_recurrence,unroll_recurrence,True,"STRUCTURE: recurrence
TOOL: unroll_recurrence
ANSWER: -25"
test_seen_00000,baseline,200,seen,"If x + y = -20 and xy = 84, find x^2 + y^2.",232,196,False,symmetric_polynomial_identity,,,expand_symmetric_identity,,, 196
test_seen_00001,baseline,200,seen,Evaluate 71^2 - 11^2.,4920,4600,False,factorization,,,factor_difference_of_squares,,, 4600
test_seen_00002,baseline,200,seen,Let f(t) = t^2 - 5t + 2. Find f(2).,-4,4,False,substitution,,,substitute_expression,,, 4
test_seen_00003,baseline,200,seen,Solve 4x + 3y = -3 and x + y = -3. What is x?,6,-1,False,linear_elimination,,,solve_linear_system,,, -1
test_seen_00004,baseline,200,seen,Solve the proportion 2/5 = 6/x for x.,15,15,True,ratio_proportion,,,solve_proportion,,, 15
test_seen_00005,baseline,200,seen,A sequence starts with a1 = -11 and each next term is the current term + 4. Find a4.,1,23,False,recurrence,,,unroll_recurrence,,, 23
test_seen_00006,baseline,200,seen,Two numbers have sum -9 and product -10. What is the sum of their squares?,101,85,False,symmetric_polynomial_identity,,,expand_symmetric_identity,,, 85
test_seen_00007,baseline,200,seen,Compute the difference of squares: 42 squared minus 33 squared.,675,156,False,factorization,,,factor_difference_of_squares,,, 156
test_seen_00008,baseline,200,seen,Substitute z = 2 into 2z^2 + 8z - 4.,20,16,False,substitution,,,substitute_expression,,, 16
test_seen_00009,baseline,200,seen,The equations -4x - 5y = 1 and 4x - 5y = -31 hold simultaneously. Find x.,-4,-2,False,linear_elimination,,,solve_linear_system,,, -2
test_seen_00010,baseline,200,seen,"If 2:7 = 12:x, what is x?",42,42,True,ratio_proportion,,,solve_proportion,,, 42
test_seen_00011,baseline,200,seen,"Starting at -16, repeatedly change the value by -1. What is term 11, counting the start as term 1?",-26,-23,False,recurrence,,,unroll_recurrence,,, -23
test_seen_00012,baseline,200,seen,"Given s = x + y = -8 and p = xy = -48, compute x^2 + y^2.",160,160,True,symmetric_polynomial_identity,,,expand_symmetric_identity,,, 160
test_seen_00013,baseline,200,seen,What is 43^2 - 39^2? Use factorization if helpful.,328,1080,False,factorization,,,factor_difference_of_squares,,, 1080
test_seen_00014,baseline,200,seen,"For P(x) = -4x^2 + 6x + 8, evaluate P(7).",-146,-139,False,substitution,,,substitute_expression,,, -139
test_seen_00015,baseline,200,seen,Use elimination on the system 3x + 5y = 8; 2x - 3y = -1. Determine x.,1,-0,False,linear_elimination,,,solve_linear_system,,, -0
test_seen_00016,baseline,200,seen,The ratio 15 to 4 equals the ratio 105 to x. Find x.,28,35,False,ratio_proportion,,,solve_proportion,,, 35
test_seen_00017,baseline,200,seen,An arithmetic sequence has first term 17 and common difference -8. Find its 7th term.,-31,-53,False,recurrence,,,unroll_recurrence,,, -53
test_seen_00018,baseline,200,seen,"If x + y = -4 and xy = -60, find x^2 + y^2.",136,184,False,symmetric_polynomial_identity,,,expand_symmetric_identity,,, 184
test_seen_00019,baseline,200,seen,Evaluate 45^2 - 40^2.,425,1350,False,factorization,,,factor_difference_of_squares,,, 1350
test_seen_00020,baseline,200,seen,Let f(t) = 4t^2 - 5t - 3. Find f(0).,-3,-3,True,substitution,,,substitute_expression,,, -3
test_seen_00021,baseline,200,seen,Solve -5x + 2y = -2 and x + 4y = 18. What is x?,2,-3,False,linear_elimination,,,solve_linear_system,,, -3
test_seen_00022,baseline,200,seen,Solve the proportion 7/6 = 84/x for x.,72,72,True,ratio_proportion,,,solve_proportion,,, 72
test_seen_00023,baseline,200,seen,A sequence starts with a1 = -11 and each next term is the current term - 7. Find a12.,-88,-36,False,recurrence,,,unroll_recurrence,,, -36
test_seen_00024,baseline,200,seen,Two numbers have sum 4 and product -60. What is the sum of their squares?,136,152,False,symmetric_polynomial_identity,,,expand_symmetric_identity,,, 152
test_seen_00025,baseline,200,seen,Compute the difference of squares: 77 squared minus 8 squared.,5865,5025,False,factorization,,,factor_difference_of_squares,,, 5025
test_seen_00026,baseline,200,seen,Substitute z = -7 into 2z^2 + 6z + 6.,62,134,False,substitution,,,substitute_expression,,, 134
test_seen_00027,baseline,200,seen,The equations -4x - 4y = 56 and -3x - 5y = 60 hold simultaneously. Find y.,-9,1,False,linear_elimination,,,solve_linear_system,,, 1
test_seen_00028,baseline,200,seen,"If 3:19 = 27:x, what is x?",171,513,False,ratio_proportion,,,solve_proportion,,, 513
test_seen_00029,baseline,200,seen,"Starting at 9, repeatedly change the value by -1. What is term 8, counting the start as term 1?",2,-8,False,recurrence,,,unroll_recurrence,,, -8
test_seen_00030,baseline,200,seen,"Given s = x + y = 27 and p = xy = 180, compute x^2 + y^2.",369,369,True,symmetric_polynomial_identity,,,expand_symmetric_identity,,, 369
test_seen_00031,baseline,200,seen,What is 32^2 - 26^2? Use factorization if helpful.,348,140,False,factorization,,,factor_difference_of_squares,,," 140  
(32+26)(32-26) = 58*6 = 348"
test_seen_00032,baseline,200,seen,"For P(x) = -5x^2 - 6x + 10, evaluate P(-4).",-46,-380,False,substitution,,,substitute_expression,,, -380
test_seen_00033,baseline,200,seen,Use elimination on the system 5x + 4y = 3; x - y = 6. Determine y.,-3,1,False,linear_elimination,,,solve_linear_system,,, 1
test_seen_00034,baseline,200,seen,The ratio 14 to 12 equals the ratio 112 to x. Find x.,96,96,True,ratio_proportion,,,solve_proportion,,, 96
test_seen_00035,baseline,200,seen,An arithmetic sequence has first term -17 and common difference 3. Find its 5th term.,-5,20,False,recurrence,,,unroll_recurrence,,, 20
test_seen_00036,baseline,200,seen,"If x + y = -8 and xy = -20, find x^2 + y^2.",104,76,False,symmetric_polynomial_identity,,,expand_symmetric_identity,,, 76
test_seen_00037,baseline,200,seen,Evaluate 21^2 - 14^2.,245,305,False,factorization,,,factor_difference_of_squares,,, 305
test_seen_00038,baseline,200,seen,Let f(t) = -2t^2 + t - 5. Find f(-2).,-15,-19,False,substitution,,,substitute_expression,,, -19
test_seen_00039,baseline,200,seen,Solve x + y = -6 and -2x - 5y = 21. What is y?,-3,-3,True,linear_elimination,,,solve_linear_system,,, -3
test_seen_00040,baseline,200,seen,Solve the proportion 10/3 = 30/x for x.,9,90,False,ratio_proportion,,,solve_proportion,,, 90
test_seen_00041,baseline,200,seen,A sequence starts with a1 = -19 and each next term is the current term - 9. Find a11.,-109,-260,False,recurrence,,,unroll_recurrence,,, -260
test_seen_00042,baseline,200,seen,Two numbers have sum 16 and product 48. What is the sum of their squares?,160,256,False,symmetric_polynomial_identity,,,expand_symmetric_identity,,, 256
test_seen_00043,baseline,200,seen,Compute the difference of squares: 67 squared minus 34 squared.,3333,2081,False,factorization,,,factor_difference_of_squares,,, 2081
test_seen_00044,baseline,200,seen,Substitute z = -2 into 4z^2 - 5z + 6.,32,10,False,substitution,,,substitute_expression,,, 10
test_seen_00045,baseline,200,seen,The equations -3x + 2y = -1 and x - 3y = 5 hold simultaneously. Find x.,-1,4,False,linear_elimination,,,solve_linear_system,,, 4
test_seen_00046,baseline,200,seen,"If 2:5 = 10:x, what is x?",25,50,False,ratio_proportion,,,solve_proportion,,, 50
test_seen_00047,baseline,200,seen,"Starting at 16, repeatedly change the value by -6. What is term 12, counting the start as term 1?",-50,-40,False,recurrence,,,unroll_recurrence,,, -40
test_seen_00048,baseline,200,seen,"Given s = x + y = -11 and p = xy = 18, compute x^2 + y^2.",85,169,False,symmetric_polynomial_identity,,,expand_symmetric_identity,,, 169
test_seen_00049,baseline,200,seen,What is 54^2 - 26^2? Use factorization if helpful.,2240,1380,False,factorization,,,factor_difference_of_squares,,, 1380
test_seen_00050,baseline,200,seen,"For P(x) = -4x^2 - 8x - 7, evaluate P(-1).",-3,-30,False,substitution,,,substitute_expression,,, -30
test_seen_00051,baseline,200,seen,Use elimination on the system 3x + 4y = -14; -3x - 2y = 16. Determine x.,-6,-5,False,linear_elimination,,,solve_linear_system,,, -5
test_seen_00052,baseline,200,seen,The ratio 5 to 3 equals the ratio 15 to x. Find x.,9,9,True,ratio_proportion,,,solve_proportion,,, 9
test_seen_00053,baseline,200,seen,An arithmetic sequence has first term 10 and common difference -1. Find its 14th term.,-3,-15,False,recurrence,,,unroll_recurrence,,, -15
test_seen_00054,baseline,200,seen,"If x + y = 7 and xy = -98, find x^2 + y^2.",245,253,False,symmetric_polynomial_identity,,,expand_symmetric_identity,,, 253
test_seen_00055,baseline,200,seen,Evaluate 48^2 - 43^2.,455,1505,False,factorization,,,factor_difference_of_squares,,, 1505
test_seen_00056,baseline,200,seen,Let f(t) = 3t^2 + 2t - 8. Find f(-2).,0,14,False,substitution,,,substitute_expression,,, 14
test_seen_00057,baseline,200,seen,Solve -2x + 2y = -14 and 5x - 3y = 17. What is y?,-9,-6,False,linear_elimination,,,solve_linear_system,,, -6
test_seen_00058,baseline,200,seen,Solve the proportion 11/16 = 66/x for x.,96,768,False,ratio_proportion,,,solve_proportion,,, 768
test_seen_00059,baseline,200,seen,A sequence starts with a1 = 8 and each next term is the current term + 7. Find a7.,50,54,False,recurrence,,,unroll_recurrence,,, 54
test_seen_00060,baseline,200,seen,Two numbers have sum 29 and product 210. What is the sum of their squares?,421,685,False,symmetric_polynomial_identity,,,expand_symmetric_identity,,, 685
test_seen_00061,baseline,200,seen,Compute the difference of squares: 69 squared minus 37 squared.,3392,2048,False,factorization,,,factor_difference_of_squares,,, 2048
test_seen_00062,baseline,200,seen,Substitute z = -1 into 4z^2 + 5z + 11.,10,36,False,substitution,,,substitute_expression,,, 36
test_seen_00063,baseline,200,seen,The equations -4x - 2y = -46 and 4x + 5y = 73 hold simultaneously. Find x.,7,10,False,linear_elimination,,,solve_linear_system,,, 10
test_seen_00064,baseline,200,seen,"If 11:2 = 132:x, what is x?",24,264,False,ratio_proportion,,,solve_proportion,,, 264
test_seen_00065,baseline,200,seen,"Starting at -6, repeatedly change the value by -7. What is term 6, counting the start as term 1?",-41,-35,False,recurrence,,,unroll_recurrence,,, -35
test_seen_00066,baseline,200,seen,"Given s = x + y = -5 and p = xy = -36, compute x^2 + y^2.",97,145,False,symmetric_polynomial_identity,,,expand_symmetric_identity,,, 145
test_seen_00067,baseline,200,seen,What is 39^2 - 35^2? Use factorization if helpful.,296,1080,False,factorization,,,factor_difference_of_squares,,, 1080
test_seen_00068,baseline,200,seen,"For P(x) = -x^2 - 3x + 3, evaluate P(0).",3,0,False,substitution,,,substitute_expression,,, 0
test_seen_00069,baseline,200,seen,Use elimination on the system -x + 2y = -4; -3x - 4y = -12. Determine y.,0,0,True,linear_elimination,,,solve_linear_system,,, 0
test_seen_00070,baseline,200,seen,The ratio 7 to 12 equals the ratio 49 to x. Find x.,84,72,False,ratio_proportion,,,solve_proportion,,, 72
test_seen_00071,baseline,200,seen,An arithmetic sequence has first term 4 and common difference -6. Find its 14th term.,-74,-30,False,recurrence,,,unroll_recurrence,,, -30
test_seen_00072,baseline,200,seen,"If x + y = -6 and xy = 5, find x^2 + y^2.",26,41,False,symmetric_polynomial_identity,,,expand_symmetric_identity,,, 41
test_seen_00073,baseline,200,seen,Evaluate 46^2 - 15^2.,1891,1981,False,factorization,,,factor_difference_of_squares,,, 1981
test_seen_00074,baseline,200,seen,Let f(t) = 3t^2 - 3t - 1. Find f(-3).,35,60,False,substitution,,,substitute_expression,,, 60
test_seen_00075,baseline,200,seen,Solve 4x - y = 18 and 3x + 5y = 2. What is x?,4,0,False,linear_elimination,,,solve_linear_system,,, 0
test_seen_00076,baseline,200,seen,Solve the proportion 4/11 = 16/x for x.,44,44,True,ratio_proportion,,,solve_proportion,,, 44
test_seen_00077,baseline,200,seen,A sequence starts with a1 = -7 and each next term is the current term - 5. Find a5.,-27,-40,False,recurrence,,,unroll_recurrence,,, -40
test_seen_00078,baseline,200,seen,Two numbers have sum 4 and product 3. What is the sum of their squares?,10,20,False,symmetric_polynomial_identity,,,expand_symmetric_identity,,, 20
test_seen_00079,baseline,200,seen,Compute the difference of squares: 48 squared minus 14 squared.,2108,1720,False,factorization,,,factor_difference_of_squares,,, 1720
test_seen_00080,baseline,200,seen,Substitute z = -5 into 3z^2 + 4z + 4.,59,109,False,substitution,,,substitute_expression,,, 109
test_seen_00081,baseline,200,seen,The equations x - y = 5 and 3x - y = 3 hold simultaneously. Find x.,-1,2,False,linear_elimination,,,solve_linear_system,,, 2
test_seen_00082,baseline,200,seen,"If 4:20 = 40:x, what is x?",200,80,False,ratio_proportion,,,solve_proportion,,, 80
test_seen_00083,baseline,200,seen,"Starting at -17, repeatedly change the value by 4. What is term 9, counting the start as term 1?",15,30,False,recurrence,,,unroll_recurrence,,, 30
test_seen_00084,baseline,200,seen,"Given s = x + y = 2 and p = xy = -3, compute x^2 + y^2.",10,14,False,symmetric_polynomial_identity,,,expand_symmetric_identity,,, 14
test_seen_00085,baseline,200,seen,What is 72^2 - 42^2? Use factorization if helpful.,3420,3084,False,factorization,,,factor_difference_of_squares,,, 3084
test_seen_00086,baseline,200,seen,"For P(x) = 4x^2 + 7x + 5, evaluate P(3).",62,108,False,substitution,,,substitute_expression,,, 108
test_seen_00087,baseline,200,seen,Use elimination on the system 5x + 2y = -48; 2x - 4y = 24. Determine y.,-9,-1,False,linear_elimination,,,solve_linear_system,,, -1
test_seen_00088,baseline,200,seen,The ratio 3 to 8 equals the ratio 27 to x. Find x.,72,60,False,ratio_proportion,,,solve_proportion,,, 60
test_seen_00089,baseline,200,seen,An arithmetic sequence has first term 14 and common difference -7. Find its 9th term.,-42,-52,False,recurrence,,,unroll_recurrence,,, -52
test_seen_00090,baseline,200,seen,"If x + y = -11 and xy = 0, find x^2 + y^2.",121,36,False,symmetric_polynomial_identity,,,expand_symmetric_identity,,, 36
test_seen_00091,baseline,200,seen,Evaluate 59^2 - 13^2.,3312,3048,False,factorization,,,factor_difference_of_squares,,, 3048
test_seen_00092,baseline,200,seen,Let f(t) = -5t^2 - 6t - 4. Find f(-2).,-12,-180,False,substitution,,,substitute_expression,,, -180
test_seen_00093,baseline,200,seen,Solve -4x + y = 25 and 2x - 5y = 19. What is x?,-8,-3,False,linear_elimination,,,solve_linear_system,,, -3
test_seen_00094,baseline,200,seen,Solve the proportion 12/4 = 60/x for x.,20,20,True,ratio_proportion,,,solve_proportion,,, 20
test_seen_00095,baseline,200,seen,A sequence starts with a1 = -8 and each next term is the current term - 6. Find a12.,-74,-70,False,recurrence,,,unroll_recurrence,,, -70
test_seen_00096,baseline,200,seen,Two numbers have sum -17 and product 72. What is the sum of their squares?,145,368,False,symmetric_polynomial_identity,,,expand_symmetric_identity,,, 368
test_seen_00097,baseline,200,seen,Compute the difference of squares: 55 squared minus 4 squared.,3009,2961,False,factorization,,,factor_difference_of_squares,,, 2961
test_seen_00098,baseline,200,seen,Substitute z = -3 into -5z^2 - 5z - 9.,-39,-180,False,substitution,,,substitute_expression,,, -180
test_seen_00099,baseline,200,seen,The equations 4x + 3y = -57 and 5x + 5y = -80 hold simultaneously. Find x.,-9,-1,False,linear_elimination,,,solve_linear_system,,, -1
test_seen_00100,baseline,200,seen,"If 6:10 = 48:x, what is x?",80,72,False,ratio_proportion,,,solve_proportion,,, 72
test_seen_00101,baseline,200,seen,"Starting at -10, repeatedly change the value by -4. What is term 13, counting the start as term 1?",-58,-26,False,recurrence,,,unroll_recurrence,,, -26
test_seen_00102,baseline,200,seen,"Given s = x + y = 2 and p = xy = -35, compute x^2 + y^2.",74,140,False,symmetric_polynomial_identity,,,expand_symmetric_identity,,, 140
test_seen_00103,baseline,200,seen,What is 70^2 - 33^2? Use factorization if helpful.,3811,4185,False,factorization,,,factor_difference_of_squares,,, 4185
test_seen_00104,baseline,200,seen,"For P(x) = 2x^2 + 5x + 9, evaluate P(-2).",7,13,False,substitution,,,substitute_expression,,, 13
test_seen_00105,baseline,200,seen,Use elimination on the system 4x - 2y = 16; 2x + y = 12. Determine y.,2,3,False,linear_elimination,,,solve_linear_system,,, 3
test_seen_00106,baseline,200,seen,The ratio 15 to 2 equals the ratio 150 to x. Find x.,20,160,False,ratio_proportion,,,solve_proportion,,, 160
test_seen_00107,baseline,200,seen,An arithmetic sequence has first term 8 and common difference -5. Find its 3th term.,-2,-12,False,recurrence,,,unroll_recurrence,,, -12
test_seen_00108,baseline,200,seen,"If x + y = -27 and xy = 180, find x^2 + y^2.",369,369,True,symmetric_polynomial_identity,,,expand_symmetric_identity,,, 369
test_seen_00109,baseline,200,seen,Evaluate 76^2 - 43^2.,3927,5081,False,factorization,,,factor_difference_of_squares,,, 5081
test_seen_00110,baseline,200,seen,Let f(t) = 4t^2 + 4t - 5. Find f(0).,-5,0,False,substitution,,,substitute_expression,,, 0
test_seen_00111,baseline,200,seen,Solve -4x - 3y = 42 and -5x + 3y = 39. What is x?,-9,-1,False,linear_elimination,,,solve_linear_system,,, -1
test_seen_00112,baseline,200,seen,Solve the proportion 2/4 = 10/x for x.,20,20,True,ratio_proportion,,,solve_proportion,,, 20
test_seen_00113,baseline,200,seen,A sequence starts with a1 = 15 and each next term is the current term - 6. Find a11.,-45,-39,False,recurrence,,,unroll_recurrence,,, -39
test_seen_00114,baseline,200,seen,Two numbers have sum 12 and product -28. What is the sum of their squares?,200,36,False,symmetric_polynomial_identity,,,expand_symmetric_identity,,, 36
test_seen_00115,baseline,200,seen,Compute the difference of squares: 36 squared minus 34 squared.,140,108,False,factorization,,,factor_difference_of_squares,,, 108
test_seen_00116,baseline,200,seen,Substitute z = -3 into z^2 + 2z - 1.,2,4,False,substitution,,,substitute_expression,,, 4
test_seen_00117,baseline,200,seen,The equations -5x + 2y = -4 and -4x - 5y = -56 hold simultaneously. Find x.,4,10,False,linear_elimination,,,solve_linear_system,,, 10
test_seen_00118,baseline,200,seen,"If 2:2 = 16:x, what is x?",16,32,False,ratio_proportion,,,solve_proportion,,, 32
test_seen_00119,baseline,200,seen,"Starting at -4, repeatedly change the value by -1. What is term 11, counting the start as term 1?",-14,-13,False,recurrence,,,unroll_recurrence,,, -13
test_unseen_00000,baseline,200,unseen,"Without solving for x and y, evaluate x^2 + y^2 when x + y = -1 and xy = -2.",5,5,True,symmetric_polynomial_identity,,,expand_symmetric_identity,,, 5
test_unseen_00001,baseline,200,unseen,"Using (u - v)(u + v), calculate 44^2 - 36^2.",640,1900,False,factorization,,,factor_difference_of_squares,,, 1900
test_unseen_00002,baseline,200,unseen,What number does -3u^2 + 4u - 5 produce when u is -3?,-44,-18,False,substitution,,,substitute_expression,,, -18
test_unseen_00003,baseline,200,unseen,The lines -4x + 4y = 28 and -5x - 4y = 53 intersect. Give the x-coordinate.,-9,1,False,linear_elimination,,,solve_linear_system,,, 1
test_unseen_00004,baseline,200,unseen,"At a fixed rate, 14 items cost 18 dollars. What do 84 items cost?",108,162,False,ratio_proportion,,,solve_proportion,,, 162
test_unseen_00005,baseline,200,unseen,A machine begins at 17; after each round it changes its value by 4. What value appears after 8 updates?,49,60,False,recurrence,,,unroll_recurrence,,, 60
test_unseen_00006,baseline,200,unseen,The roots x and y of t^2 - (16)t + (63) = 0 are real. Find x^2 + y^2.,130,148,False,symmetric_polynomial_identity,,,expand_symmetric_identity,,, 148
test_unseen_00007,baseline,200,unseen,A square of side 44 is removed from a square of side 65. What area remains?,2289,1280,False,factorization,,,factor_difference_of_squares,,, 1280
test_unseen_00008,baseline,200,unseen,A rule maps q to q^2 - 6q - 2. Determine its output at q = 6.,-2,18,False,substitution,,,substitute_expression,,, 18
test_unseen_00009,baseline,200,unseen,Find the value of x satisfying both constraints: -4x + 3y = -12 and -4x + 4y = -16.,0,0,True,linear_elimination,,,solve_linear_system,,, 0
test_unseen_00010,baseline,200,unseen,Complete the equivalent fractions: 6/12 = 18/[blank].,36,3,False,ratio_proportion,,,solve_proportion,,, 3
test_unseen_00011,baseline,200,unseen,"Unroll b(n+1) = b(n) + 1, with b(1) = -18, to obtain b(8).",-11,126,False,recurrence,,,unroll_recurrence,,, 126
test_unseen_00012,baseline,200,unseen,"Without solving for x and y, evaluate x^2 + y^2 when x + y = -15 and xy = 36.",153,180,False,symmetric_polynomial_identity,,,expand_symmetric_identity,,, 180
test_unseen_00013,baseline,200,unseen,"Using (u - v)(u + v), calculate 39^2 - 14^2.",1325,6085,False,factorization,,,factor_difference_of_squares,,, 6085
test_unseen_00014,baseline,200,unseen,What number does 11 - 3u^2 produce when u is -4?,-37,-56,False,substitution,,,substitute_expression,,, -56
test_unseen_00015,baseline,200,unseen,The lines 5x + 5y = -80 and x - 5y = 32 intersect. Give the y-coordinate.,-8,-1,False,linear_elimination,,,solve_linear_system,,, -1
test_unseen_00016,baseline,200,unseen,"At a fixed rate, 7 items cost 17 dollars. What do 84 items cost?",204,252,False,ratio_proportion,,,solve_proportion,,, 252
test_unseen_00017,baseline,200,unseen,A machine begins at 17; after each round it changes its value by 6. What value appears after 14 updates?,101,90,False,recurrence,,,unroll_recurrence,,, 90
test_unseen_00018,baseline,200,unseen,The roots x and y of t^2 - (-9)t + (-22) = 0 are real. Find x^2 + y^2.,125,134,False,symmetric_polynomial_identity,,,expand_symmetric_identity,,, 134
test_unseen_00019,baseline,200,unseen,A square of side 16 is removed from a square of side 78. What area remains?,5828,452,False,factorization,,,factor_difference_of_squares,,, 452
test_unseen_00020,baseline,200,unseen,A rule maps q to 3q^2 + 3q + 7. Determine its output at q = 6.,133,108,False,substitution,,,substitute_expression,,, 108
test_unseen_00021,baseline,200,unseen,Find the value of y satisfying both constraints: -3x - 5y = 29 and -2x - 5y = 21.,-1,4,False,linear_elimination,,,solve_linear_system,,, 4
test_unseen_00022,baseline,200,unseen,Complete the equivalent fractions: 7/20 = 35/[blank].,100,60,False,ratio_proportion,,,solve_proportion,,, 60
test_unseen_00023,baseline,200,unseen,"Unroll b(n+1) = b(n) + 4, with b(1) = -13, to obtain b(8).",15,256,False,recurrence,,,unroll_recurrence,,, 256
test_unseen_00024,baseline,200,unseen,"Without solving for x and y, evaluate x^2 + y^2 when x + y = -17 and xy = 60.",169,385,False,symmetric_polynomial_identity,,,expand_symmetric_identity,,, 385
test_unseen_00025,baseline,200,unseen,"Using (u - v)(u + v), calculate 24^2 - 16^2.",320,192,False,factorization,,,factor_difference_of_squares,,, 192
test_unseen_00026,baseline,200,unseen,What number does 2u^2 - 7u + 9 produce when u is 2?,3,4,False,substitution,,,substitute_expression,,, 4
test_unseen_00027,baseline,200,unseen,The lines -3x - 3y = 0 and 5x - 5y = 60 intersect. Give the y-coordinate.,-6,12,False,linear_elimination,,,solve_linear_system,,, 12
test_unseen_00028,baseline,200,unseen,"At a fixed rate, 3 items cost 2 dollars. What do 24 items cost?",16,48,False,ratio_proportion,,,solve_proportion,,, 48
test_unseen_00029,baseline,200,unseen,A machine begins at -9; after each round it changes its value by -1. What value appears after 13 updates?,-22,-26,False,recurrence,,,unroll_recurrence,,, -26
test_unseen_00030,baseline,200,unseen,The roots x and y of t^2 - (-3)t + (-54) = 0 are real. Find x^2 + y^2.,117,168,False,symmetric_polynomial_identity,,,expand_symmetric_identity,,, 168
test_unseen_00031,baseline,200,unseen,A square of side 5 is removed from a square of side 41. What area remains?,1656,806,False,factorization,,,factor_difference_of_squares,,, 806
test_unseen_00032,baseline,200,unseen,A rule maps q to 3q^2 - 10. Determine its output at q = 1.,-7,4,False,substitution,,,substitute_expression,,, 4
test_unseen_00033,baseline,200,unseen,Find the value of x satisfying both constraints: -x - 3y = -25 and -3x + 5y = 37.,1,4,False,linear_elimination,,,solve_linear_system,,, 4
test_unseen_00034,baseline,200,unseen,Complete the equivalent fractions: 3/16 = 24/[blank].,128,128,True,ratio_proportion,,,solve_proportion,,, 128
test_unseen_00035,baseline,200,unseen,"Unroll b(n+1) = b(n) + 3, with b(1) = 8, to obtain b(4).",17,50,False,recurrence,,,unroll_recurrence,,, 50
test_unseen_00036,baseline,200,unseen,"Without solving for x and y, evaluate x^2 + y^2 when x + y = 6 and xy = -91.",218,305,False,symmetric_polynomial_identity,,,expand_symmetric_identity,,, 305
test_unseen_00037,baseline,200,unseen,"Using (u - v)(u + v), calculate 47^2 - 38^2.",765,1059,False,factorization,,,factor_difference_of_squares,,, 1059
test_unseen_00038,baseline,200,unseen,What number does -u^2 + 8u - 1 produce when u is -4?,-49,-60,False,substitution,,,substitute_expression,,, -60
test_unseen_00039,baseline,200,unseen,The lines 3x + 2y = -28 and -4x + 3y = 26 intersect. Give the y-coordinate.,-2,-1,False,linear_elimination,,,solve_linear_system,,, -1
test_unseen_00040,baseline,200,unseen,"At a fixed rate, 15 items cost 15 dollars. What do 60 items cost?",60,90,False,ratio_proportion,,,solve_proportion,,, 90
test_unseen_00041,baseline,200,unseen,A machine begins at -4; after each round it changes its value by 6. What value appears after 4 updates?,20,0,False,recurrence,,,unroll_recurrence,,, 0
test_unseen_00042,baseline,200,unseen,The roots x and y of t^2 - (6)t + (-112) = 0 are real. Find x^2 + y^2.,260,358,False,symmetric_polynomial_identity,,,expand_symmetric_identity,,, 358
test_unseen_00043,baseline,200,unseen,A square of side 40 is removed from a square of side 64. What area remains?,2496,1280,False,factorization,,,factor_difference_of_squares,,, 1280
test_unseen_00044,baseline,200,unseen,A rule maps q to 4q^2 - 5q - 2. Determine its output at q = -2.,24,10,False,substitution,,,substitute_expression,,, 10
test_unseen_00045,baseline,200,unseen,Find the value of y satisfying both constraints: -5x - 4y = -10 and x + 5y = -19.,-5,-2,False,linear_elimination,,,solve_linear_system,,, -2
test_unseen_00046,baseline,200,unseen,Complete the equivalent fractions: 8/20 = 96/[blank].,240,12,False,ratio_proportion,,,solve_proportion,,, 12
test_unseen_00047,baseline,200,unseen,"Unroll b(n+1) = b(n) + 8, with b(1) = 8, to obtain b(6).",48,72,False,recurrence,,,unroll_recurrence,,, 72
test_unseen_00048,baseline,200,unseen,"Without solving for x and y, evaluate x^2 + y^2 when x + y = -18 and xy = 80.",164,345,False,symmetric_polynomial_identity,,,expand_symmetric_identity,,, 345
test_unseen_00049,baseline,200,unseen,"Using (u - v)(u + v), calculate 12^2 - 11^2.",23,50,False,factorization,,,factor_difference_of_squares,,, 50
test_unseen_00050,baseline,200,unseen,What number does u^2 + u - 12 produce when u is 1?,-10,-6,False,substitution,,,substitute_expression,,, -6
test_unseen_00051,baseline,200,unseen,The lines -3x - 2y = 19 and 3x - 5y = 16 intersect. Give the x-coordinate.,-3,4,False,linear_elimination,,,solve_linear_system,,, 4
test_unseen_00052,baseline,200,unseen,"At a fixed rate, 3 items cost 5 dollars. What do 24 items cost?",40,40,True,ratio_proportion,,,solve_proportion,,, 40
test_unseen_00053,baseline,200,unseen,A machine begins at 12; after each round it changes its value by 9. What value appears after 2 updates?,30,36,False,recurrence,,,unroll_recurrence,,, 36
test_unseen_00054,baseline,200,unseen,The roots x and y of t^2 - (18)t + (65) = 0 are real. Find x^2 + y^2.,194,34,False,symmetric_polynomial_identity,,,expand_symmetric_identity,,, 34
test_unseen_00055,baseline,200,unseen,A square of side 21 is removed from a square of side 47. What area remains?,1768,308,False,factorization,,,factor_difference_of_squares,,, 308
test_unseen_00056,baseline,200,unseen,A rule maps q to 8 - 3q^2. Determine its output at q = -5.,-67,-100,False,substitution,,,substitute_expression,,, -100
test_unseen_00057,baseline,200,unseen,Find the value of x satisfying both constraints: 4x - y = -29 and -5x - 5y = 30.,-7,-1,False,linear_elimination,,,solve_linear_system,,, -1
test_unseen_00058,baseline,200,unseen,Complete the equivalent fractions: 3/8 = 6/[blank].,16,16,True,ratio_proportion,,,solve_proportion,,, 16
test_unseen_00059,baseline,200,unseen,"Unroll b(n+1) = b(n) - 4, with b(1) = -16, to obtain b(5).",-32,-32,True,recurrence,,,unroll_recurrence,,, -32
test_unseen_00060,baseline,200,unseen,"Without solving for x and y, evaluate x^2 + y^2 when x + y = -10 and xy = -24.",148,256,False,symmetric_polynomial_identity,,,expand_symmetric_identity,,, 256
test_unseen_00061,baseline,200,unseen,"Using (u - v)(u + v), calculate 67^2 - 12^2.",4345,3089,False,factorization,,,factor_difference_of_squares,,, 3089
test_unseen_00062,baseline,200,unseen,What number does -u^2 + 4u - 1 produce when u is -4?,-33,-36,False,substitution,,,substitute_expression,,, -36
test_unseen_00063,baseline,200,unseen,The lines -3x - y = -26 and -x + y = -10 intersect. Give the x-coordinate.,9,4,False,linear_elimination,,,solve_linear_system,,, 4
test_unseen_00064,baseline,200,unseen,"At a fixed rate, 12 items cost 7 dollars. What do 108 items cost?",63,96,False,ratio_proportion,,,solve_proportion,,, 96
test_unseen_00065,baseline,200,unseen,A machine begins at -2; after each round it changes its value by -4. What value appears after 9 updates?,-38,-16,False,recurrence,,,unroll_recurrence,,, -16
test_unseen_00066,baseline,200,unseen,The roots x and y of t^2 - (27)t + (182) = 0 are real. Find x^2 + y^2.,365,365,True,symmetric_polynomial_identity,,,expand_symmetric_identity,,, 365
test_unseen_00067,baseline,200,unseen,A square of side 33 is removed from a square of side 64. What area remains?,3007,1296,False,factorization,,,factor_difference_of_squares,,, 1296
test_unseen_00068,baseline,200,unseen,A rule maps q to -q^2 + q + 10. Determine its output at q = 2.,8,4,False,substitution,,,substitute_expression,,, 4
test_unseen_00069,baseline,200,unseen,Find the value of y satisfying both constraints: x + 2y = 17 and 2x - 4y = -14.,6,3,False,linear_elimination,,,solve_linear_system,,, 3
test_unseen_00070,baseline,200,unseen,Complete the equivalent fractions: 11/8 = 66/[blank].,48,52,False,ratio_proportion,,,solve_proportion,,, 52
test_unseen_00071,baseline,200,unseen,"Unroll b(n+1) = b(n) - 2, with b(1) = 10, to obtain b(13).",-14,45,False,recurrence,,,unroll_recurrence,,, 45
test_unseen_00072,baseline,200,unseen,"Without solving for x and y, evaluate x^2 + y^2 when x + y = -18 and xy = 56.",212,349,False,symmetric_polynomial_identity,,,expand_symmetric_identity,,, 349
test_unseen_00073,baseline,200,unseen,"Using (u - v)(u + v), calculate 40^2 - 25^2.",975,1600,False,factorization,,,factor_difference_of_squares,,, 1600
test_unseen_00074,baseline,200,unseen,What number does 2u^2 + 5u - 3 produce when u is -7?,60,-106,False,substitution,,,substitute_expression,,, -106
test_unseen_00075,baseline,200,unseen,The lines x - 4y = -33 and -5x - 2y = -11 intersect. Give the y-coordinate.,8,-6,False,linear_elimination,,,solve_linear_system,,, -6
test_unseen_00076,baseline,200,unseen,"At a fixed rate, 2 items cost 7 dollars. What do 24 items cost?",84,86,False,ratio_proportion,,,solve_proportion,,, 86
test_unseen_00077,baseline,200,unseen,A machine begins at 0; after each round it changes its value by -3. What value appears after 12 updates?,-36,-36,True,recurrence,,,unroll_recurrence,,, -36
test_unseen_00078,baseline,200,unseen,The roots x and y of t^2 - (12)t + (35) = 0 are real. Find x^2 + y^2.,74,68,False,symmetric_polynomial_identity,,,expand_symmetric_identity,,, 68
test_unseen_00079,baseline,200,unseen,A square of side 23 is removed from a square of side 52. What area remains?,2175,1048,False,factorization,,,factor_difference_of_squares,,, 1048
test_unseen_00080,baseline,200,unseen,A rule maps q to 3q^2 - 8q + 6. Determine its output at q = 2.,2,10,False,substitution,,,substitute_expression,,, 10
test_unseen_00081,baseline,200,unseen,Find the value of y satisfying both constraints: -3x + 5y = 24 and -2x + 4y = 16.,0,2,False,linear_elimination,,,solve_linear_system,,, 2
test_unseen_00082,baseline,200,unseen,Complete the equivalent fractions: 15/2 = 105/[blank].,14,35,False,ratio_proportion,,,solve_proportion,,, 35
test_unseen_00083,baseline,200,unseen,"Unroll b(n+1) = b(n) - 4, with b(1) = -17, to obtain b(15).",-73,-28,False,recurrence,,,unroll_recurrence,,, -28
test_unseen_00084,baseline,200,unseen,"Without solving for x and y, evaluate x^2 + y^2 when x + y = -9 and xy = 18.",45,256,False,symmetric_polynomial_identity,,,expand_symmetric_identity,,, 256
test_unseen_00085,baseline,200,unseen,"Using (u - v)(u + v), calculate 30^2 - 9^2.",819,1452,False,factorization,,,factor_difference_of_squares,,, 1452
test_unseen_00086,baseline,200,unseen,What number does 3u^2 - 11 produce when u is 7?,136,68,False,substitution,,,substitute_expression,,, 68
test_unseen_00087,baseline,200,unseen,The lines 3x + 2y = 8 and -5x - 5y = -25 intersect. Give the x-coordinate.,-2,1,False,linear_elimination,,,solve_linear_system,,, 1
test_unseen_00088,baseline,200,unseen,"At a fixed rate, 8 items cost 2 dollars. What do 80 items cost?",20,16,False,ratio_proportion,,,solve_proportion,,, 16
test_unseen_00089,baseline,200,unseen,A machine begins at -13; after each round it changes its value by -7. What value appears after 14 updates?,-111,-52,False,recurrence,,,unroll_recurrence,,, -52
test_unseen_00090,baseline,200,unseen,The roots x and y of t^2 - (13)t + (36) = 0 are real. Find x^2 + y^2.,97,84,False,symmetric_polynomial_identity,,,expand_symmetric_identity,,, 84
test_unseen_00091,baseline,200,unseen,A square of side 16 is removed from a square of side 72. What area remains?,4928,384,False,factorization,,,factor_difference_of_squares,,, 384
test_unseen_00092,baseline,200,unseen,A rule maps q to 4q^2 - 7q. Determine its output at q = 0.,0,0,True,substitution,,,substitute_expression,,, 0
test_unseen_00093,baseline,200,unseen,Find the value of y satisfying both constraints: 5x - 2y = 31 and -4x + 3y = -15.,7,6,False,linear_elimination,,,solve_linear_system,,, 6
test_unseen_00094,baseline,200,unseen,Complete the equivalent fractions: 3/18 = 12/[blank].,72,6,False,ratio_proportion,,,solve_proportion,,, 6
test_unseen_00095,baseline,200,unseen,"Unroll b(n+1) = b(n) - 3, with b(1) = -14, to obtain b(7).",-32,-56,False,recurrence,,,unroll_recurrence,,, -56
test_unseen_00096,baseline,200,unseen,"Without solving for x and y, evaluate x^2 + y^2 when x + y = -15 and xy = 56.",113,304,False,symmetric_polynomial_identity,,,expand_symmetric_identity,,, 304
test_unseen_00097,baseline,200,unseen,"Using (u - v)(u + v), calculate 58^2 - 36^2.",2068,1400,False,factorization,,,factor_difference_of_squares,,, 1400
test_unseen_00098,baseline,200,unseen,What number does -4u^2 + 8u produce when u is 4?,-32,-60,False,substitution,,,substitute_expression,,, -60
test_unseen_00099,baseline,200,unseen,The lines 2x + y = 7 and -3x - 5y = 21 intersect. Give the y-coordinate.,-9,-4,False,linear_elimination,,,solve_linear_system,,, -4
test_unseen_00100,baseline,200,unseen,"At a fixed rate, 5 items cost 8 dollars. What do 25 items cost?",40,40,True,ratio_proportion,,,solve_proportion,,, 40
test_unseen_00101,baseline,200,unseen,A machine begins at 7; after each round it changes its value by 2. What value appears after 7 updates?,21,19,False,recurrence,,,unroll_recurrence,,, 19
test_unseen_00102,baseline,200,unseen,The roots x and y of t^2 - (10)t + (-24) = 0 are real. Find x^2 + y^2.,148,86,False,symmetric_polynomial_identity,,,expand_symmetric_identity,,, 86
test_unseen_00103,baseline,200,unseen,A square of side 23 is removed from a square of side 80. What area remains?,5871,1476,False,factorization,,,factor_difference_of_squares,,, 1476
test_unseen_00104,baseline,200,unseen,A rule maps q to -5q^2 + 4q - 2. Determine its output at q = 0.,-2,-16,False,substitution,,,substitute_expression,,, -16
test_unseen_00105,baseline,200,unseen,Find the value of x satisfying both constraints: -5x + 2y = -24 and 2x + 4y = 48.,8,6,False,linear_elimination,,,solve_linear_system,,, 6
test_unseen_00106,baseline,200,unseen,Complete the equivalent fractions: 6/11 = 30/[blank].,55,33,False,ratio_proportion,,,solve_proportion,,, 33
test_unseen_00107,baseline,200,unseen,"Unroll b(n+1) = b(n) + 1, with b(1) = 16, to obtain b(12).",27,73,False,recurrence,,,unroll_recurrence,,, 73
test_unseen_00108,baseline,200,unseen,"Without solving for x and y, evaluate x^2 + y^2 when x + y = 15 and xy = 14.",197,380,False,symmetric_polynomial_identity,,,expand_symmetric_identity,,, 380
test_unseen_00109,baseline,200,unseen,"Using (u - v)(u + v), calculate 74^2 - 15^2.",5251,3600,False,factorization,,,factor_difference_of_squares,,, 3600
test_unseen_00110,baseline,200,unseen,What number does -5u^2 - 6u - 6 produce when u is 0?,-6,-6,True,substitution,,,substitute_expression,,, -6
test_unseen_00111,baseline,200,unseen,The lines -3x - y = 2 and -5x - 5y = 10 intersect. Give the x-coordinate.,0,-1,False,linear_elimination,,,solve_linear_system,,, -1
test_unseen_00112,baseline,200,unseen,"At a fixed rate, 8 items cost 17 dollars. What do 80 items cost?",170,256,False,ratio_proportion,,,solve_proportion,,, 256
test_unseen_00113,baseline,200,unseen,A machine begins at 18; after each round it changes its value by -2. What value appears after 5 updates?,8,-30,False,recurrence,,,unroll_recurrence,,, -30
test_unseen_00114,baseline,200,unseen,The roots x and y of t^2 - (9)t + (14) = 0 are real. Find x^2 + y^2.,53,56,False,symmetric_polynomial_identity,,,expand_symmetric_identity,,, 56
test_unseen_00115,baseline,200,unseen,A square of side 14 is removed from a square of side 77. What area remains?,5733,308,False,factorization,,,factor_difference_of_squares,,, 308
test_unseen_00116,baseline,200,unseen,A rule maps q to -q^2 + 2q - 8. Determine its output at q = 7.,-43,-106,False,substitution,,,substitute_expression,,, -106
test_unseen_00117,baseline,200,unseen,Find the value of y satisfying both constraints: 5x + 3y = 15 and 4x + y = 12.,0,-6,False,linear_elimination,,,solve_linear_system,,, -6
test_unseen_00118,baseline,200,unseen,Complete the equivalent fractions: 10/3 = 70/[blank].,21,25,False,ratio_proportion,,,solve_proportion,,, 25
test_unseen_00119,baseline,200,unseen,"Unroll b(n+1) = b(n) - 1, with b(1) = -16, to obtain b(3).",-18,-25,False,recurrence,,,unroll_recurrence,,, -25
test_seen_00000,oracle,200,seen,"If x + y = -20 and xy = 84, find x^2 + y^2.",232,160,False,symmetric_polynomial_identity,,,expand_symmetric_identity,,, 160
test_seen_00001,oracle,200,seen,Evaluate 71^2 - 11^2.,4920,4900,False,factorization,,,factor_difference_of_squares,,, 4900
test_seen_00002,oracle,200,seen,Let f(t) = t^2 - 5t + 2. Find f(2).,-4,0,False,substitution,,,substitute_expression,,, 0
test_seen_00003,oracle,200,seen,Solve 4x + 3y = -3 and x + y = -3. What is x?,6,-1,False,linear_elimination,,,solve_linear_system,,, -1
test_seen_00004,oracle,200,seen,Solve the proportion 2/5 = 6/x for x.,15,30,False,ratio_proportion,,,solve_proportion,,, 30
test_seen_00005,oracle,200,seen,A sequence starts with a1 = -11 and each next term is the current term + 4. Find a4.,1,25,False,recurrence,,,unroll_recurrence,,, 25
test_seen_00006,oracle,200,seen,Two numbers have sum -9 and product -10. What is the sum of their squares?,101,85,False,symmetric_polynomial_identity,,,expand_symmetric_identity,,, 85
test_seen_00007,oracle,200,seen,Compute the difference of squares: 42 squared minus 33 squared.,675,108,False,factorization,,,factor_difference_of_squares,,, 108
test_seen_00008,oracle,200,seen,Substitute z = 2 into 2z^2 + 8z - 4.,20,16,False,substitution,,,substitute_expression,,, 16
test_seen_00009,oracle,200,seen,The equations -4x - 5y = 1 and 4x - 5y = -31 hold simultaneously. Find x.,-4,2,False,linear_elimination,,,solve_linear_system,,, 2
test_seen_00010,oracle,200,seen,"If 2:7 = 12:x, what is x?",42,42,True,ratio_proportion,,,solve_proportion,,, 42
test_seen_00011,oracle,200,seen,"Starting at -16, repeatedly change the value by -1. What is term 11, counting the start as term 1?",-26,-23,False,recurrence,,,unroll_recurrence,,, -23
test_seen_00012,oracle,200,seen,"Given s = x + y = -8 and p = xy = -48, compute x^2 + y^2.",160,160,True,symmetric_polynomial_identity,,,expand_symmetric_identity,,, 160
test_seen_00013,oracle,200,seen,What is 43^2 - 39^2? Use factorization if helpful.,328,1080,False,factorization,,,factor_difference_of_squares,,, 1080
test_seen_00014,oracle,200,seen,"For P(x) = -4x^2 + 6x + 8, evaluate P(7).",-146,-103,False,substitution,,,substitute_expression,,, -103
test_seen_00015,oracle,200,seen,Use elimination on the system 3x + 5y = 8; 2x - 3y = -1. Determine x.,1,0,False,linear_elimination,,,solve_linear_system,,, 0
test_seen_00016,oracle,200,seen,The ratio 15 to 4 equals the ratio 105 to x. Find x.,28,28,True,ratio_proportion,,,solve_proportion,,, 28
test_seen_00017,oracle,200,seen,An arithmetic sequence has first term 17 and common difference -8. Find its 7th term.,-31,0,False,recurrence,,,unroll_recurrence,,, 0
test_seen_00018,oracle,200,seen,"If x + y = -4 and xy = -60, find x^2 + y^2.",136,176,False,symmetric_polynomial_identity,,,expand_symmetric_identity,,, 176
test_seen_00019,oracle,200,seen,Evaluate 45^2 - 40^2.,425,725,False,factorization,,,factor_difference_of_squares,,, 725
test_seen_00020,oracle,200,seen,Let f(t) = 4t^2 - 5t - 3. Find f(0).,-3,-3,True,substitution,,,substitute_expression,,, -3
test_seen_00021,oracle,200,seen,Solve -5x + 2y = -2 and x + 4y = 18. What is x?,2,6,False,linear_elimination,,,solve_linear_system,,, 6
test_seen_00022,oracle,200,seen,Solve the proportion 7/6 = 84/x for x.,72,72,True,ratio_proportion,,,solve_proportion,,, 72
test_seen_00023,oracle,200,seen,A sequence starts with a1 = -11 and each next term is the current term - 7. Find a12.,-88,-30,False,recurrence,,,unroll_recurrence,,, -30
test_seen_00024,oracle,200,seen,Two numbers have sum 4 and product -60. What is the sum of their squares?,136,176,False,symmetric_polynomial_identity,,,expand_symmetric_identity,,, 176
test_seen_00025,oracle,200,seen,Compute the difference of squares: 77 squared minus 8 squared.,5865,5029,False,factorization,,,factor_difference_of_squares,,, 5029
test_seen_00026,oracle,200,seen,Substitute z = -7 into 2z^2 + 6z + 6.,62,108,False,substitution,,,substitute_expression,,, 108
test_seen_00027,oracle,200,seen,The equations -4x - 4y = 56 and -3x - 5y = 60 hold simultaneously. Find y.,-9,1,False,linear_elimination,,,solve_linear_system,,, 1
test_seen_00028,oracle,200,seen,"If 3:19 = 27:x, what is x?",171,54,False,ratio_proportion,,,solve_proportion,,, 54
test_seen_00029,oracle,200,seen,"Starting at 9, repeatedly change the value by -1. What is term 8, counting the start as term 1?",2,-7,False,recurrence,,,unroll_recurrence,,, -7
test_seen_00030,oracle,200,seen,"Given s = x + y = 27 and p = xy = 180, compute x^2 + y^2.",369,360,False,symmetric_polynomial_identity,,,expand_symmetric_identity,,, 360
test_seen_00031,oracle,200,seen,What is 32^2 - 26^2? Use factorization if helpful.,348,140,False,factorization,,,factor_difference_of_squares,,, 140
test_seen_00032,oracle,200,seen,"For P(x) = -5x^2 - 6x + 10, evaluate P(-4).",-46,-78,False,substitution,,,substitute_expression,,, -78
test_seen_00033,oracle,200,seen,Use elimination on the system 5x + 4y = 3; x - y = 6. Determine y.,-3,1,False,linear_elimination,,,solve_linear_system,,, 1
test_seen_00034,oracle,200,seen,The ratio 14 to 12 equals the ratio 112 to x. Find x.,96,96,True,ratio_proportion,,,solve_proportion,,, 96
test_seen_00035,oracle,200,seen,An arithmetic sequence has first term -17 and common difference 3. Find its 5th term.,-5,20,False,recurrence,,,unroll_recurrence,,, 20
test_seen_00036,oracle,200,seen,"If x + y = -8 and xy = -20, find x^2 + y^2.",104,136,False,symmetric_polynomial_identity,,,expand_symmetric_identity,,, 136
test_seen_00037,oracle,200,seen,Evaluate 21^2 - 14^2.,245,305,False,factorization,,,factor_difference_of_squares,,, 305
test_seen_00038,oracle,200,seen,Let f(t) = -2t^2 + t - 5. Find f(-2).,-15,-16,False,substitution,,,substitute_expression,,, -16
test_seen_00039,oracle,200,seen,Solve x + y = -6 and -2x - 5y = 21. What is y?,-3,-3,True,linear_elimination,,,solve_linear_system,,, -3
test_seen_00040,oracle,200,seen,Solve the proportion 10/3 = 30/x for x.,9,9,True,ratio_proportion,,,solve_proportion,,, 9
test_seen_00041,oracle,200,seen,A sequence starts with a1 = -19 and each next term is the current term - 9. Find a11.,-109,-62,False,recurrence,,,unroll_recurrence,,, -62
test_seen_00042,oracle,200,seen,Two numbers have sum 16 and product 48. What is the sum of their squares?,160,256,False,symmetric_polynomial_identity,,,expand_symmetric_identity,,, 256
test_seen_00043,oracle,200,seen,Compute the difference of squares: 67 squared minus 34 squared.,3333,2905,False,factorization,,,factor_difference_of_squares,,, 2905
test_seen_00044,oracle,200,seen,Substitute z = -2 into 4z^2 - 5z + 6.,32,18,False,substitution,,,substitute_expression,,, 18
test_seen_00045,oracle,200,seen,The equations -3x + 2y = -1 and x - 3y = 5 hold simultaneously. Find x.,-1,4,False,linear_elimination,,,solve_linear_system,,, 4
test_seen_00046,oracle,200,seen,"If 2:5 = 10:x, what is x?",25,50,False,ratio_proportion,,,solve_proportion,,, 50
test_seen_00047,oracle,200,seen,"Starting at 16, repeatedly change the value by -6. What is term 12, counting the start as term 1?",-50,-30,False,recurrence,,,unroll_recurrence,,, -30
test_seen_00048,oracle,200,seen,"Given s = x + y = -11 and p = xy = 18, compute x^2 + y^2.",85,169,False,symmetric_polynomial_identity,,,expand_symmetric_identity,,, 169
test_seen_00049,oracle,200,seen,What is 54^2 - 26^2? Use factorization if helpful.,2240,1308,False,factorization,,,factor_difference_of_squares,,, 1308
test_seen_00050,oracle,200,seen,"For P(x) = -4x^2 - 8x - 7, evaluate P(-1).",-3,-9,False,substitution,,,substitute_expression,,, -9
test_seen_00051,oracle,200,seen,Use elimination on the system 3x + 4y = -14; -3x - 2y = 16. Determine x.,-6,-5,False,linear_elimination,,,solve_linear_system,,, -5
test_seen_00052,oracle,200,seen,The ratio 5 to 3 equals the ratio 15 to x. Find x.,9,9,True,ratio_proportion,,,solve_proportion,,, 9
test_seen_00053,oracle,200,seen,An arithmetic sequence has first term 10 and common difference -1. Find its 14th term.,-3,-13,False,recurrence,,,unroll_recurrence,,, -13
test_seen_00054,oracle,200,seen,"If x + y = 7 and xy = -98, find x^2 + y^2.",245,205,False,symmetric_polynomial_identity,,,expand_symmetric_identity,,, 205
test_seen_00055,oracle,200,seen,Evaluate 48^2 - 43^2.,455,1059,False,factorization,,,factor_difference_of_squares,,, 1059
test_seen_00056,oracle,200,seen,Let f(t) = 3t^2 + 2t - 8. Find f(-2).,0,14,False,substitution,,,substitute_expression,,, 14
test_seen_00057,oracle,200,seen,Solve -2x + 2y = -14 and 5x - 3y = 17. What is y?,-9,0,False,linear_elimination,,,solve_linear_system,,, 0
test_seen_00058,oracle,200,seen,Solve the proportion 11/16 = 66/x for x.,96,96,True,ratio_proportion,,,solve_proportion,,, 96
test_seen_00059,oracle,200,seen,A sequence starts with a1 = 8 and each next term is the current term + 7. Find a7.,50,49,False,recurrence,,,unroll_recurrence,,, 49
test_seen_00060,oracle,200,seen,Two numbers have sum 29 and product 210. What is the sum of their squares?,421,685,False,symmetric_polynomial_identity,,,expand_symmetric_identity,,, 685
test_seen_00061,oracle,200,seen,Compute the difference of squares: 69 squared minus 37 squared.,3392,2016,False,factorization,,,factor_difference_of_squares,,, 2016
test_seen_00062,oracle,200,seen,Substitute z = -1 into 4z^2 + 5z + 11.,10,36,False,substitution,,,substitute_expression,,, 36
test_seen_00063,oracle,200,seen,The equations -4x - 2y = -46 and 4x + 5y = 73 hold simultaneously. Find x.,7,1,False,linear_elimination,,,solve_linear_system,,, 1
test_seen_00064,oracle,200,seen,"If 11:2 = 132:x, what is x?",24,240,False,ratio_proportion,,,solve_proportion,,, 240
test_seen_00065,oracle,200,seen,"Starting at -6, repeatedly change the value by -7. What is term 6, counting the start as term 1?",-41,-35,False,recurrence,,,unroll_recurrence,,, -35
test_seen_00066,oracle,200,seen,"Given s = x + y = -5 and p = xy = -36, compute x^2 + y^2.",97,170,False,symmetric_polynomial_identity,,,expand_symmetric_identity,,, 170
test_seen_00067,oracle,200,seen,What is 39^2 - 35^2? Use factorization if helpful.,296,1080,False,factorization,,,factor_difference_of_squares,,, 1080
test_seen_00068,oracle,200,seen,"For P(x) = -x^2 - 3x + 3, evaluate P(0).",3,0,False,substitution,,,substitute_expression,,, 0
test_seen_00069,oracle,200,seen,Use elimination on the system -x + 2y = -4; -3x - 4y = -12. Determine y.,0,5,False,linear_elimination,,,solve_linear_system,,, 5
test_seen_00070,oracle,200,seen,The ratio 7 to 12 equals the ratio 49 to x. Find x.,84,36,False,ratio_proportion,,,solve_proportion,,, 36
test_seen_00071,oracle,200,seen,An arithmetic sequence has first term 4 and common difference -6. Find its 14th term.,-74,-30,False,recurrence,,,unroll_recurrence,,, -30
test_seen_00072,oracle,200,seen,"If x + y = -6 and xy = 5, find x^2 + y^2.",26,37,False,symmetric_polynomial_identity,,,expand_symmetric_identity,,, 37
test_seen_00073,oracle,200,seen,Evaluate 46^2 - 15^2.,1891,1709,False,factorization,,,factor_difference_of_squares,,, 1709
test_seen_00074,oracle,200,seen,Let f(t) = 3t^2 - 3t - 1. Find f(-3).,35,54,False,substitution,,,substitute_expression,,, 54
test_seen_00075,oracle,200,seen,Solve 4x - y = 18 and 3x + 5y = 2. What is x?,4,2,False,linear_elimination,,,solve_linear_system,,, 2
test_seen_00076,oracle,200,seen,Solve the proportion 4/11 = 16/x for x.,44,44,True,ratio_proportion,,,solve_proportion,,, 44
test_seen_00077,oracle,200,seen,A sequence starts with a1 = -7 and each next term is the current term - 5. Find a5.,-27,-26,False,recurrence,,,unroll_recurrence,,, -26
test_seen_00078,oracle,200,seen,Two numbers have sum 4 and product 3. What is the sum of their squares?,10,13,False,symmetric_polynomial_identity,,,expand_symmetric_identity,,, 13
test_seen_00079,oracle,200,seen,Compute the difference of squares: 48 squared minus 14 squared.,2108,2076,False,factorization,,,factor_difference_of_squares,,, 2076
test_seen_00080,oracle,200,seen,Substitute z = -5 into 3z^2 + 4z + 4.,59,107,False,substitution,,,substitute_expression,,, 107
test_seen_00081,oracle,200,seen,The equations x - y = 5 and 3x - y = 3 hold simultaneously. Find x.,-1,2,False,linear_elimination,,,solve_linear_system,,, 2
test_seen_00082,oracle,200,seen,"If 4:20 = 40:x, what is x?",200,80,False,ratio_proportion,,,solve_proportion,,, 80
test_seen_00083,oracle,200,seen,"Starting at -17, repeatedly change the value by 4. What is term 9, counting the start as term 1?",15,50,False,recurrence,,,unroll_recurrence,,, 50
test_seen_00084,oracle,200,seen,"Given s = x + y = 2 and p = xy = -3, compute x^2 + y^2.",10,14,False,symmetric_polynomial_identity,,,expand_symmetric_identity,,, 14
test_seen_00085,oracle,200,seen,What is 72^2 - 42^2? Use factorization if helpful.,3420,1908,False,factorization,,,factor_difference_of_squares,,, 1908
test_seen_00086,oracle,200,seen,"For P(x) = 4x^2 + 7x + 5, evaluate P(3).",62,68,False,substitution,,,substitute_expression,,, 68
test_seen_00087,oracle,200,seen,Use elimination on the system 5x + 2y = -48; 2x - 4y = 24. Determine y.,-9,-1,False,linear_elimination,,,solve_linear_system,,, -1
test_seen_00088,oracle,200,seen,The ratio 3 to 8 equals the ratio 27 to x. Find x.,72,64,False,ratio_proportion,,,solve_proportion,,, 64
test_seen_00089,oracle,200,seen,An arithmetic sequence has first term 14 and common difference -7. Find its 9th term.,-42,-50,False,recurrence,,,unroll_recurrence,,, -50
test_seen_00090,oracle,200,seen,"If x + y = -11 and xy = 0, find x^2 + y^2.",121,56,False,symmetric_polynomial_identity,,,expand_symmetric_identity,,, 56
test_seen_00091,oracle,200,seen,Evaluate 59^2 - 13^2.,3312,2608,False,factorization,,,factor_difference_of_squares,,, 2608
test_seen_00092,oracle,200,seen,Let f(t) = -5t^2 - 6t - 4. Find f(-2).,-12,-38,False,substitution,,,substitute_expression,,, -38
test_seen_00093,oracle,200,seen,Solve -4x + y = 25 and 2x - 5y = 19. What is x?,-8,-3,False,linear_elimination,,,solve_linear_system,,, -3
test_seen_00094,oracle,200,seen,Solve the proportion 12/4 = 60/x for x.,20,30,False,ratio_proportion,,,solve_proportion,,, 30
test_seen_00095,oracle,200,seen,A sequence starts with a1 = -8 and each next term is the current term - 6. Find a12.,-74,-30,False,recurrence,,,unroll_recurrence,,, -30
test_seen_00096,oracle,200,seen,Two numbers have sum -17 and product 72. What is the sum of their squares?,145,368,False,symmetric_polynomial_identity,,,expand_symmetric_identity,,, 368
test_seen_00097,oracle,200,seen,Compute the difference of squares: 55 squared minus 4 squared.,3009,2970,False,factorization,,,factor_difference_of_squares,,, 2970
test_seen_00098,oracle,200,seen,Substitute z = -3 into -5z^2 - 5z - 9.,-39,-180,False,substitution,,,substitute_expression,,, -180
test_seen_00099,oracle,200,seen,The equations 4x + 3y = -57 and 5x + 5y = -80 hold simultaneously. Find x.,-9,-1,False,linear_elimination,,,solve_linear_system,,, -1
test_seen_00100,oracle,200,seen,"If 6:10 = 48:x, what is x?",80,80,True,ratio_proportion,,,solve_proportion,,, 80
test_seen_00101,oracle,200,seen,"Starting at -10, repeatedly change the value by -4. What is term 13, counting the start as term 1?",-58,-26,False,recurrence,,,unroll_recurrence,,, -26
test_seen_00102,oracle,200,seen,"Given s = x + y = 2 and p = xy = -35, compute x^2 + y^2.",74,160,False,symmetric_polynomial_identity,,,expand_symmetric_identity,,, 160
test_seen_00103,oracle,200,seen,What is 70^2 - 33^2? Use factorization if helpful.,3811,4160,False,factorization,,,factor_difference_of_squares,,, 4160
test_seen_00104,oracle,200,seen,"For P(x) = 2x^2 + 5x + 9, evaluate P(-2).",7,14,False,substitution,,,substitute_expression,,, 14
test_seen_00105,oracle,200,seen,Use elimination on the system 4x - 2y = 16; 2x + y = 12. Determine y.,2,3,False,linear_elimination,,,solve_linear_system,,, 3
test_seen_00106,oracle,200,seen,The ratio 15 to 2 equals the ratio 150 to x. Find x.,20,160,False,ratio_proportion,,,solve_proportion,,, 160
test_seen_00107,oracle,200,seen,An arithmetic sequence has first term 8 and common difference -5. Find its 3th term.,-2,-12,False,recurrence,,,unroll_recurrence,,, -12
test_seen_00108,oracle,200,seen,"If x + y = -27 and xy = 180, find x^2 + y^2.",369,369,True,symmetric_polynomial_identity,,,expand_symmetric_identity,,, 369
test_seen_00109,oracle,200,seen,Evaluate 76^2 - 43^2.,3927,5081,False,factorization,,,factor_difference_of_squares,,, 5081
test_seen_00110,oracle,200,seen,Let f(t) = 4t^2 + 4t - 5. Find f(0).,-5,0,False,substitution,,,substitute_expression,,, 0
test_seen_00111,oracle,200,seen,Solve -4x - 3y = 42 and -5x + 3y = 39. What is x?,-9,1,False,linear_elimination,,,solve_linear_system,,, 1
test_seen_00112,oracle,200,seen,Solve the proportion 2/4 = 10/x for x.,20,20,True,ratio_proportion,,,solve_proportion,,, 20
test_seen_00113,oracle,200,seen,A sequence starts with a1 = 15 and each next term is the current term - 6. Find a11.,-45,-24,False,recurrence,,,unroll_recurrence,,, -24
test_seen_00114,oracle,200,seen,Two numbers have sum 12 and product -28. What is the sum of their squares?,200,60,False,symmetric_polynomial_identity,,,expand_symmetric_identity,,, 60
test_seen_00115,oracle,200,seen,Compute the difference of squares: 36 squared minus 34 squared.,140,108,False,factorization,,,factor_difference_of_squares,,, 108
test_seen_00116,oracle,200,seen,Substitute z = -3 into z^2 + 2z - 1.,2,0,False,substitution,,,substitute_expression,,, 0
test_seen_00117,oracle,200,seen,The equations -5x + 2y = -4 and -4x - 5y = -56 hold simultaneously. Find x.,4,3,False,linear_elimination,,,solve_linear_system,,, 3
test_seen_00118,oracle,200,seen,"If 2:2 = 16:x, what is x?",16,16,True,ratio_proportion,,,solve_proportion,,, 16
test_seen_00119,oracle,200,seen,"Starting at -4, repeatedly change the value by -1. What is term 11, counting the start as term 1?",-14,7,False,recurrence,,,unroll_recurrence,,, 7
test_unseen_00000,oracle,200,unseen,"Without solving for x and y, evaluate x^2 + y^2 when x + y = -1 and xy = -2.",5,5,True,symmetric_polynomial_identity,,,expand_symmetric_identity,,, 5
test_unseen_00001,oracle,200,unseen,"Using (u - v)(u + v), calculate 44^2 - 36^2.",640,1900,False,factorization,,,factor_difference_of_squares,,, 1900
test_unseen_00002,oracle,200,unseen,What number does -3u^2 + 4u - 5 produce when u is -3?,-44,18,False,substitution,,,substitute_expression,,, 18
test_unseen_00003,oracle,200,unseen,The lines -4x + 4y = 28 and -5x - 4y = 53 intersect. Give the x-coordinate.,-9,1,False,linear_elimination,,,solve_linear_system,,, 1
test_unseen_00004,oracle,200,unseen,"At a fixed rate, 14 items cost 18 dollars. What do 84 items cost?",108,126,False,ratio_proportion,,,solve_proportion,,, 126
test_unseen_00005,oracle,200,unseen,A machine begins at 17; after each round it changes its value by 4. What value appears after 8 updates?,49,60,False,recurrence,,,unroll_recurrence,,, 60
test_unseen_00006,oracle,200,unseen,The roots x and y of t^2 - (16)t + (63) = 0 are real. Find x^2 + y^2.,130,174,False,symmetric_polynomial_identity,,,expand_symmetric_identity,,, 174
test_unseen_00007,oracle,200,unseen,A square of side 44 is removed from a square of side 65. What area remains?,2289,1208,False,factorization,,,factor_difference_of_squares,,, 1208
test_unseen_00008,oracle,200,unseen,A rule maps q to q^2 - 6q - 2. Determine its output at q = 6.,-2,18,False,substitution,,,substitute_expression,,, 18
test_unseen_00009,oracle,200,unseen,Find the value of x satisfying both constraints: -4x + 3y = -12 and -4x + 4y = -16.,0,0,True,linear_elimination,,,solve_linear_system,,, 0
test_unseen_00010,oracle,200,unseen,Complete the equivalent fractions: 6/12 = 18/[blank].,36,3,False,ratio_proportion,,,solve_proportion,,, 3
test_unseen_00011,oracle,200,unseen,"Unroll b(n+1) = b(n) + 1, with b(1) = -18, to obtain b(8).",-11,97,False,recurrence,,,unroll_recurrence,,, 97
test_unseen_00012,oracle,200,unseen,"Without solving for x and y, evaluate x^2 + y^2 when x + y = -15 and xy = 36.",153,170,False,symmetric_polynomial_identity,,,expand_symmetric_identity,,, 170
test_unseen_00013,oracle,200,unseen,"Using (u - v)(u + v), calculate 39^2 - 14^2.",1325,6085,False,factorization,,,factor_difference_of_squares,,, 6085
test_unseen_00014,oracle,200,unseen,What number does 11 - 3u^2 produce when u is -4?,-37,-26,False,substitution,,,substitute_expression,,, -26
test_unseen_00015,oracle,200,unseen,The lines 5x + 5y = -80 and x - 5y = 32 intersect. Give the y-coordinate.,-8,-1,False,linear_elimination,,,solve_linear_system,,, -1
test_unseen_00016,oracle,200,unseen,"At a fixed rate, 7 items cost 17 dollars. What do 84 items cost?",204,204,True,ratio_proportion,,,solve_proportion,,, 204
test_unseen_00017,oracle,200,unseen,A machine begins at 17; after each round it changes its value by 6. What value appears after 14 updates?,101,98,False,recurrence,,,unroll_recurrence,,, 98
test_unseen_00018,oracle,200,unseen,The roots x and y of t^2 - (-9)t + (-22) = 0 are real. Find x^2 + y^2.,125,136,False,symmetric_polynomial_identity,,,expand_symmetric_identity,,, 136
test_unseen_00019,oracle,200,unseen,A square of side 16 is removed from a square of side 78. What area remains?,5828,432,False,factorization,,,factor_difference_of_squares,,, 432
test_unseen_00020,oracle,200,unseen,A rule maps q to 3q^2 + 3q + 7. Determine its output at q = 6.,133,148,False,substitution,,,substitute_expression,,, 148
test_unseen_00021,oracle,200,unseen,Find the value of y satisfying both constraints: -3x - 5y = 29 and -2x - 5y = 21.,-1,4,False,linear_elimination,,,solve_linear_system,,, 4
test_unseen_00022,oracle,200,unseen,Complete the equivalent fractions: 7/20 = 35/[blank].,100,140,False,ratio_proportion,,,solve_proportion,,, 140
test_unseen_00023,oracle,200,unseen,"Unroll b(n+1) = b(n) + 4, with b(1) = -13, to obtain b(8).",15,256,False,recurrence,,,unroll_recurrence,,, 256
test_unseen_00024,oracle,200,unseen,"Without solving for x and y, evaluate x^2 + y^2 when x + y = -17 and xy = 60.",169,253,False,symmetric_polynomial_identity,,,expand_symmetric_identity,,, 253
test_unseen_00025,oracle,200,unseen,"Using (u - v)(u + v), calculate 24^2 - 16^2.",320,384,False,factorization,,,factor_difference_of_squares,,, 384
test_unseen_00026,oracle,200,unseen,What number does 2u^2 - 7u + 9 produce when u is 2?,3,4,False,substitution,,,substitute_expression,,, 4
test_unseen_00027,oracle,200,unseen,The lines -3x - 3y = 0 and 5x - 5y = 60 intersect. Give the y-coordinate.,-6,1,False,linear_elimination,,,solve_linear_system,,, 1
test_unseen_00028,oracle,200,unseen,"At a fixed rate, 3 items cost 2 dollars. What do 24 items cost?",16,60,False,ratio_proportion,,,solve_proportion,,, 60
test_unseen_00029,oracle,200,unseen,A machine begins at -9; after each round it changes its value by -1. What value appears after 13 updates?,-22,-26,False,recurrence,,,unroll_recurrence,,, -26
test_unseen_00030,oracle,200,unseen,The roots x and y of t^2 - (-3)t + (-54) = 0 are real. Find x^2 + y^2.,117,168,False,symmetric_polynomial_identity,,,expand_symmetric_identity,,, 168
test_unseen_00031,oracle,200,unseen,A square of side 5 is removed from a square of side 41. What area remains?,1656,708,False,factorization,,,factor_difference_of_squares,,, 708
test_unseen_00032,oracle,200,unseen,A rule maps q to 3q^2 - 10. Determine its output at q = 1.,-7,4,False,substitution,,,substitute_expression,,, 4
test_unseen_00033,oracle,200,unseen,Find the value of x satisfying both constraints: -x - 3y = -25 and -3x + 5y = 37.,1,1,True,linear_elimination,,,solve_linear_system,,, 1
test_unseen_00034,oracle,200,unseen,Complete the equivalent fractions: 3/16 = 24/[blank].,128,384,False,ratio_proportion,,,solve_proportion,,, 384
test_unseen_00035,oracle,200,unseen,"Unroll b(n+1) = b(n) + 3, with b(1) = 8, to obtain b(4).",17,27,False,recurrence,,,unroll_recurrence,,, 27
test_unseen_00036,oracle,200,unseen,"Without solving for x and y, evaluate x^2 + y^2 when x + y = 6 and xy = -91.",218,170,False,symmetric_polynomial_identity,,,expand_symmetric_identity,,, 170
test_unseen_00037,oracle,200,unseen,"Using (u - v)(u + v), calculate 47^2 - 38^2.",765,1056,False,factorization,,,factor_difference_of_squares,,, 1056
test_unseen_00038,oracle,200,unseen,What number does -u^2 + 8u - 1 produce when u is -4?,-49,3,False,substitution,,,substitute_expression,,, 3
test_unseen_00039,oracle,200,unseen,The lines 3x + 2y = -28 and -4x + 3y = 26 intersect. Give the y-coordinate.,-2,-1,False,linear_elimination,,,solve_linear_system,,, -1
test_unseen_00040,oracle,200,unseen,"At a fixed rate, 15 items cost 15 dollars. What do 60 items cost?",60,90,False,ratio_proportion,,,solve_proportion,,, 90
test_unseen_00041,oracle,200,unseen,A machine begins at -4; after each round it changes its value by 6. What value appears after 4 updates?,20,20,True,recurrence,,,unroll_recurrence,,, 20
test_unseen_00042,oracle,200,unseen,The roots x and y of t^2 - (6)t + (-112) = 0 are real. Find x^2 + y^2.,260,358,False,symmetric_polynomial_identity,,,expand_symmetric_identity,,, 358
test_unseen_00043,oracle,200,unseen,A square of side 40 is removed from a square of side 64. What area remains?,2496,128,False,factorization,,,factor_difference_of_squares,,, 128
test_unseen_00044,oracle,200,unseen,A rule maps q to 4q^2 - 5q - 2. Determine its output at q = -2.,24,10,False,substitution,,,substitute_expression,,, 10
test_unseen_00045,oracle,200,unseen,Find the value of y satisfying both constraints: -5x - 4y = -10 and x + 5y = -19.,-5,-2,False,linear_elimination,,,solve_linear_system,,, -2
test_unseen_00046,oracle,200,unseen,Complete the equivalent fractions: 8/20 = 96/[blank].,240,12,False,ratio_proportion,,,solve_proportion,,, 12
test_unseen_00047,oracle,200,unseen,"Unroll b(n+1) = b(n) + 8, with b(1) = 8, to obtain b(6).",48,72,False,recurrence,,,unroll_recurrence,,, 72
test_unseen_00048,oracle,200,unseen,"Without solving for x and y, evaluate x^2 + y^2 when x + y = -18 and xy = 80.",164,245,False,symmetric_polynomial_identity,,,expand_symmetric_identity,,, 245
test_unseen_00049,oracle,200,unseen,"Using (u - v)(u + v), calculate 12^2 - 11^2.",23,80,False,factorization,,,factor_difference_of_squares,,, 80
test_unseen_00050,oracle,200,unseen,What number does u^2 + u - 12 produce when u is 1?,-10,7,False,substitution,,,substitute_expression,,, 7
test_unseen_00051,oracle,200,unseen,The lines -3x - 2y = 19 and 3x - 5y = 16 intersect. Give the x-coordinate.,-3,4,False,linear_elimination,,,solve_linear_system,,, 4
test_unseen_00052,oracle,200,unseen,"At a fixed rate, 3 items cost 5 dollars. What do 24 items cost?",40,60,False,ratio_proportion,,,solve_proportion,,, 60
test_unseen_00053,oracle,200,unseen,A machine begins at 12; after each round it changes its value by 9. What value appears after 2 updates?,30,36,False,recurrence,,,unroll_recurrence,,, 36
test_unseen_00054,oracle,200,unseen,The roots x and y of t^2 - (18)t + (65) = 0 are real. Find x^2 + y^2.,194,34,False,symmetric_polynomial_identity,,,expand_symmetric_identity,,, 34
test_unseen_00055,oracle,200,unseen,A square of side 21 is removed from a square of side 47. What area remains?,1768,308,False,factorization,,,factor_difference_of_squares,,, 308
test_unseen_00056,oracle,200,unseen,A rule maps q to 8 - 3q^2. Determine its output at q = -5.,-67,10,False,substitution,,,substitute_expression,,, 10
test_unseen_00057,oracle,200,unseen,Find the value of x satisfying both constraints: 4x - y = -29 and -5x - 5y = 30.,-7,-1,False,linear_elimination,,,solve_linear_system,,, -1
test_unseen_00058,oracle,200,unseen,Complete the equivalent fractions: 3/8 = 6/[blank].,16,24,False,ratio_proportion,,,solve_proportion,,, 24
test_unseen_00059,oracle,200,unseen,"Unroll b(n+1) = b(n) - 4, with b(1) = -16, to obtain b(5).",-32,-32,True,recurrence,,,unroll_recurrence,,, -32
test_unseen_00060,oracle,200,unseen,"Without solving for x and y, evaluate x^2 + y^2 when x + y = -10 and xy = -24.",148,156,False,symmetric_polynomial_identity,,,expand_symmetric_identity,,, 156
test_unseen_00061,oracle,200,unseen,"Using (u - v)(u + v), calculate 67^2 - 12^2.",4345,4053,False,factorization,,,factor_difference_of_squares,,, 4053
test_unseen_00062,oracle,200,unseen,What number does -u^2 + 4u - 1 produce when u is -4?,-33,3,False,substitution,,,substitute_expression,,, 3
test_unseen_00063,oracle,200,unseen,The lines -3x - y = -26 and -x + y = -10 intersect. Give the x-coordinate.,9,4,False,linear_elimination,,,solve_linear_system,,, 4
test_unseen_00064,oracle,200,unseen,"At a fixed rate, 12 items cost 7 dollars. What do 108 items cost?",63,96,False,ratio_proportion,,,solve_proportion,,, 96
test_unseen_00065,oracle,200,unseen,A machine begins at -2; after each round it changes its value by -4. What value appears after 9 updates?,-38,-16,False,recurrence,,,unroll_recurrence,,, -16
test_unseen_00066,oracle,200,unseen,The roots x and y of t^2 - (27)t + (182) = 0 are real. Find x^2 + y^2.,365,365,True,symmetric_polynomial_identity,,,expand_symmetric_identity,,, 365
test_unseen_00067,oracle,200,unseen,A square of side 33 is removed from a square of side 64. What area remains?,3007,1296,False,factorization,,,factor_difference_of_squares,,, 1296
test_unseen_00068,oracle,200,unseen,A rule maps q to -q^2 + q + 10. Determine its output at q = 2.,8,-8,False,substitution,,,substitute_expression,,, -8
test_unseen_00069,oracle,200,unseen,Find the value of y satisfying both constraints: x + 2y = 17 and 2x - 4y = -14.,6,3,False,linear_elimination,,,solve_linear_system,,, 3
test_unseen_00070,oracle,200,unseen,Complete the equivalent fractions: 11/8 = 66/[blank].,48,52,False,ratio_proportion,,,solve_proportion,,, 52
test_unseen_00071,oracle,200,unseen,"Unroll b(n+1) = b(n) - 2, with b(1) = 10, to obtain b(13).",-14,45,False,recurrence,,,unroll_recurrence,,, 45
test_unseen_00072,oracle,200,unseen,"Without solving for x and y, evaluate x^2 + y^2 when x + y = -18 and xy = 56.",212,349,False,symmetric_polynomial_identity,,,expand_symmetric_identity,,, 349
test_unseen_00073,oracle,200,unseen,"Using (u - v)(u + v), calculate 40^2 - 25^2.",975,1375,False,factorization,,,factor_difference_of_squares,,, 1375
test_unseen_00074,oracle,200,unseen,What number does 2u^2 + 5u - 3 produce when u is -7?,60,-14,False,substitution,,,substitute_expression,,, -14
test_unseen_00075,oracle,200,unseen,The lines x - 4y = -33 and -5x - 2y = -11 intersect. Give the y-coordinate.,8,-6,False,linear_elimination,,,solve_linear_system,,, -6
test_unseen_00076,oracle,200,unseen,"At a fixed rate, 2 items cost 7 dollars. What do 24 items cost?",84,36,False,ratio_proportion,,,solve_proportion,,, 36
test_unseen_00077,oracle,200,unseen,A machine begins at 0; after each round it changes its value by -3. What value appears after 12 updates?,-36,-9,False,recurrence,,,unroll_recurrence,,, -9
test_unseen_00078,oracle,200,unseen,The roots x and y of t^2 - (12)t + (35) = 0 are real. Find x^2 + y^2.,74,86,False,symmetric_polynomial_identity,,,expand_symmetric_identity,,, 86
test_unseen_00079,oracle,200,unseen,A square of side 23 is removed from a square of side 52. What area remains?,2175,1048,False,factorization,,,factor_difference_of_squares,,, 1048
test_unseen_00080,oracle,200,unseen,A rule maps q to 3q^2 - 8q + 6. Determine its output at q = 2.,2,10,False,substitution,,,substitute_expression,,, 10
test_unseen_00081,oracle,200,unseen,Find the value of y satisfying both constraints: -3x + 5y = 24 and -2x + 4y = 16.,0,2,False,linear_elimination,,,solve_linear_system,,, 2
test_unseen_00082,oracle,200,unseen,Complete the equivalent fractions: 15/2 = 105/[blank].,14,14,True,ratio_proportion,,,solve_proportion,,, 14
test_unseen_00083,oracle,200,unseen,"Unroll b(n+1) = b(n) - 4, with b(1) = -17, to obtain b(15).",-73,-68,False,recurrence,,,unroll_recurrence,,, -68
test_unseen_00084,oracle,200,unseen,"Without solving for x and y, evaluate x^2 + y^2 when x + y = -9 and xy = 18.",45,160,False,symmetric_polynomial_identity,,,expand_symmetric_identity,,, 160
test_unseen_00085,oracle,200,unseen,"Using (u - v)(u + v), calculate 30^2 - 9^2.",819,1455,False,factorization,,,factor_difference_of_squares,,, 1455
test_unseen_00086,oracle,200,unseen,What number does 3u^2 - 11 produce when u is 7?,136,45,False,substitution,,,substitute_expression,,, 45
test_unseen_00087,oracle,200,unseen,The lines 3x + 2y = 8 and -5x - 5y = -25 intersect. Give the x-coordinate.,-2,1,False,linear_elimination,,,solve_linear_system,,, 1
test_unseen_00088,oracle,200,unseen,"At a fixed rate, 8 items cost 2 dollars. What do 80 items cost?",20,160,False,ratio_proportion,,,solve_proportion,,, 160
test_unseen_00089,oracle,200,unseen,A machine begins at -13; after each round it changes its value by -7. What value appears after 14 updates?,-111,-56,False,recurrence,,,unroll_recurrence,,, -56
test_unseen_00090,oracle,200,unseen,The roots x and y of t^2 - (13)t + (36) = 0 are real. Find x^2 + y^2.,97,148,False,symmetric_polynomial_identity,,,expand_symmetric_identity,,, 148
test_unseen_00091,oracle,200,unseen,A square of side 16 is removed from a square of side 72. What area remains?,4928,384,False,factorization,,,factor_difference_of_squares,,, 384
test_unseen_00092,oracle,200,unseen,A rule maps q to 4q^2 - 7q. Determine its output at q = 0.,0,0,True,substitution,,,substitute_expression,,, 0
test_unseen_00093,oracle,200,unseen,Find the value of y satisfying both constraints: 5x - 2y = 31 and -4x + 3y = -15.,7,6,False,linear_elimination,,,solve_linear_system,,, 6
test_unseen_00094,oracle,200,unseen,Complete the equivalent fractions: 3/18 = 12/[blank].,72,6,False,ratio_proportion,,,solve_proportion,,, 6
test_unseen_00095,oracle,200,unseen,"Unroll b(n+1) = b(n) - 3, with b(1) = -14, to obtain b(7).",-32,-50,False,recurrence,,,unroll_recurrence,,, -50
test_unseen_00096,oracle,200,unseen,"Without solving for x and y, evaluate x^2 + y^2 when x + y = -15 and xy = 56.",113,304,False,symmetric_polynomial_identity,,,expand_symmetric_identity,,, 304
test_unseen_00097,oracle,200,unseen,"Using (u - v)(u + v), calculate 58^2 - 36^2.",2068,1040,False,factorization,,,factor_difference_of_squares,,, 1040
test_unseen_00098,oracle,200,unseen,What number does -4u^2 + 8u produce when u is 4?,-32,60,False,substitution,,,substitute_expression,,, 60
test_unseen_00099,oracle,200,unseen,The lines 2x + y = 7 and -3x - 5y = 21 intersect. Give the y-coordinate.,-9,4,False,linear_elimination,,,solve_linear_system,,, 4
test_unseen_00100,oracle,200,unseen,"At a fixed rate, 5 items cost 8 dollars. What do 25 items cost?",40,40,True,ratio_proportion,,,solve_proportion,,, 40
test_unseen_00101,oracle,200,unseen,A machine begins at 7; after each round it changes its value by 2. What value appears after 7 updates?,21,19,False,recurrence,,,unroll_recurrence,,, 19
test_unseen_00102,oracle,200,unseen,The roots x and y of t^2 - (10)t + (-24) = 0 are real. Find x^2 + y^2.,148,36,False,symmetric_polynomial_identity,,,expand_symmetric_identity,,, 36
test_unseen_00103,oracle,200,unseen,A square of side 23 is removed from a square of side 80. What area remains?,5871,1476,False,factorization,,,factor_difference_of_squares,,, 1476
test_unseen_00104,oracle,200,unseen,A rule maps q to -5q^2 + 4q - 2. Determine its output at q = 0.,-2,-2,True,substitution,,,substitute_expression,,, -2
test_unseen_00105,oracle,200,unseen,Find the value of x satisfying both constraints: -5x + 2y = -24 and 2x + 4y = 48.,8,6,False,linear_elimination,,,solve_linear_system,,, 6
test_unseen_00106,oracle,200,unseen,Complete the equivalent fractions: 6/11 = 30/[blank].,55,33,False,ratio_proportion,,,solve_proportion,,, 33
test_unseen_00107,oracle,200,unseen,"Unroll b(n+1) = b(n) + 1, with b(1) = 16, to obtain b(12).",27,73,False,recurrence,,,unroll_recurrence,,, 73
test_unseen_00108,oracle,200,unseen,"Without solving for x and y, evaluate x^2 + y^2 when x + y = 15 and xy = 14.",197,38,False,symmetric_polynomial_identity,,,expand_symmetric_identity,,, 38
test_unseen_00109,oracle,200,unseen,"Using (u - v)(u + v), calculate 74^2 - 15^2.",5251,3600,False,factorization,,,factor_difference_of_squares,,, 3600
test_unseen_00110,oracle,200,unseen,What number does -5u^2 - 6u - 6 produce when u is 0?,-6,-6,True,substitution,,,substitute_expression,,, -6
test_unseen_00111,oracle,200,unseen,The lines -3x - y = 2 and -5x - 5y = 10 intersect. Give the x-coordinate.,0,1,False,linear_elimination,,,solve_linear_system,,, 1
test_unseen_00112,oracle,200,unseen,"At a fixed rate, 8 items cost 17 dollars. What do 80 items cost?",170,140,False,ratio_proportion,,,solve_proportion,,, 140
test_unseen_00113,oracle,200,unseen,A machine begins at 18; after each round it changes its value by -2. What value appears after 5 updates?,8,-30,False,recurrence,,,unroll_recurrence,,, -30
test_unseen_00114,oracle,200,unseen,The roots x and y of t^2 - (9)t + (14) = 0 are real. Find x^2 + y^2.,53,65,False,symmetric_polynomial_identity,,,expand_symmetric_identity,,, 65
test_unseen_00115,oracle,200,unseen,A square of side 14 is removed from a square of side 77. What area remains?,5733,3056,False,factorization,,,factor_difference_of_squares,,, 3056
test_unseen_00116,oracle,200,unseen,A rule maps q to -q^2 + 2q - 8. Determine its output at q = 7.,-43,-16,False,substitution,,,substitute_expression,,, -16
test_unseen_00117,oracle,200,unseen,Find the value of y satisfying both constraints: 5x + 3y = 15 and 4x + y = 12.,0,0,True,linear_elimination,,,solve_linear_system,,, 0
test_unseen_00118,oracle,200,unseen,Complete the equivalent fractions: 10/3 = 70/[blank].,21,21,True,ratio_proportion,,,solve_proportion,,, 21
test_unseen_00119,oracle,200,unseen,"Unroll b(n+1) = b(n) - 1, with b(1) = -16, to obtain b(3).",-18,-15,False,recurrence,,,unroll_recurrence,,, -15
test_seen_00000,structure_aware,200,seen,"If x + y = -20 and xy = 84, find x^2 + y^2.",232,169,False,symmetric_polynomial_identity,symmetric_polynomial_identity,True,expand_symmetric_identity,expand_symmetric_identity,True,"STRUCTURE: symmetric_polynomial_identity
TOOL: expand_symmetric_identity
ANSWER: 169"
test_seen_00001,structure_aware,200,seen,Evaluate 71^2 - 11^2.,4920,4300,False,factorization,factorization,True,factor_difference_of_squares,factor_difference_of_squares,True,"STRUCTURE: factorization
TOOL: factor_difference_of_squares
ANSWER: 4300"
test_seen_00002,structure_aware,200,seen,Let f(t) = t^2 - 5t + 2. Find f(2).,-4,10,False,substitution,substitution,True,substitute_expression,substitute_expression,True,"STRUCTURE: substitution
TOOL: substitute_expression
ANSWER: 10"
test_seen_00003,structure_aware,200,seen,Solve 4x + 3y = -3 and x + y = -3. What is x?,6,-2,False,linear_elimination,linear_elimination,True,solve_linear_system,solve_linear_system,True,"STRUCTURE: linear_elimination
TOOL: solve_linear_system
ANSWER: -2"
test_seen_00004,structure_aware,200,seen,Solve the proportion 2/5 = 6/x for x.,15,15,True,ratio_proportion,ratio_proportion,True,solve_proportion,solve_proportion,True,"STRUCTURE: ratio_proportion
TOOL: solve_proportion
ANSWER: 15"
test_seen_00005,structure_aware,200,seen,A sequence starts with a1 = -11 and each next term is the current term + 4. Find a4.,1,30,False,recurrence,recurrence,True,unroll_recurrence,unroll_recurrence,True,"STRUCTURE: recurrence
TOOL: unroll_recurrence
ANSWER: 30"
test_seen_00006,structure_aware,200,seen,Two numbers have sum -9 and product -10. What is the sum of their squares?,101,85,False,symmetric_polynomial_identity,symmetric_polynomial_identity,True,expand_symmetric_identity,expand_symmetric_identity,True,"STRUCTURE: symmetric_polynomial_identity
TOOL: expand_symmetric_identity
ANSWER: 85"
test_seen_00007,structure_aware,200,seen,Compute the difference of squares: 42 squared minus 33 squared.,675,105,False,factorization,factorization,True,factor_difference_of_squares,factor_difference_of_squares,True,"STRUCTURE: factorization
TOOL: factor_difference_of_squares
ANSWER: 105"
test_seen_00008,structure_aware,200,seen,Substitute z = 2 into 2z^2 + 8z - 4.,20,16,False,substitution,substitution,True,substitute_expression,substitute_expression,True,"STRUCTURE: substitution
TOOL: substitute_expression
ANSWER: 16"
test_seen_00009,structure_aware,200,seen,The equations -4x - 5y = 1 and 4x - 5y = -31 hold simultaneously. Find x.,-4,-2,False,linear_elimination,linear_elimination,True,solve_linear_system,solve_linear_system,True,"STRUCTURE: linear_elimination
TOOL: solve_linear_system
ANSWER: -2"
test_seen_00010,structure_aware,200,seen,"If 2:7 = 12:x, what is x?",42,42,True,ratio_proportion,ratio_proportion,True,solve_proportion,solve_proportion,True,"STRUCTURE: ratio_proportion
TOOL: solve_proportion
ANSWER: 42"
test_seen_00011,structure_aware,200,seen,"Starting at -16, repeatedly change the value by -1. What is term 11, counting the start as term 1?",-26,-23,False,recurrence,recurrence,True,unroll_recurrence,unroll_recurrence,True,"STRUCTURE: recurrence
TOOL: unroll_recurrence
ANSWER: -23"
test_seen_00012,structure_aware,200,seen,"Given s = x + y = -8 and p = xy = -48, compute x^2 + y^2.",160,196,False,symmetric_polynomial_identity,symmetric_polynomial_identity,True,expand_symmetric_identity,expand_symmetric_identity,True,"STRUCTURE: symmetric_polynomial_identity
TOOL: expand_symmetric_identity
ANSWER: 196"
test_seen_00013,structure_aware,200,seen,What is 43^2 - 39^2? Use factorization if helpful.,328,1080,False,factorization,factorization,True,factor_difference_of_squares,factor_difference_of_squares,True,"STRUCTURE: factorization
TOOL: factor_difference_of_squares
ANSWER: 1080"
test_seen_00014,structure_aware,200,seen,"For P(x) = -4x^2 + 6x + 8, evaluate P(7).",-146,-103,False,substitution,substitution,True,substitute_expression,substitute_expression,True,"STRUCTURE: substitution
TOOL: substitute_expression
ANSWER: -103"
test_seen_00015,structure_aware,200,seen,Use elimination on the system 3x + 5y = 8; 2x - 3y = -1. Determine x.,1,-1,False,linear_elimination,linear_elimination,True,solve_linear_system,solve_linear_system,True,"STRUCTURE: linear_elimination
TOOL: solve_linear_system
ANSWER: -1"
test_seen_00016,structure_aware,200,seen,The ratio 15 to 4 equals the ratio 105 to x. Find x.,28,35,False,ratio_proportion,ratio_proportion,True,solve_proportion,solve_proportion,True,"STRUCTURE: ratio_proportion
TOOL: solve_proportion
ANSWER: 35"
test_seen_00017,structure_aware,200,seen,An arithmetic sequence has first term 17 and common difference -8. Find its 7th term.,-31,-53,False,recurrence,recurrence,True,unroll_recurrence,unroll_recurrence,True,"STRUCTURE: recurrence
TOOL: unroll_recurrence
ANSWER: -53"
test_seen_00018,structure_aware,200,seen,"If x + y = -4 and xy = -60, find x^2 + y^2.",136,176,False,symmetric_polynomial_identity,symmetric_polynomial_identity,True,expand_symmetric_identity,expand_symmetric_identity,True,"STRUCTURE: symmetric_polynomial_identity
TOOL: expand_symmetric_identity
ANSWER: 176"
test_seen_00019,structure_aware,200,seen,Evaluate 45^2 - 40^2.,425,785,False,factorization,factorization,True,factor_difference_of_squares,factor_difference_of_squares,True,"STRUCTURE: factorization
TOOL: factor_difference_of_squares
ANSWER: 785"
test_seen_00020,structure_aware,200,seen,Let f(t) = 4t^2 - 5t - 3. Find f(0).,-3,-3,True,substitution,substitution,True,substitute_expression,substitute_expression,True,"STRUCTURE: substitution
TOOL: substitute_expression
ANSWER: -3"
test_seen_00021,structure_aware,200,seen,Solve -5x + 2y = -2 and x + 4y = 18. What is x?,2,3,False,linear_elimination,linear_elimination,True,solve_linear_system,solve_linear_system,True,"STRUCTURE: linear_elimination
TOOL: solve_linear_system
ANSWER: 3"
test_seen_00022,structure_aware,200,seen,Solve the proportion 7/6 = 84/x for x.,72,72,True,ratio_proportion,ratio_proportion,True,solve_proportion,solve_proportion,True,"STRUCTURE: ratio_proportion
TOOL: solve_proportion
ANSWER: 72"
test_seen_00023,structure_aware,200,seen,A sequence starts with a1 = -11 and each next term is the current term - 7. Find a12.,-88,-30,False,recurrence,recurrence,True,unroll_recurrence,unroll_recurrence,True,"STRUCTURE: recurrence
TOOL: unroll_recurrence
ANSWER: -30"
test_seen_00024,structure_aware,200,seen,Two numbers have sum 4 and product -60. What is the sum of their squares?,136,128,False,symmetric_polynomial_identity,symmetric_polynomial_identity,True,expand_symmetric_identity,expand_symmetric_identity,True,"STRUCTURE: symmetric_polynomial_identity
TOOL: expand_symmetric_identity
ANSWER: 128"
test_seen_00025,structure_aware,200,seen,Compute the difference of squares: 77 squared minus 8 squared.,5865,5029,False,factorization,factorization,True,factor_difference_of_squares,factor_difference_of_squares,True,"STRUCTURE: factorization
TOOL: factor_difference_of_squares
ANSWER: 5029"
test_seen_00026,structure_aware,200,seen,Substitute z = -7 into 2z^2 + 6z + 6.,62,104,False,substitution,substitution,True,substitute_expression,substitute_expression,True,"STRUCTURE: substitution
TOOL: substitute_expression
ANSWER: 104"
test_seen_00027,structure_aware,200,seen,The equations -4x - 4y = 56 and -3x - 5y = 60 hold simultaneously. Find y.,-9,1,False,linear_elimination,linear_elimination,True,solve_linear_system,solve_linear_system,True,"STRUCTURE: linear_elimination
TOOL: solve_linear_system
ANSWER: 1"
test_seen_00028,structure_aware,200,seen,"If 3:19 = 27:x, what is x?",171,153,False,ratio_proportion,ratio_proportion,True,solve_proportion,solve_proportion,True,"STRUCTURE: ratio_proportion
TOOL: solve_proportion
ANSWER: 153"
test_seen_00029,structure_aware,200,seen,"Starting at 9, repeatedly change the value by -1. What is term 8, counting the start as term 1?",2,-8,False,recurrence,recurrence,True,unroll_recurrence,unroll_recurrence,True,"STRUCTURE: recurrence
TOOL: unroll_recurrence
ANSWER: -8"
test_seen_00030,structure_aware,200,seen,"Given s = x + y = 27 and p = xy = 180, compute x^2 + y^2.",369,369,True,symmetric_polynomial_identity,symmetric_polynomial_identity,True,expand_symmetric_identity,expand_symmetric_identity,True,"STRUCTURE: symmetric_polynomial_identity
TOOL: expand_symmetric_identity
ANSWER: 369"
test_seen_00031,structure_aware,200,seen,What is 32^2 - 26^2? Use factorization if helpful.,348,140,False,factorization,factorization,True,factor_difference_of_squares,factor_difference_of_squares,True,"STRUCTURE: factorization
TOOL: factor_difference_of_squares
ANSWER: 140"
test_seen_00032,structure_aware,200,seen,"For P(x) = -5x^2 - 6x + 10, evaluate P(-4).",-46,-39,False,substitution,substitution,True,substitute_expression,substitute_expression,True,"STRUCTURE: substitution
TOOL: substitute_expression
ANSWER: -39"
test_seen_00033,structure_aware,200,seen,Use elimination on the system 5x + 4y = 3; x - y = 6. Determine y.,-3,9,False,linear_elimination,linear_elimination,True,solve_linear_system,solve_linear_system,True,"STRUCTURE: linear_elimination
TOOL: solve_linear_system
ANSWER: 9"
test_seen_00034,structure_aware,200,seen,The ratio 14 to 12 equals the ratio 112 to x. Find x.,96,96,True,ratio_proportion,ratio_proportion,True,solve_proportion,solve_proportion,True,"STRUCTURE: ratio_proportion
TOOL: solve_proportion
ANSWER: 96"
test_seen_00035,structure_aware,200,seen,An arithmetic sequence has first term -17 and common difference 3. Find its 5th term.,-5,2 %,False,recurrence,recurrence,True,unroll_recurrence,unroll_recurrence,True,"STRUCTURE: recurrence
TOOL: unroll_recurrence
ANSWER: 2 %"
test_seen_00036,structure_aware,200,seen,"If x + y = -8 and xy = -20, find x^2 + y^2.",104,64,False,symmetric_polynomial_identity,symmetric_polynomial_identity,True,expand_symmetric_identity,expand_symmetric_identity,True,"STRUCTURE: symmetric_polynomial_identity
TOOL: expand_symmetric_identity
ANSWER: 64"
test_seen_00037,structure_aware,200,seen,Evaluate 21^2 - 14^2.,245,305,False,factorization,factorization,True,factor_difference_of_squares,factor_difference_of_squares,True,"STRUCTURE: factorization
TOOL: factor_difference_of_squares
ANSWER: 305"
test_seen_00038,structure_aware,200,seen,Let f(t) = -2t^2 + t - 5. Find f(-2).,-15,-19,False,substitution,substitution,True,substitute_expression,substitute_expression,True,"STRUCTURE: substitution
TOOL: substitute_expression
ANSWER: -19"
test_seen_00039,structure_aware,200,seen,Solve x + y = -6 and -2x - 5y = 21. What is y?,-3,-3,True,linear_elimination,linear_elimination,True,solve_linear_system,solve_linear_system,True,"STRUCTURE: linear_elimination
TOOL: solve_linear_system
ANSWER: -3"
test_seen_00040,structure_aware,200,seen,Solve the proportion 10/3 = 30/x for x.,9,9,True,ratio_proportion,ratio_proportion,True,solve_proportion,solve_proportion,True,"STRUCTURE: ratio_proportion
TOOL: solve_proportion
ANSWER: 9"
test_seen_00041,structure_aware,200,seen,A sequence starts with a1 = -19 and each next term is the current term - 9. Find a11.,-109,-86,False,recurrence,recurrence,True,unroll_recurrence,unroll_recurrence,True,"STRUCTURE: recurrence
TOOL: unroll_recurrence
ANSWER: -86"
test_seen_00042,structure_aware,200,seen,Two numbers have sum 16 and product 48. What is the sum of their squares?,160,256,False,symmetric_polynomial_identity,symmetric_polynomial_identity,True,expand_symmetric_identity,expand_symmetric_identity,True,"STRUCTURE: symmetric_polynomial_identity
TOOL: expand_symmetric_identity
ANSWER: 256"
test_seen_00043,structure_aware,200,seen,Compute the difference of squares: 67 squared minus 34 squared.,3333,4051,False,factorization,factorization,True,factor_difference_of_squares,factor_difference_of_squares,True,"STRUCTURE: factorization
TOOL: factor_difference_of_squares
ANSWER: 4051"
test_seen_00044,structure_aware,200,seen,Substitute z = -2 into 4z^2 - 5z + 6.,32,10,False,substitution,substitution,True,substitute_expression,substitute_expression,True,"STRUCTURE: substitution
TOOL: substitute_expression
ANSWER: 10"
test_seen_00045,structure_aware,200,seen,The equations -3x + 2y = -1 and x - 3y = 5 hold simultaneously. Find x.,-1,4,False,linear_elimination,linear_elimination,True,solve_linear_system,solve_linear_system,True,"STRUCTURE: linear_elimination
TOOL: solve_linear_system
ANSWER: 4"
test_seen_00046,structure_aware,200,seen,"If 2:5 = 10:x, what is x?",25,25,True,ratio_proportion,ratio_proportion,True,solve_proportion,solve_proportion,True,"STRUCTURE: ratio_proportion
TOOL: solve_proportion
ANSWER: 25"
test_seen_00047,structure_aware,200,seen,"Starting at 16, repeatedly change the value by -6. What is term 12, counting the start as term 1?",-50,-30,False,recurrence,recurrence,True,unroll_recurrence,unroll_recurrence,True,"STRUCTURE: recurrence
TOOL: unroll_recurrence
ANSWER: -30"
test_seen_00048,structure_aware,200,seen,"Given s = x + y = -11 and p = xy = 18, compute x^2 + y^2.",85,43,False,symmetric_polynomial_identity,symmetric_polynomial_identity,True,expand_symmetric_identity,expand_symmetric_identity,True,"STRUCTURE: symmetric_polynomial_identity
TOOL: expand_symmetric_identity
ANSWER: 43"
test_seen_00049,structure_aware,200,seen,What is 54^2 - 26^2? Use factorization if helpful.,2240,1908,False,factorization,factorization,True,factor_difference_of_squares,factor_difference_of_squares,True,"STRUCTURE: factorization
TOOL: factor_difference_of_squares
ANSWER: 1908"
test_seen_00050,structure_aware,200,seen,"For P(x) = -4x^2 - 8x - 7, evaluate P(-1).",-3,-30,False,substitution,substitution,True,substitute_expression,substitute_expression,True,"STRUCTURE: substitution
TOOL: substitute_expression
ANSWER: -30"
test_seen_00051,structure_aware,200,seen,Use elimination on the system 3x + 4y = -14; -3x - 2y = 16. Determine x.,-6,-5,False,linear_elimination,linear_elimination,True,solve_linear_system,solve_linear_system,True,"STRUCTURE: linear_elimination
TOOL: solve_linear_system
ANSWER: -5"
test_seen_00052,structure_aware,200,seen,The ratio 5 to 3 equals the ratio 15 to x. Find x.,9,9,True,ratio_proportion,ratio_proportion,True,solve_proportion,solve_proportion,True,"STRUCTURE: ratio_proportion
TOOL: solve_proportion
ANSWER: 9"
test_seen_00053,structure_aware,200,seen,An arithmetic sequence has first term 10 and common difference -1. Find its 14th term.,-3,-9,False,recurrence,recurrence,True,unroll_recurrence,unroll_recurrence,True,"STRUCTURE: recurrence
TOOL: unroll_recurrence
ANSWER: -9"
test_seen_00054,structure_aware,200,seen,"If x + y = 7 and xy = -98, find x^2 + y^2.",245,203,False,symmetric_polynomial_identity,symmetric_polynomial_identity,True,expand_symmetric_identity,expand_symmetric_identity,True,"STRUCTURE: symmetric_polynomial_identity
TOOL: expand_symmetric_identity
ANSWER: 203"
test_seen_00055,structure_aware,200,seen,Evaluate 48^2 - 43^2.,455,1569,False,factorization,factorization,True,factor_difference_of_squares,factor_difference_of_squares,True,"STRUCTURE: factorization
TOOL: factor_difference_of_squares
ANSWER: 1569"
test_seen_00056,structure_aware,200,seen,Let f(t) = 3t^2 + 2t - 8. Find f(-2).,0,14,False,substitution,substitution,True,substitute_expression,substitute_expression,True,"STRUCTURE: substitution
TOOL: substitute_expression
ANSWER: 14"
test_seen_00057,structure_aware,200,seen,Solve -2x + 2y = -14 and 5x - 3y = 17. What is y?,-9,-6,False,linear_elimination,linear_elimination,True,solve_linear_system,solve_linear_system,True,"STRUCTURE: linear_elimination
TOOL: solve_linear_system
ANSWER: -6"
test_seen_00058,structure_aware,200,seen,Solve the proportion 11/16 = 66/x for x.,96,64,False,ratio_proportion,ratio_proportion,True,solve_proportion,solve_proportion,True,"STRUCTURE: ratio_proportion
TOOL: solve_proportion
ANSWER: 64"
test_seen_00059,structure_aware,200,seen,A sequence starts with a1 = 8 and each next term is the current term + 7. Find a7.,50,29,False,recurrence,recurrence,True,unroll_recurrence,unroll_recurrence,True,"STRUCTURE: recurrence
TOOL: unroll_recurrence
ANSWER: 29"
test_seen_00060,structure_aware,200,seen,Two numbers have sum 29 and product 210. What is the sum of their squares?,421,385,False,symmetric_polynomial_identity,symmetric_polynomial_identity,True,expand_symmetric_identity,expand_symmetric_identity,True,"STRUCTURE: symmetric_polynomial_identity
TOOL: expand_symmetric_identity
ANSWER: 385"
test_seen_00061,structure_aware,200,seen,Compute the difference of squares: 69 squared minus 37 squared.,3392,2048,False,factorization,factorization,True,factor_difference_of_squares,factor_difference_of_squares,True,"STRUCTURE: factorization
TOOL: factor_difference_of_squares
ANSWER: 2048"
test_seen_00062,structure_aware,200,seen,Substitute z = -1 into 4z^2 + 5z + 11.,10,30,False,substitution,substitution,True,substitute_expression,substitute_expression,True,"STRUCTURE: substitution
TOOL: substitute_expression
ANSWER: 30"
test_seen_00063,structure_aware,200,seen,The equations -4x - 2y = -46 and 4x + 5y = 73 hold simultaneously. Find x.,7,1,False,linear_elimination,linear_elimination,True,solve_linear_system,solve_linear_system,True,"STRUCTURE: linear_elimination
TOOL: solve_linear_system
ANSWER: 1"
test_seen_00064,structure_aware,200,seen,"If 11:2 = 132:x, what is x?",24,244,False,ratio_proportion,ratio_proportion,True,solve_proportion,solve_proportion,True,"STRUCTURE: ratio_proportion
TOOL: solve_proportion
ANSWER: 244"
test_seen_00065,structure_aware,200,seen,"Starting at -6, repeatedly change the value by -7. What is term 6, counting the start as term 1?",-41,-35,False,recurrence,recurrence,True,unroll_recurrence,unroll_recurrence,True,"STRUCTURE: recurrence
TOOL: unroll_recurrence
ANSWER: -35"
test_seen_00066,structure_aware,200,seen,"Given s = x + y = -5 and p = xy = -36, compute x^2 + y^2.",97,145,False,symmetric_polynomial_identity,symmetric_polynomial_identity,True,expand_symmetric_identity,expand_symmetric_identity,True,"STRUCTURE: symmetric_polynomial_identity
TOOL: expand_symmetric_identity
ANSWER: 145"
test_seen_00067,structure_aware,200,seen,What is 39^2 - 35^2? Use factorization if helpful.,296,1080,False,factorization,factorization,True,factor_difference_of_squares,factor_difference_of_squares,True,"STRUCTURE: factorization
TOOL: factor_difference_of_squares
ANSWER: 1080"
test_seen_00068,structure_aware,200,seen,"For P(x) = -x^2 - 3x + 3, evaluate P(0).",3,3,True,substitution,substitution,True,substitute_expression,substitute_expression,True,"STRUCTURE: substitution
TOOL: substitute_expression
ANSWER: 3"
test_seen_00069,structure_aware,200,seen,Use elimination on the system -x + 2y = -4; -3x - 4y = -12. Determine y.,0,5,False,linear_elimination,linear_elimination,True,solve_linear_system,solve_linear_system,True,"STRUCTURE: linear_elimination
TOOL: solve_linear_system
ANSWER: 5"
test_seen_00070,structure_aware,200,seen,The ratio 7 to 12 equals the ratio 49 to x. Find x.,84,72,False,ratio_proportion,ratio_proportion,True,solve_proportion,solve_proportion,True,"STRUCTURE: ratio_proportion
TOOL: solve_proportion
ANSWER: 72"
test_seen_00071,structure_aware,200,seen,An arithmetic sequence has first term 4 and common difference -6. Find its 14th term.,-74,-28,False,recurrence,recurrence,True,unroll_recurrence,unroll_recurrence,True,"STRUCTURE: recurrence
TOOL: unroll_recurrence
ANSWER: -28"
test_seen_00072,structure_aware,200,seen,"If x + y = -6 and xy = 5, find x^2 + y^2.",26,30,False,symmetric_polynomial_identity,symmetric_polynomial_identity,True,expand_symmetric_identity,expand_symmetric_identity,True,"STRUCTURE: symmetric_polynomial_identity
TOOL: expand_symmetric_identity
ANSWER: 30"
test_seen_00073,structure_aware,200,seen,Evaluate 46^2 - 15^2.,1891,1876,False,factorization,factorization,True,factor_difference_of_squares,factor_difference_of_squares,True,"STRUCTURE: factorization
TOOL: factor_difference_of_squares
ANSWER: 1876"
test_seen_00074,structure_aware,200,seen,Let f(t) = 3t^2 - 3t - 1. Find f(-3).,35,54,False,substitution,substitution,True,substitute_expression,substitute_expression,True,"STRUCTURE: substitution
TOOL: substitute_expression
ANSWER: 54"
test_seen_00075,structure_aware,200,seen,Solve 4x - y = 18 and 3x + 5y = 2. What is x?,4,2,False,linear_elimination,linear_elimination,True,solve_linear_system,solve_linear_system,True,"STRUCTURE: linear_elimination
TOOL: solve_linear_system
ANSWER: 2"
test_seen_00076,structure_aware,200,seen,Solve the proportion 4/11 = 16/x for x.,44,44,True,ratio_proportion,ratio_proportion,True,solve_proportion,solve_proportion,True,"STRUCTURE: ratio_proportion
TOOL: solve_proportion
ANSWER: 44"
test_seen_00077,structure_aware,200,seen,A sequence starts with a1 = -7 and each next term is the current term - 5. Find a5.,-27,-30,False,recurrence,recurrence,True,unroll_recurrence,unroll_recurrence,True,"STRUCTURE: recurrence
TOOL: unroll_recurrence
ANSWER: -30"
test_seen_00078,structure_aware,200,seen,Two numbers have sum 4 and product 3. What is the sum of their squares?,10,17,False,symmetric_polynomial_identity,symmetric_polynomial_identity,True,expand_symmetric_identity,expand_symmetric_identity,True,"STRUCTURE: symmetric_polynomial_identity
TOOL: expand_symmetric_identity
ANSWER: 17"
test_seen_00079,structure_aware,200,seen,Compute the difference of squares: 48 squared minus 14 squared.,2108,2064,False,factorization,factorization,True,factor_difference_of_squares,factor_difference_of_squares,True,"STRUCTURE: factorization
TOOL: factor_difference_of_squares
ANSWER: 2064"
test_seen_00080,structure_aware,200,seen,Substitute z = -5 into 3z^2 + 4z + 4.,59,17,False,substitution,substitution,True,substitute_expression,substitute_expression,True,"STRUCTURE: substitution
TOOL: substitute_expression
ANSWER: 17"
test_seen_00081,structure_aware,200,seen,The equations x - y = 5 and 3x - y = 3 hold simultaneously. Find x.,-1,2,False,linear_elimination,linear_elimination,True,solve_linear_system,solve_linear_system,True,"STRUCTURE: linear_elimination
TOOL: solve_linear_system
ANSWER: 2"
test_seen_00082,structure_aware,200,seen,"If 4:20 = 40:x, what is x?",200,5,False,ratio_proportion,ratio_proportion,True,solve_proportion,solve_proportion,True,"STRUCTURE: ratio_proportion
TOOL: solve_proportion
ANSWER: 5"
test_seen_00083,structure_aware,200,seen,"Starting at -17, repeatedly change the value by 4. What is term 9, counting the start as term 1?",15,32,False,recurrence,recurrence,True,unroll_recurrence,unroll_recurrence,True,"STRUCTURE: recurrence
TOOL: unroll_recurrence
ANSWER: 32"
test_seen_00084,structure_aware,200,seen,"Given s = x + y = 2 and p = xy = -3, compute x^2 + y^2.",10,14,False,symmetric_polynomial_identity,symmetric_polynomial_identity,True,expand_symmetric_identity,expand_symmetric_identity,True,"STRUCTURE: symmetric_polynomial_identity
TOOL: expand_symmetric_identity
ANSWER: 14"
test_seen_00085,structure_aware,200,seen,What is 72^2 - 42^2? Use factorization if helpful.,3420,3088,False,factorization,factorization,True,factor_difference_of_squares,factor_difference_of_squares,True,"STRUCTURE: factorization
TOOL: factor_difference_of_squares
ANSWER: 3088"
test_seen_00086,structure_aware,200,seen,"For P(x) = 4x^2 + 7x + 5, evaluate P(3).",62,108,False,substitution,substitution,True,substitute_expression,substitute_expression,True,"STRUCTURE: substitution
TOOL: substitute_expression
ANSWER: 108"
test_seen_00087,structure_aware,200,seen,Use elimination on the system 5x + 2y = -48; 2x - 4y = 24. Determine y.,-9,-16,False,linear_elimination,linear_elimination,True,solve_linear_system,solve_linear_system,True,"STRUCTURE: linear_elimination
TOOL: solve_linear_system
ANSWER: -16"
test_seen_00088,structure_aware,200,seen,The ratio 3 to 8 equals the ratio 27 to x. Find x.,72,64,False,ratio_proportion,ratio_proportion,True,solve_proportion,solve_proportion,True,"STRUCTURE: ratio_proportion
TOOL: solve_proportion
ANSWER: 64"
test_seen_00089,structure_aware,200,seen,An arithmetic sequence has first term 14 and common difference -7. Find its 9th term.,-42,35,False,recurrence,recurrence,True,unroll_recurrence,unroll_recurrence,True,"STRUCTURE: recurrence
TOOL: unroll_recurrence
ANSWER: 35"
test_seen_00090,structure_aware,200,seen,"If x + y = -11 and xy = 0, find x^2 + y^2.",121,36,False,symmetric_polynomial_identity,symmetric_polynomial_identity,True,expand_symmetric_identity,expand_symmetric_identity,True,"STRUCTURE: symmetric_polynomial_identity
TOOL: expand_symmetric_identity
ANSWER: 36"
test_seen_00091,structure_aware,200,seen,Evaluate 59^2 - 13^2.,3312,2600,False,factorization,factorization,True,factor_difference_of_squares,factor_difference_of_squares,True,"STRUCTURE: factorization
TOOL: factor_difference_of_squares
ANSWER: 2600"
test_seen_00092,structure_aware,200,seen,Let f(t) = -5t^2 - 6t - 4. Find f(-2).,-12,-18,False,substitution,substitution,True,substitute_expression,substitute_expression,True,"STRUCTURE: substitution
TOOL: substitute_expression
ANSWER: -18"
test_seen_00093,structure_aware,200,seen,Solve -4x + y = 25 and 2x - 5y = 19. What is x?,-8,-3,False,linear_elimination,linear_elimination,True,solve_linear_system,solve_linear_system,True,"STRUCTURE: linear_elimination
TOOL: solve_linear_system
ANSWER: -3"
test_seen_00094,structure_aware,200,seen,Solve the proportion 12/4 = 60/x for x.,20,30,False,ratio_proportion,ratio_proportion,True,solve_proportion,solve_proportion,True,"STRUCTURE: ratio_proportion
TOOL: solve_proportion
ANSWER: 30"
test_seen_00095,structure_aware,200,seen,A sequence starts with a1 = -8 and each next term is the current term - 6. Find a12.,-74,-30,False,recurrence,recurrence,True,unroll_recurrence,unroll_recurrence,True,"STRUCTURE: recurrence
TOOL: unroll_recurrence
ANSWER: -30"
test_seen_00096,structure_aware,200,seen,Two numbers have sum -17 and product 72. What is the sum of their squares?,145,365,False,symmetric_polynomial_identity,symmetric_polynomial_identity,True,expand_symmetric_identity,expand_symmetric_identity,True,"STRUCTURE: symmetric_polynomial_identity
TOOL: expand_symmetric_identity
ANSWER: 365"
test_seen_00097,structure_aware,200,seen,Compute the difference of squares: 55 squared minus 4 squared.,3009,2761,False,factorization,factorization,True,factor_difference_of_squares,factor_difference_of_squares,True,"STRUCTURE: factorization
TOOL: factor_difference_of_squares
ANSWER: 2761"
test_seen_00098,structure_aware,200,seen,Substitute z = -3 into -5z^2 - 5z - 9.,-39,108,False,substitution,substitution,True,substitute_expression,substitute_expression,True,"STRUCTURE: substitution
TOOL: substitute_expression
ANSWER: 108"
test_seen_00099,structure_aware,200,seen,The equations 4x + 3y = -57 and 5x + 5y = -80 hold simultaneously. Find x.,-9,-1,False,linear_elimination,linear_elimination,True,solve_linear_system,solve_linear_system,True,"STRUCTURE: linear_elimination
TOOL: solve_linear_system
ANSWER: -1"
test_seen_00100,structure_aware,200,seen,"If 6:10 = 48:x, what is x?",80,72,False,ratio_proportion,ratio_proportion,True,solve_proportion,solve_proportion,True,"STRUCTURE: ratio_proportion
TOOL: solve_proportion
ANSWER: 72"
test_seen_00101,structure_aware,200,seen,"Starting at -10, repeatedly change the value by -4. What is term 13, counting the start as term 1?",-58,-26,False,recurrence,recurrence,True,unroll_recurrence,unroll_recurrence,True,"STRUCTURE: recurrence
TOOL: unroll_recurrence
ANSWER: -26"
test_seen_00102,structure_aware,200,seen,"Given s = x + y = 2 and p = xy = -35, compute x^2 + y^2.",74,140,False,symmetric_polynomial_identity,symmetric_polynomial_identity,True,expand_symmetric_identity,expand_symmetric_identity,True,"STRUCTURE: symmetric_polynomial_identity
TOOL: expand_symmetric_identity
ANSWER: 140"
test_seen_00103,structure_aware,200,seen,What is 70^2 - 33^2? Use factorization if helpful.,3811,4184,False,factorization,factorization,True,factor_difference_of_squares,factor_difference_of_squares,True,"STRUCTURE: factorization
TOOL: factor_difference_of_squares
ANSWER: 4184"
test_seen_00104,structure_aware,200,seen,"For P(x) = 2x^2 + 5x + 9, evaluate P(-2).",7,13,False,substitution,substitution,True,substitute_expression,substitute_expression,True,"STRUCTURE: substitution
TOOL: substitute_expression
ANSWER: 13"
test_seen_00105,structure_aware,200,seen,Use elimination on the system 4x - 2y = 16; 2x + y = 12. Determine y.,2,3,False,linear_elimination,linear_elimination,True,solve_linear_system,solve_linear_system,True,"STRUCTURE: linear_elimination
TOOL: solve_linear_system
ANSWER: 3"
test_seen_00106,structure_aware,200,seen,The ratio 15 to 2 equals the ratio 150 to x. Find x.,20,160,False,ratio_proportion,ratio_proportion,True,solve_proportion,solve_proportion,True,"STRUCTURE: ratio_proportion
TOOL: solve_proportion
ANSWER: 160"
test_seen_00107,structure_aware,200,seen,An arithmetic sequence has first term 8 and common difference -5. Find its 3th term.,-2,17,False,recurrence,recurrence,True,unroll_recurrence,unroll_recurrence,True,"STRUCTURE: recurrence
TOOL: unroll_recurrence
ANSWER: 17"
test_seen_00108,structure_aware,200,seen,"If x + y = -27 and xy = 180, find x^2 + y^2.",369,369,True,symmetric_polynomial_identity,symmetric_polynomial_identity,True,expand_symmetric_identity,expand_symmetric_identity,True,"STRUCTURE: symmetric_polynomial_identity
TOOL: expand_symmetric_identity
ANSWER: 369"
test_seen_00109,structure_aware,200,seen,Evaluate 76^2 - 43^2.,3927,5081,False,factorization,factorization,True,factor_difference_of_squares,factor_difference_of_squares,True,"STRUCTURE: factorization
TOOL: factor_difference_of_squares
ANSWER: 5081"
test_seen_00110,structure_aware,200,seen,Let f(t) = 4t^2 + 4t - 5. Find f(0).,-5,-5,True,substitution,substitution,True,substitute_expression,substitute_expression,True,"STRUCTURE: substitution
TOOL: substitute_expression
ANSWER: -5"
test_seen_00111,structure_aware,200,seen,Solve -4x - 3y = 42 and -5x + 3y = 39. What is x?,-9,1,False,linear_elimination,linear_elimination,True,solve_linear_system,solve_linear_system,True,"STRUCTURE: linear_elimination
TOOL: solve_linear_system
ANSWER: 1"
test_seen_00112,structure_aware,200,seen,Solve the proportion 2/4 = 10/x for x.,20,20,True,ratio_proportion,ratio_proportion,True,solve_proportion,solve_proportion,True,"STRUCTURE: ratio_proportion
TOOL: solve_proportion
ANSWER: 20"
test_seen_00113,structure_aware,200,seen,A sequence starts with a1 = 15 and each next term is the current term - 6. Find a11.,-45,-27,False,recurrence,recurrence,True,unroll_recurrence,unroll_recurrence,True,"STRUCTURE: recurrence
TOOL: unroll_recurrence
ANSWER: -27"
test_seen_00114,structure_aware,200,seen,Two numbers have sum 12 and product -28. What is the sum of their squares?,200,60,False,symmetric_polynomial_identity,symmetric_polynomial_identity,True,expand_symmetric_identity,expand_symmetric_identity,True,"STRUCTURE: symmetric_polynomial_identity
TOOL: expand_symmetric_identity
ANSWER: 60"
test_seen_00115,structure_aware,200,seen,Compute the difference of squares: 36 squared minus 34 squared.,140,108,False,factorization,factorization,True,factor_difference_of_squares,factor_difference_of_squares,True,"STRUCTURE: factorization
TOOL: factor_difference_of_squares
ANSWER: 108"
test_seen_00116,structure_aware,200,seen,Substitute z = -3 into z^2 + 2z - 1.,2,0,False,substitution,substitution,True,substitute_expression,substitute_expression,True,"STRUCTURE: substitution
TOOL: substitute_expression
ANSWER: 0"
test_seen_00117,structure_aware,200,seen,The equations -5x + 2y = -4 and -4x - 5y = -56 hold simultaneously. Find x.,4,8,False,linear_elimination,linear_elimination,True,solve_linear_system,solve_linear_system,True,"STRUCTURE: linear_elimination
TOOL: solve_linear_system
ANSWER: 8"
test_seen_00118,structure_aware,200,seen,"If 2:2 = 16:x, what is x?",16,8,False,ratio_proportion,ratio_proportion,True,solve_proportion,solve_proportion,True,"STRUCTURE: ratio_proportion
TOOL: solve_proportion
ANSWER: 8"
test_seen_00119,structure_aware,200,seen,"Starting at -4, repeatedly change the value by -1. What is term 11, counting the start as term 1?",-14,-12,False,recurrence,recurrence,True,unroll_recurrence,unroll_recurrence,True,"STRUCTURE: recurrence
TOOL: unroll_recurrence
ANSWER: -12"
test_unseen_00000,structure_aware,200,unseen,"Without solving for x and y, evaluate x^2 + y^2 when x + y = -1 and xy = -2.",5,5,True,symmetric_polynomial_identity,symmetric_polynomial_identity,True,expand_symmetric_identity,expand_symmetric_identity,True,"STRUCTURE: symmetric_polynomial_identity
TOOL: expand_symmetric_identity
ANSWER: 5"
test_unseen_00001,structure_aware,200,unseen,"Using (u - v)(u + v), calculate 44^2 - 36^2.",640,1080,False,factorization,factorization,True,factor_difference_of_squares,factor_difference_of_squares,True,"STRUCTURE: factorization
TOOL: factor_difference_of_squares
ANSWER: 1080"
test_unseen_00002,structure_aware,200,unseen,What number does -3u^2 + 4u - 5 produce when u is -3?,-44,-18,False,substitution,substitution,True,substitute_expression,substitute_expression,True,"STRUCTURE: substitution
TOOL: substitute_expression
ANSWER: -18"
test_unseen_00003,structure_aware,200,unseen,The lines -4x + 4y = 28 and -5x - 4y = 53 intersect. Give the x-coordinate.,-9,1,False,linear_elimination,linear_elimination,True,solve_linear_system,solve_linear_system,True,"STRUCTURE: linear_elimination
TOOL: solve_linear_system
ANSWER: 1"
test_unseen_00004,structure_aware,200,unseen,"At a fixed rate, 14 items cost 18 dollars. What do 84 items cost?",108,126,False,ratio_proportion,ratio_proportion,True,solve_proportion,proportionality,False,"STRUCTURE: ratio_proportion
TOOL: proportionality

ANSWER: 126"
test_unseen_00005,structure_aware,200,unseen,A machine begins at 17; after each round it changes its value by 4. What value appears after 8 updates?,49,50,False,recurrence,recurrence,True,unroll_recurrence,unroll_recurrence,True,"STRUCTURE: recurrence
TOOL: unroll_recurrence
ANSWER: 50"
test_unseen_00006,structure_aware,200,unseen,The roots x and y of t^2 - (16)t + (63) = 0 are real. Find x^2 + y^2.,130,148,False,symmetric_polynomial_identity,symmetric_polynomial_identity,True,expand_symmetric_identity,expand_symmetric_identity,True,"STRUCTURE: symmetric_polynomial_identity
TOOL: expand_symmetric_identity
ANSWER: 148"
test_unseen_00007,structure_aware,200,unseen,A square of side 44 is removed from a square of side 65. What area remains?,2289,129,False,factorization,subtraction,False,factor_difference_of_squares,subtract_area,False,"STRUCTURE: subtraction
TOOL: subtract_area
ANSWER: 129"
test_unseen_00008,structure_aware,200,unseen,A rule maps q to q^2 - 6q - 2. Determine its output at q = 6.,-2,18,False,substitution,substitution,True,substitute_expression,substitute_expression,True,"STRUCTURE: substitution
TOOL: substitute_expression
ANSWER: 18"
test_unseen_00009,structure_aware,200,unseen,Find the value of x satisfying both constraints: -4x + 3y = -12 and -4x + 4y = -16.,0,0,True,linear_elimination,linear_elimination,True,solve_linear_system,solve_linear_system,True,"STRUCTURE: linear_elimination
TOOL: solve_linear_system
ANSWER: 0"
test_unseen_00010,structure_aware,200,unseen,Complete the equivalent fractions: 6/12 = 18/[blank].,36,3,False,ratio_proportion,ratio_proportion,True,solve_proportion,solve_proportion,True,"STRUCTURE: ratio_proportion
TOOL: solve_proportion
ANSWER: 3"
test_unseen_00011,structure_aware,200,unseen,"Unroll b(n+1) = b(n) + 1, with b(1) = -18, to obtain b(8).",-11,230,False,recurrence,recurrence,True,unroll_recurrence,unroll_recurrence,True,"STRUCTURE: recurrence
TOOL: unroll_recurrence
ANSWER: 230"
test_unseen_00012,structure_aware,200,unseen,"Without solving for x and y, evaluate x^2 + y^2 when x + y = -15 and xy = 36.",153,240,False,symmetric_polynomial_identity,symmetric_polynomial_identity,True,expand_symmetric_identity,expand_symmetric_identity,True,"STRUCTURE: symmetric_polynomial_identity
TOOL: expand_symmetric_identity
ANSWER: 240"
test_unseen_00013,structure_aware,200,unseen,"Using (u - v)(u + v), calculate 39^2 - 14^2.",1325,675,False,factorization,factorization,True,factor_difference_of_squares,factor_difference_of_squares,True,"STRUCTURE: factorization
TOOL: factor_difference_of_squares
ANSWER: 675"
test_unseen_00014,structure_aware,200,unseen,What number does 11 - 3u^2 produce when u is -4?,-37,-25,False,substitution,substitution,True,substitute_expression,substitute_expression,True,"STRUCTURE: substitution
TOOL: substitute_expression
ANSWER: -25"
test_unseen_00015,structure_aware,200,unseen,The lines 5x + 5y = -80 and x - 5y = 32 intersect. Give the y-coordinate.,-8,-1,False,linear_elimination,linear_elimination,True,solve_linear_system,solve_linear_system,True,"STRUCTURE: linear_elimination
TOOL: solve_linear_system
ANSWER: -1"
test_unseen_00016,structure_aware,200,unseen,"At a fixed rate, 7 items cost 17 dollars. What do 84 items cost?",204,128,False,ratio_proportion,ratio_proportion,True,solve_proportion,proportionality,False,"STRUCTURE: ratio_proportion
TOOL: proportionality
ANSWER: 128"
test_unseen_00017,structure_aware,200,unseen,A machine begins at 17; after each round it changes its value by 6. What value appears after 14 updates?,101,92,False,recurrence,recurrence,True,unroll_recurrence,unroll_recurrence,True,"STRUCTURE: recurrence
TOOL: unroll_recurrence
ANSWER: 92"
test_unseen_00018,structure_aware,200,unseen,The roots x and y of t^2 - (-9)t + (-22) = 0 are real. Find x^2 + y^2.,125,135,False,symmetric_polynomial_identity,symmetric_polynomial_identity,True,expand_symmetric_identity,expand_symmetric_identity,True,"STRUCTURE: symmetric_polynomial_identity
TOOL: expand_symmetric_identity
ANSWER: 135"
test_unseen_00019,structure_aware,200,unseen,A square of side 16 is removed from a square of side 78. What area remains?,5828,432,False,factorization,subtraction,False,factor_difference_of_squares,subtract_area,False,"STRUCTURE: subtraction
TOOL: subtract_area
ANSWER: 432"
test_unseen_00020,structure_aware,200,unseen,A rule maps q to 3q^2 + 3q + 7. Determine its output at q = 6.,133,150,False,substitution,substitution,True,substitute_expression,substitute_expression,True,"STRUCTURE: substitution
TOOL: substitute_expression
ANSWER: 150"
test_unseen_00021,structure_aware,200,unseen,Find the value of y satisfying both constraints: -3x - 5y = 29 and -2x - 5y = 21.,-1,4,False,linear_elimination,linear_elimination,True,solve_linear_system,solve_linear_system,True,"STRUCTURE: linear_elimination
TOOL: solve_linear_system
ANSWER: 4"
test_unseen_00022,structure_aware,200,unseen,Complete the equivalent fractions: 7/20 = 35/[blank].,100,140,False,ratio_proportion,ratio_proportion,True,solve_proportion,solve_proportion,True,"STRUCTURE: ratio_proportion
TOOL: solve_proportion
ANSWER: 140"
test_unseen_00023,structure_aware,200,unseen,"Unroll b(n+1) = b(n) + 4, with b(1) = -13, to obtain b(8).",15,256,False,recurrence,recurrence,True,unroll_recurrence,unroll_recurrence,True,"STRUCTURE: recurrence
TOOL: unroll_recurrence
ANSWER: 256"
test_unseen_00024,structure_aware,200,unseen,"Without solving for x and y, evaluate x^2 + y^2 when x + y = -17 and xy = 60.",169,243,False,symmetric_polynomial_identity,symmetric_polynomial_identity,True,expand_symmetric_identity,expand_symmetric_identity,True,"STRUCTURE: symmetric_polynomial_identity
TOOL: expand_symmetric_identity
ANSWER: 243"
test_unseen_00025,structure_aware,200,unseen,"Using (u - v)(u + v), calculate 24^2 - 16^2.",320,384,False,factorization,factorization,True,factor_difference_of_squares,factor_difference_of_squares,True,"STRUCTURE: factorization
TOOL: factor_difference_of_squares
ANSWER: 384"
test_unseen_00026,structure_aware,200,unseen,What number does 2u^2 - 7u + 9 produce when u is 2?,3,14,False,substitution,substitution,True,substitute_expression,substitute_expression,True,"STRUCTURE: substitution
TOOL: substitute_expression
ANSWER: 14"
test_unseen_00027,structure_aware,200,unseen,The lines -3x - 3y = 0 and 5x - 5y = 60 intersect. Give the y-coordinate.,-6,12,False,linear_elimination,linear_elimination,True,solve_linear_system,solve_linear_system,True,"STRUCTURE: linear_elimination
TOOL: solve_linear_system
ANSWER: 12"
test_unseen_00028,structure_aware,200,unseen,"At a fixed rate, 3 items cost 2 dollars. What do 24 items cost?",16,,False,ratio_proportion,ratio_proportion,True,solve_proportion,proportionality,False,"STRUCTURE: ratio_proportion
TOOL: proportionality

TOUNING_OUT: if x is the number of items at which 3 are priced at $2 each, then 3x = $6 (since 3 * $2 = $6). Therefore, 24 items would be priced at"
test_unseen_00029,structure_aware,200,unseen,A machine begins at -9; after each round it changes its value by -1. What value appears after 13 updates?,-22,-25,False,recurrence,recurrence,True,unroll_recurrence,unroll_recurrence,True,"STRUCTURE: recurrence
TOOL: unroll_recurrence
ANSWER: -25"
test_unseen_00030,structure_aware,200,unseen,The roots x and y of t^2 - (-3)t + (-54) = 0 are real. Find x^2 + y^2.,117,169,False,symmetric_polynomial_identity,symmetric_polynomial_identity,True,expand_symmetric_identity,expand_symmetric_identity,True,"STRUCTURE: symmetric_polynomial_identity
TOOL: expand_symmetric_identity
ANSWER: 169"
test_unseen_00031,structure_aware,200,unseen,A square of side 5 is removed from a square of side 41. What area remains?,1656,360,False,factorization,subtraction,False,factor_difference_of_squares,subtract_area,False,"STRUCTURE: subtraction
TOOL: subtract_area
ANSWER: 360"
test_unseen_00032,structure_aware,200,unseen,A rule maps q to 3q^2 - 10. Determine its output at q = 1.,-7,4,False,substitution,substitution,True,substitute_expression,substitute_expression,True,"STRUCTURE: substitution
TOOL: substitute_expression
ANSWER: 4"
test_unseen_00033,structure_aware,200,unseen,Find the value of x satisfying both constraints: -x - 3y = -25 and -3x + 5y = 37.,1,1,True,linear_elimination,linear_elimination,True,solve_linear_system,solve_linear_system,True,"STRUCTURE: linear_elimination
TOOL: solve_linear_system
ANSWER: 1"
test_unseen_00034,structure_aware,200,unseen,Complete the equivalent fractions: 3/16 = 24/[blank].,128,384,False,ratio_proportion,ratio_proportion,True,solve_proportion,solve_proportion,True,"STRUCTURE: ratio_proportion
TOOL: solve_proportion
ANSWER: 384"
test_unseen_00035,structure_aware,200,unseen,"Unroll b(n+1) = b(n) + 3, with b(1) = 8, to obtain b(4).",17,50,False,recurrence,recurrence,True,unroll_recurrence,unroll_recurrence,True,"STRUCTURE: recurrence
TOOL: unroll_recurrence
ANSWER: 50"
test_unseen_00036,structure_aware,200,unseen,"Without solving for x and y, evaluate x^2 + y^2 when x + y = 6 and xy = -91.",218,230,False,symmetric_polynomial_identity,symmetric_polynomial_identity,True,expand_symmetric_identity,expand_symmetric_identity,True,"STRUCTURE: symmetric_polynomial_identity
TOOL: expand_symmetric_identity
ANSWER: 230"
test_unseen_00037,structure_aware,200,unseen,"Using (u - v)(u + v), calculate 47^2 - 38^2.",765,1059,False,factorization,factorization,True,factor_difference_of_squares,factor_difference_of_squares,True,"STRUCTURE: factorization
TOOL: factor_difference_of_squares
ANSWER: 1059"
test_unseen_00038,structure_aware,200,unseen,What number does -u^2 + 8u - 1 produce when u is -4?,-49,36,False,substitution,substitution,True,substitute_expression,substitute_expression,True,"STRUCTURE: substitution
TOOL: substitute_expression
ANSWER: 36"
test_unseen_00039,structure_aware,200,unseen,The lines 3x + 2y = -28 and -4x + 3y = 26 intersect. Give the y-coordinate.,-2,-1,False,linear_elimination,linear_elimination,True,solve_linear_system,solve_linear_system,True,"STRUCTURE: linear_elimination
TOOL: solve_linear_system
ANSWER: -1"
test_unseen_00040,structure_aware,200,unseen,"At a fixed rate, 15 items cost 15 dollars. What do 60 items cost?",60,90,False,ratio_proportion,ratio_proportion,True,solve_proportion,proportionality,False,"STRUCTURE: ratio_proportion
TOOL: proportionality

ANSWER: 90"
test_unseen_00041,structure_aware,200,unseen,A machine begins at -4; after each round it changes its value by 6. What value appears after 4 updates?,20,0,False,recurrence,recurrence,True,unroll_recurrence,unroll_recurrence,True,"STRUCTURE: recurrence
TOOL: unroll_recurrence
ANSWER: 0"
test_unseen_00042,structure_aware,200,unseen,The roots x and y of t^2 - (6)t + (-112) = 0 are real. Find x^2 + y^2.,260,345,False,symmetric_polynomial_identity,symmetric_polynomial_identity,True,expand_symmetric_identity,expand_symmetric_identity,True,"STRUCTURE: symmetric_polynomial_identity
TOOL: expand_symmetric_identity
ANSWER: 345"
test_unseen_00043,structure_aware,200,unseen,A square of side 40 is removed from a square of side 64. What area remains?,2496,128,False,factorization,subtraction,False,factor_difference_of_squares,subtract_area,False,"STRUCTURE: subtraction
TOOL: subtract_area
ANSWER: 128"
test_unseen_00044,structure_aware,200,unseen,A rule maps q to 4q^2 - 5q - 2. Determine its output at q = -2.,24,-18,False,substitution,substitution,True,substitute_expression,substitute_expression,True,"STRUCTURE: substitution
TOOL: substitute_expression
ANSWER: -18"
test_unseen_00045,structure_aware,200,unseen,Find the value of y satisfying both constraints: -5x - 4y = -10 and x + 5y = -19.,-5,-2,False,linear_elimination,linear_elimination,True,solve_linear_system,solve_linear_system,True,"STRUCTURE: linear_elimination
TOOL: solve_linear_system
ANSWER: -2"
test_unseen_00046,structure_aware,200,unseen,Complete the equivalent fractions: 8/20 = 96/[blank].,240,12,False,ratio_proportion,ratio_proportion,True,solve_proportion,solve_proportion,True,"STRUCTURE: ratio_proportion
TOOL: solve_proportion
ANSWER: 12"
test_unseen_00047,structure_aware,200,unseen,"Unroll b(n+1) = b(n) + 8, with b(1) = 8, to obtain b(6).",48,92,False,recurrence,recurrence,True,unroll_recurrence,unroll_recurrence,True,"STRUCTURE: recurrence
TOOL: unroll_recurrence
ANSWER: 92"
test_unseen_00048,structure_aware,200,unseen,"Without solving for x and y, evaluate x^2 + y^2 when x + y = -18 and xy = 80.",164,365,False,symmetric_polynomial_identity,symmetric_polynomial_identity,True,expand_symmetric_identity,expand_symmetric_identity,True,"STRUCTURE: symmetric_polynomial_identity
TOOL: expand_symmetric_identity
ANSWER: 365"
test_unseen_00049,structure_aware,200,unseen,"Using (u - v)(u + v), calculate 12^2 - 11^2.",23,60,False,factorization,factorization,True,factor_difference_of_squares,factor_difference_of_squares,True,"STRUCTURE: factorization
TOOL: factor_difference_of_squares
ANSWER: 60"
test_unseen_00050,structure_aware,200,unseen,What number does u^2 + u - 12 produce when u is 1?,-10,5,False,substitution,substitution,True,substitute_expression,substitute_expression,True,"STRUCTURE: substitution
TOOL: substitute_expression
ANSWER: 5"
test_unseen_00051,structure_aware,200,unseen,The lines -3x - 2y = 19 and 3x - 5y = 16 intersect. Give the x-coordinate.,-3,4,False,linear_elimination,linear_elimination,True,solve_linear_system,solve_linear_system,True,"STRUCTURE: linear_elimination
TOOL: solve_linear_system
ANSWER: 4"
test_unseen_00052,structure_aware,200,unseen,"At a fixed rate, 3 items cost 5 dollars. What do 24 items cost?",40,16,False,ratio_proportion,ratio_proportion,True,solve_proportion,proportionality,False,"STRUCTURE: ratio_proportion
TOOL: proportionality

ANSWER: 16"
test_unseen_00053,structure_aware,200,unseen,A machine begins at 12; after each round it changes its value by 9. What value appears after 2 updates?,30,36,False,recurrence,recurrence,True,unroll_recurrence,unroll_recurrence,True,"STRUCTURE: recurrence
TOOL: unroll_recurrence
ANSWER: 36"
test_unseen_00054,structure_aware,200,unseen,The roots x and y of t^2 - (18)t + (65) = 0 are real. Find x^2 + y^2.,194,34,False,symmetric_polynomial_identity,symmetric_polynomial_identity,True,expand_symmetric_identity,expand_symmetric_identity,True,"STRUCTURE: symmetric_polynomial_identity
TOOL: expand_symmetric_identity
ANSWER: 34"
test_unseen_00055,structure_aware,200,unseen,A square of side 21 is removed from a square of side 47. What area remains?,1768,60,False,factorization,subtraction,False,factor_difference_of_squares,subtract_area,False,"STRUCTURE: subtraction
TOOL: subtract_area
ANSWER: 60"
test_unseen_00056,structure_aware,200,unseen,A rule maps q to 8 - 3q^2. Determine its output at q = -5.,-67,10,False,substitution,substitution,True,substitute_expression,substitute_expression,True,"STRUCTURE: substitution
TOOL: substitute_expression
ANSWER: 10"
test_unseen_00057,structure_aware,200,unseen,Find the value of x satisfying both constraints: 4x - y = -29 and -5x - 5y = 30.,-7,1,False,linear_elimination,linear_elimination,True,solve_linear_system,solve_linear_system,True,"STRUCTURE: linear_elimination
TOOL: solve_linear_system
ANSWER: 1"
test_unseen_00058,structure_aware,200,unseen,Complete the equivalent fractions: 3/8 = 6/[blank].,16,12,False,ratio_proportion,ratio_proportion,True,solve_proportion,solve_proportion,True,"STRUCTURE: ratio_proportion
TOOL: solve_proportion
ANSWER: 12"
test_unseen_00059,structure_aware,200,unseen,"Unroll b(n+1) = b(n) - 4, with b(1) = -16, to obtain b(5).",-32,-20,False,recurrence,recurrence,True,unroll_recurrence,unroll_recurrence,True,"STRUCTURE: recurrence
TOOL: unroll_recurrence
ANSWER: -20"
test_unseen_00060,structure_aware,200,unseen,"Without solving for x and y, evaluate x^2 + y^2 when x + y = -10 and xy = -24.",148,255,False,symmetric_polynomial_identity,symmetric_polynomial_identity,True,expand_symmetric_identity,expand_symmetric_identity,True,"STRUCTURE: symmetric_polynomial_identity
TOOL: expand_symmetric_identity
ANSWER: 255"
test_unseen_00061,structure_aware,200,unseen,"Using (u - v)(u + v), calculate 67^2 - 12^2.",4345,3459,False,factorization,factorization,True,factor_difference_of_squares,factor_difference_of_squares,True,"STRUCTURE: factorization
TOOL: factor_difference_of_squares
ANSWER: 3459"
test_unseen_00062,structure_aware,200,unseen,What number does -u^2 + 4u - 1 produce when u is -4?,-33,30,False,substitution,substitution,True,substitute_expression,substitute_expression,True,"STRUCTURE: substitution
TOOL: substitute_expression
ANSWER: 30"
test_unseen_00063,structure_aware,200,unseen,The lines -3x - y = -26 and -x + y = -10 intersect. Give the x-coordinate.,9,4,False,linear_elimination,linear_elimination,True,solve_linear_system,solve_linear_system,True,"STRUCTURE: linear_elimination
TOOL: solve_linear_system
ANSWER: 4"
test_unseen_00064,structure_aware,200,unseen,"At a fixed rate, 12 items cost 7 dollars. What do 108 items cost?",63,,False,ratio_proportion,ratio_proportion,True,solve_proportion,proportionality,False,"STRUCTURE: ratio_proportion
TOOL: proportionality

TOUNING_OUT: If X is the number of items at the same rate as 12, then X/7 = 12/X. Cross-multiplying gives X^2 - 84X = 0, which factors to"
test_unseen_00065,structure_aware,200,unseen,A machine begins at -2; after each round it changes its value by -4. What value appears after 9 updates?,-38,-18,False,recurrence,recurrence,True,unroll_recurrence,unroll_recurrence,True,"STRUCTURE: recurrence
TOOL: unroll_recurrence
ANSWER: -18"
test_unseen_00066,structure_aware,200,unseen,The roots x and y of t^2 - (27)t + (182) = 0 are real. Find x^2 + y^2.,365,345,False,symmetric_polynomial_identity,symmetric_polynomial_identity,True,expand_symmetric_identity,expand_symmetric_identity,True,"STRUCTURE: symmetric_polynomial_identity
TOOL: expand_symmetric_identity
ANSWER: 345"
test_unseen_00067,structure_aware,200,unseen,A square of side 33 is removed from a square of side 64. What area remains?,3007,276,False,factorization,subtraction,False,factor_difference_of_squares,subtract_area,False,"STRUCTURE: subtraction
TOOL: subtract_area
ANSWER: 276"
test_unseen_00068,structure_aware,200,unseen,A rule maps q to -q^2 + q + 10. Determine its output at q = 2.,8,-3,False,substitution,substitution,True,substitute_expression,substitute_expression,True,"STRUCTURE: substitution
TOOL: substitute_expression
ANSWER: -3"
test_unseen_00069,structure_aware,200,unseen,Find the value of y satisfying both constraints: x + 2y = 17 and 2x - 4y = -14.,6,3,False,linear_elimination,linear_elimination,True,solve_linear_system,solve_linear_system,True,"STRUCTURE: linear_elimination
TOOL: solve_linear_system
ANSWER: 3"
test_unseen_00070,structure_aware,200,unseen,Complete the equivalent fractions: 11/8 = 66/[blank].,48,52,False,ratio_proportion,ratio_proportion,True,solve_proportion,solve_proportion,True,"STRUCTURE: ratio_proportion
TOOL: solve_proportion
ANSWER: 52"
test_unseen_00071,structure_aware,200,unseen,"Unroll b(n+1) = b(n) - 2, with b(1) = 10, to obtain b(13).",-14,54,False,recurrence,recurrence,True,unroll_recurrence,unroll_recurrence,True,"STRUCTURE: recurrence
TOOL: unroll_recurrence
ANSWER: 54"
test_unseen_00072,structure_aware,200,unseen,"Without solving for x and y, evaluate x^2 + y^2 when x + y = -18 and xy = 56.",212,397,False,symmetric_polynomial_identity,symmetric_polynomial_identity,True,expand_symmetric_identity,expand_symmetric_identity,True,"STRUCTURE: symmetric_polynomial_identity
TOOL: expand_symmetric_identity
ANSWER: 397"
test_unseen_00073,structure_aware,200,unseen,"Using (u - v)(u + v), calculate 40^2 - 25^2.",975,750,False,factorization,factorization,True,factor_difference_of_squares,factor_difference_of_squares,True,"STRUCTURE: factorization
TOOL: factor_difference_of_squares
ANSWER: 750"
test_unseen_00074,structure_aware,200,unseen,What number does 2u^2 + 5u - 3 produce when u is -7?,60,-104,False,substitution,substitution,True,substitute_expression,substitute_expression,True,"STRUCTURE: substitution
TOOL: substitute_expression
ANSWER: -104"
test_unseen_00075,structure_aware,200,unseen,The lines x - 4y = -33 and -5x - 2y = -11 intersect. Give the y-coordinate.,8,-6,False,linear_elimination,linear_elimination,True,solve_linear_system,solve_linear_system,True,"STRUCTURE: linear_elimination
TOOL: solve_linear_system
ANSWER: -6"
test_unseen_00076,structure_aware,200,unseen,"At a fixed rate, 2 items cost 7 dollars. What do 24 items cost?",84,36,False,ratio_proportion,ratio_proportion,True,solve_proportion,proportionality,False,"STRUCTURE: ratio_proportion
TOOL: proportionality
ANSWER: 36"
test_unseen_00077,structure_aware,200,unseen,A machine begins at 0; after each round it changes its value by -3. What value appears after 12 updates?,-36,-36,True,recurrence,recurrence,True,unroll_recurrence,unroll_recurrence,True,"STRUCTURE: recurrence
TOOL: unroll_recurrence
ANSWER: -36"
test_unseen_00078,structure_aware,200,unseen,The roots x and y of t^2 - (12)t + (35) = 0 are real. Find x^2 + y^2.,74,84,False,symmetric_polynomial_identity,symmetric_polynomial_identity,True,expand_symmetric_identity,expand_symmetric_identity,True,"STRUCTURE: symmetric_polynomial_identity
TOOL: expand_symmetric_identity
ANSWER: 84"
test_unseen_00079,structure_aware,200,unseen,A square of side 23 is removed from a square of side 52. What area remains?,2175,187,False,factorization,subtraction,False,factor_difference_of_squares,subtract_area,False,"STRUCTURE: subtraction
TOOL: subtract_area
ANSWER: 187"
test_unseen_00080,structure_aware,200,unseen,A rule maps q to 3q^2 - 8q + 6. Determine its output at q = 2.,2,10,False,substitution,substitution,True,substitute_expression,substitute_expression,True,"STRUCTURE: substitution
TOOL: substitute_expression
ANSWER: 10"
test_unseen_00081,structure_aware,200,unseen,Find the value of y satisfying both constraints: -3x + 5y = 24 and -2x + 4y = 16.,0,8,False,linear_elimination,linear_elimination,True,solve_linear_system,solve_linear_system,True,"STRUCTURE: linear_elimination
TOOL: solve_linear_system
ANSWER: 8"
test_unseen_00082,structure_aware,200,unseen,Complete the equivalent fractions: 15/2 = 105/[blank].,14,"3 structurally, but not explicitly stated as a fraction without additional context.",False,ratio_proportion,ratio_proportion,True,solve_proportion,solve_proportion,True,"STRUCTURE: ratio_proportion
TOOL: solve_proportion
ANSWER: 3 structurally, but not explicitly stated as a fraction without additional context."
test_unseen_00083,structure_aware,200,unseen,"Unroll b(n+1) = b(n) - 4, with b(1) = -17, to obtain b(15).",-73,-280,False,recurrence,recurrence,True,unroll_recurrence,unroll_recurrence,True,"STRUCTURE: recurrence
TOOL: unroll_recurrence
ANSWER: -280"
test_unseen_00084,structure_aware,200,unseen,"Without solving for x and y, evaluate x^2 + y^2 when x + y = -9 and xy = 18.",45,160,False,symmetric_polynomial_identity,symmetric_polynomial_identity,True,expand_symmetric_identity,expand_symmetric_identity,True,"STRUCTURE: symmetric_polynomial_identity
TOOL: expand_symmetric_identity
ANSWER: 160"
test_unseen_00085,structure_aware,200,unseen,"Using (u - v)(u + v), calculate 30^2 - 9^2.",819,1455,False,factorization,factorization,True,factor_difference_of_squares,factor_difference_of_squares,True,"STRUCTURE: factorization
TOOL: factor_difference_of_squares
ANSWER: 1455"
test_unseen_00086,structure_aware,200,unseen,What number does 3u^2 - 11 produce when u is 7?,136,50,False,substitution,substitution,True,substitute_expression,substitute_expression,True,"STRUCTURE: substitution
TOOL: substitute_expression
ANSWER: 50"
test_unseen_00087,structure_aware,200,unseen,The lines 3x + 2y = 8 and -5x - 5y = -25 intersect. Give the x-coordinate.,-2,1,False,linear_elimination,linear_elimination,True,solve_linear_system,solve_linear_system,True,"STRUCTURE: linear_elimination
TOOL: solve_linear_system
ANSWER: 1"
test_unseen_00088,structure_aware,200,unseen,"At a fixed rate, 8 items cost 2 dollars. What do 80 items cost?",20,40,False,ratio_proportion,ratio_proportion,True,solve_proportion,proportionality,False,"STRUCTURE: ratio_proportion
TOOL: proportionality
ANSWER: 40"
test_unseen_00089,structure_aware,200,unseen,A machine begins at -13; after each round it changes its value by -7. What value appears after 14 updates?,-111,-52,False,recurrence,recurrence,True,unroll_recurrence,unroll_recurrence,True,"STRUCTURE: recurrence
TOOL: unroll_recurrence
ANSWER: -52"
test_unseen_00090,structure_aware,200,unseen,The roots x and y of t^2 - (13)t + (36) = 0 are real. Find x^2 + y^2.,97,85,False,symmetric_polynomial_identity,symmetric_polynomial_identity,True,expand_symmetric_identity,expand_symmetric_identity,True,"STRUCTURE: symmetric_polynomial_identity
TOOL: expand_symmetric_identity
ANSWER: 85"
test_unseen_00091,structure_aware,200,unseen,A square of side 16 is removed from a square of side 72. What area remains?,4928,384,False,factorization,subtraction,False,factor_difference_of_squares,subtract_area,False,"STRUCTURE: subtraction
TOOL: subtract_area
ANSWER: 384"
test_unseen_00092,structure_aware,200,unseen,A rule maps q to 4q^2 - 7q. Determine its output at q = 0.,0,0,True,substitution,substitution,True,substitute_expression,substitute_expression,True,"STRUCTURE: substitution
TOOL: substitute_expression
ANSWER: 0"
test_unseen_00093,structure_aware,200,unseen,Find the value of y satisfying both constraints: 5x - 2y = 31 and -4x + 3y = -15.,7,6,False,linear_elimination,linear_elimination,True,solve_linear_system,solve_linear_system,True,"STRUCTURE: linear_elimination
TOOL: solve_linear_system
ANSWER: 6"
test_unseen_00094,structure_aware,200,unseen,Complete the equivalent fractions: 3/18 = 12/[blank].,72,45,False,ratio_proportion,ratio_proportion,True,solve_proportion,solve_proportion,True,"STRUCTURE: ratio_proportion
TOOL: solve_proportion
ANSWER: 45"
test_unseen_00095,structure_aware,200,unseen,"Unroll b(n+1) = b(n) - 3, with b(1) = -14, to obtain b(7).",-32,-50,False,recurrence,recurrence,True,unroll_recurrence,unroll_recurrence,True,"STRUCTURE: recurrence
TOOL: unroll_recurrence
ANSWER: -50"
test_unseen_00096,structure_aware,200,unseen,"Without solving for x and y, evaluate x^2 + y^2 when x + y = -15 and xy = 56.",113,348,False,symmetric_polynomial_identity,symmetric_polynomial_identity,True,expand_symmetric_identity,expand_symmetric_identity,True,"STRUCTURE: symmetric_polynomial_identity
TOOL: expand_symmetric_identity
ANSWER: 348"
test_unseen_00097,structure_aware,200,unseen,"Using (u - v)(u + v), calculate 58^2 - 36^2.",2068,1400,False,factorization,factorization,True,factor_difference_of_squares,factor_difference_of_squares,True,"STRUCTURE: factorization
TOOL: factor_difference_of_squares
ANSWER: 1400"
test_unseen_00098,structure_aware,200,unseen,What number does -4u^2 + 8u produce when u is 4?,-32,60,False,substitution,substitution,True,substitute_expression,substitute_expression,True,"STRUCTURE: substitution
TOOL: substitute_expression
ANSWER: 60"
test_unseen_00099,structure_aware,200,unseen,The lines 2x + y = 7 and -3x - 5y = 21 intersect. Give the y-coordinate.,-9,4,False,linear_elimination,linear_elimination,True,solve_linear_system,solve_linear_system,True,"STRUCTURE: linear_elimination
TOOL: solve_linear_system
ANSWER: 4"
test_unseen_00100,structure_aware,200,unseen,"At a fixed rate, 5 items cost 8 dollars. What do 25 items cost?",40,40,True,ratio_proportion,ratio_proportion,True,solve_proportion,proportionality,False,"STRUCTURE: ratio_proportion
TOOL: proportionality
ANSWER: 40"
test_unseen_00101,structure_aware,200,unseen,A machine begins at 7; after each round it changes its value by 2. What value appears after 7 updates?,21,19,False,recurrence,recurrence,True,unroll_recurrence,unroll_recurrence,True,"STRUCTURE: recurrence
TOOL: unroll_recurrence
ANSWER: 19"
test_unseen_00102,structure_aware,200,unseen,The roots x and y of t^2 - (10)t + (-24) = 0 are real. Find x^2 + y^2.,148,85,False,symmetric_polynomial_identity,symmetric_polynomial_identity,True,expand_symmetric_identity,expand_symmetric_identity,True,"STRUCTURE: symmetric_polynomial_identity
TOOL: expand_symmetric_identity
ANSWER: 85"
test_unseen_00103,structure_aware,200,unseen,A square of side 23 is removed from a square of side 80. What area remains?,5871,512,False,factorization,subtraction,False,factor_difference_of_squares,subtract_area,False,"STRUCTURE: subtraction
TOOL: subtract_area
ANSWER: 512"
test_unseen_00104,structure_aware,200,unseen,A rule maps q to -5q^2 + 4q - 2. Determine its output at q = 0.,-2,-1,False,substitution,substitution,True,substitute_expression,substitute_expression,True,"STRUCTURE: substitution
TOOL: substitute_expression
ANSWER: -1"
test_unseen_00105,structure_aware,200,unseen,Find the value of x satisfying both constraints: -5x + 2y = -24 and 2x + 4y = 48.,8,6,False,linear_elimination,linear_elimination,True,solve_linear_system,solve_linear_system,True,"STRUCTURE: linear_elimination
TOOL: solve_linear_system
ANSWER: 6"
test_unseen_00106,structure_aware,200,unseen,Complete the equivalent fractions: 6/11 = 30/[blank].,55,235,False,ratio_proportion,ratio_proportion,True,solve_proportion,solve_proportion,True,"STRUCTURE: ratio_proportion
TOOL: solve_proportion
ANSWER: 235"
test_unseen_00107,structure_aware,200,unseen,"Unroll b(n+1) = b(n) + 1, with b(1) = 16, to obtain b(12).",27,304,False,recurrence,recurrence,True,unroll_recurrence,unroll_recurrence,True,"STRUCTURE: recurrence
TOOL: unroll_recurrence
ANSWER: 304"
test_unseen_00108,structure_aware,200,unseen,"Without solving for x and y, evaluate x^2 + y^2 when x + y = 15 and xy = 14.",197,385,False,symmetric_polynomial_identity,symmetric_polynomial_identity,True,expand_symmetric_identity,expand_symmetric_identity,True,"STRUCTURE: symmetric_polynomial_identity
TOOL: expand_symmetric_identity
ANSWER: 385"
test_unseen_00109,structure_aware,200,unseen,"Using (u - v)(u + v), calculate 74^2 - 15^2.",5251,3600,False,factorization,factorization,True,factor_difference_of_squares,factor_difference_of_squares,True,"STRUCTURE: factorization
TOOL: factor_difference_of_squares
ANSWER: 3600"
test_unseen_00110,structure_aware,200,unseen,What number does -5u^2 - 6u - 6 produce when u is 0?,-6,-6,True,substitution,substitution,True,substitute_expression,substitute_expression,True,"STRUCTURE: substitution
TOOL: substitute_expression
ANSWER: -6"
test_unseen_00111,structure_aware,200,unseen,The lines -3x - y = 2 and -5x - 5y = 10 intersect. Give the x-coordinate.,0,-1,False,linear_elimination,linear_elimination,True,solve_linear_system,solve_linear_system,True,"STRUCTURE: linear_elimination
TOOL: solve_linear_system
ANSWER: -1"
test_unseen_00112,structure_aware,200,unseen,"At a fixed rate, 8 items cost 17 dollars. What do 80 items cost?",170,120,False,ratio_proportion,ratio_proportion,True,solve_proportion,proportionality,False,"STRUCTURE: ratio_proportion
TOOL: proportionality
ANSWER: 120"
test_unseen_00113,structure_aware,200,unseen,A machine begins at 18; after each round it changes its value by -2. What value appears after 5 updates?,8,-30,False,recurrence,recurrence,True,unroll_recurrence,unroll_recurrence,True,"STRUCTURE: recurrence
TOOL: unroll_recurrence
ANSWER: -30"
test_unseen_00114,structure_aware,200,unseen,The roots x and y of t^2 - (9)t + (14) = 0 are real. Find x^2 + y^2.,53,63,False,symmetric_polynomial_identity,symmetric_polynomial_identity,True,expand_symmetric_identity,expand_symmetric_identity,True,"STRUCTURE: symmetric_polynomial_identity
TOOL: expand_symmetric_identity
ANSWER: 63"
test_unseen_00115,structure_aware,200,unseen,A square of side 14 is removed from a square of side 77. What area remains?,5733,538,False,factorization,subtraction,False,factor_difference_of_squares,subtract_area,False,"STRUCTURE: subtraction
TOOL: subtract_area
ANSWER: 538"
test_unseen_00116,structure_aware,200,unseen,A rule maps q to -q^2 + 2q - 8. Determine its output at q = 7.,-43,-153,False,substitution,substitution,True,substitute_expression,substitute_expression,True,"STRUCTURE: substitution
TOOL: substitute_expression
ANSWER: -153"
test_unseen_00117,structure_aware,200,unseen,Find the value of y satisfying both constraints: 5x + 3y = 15 and 4x + y = 12.,0,-6,False,linear_elimination,linear_elimination,True,solve_linear_system,solve_linear_system,True,"STRUCTURE: linear_elimination
TOOL: solve_linear_system
ANSWER: -6"
test_unseen_00118,structure_aware,200,unseen,Complete the equivalent fractions: 10/3 = 70/[blank].,21,21,True,ratio_proportion,ratio_proportion,True,solve_proportion,solve_proportion,True,"STRUCTURE: ratio_proportion
TOOL: solve_proportion
ANSWER: 21"
test_unseen_00119,structure_aware,200,unseen,"Unroll b(n+1) = b(n) - 1, with b(1) = -16, to obtain b(3).",-18,25,False,recurrence,recurrence,True,unroll_recurrence,unroll_recurrence,True,"STRUCTURE: recurrence
TOOL: unroll_recurrence
ANSWER: 25"
test_seen_00000,baseline,500,seen,"If x + y = -20 and xy = 84, find x^2 + y^2.",232,160,False,symmetric_polynomial_identity,,,expand_symmetric_identity,,, 160
test_seen_00001,baseline,500,seen,Evaluate 71^2 - 11^2.,4920,4900,False,factorization,,,factor_difference_of_squares,,, 4900
test_seen_00002,baseline,500,seen,Let f(t) = t^2 - 5t + 2. Find f(2).,-4,10,False,substitution,,,substitute_expression,,, 10
test_seen_00003,baseline,500,seen,Solve 4x + 3y = -3 and x + y = -3. What is x?,6,-6,False,linear_elimination,,,solve_linear_system,,, -6
test_seen_00004,baseline,500,seen,Solve the proportion 2/5 = 6/x for x.,15,15,True,ratio_proportion,,,solve_proportion,,, 15
test_seen_00005,baseline,500,seen,A sequence starts with a1 = -11 and each next term is the current term + 4. Find a4.,1,3,False,recurrence,,,unroll_recurrence,,, 3
test_seen_00006,baseline,500,seen,Two numbers have sum -9 and product -10. What is the sum of their squares?,101,81,False,symmetric_polynomial_identity,,,expand_symmetric_identity,,, 81
test_seen_00007,baseline,500,seen,Compute the difference of squares: 42 squared minus 33 squared.,675,105,False,factorization,,,factor_difference_of_squares,,, 105
test_seen_00008,baseline,500,seen,Substitute z = 2 into 2z^2 + 8z - 4.,20,16,False,substitution,,,substitute_expression,,, 16
test_seen_00009,baseline,500,seen,The equations -4x - 5y = 1 and 4x - 5y = -31 hold simultaneously. Find x.,-4,-9,False,linear_elimination,,,solve_linear_system,,, -9
test_seen_00010,baseline,500,seen,"If 2:7 = 12:x, what is x?",42,42,True,ratio_proportion,,,solve_proportion,,, 42
test_seen_00011,baseline,500,seen,"Starting at -16, repeatedly change the value by -1. What is term 11, counting the start as term 1?",-26,-23,False,recurrence,,,unroll_recurrence,,, -23
test_seen_00012,baseline,500,seen,"Given s = x + y = -8 and p = xy = -48, compute x^2 + y^2.",160,160,True,symmetric_polynomial_identity,,,expand_symmetric_identity,,, 160
test_seen_00013,baseline,500,seen,What is 43^2 - 39^2? Use factorization if helpful.,328,1080,False,factorization,,,factor_difference_of_squares,,, 1080
test_seen_00014,baseline,500,seen,"For P(x) = -4x^2 + 6x + 8, evaluate P(7).",-146,-105,False,substitution,,,substitute_expression,,, -105
test_seen_00015,baseline,500,seen,Use elimination on the system 3x + 5y = 8; 2x - 3y = -1. Determine x.,1,0,False,linear_elimination,,,solve_linear_system,,, 0
test_seen_00016,baseline,500,seen,The ratio 15 to 4 equals the ratio 105 to x. Find x.,28,28,True,ratio_proportion,,,solve_proportion,,, 28
test_seen_00017,baseline,500,seen,An arithmetic sequence has first term 17 and common difference -8. Find its 7th term.,-31,-53,False,recurrence,,,unroll_recurrence,,, -53
test_seen_00018,baseline,500,seen,"If x + y = -4 and xy = -60, find x^2 + y^2.",136,164,False,symmetric_polynomial_identity,,,expand_symmetric_identity,,, 164
test_seen_00019,baseline,500,seen,Evaluate 45^2 - 40^2.,425,725,False,factorization,,,factor_difference_of_squares,,, 725
test_seen_00020,baseline,500,seen,Let f(t) = 4t^2 - 5t - 3. Find f(0).,-3,-3,True,substitution,,,substitute_expression,,, -3
test_seen_00021,baseline,500,seen,Solve -5x + 2y = -2 and x + 4y = 18. What is x?,2,-6,False,linear_elimination,,,solve_linear_system,,, -6
test_seen_00022,baseline,500,seen,Solve the proportion 7/6 = 84/x for x.,72,72,True,ratio_proportion,,,solve_proportion,,, 72
test_seen_00023,baseline,500,seen,A sequence starts with a1 = -11 and each next term is the current term - 7. Find a12.,-88,-50,False,recurrence,,,unroll_recurrence,,, -50
test_seen_00024,baseline,500,seen,Two numbers have sum 4 and product -60. What is the sum of their squares?,136,120,False,symmetric_polynomial_identity,,,expand_symmetric_identity,,, 120
test_seen_00025,baseline,500,seen,Compute the difference of squares: 77 squared minus 8 squared.,5865,5329,False,factorization,,,factor_difference_of_squares,,, 5329
test_seen_00026,baseline,500,seen,Substitute z = -7 into 2z^2 + 6z + 6.,62,102,False,substitution,,,substitute_expression,,, 102
test_seen_00027,baseline,500,seen,The equations -4x - 4y = 56 and -3x - 5y = 60 hold simultaneously. Find y.,-9,-1,False,linear_elimination,,,solve_linear_system,,, -1
test_seen_00028,baseline,500,seen,"If 3:19 = 27:x, what is x?",171,153,False,ratio_proportion,,,solve_proportion,,, 153
test_seen_00029,baseline,500,seen,"Starting at 9, repeatedly change the value by -1. What is term 8, counting the start as term 1?",2,-8,False,recurrence,,,unroll_recurrence,,, -8
test_seen_00030,baseline,500,seen,"Given s = x + y = 27 and p = xy = 180, compute x^2 + y^2.",369,369,True,symmetric_polynomial_identity,,,expand_symmetric_identity,,, 369
test_seen_00031,baseline,500,seen,What is 32^2 - 26^2? Use factorization if helpful.,348,192,False,factorization,,,factor_difference_of_squares,,, 192
test_seen_00032,baseline,500,seen,"For P(x) = -5x^2 - 6x + 10, evaluate P(-4).",-46,-138,False,substitution,,,substitute_expression,,, -138
test_seen_00033,baseline,500,seen,Use elimination on the system 5x + 4y = 3; x - y = 6. Determine y.,-3,1,False,linear_elimination,,,solve_linear_system,,, 1
test_seen_00034,baseline,500,seen,The ratio 14 to 12 equals the ratio 112 to x. Find x.,96,96,True,ratio_proportion,,,solve_proportion,,, 96
test_seen_00035,baseline,500,seen,An arithmetic sequence has first term -17 and common difference 3. Find its 5th term.,-5,20,False,recurrence,,,unroll_recurrence,,, 20
test_seen_00036,baseline,500,seen,"If x + y = -8 and xy = -20, find x^2 + y^2.",104,164,False,symmetric_polynomial_identity,,,expand_symmetric_identity,,, 164
test_seen_00037,baseline,500,seen,Evaluate 21^2 - 14^2.,245,365,False,factorization,,,factor_difference_of_squares,,, 365
test_seen_00038,baseline,500,seen,Let f(t) = -2t^2 + t - 5. Find f(-2).,-15,-19,False,substitution,,,substitute_expression,,, -19
test_seen_00039,baseline,500,seen,Solve x + y = -6 and -2x - 5y = 21. What is y?,-3,-3,True,linear_elimination,,,solve_linear_system,,, -3
test_seen_00040,baseline,500,seen,Solve the proportion 10/3 = 30/x for x.,9,9,True,ratio_proportion,,,solve_proportion,,, 9
test_seen_00041,baseline,500,seen,A sequence starts with a1 = -19 and each next term is the current term - 9. Find a11.,-109,-82,False,recurrence,,,unroll_recurrence,,, -82
test_seen_00042,baseline,500,seen,Two numbers have sum 16 and product 48. What is the sum of their squares?,160,280,False,symmetric_polynomial_identity,,,expand_symmetric_identity,,, 280
test_seen_00043,baseline,500,seen,Compute the difference of squares: 67 squared minus 34 squared.,3333,4025,False,factorization,,,factor_difference_of_squares,,, 4025
test_seen_00044,baseline,500,seen,Substitute z = -2 into 4z^2 - 5z + 6.,32,10,False,substitution,,,substitute_expression,,, 10
test_seen_00045,baseline,500,seen,The equations -3x + 2y = -1 and x - 3y = 5 hold simultaneously. Find x.,-1,-4,False,linear_elimination,,,solve_linear_system,,, -4
test_seen_00046,baseline,500,seen,"If 2:5 = 10:x, what is x?",25,25,True,ratio_proportion,,,solve_proportion,,, 25
test_seen_00047,baseline,500,seen,"Starting at 16, repeatedly change the value by -6. What is term 12, counting the start as term 1?",-50,-50,True,recurrence,,,unroll_recurrence,,, -50
test_seen_00048,baseline,500,seen,"Given s = x + y = -11 and p = xy = 18, compute x^2 + y^2.",85,37,False,symmetric_polynomial_identity,,,expand_symmetric_identity,,, 37
test_seen_00049,baseline,500,seen,What is 54^2 - 26^2? Use factorization if helpful.,2240,1980,False,factorization,,,factor_difference_of_squares,,, 1980
test_seen_00050,baseline,500,seen,"For P(x) = -4x^2 - 8x - 7, evaluate P(-1).",-3,-30,False,substitution,,,substitute_expression,,, -30
test_seen_00051,baseline,500,seen,Use elimination on the system 3x + 4y = -14; -3x - 2y = 16. Determine x.,-6,-8,False,linear_elimination,,,solve_linear_system,,, -8
test_seen_00052,baseline,500,seen,The ratio 5 to 3 equals the ratio 15 to x. Find x.,9,9,True,ratio_proportion,,,solve_proportion,,, 9
test_seen_00053,baseline,500,seen,An arithmetic sequence has first term 10 and common difference -1. Find its 14th term.,-3,-12,False,recurrence,,,unroll_recurrence,,, -12
test_seen_00054,baseline,500,seen,"If x + y = 7 and xy = -98, find x^2 + y^2.",245,245,True,symmetric_polynomial_identity,,,expand_symmetric_identity,,, 245
test_seen_00055,baseline,500,seen,Evaluate 48^2 - 43^2.,455,1697,False,factorization,,,factor_difference_of_squares,,, 1697
test_seen_00056,baseline,500,seen,Let f(t) = 3t^2 + 2t - 8. Find f(-2).,0,16,False,substitution,,,substitute_expression,,, 16
test_seen_00057,baseline,500,seen,Solve -2x + 2y = -14 and 5x - 3y = 17. What is y?,-9,-6,False,linear_elimination,,,solve_linear_system,,, -6
test_seen_00058,baseline,500,seen,Solve the proportion 11/16 = 66/x for x.,96,96,True,ratio_proportion,,,solve_proportion,,, 96
test_seen_00059,baseline,500,seen,A sequence starts with a1 = 8 and each next term is the current term + 7. Find a7.,50,46,False,recurrence,,,unroll_recurrence,,, 46
test_seen_00060,baseline,500,seen,Two numbers have sum 29 and product 210. What is the sum of their squares?,421,689,False,symmetric_polynomial_identity,,,expand_symmetric_identity,,, 689
test_seen_00061,baseline,500,seen,Compute the difference of squares: 69 squared minus 37 squared.,3392,2048,False,factorization,,,factor_difference_of_squares,,, 2048
test_seen_00062,baseline,500,seen,Substitute z = -1 into 4z^2 + 5z + 11.,10,38,False,substitution,,,substitute_expression,,, 38
test_seen_00063,baseline,500,seen,The equations -4x - 2y = -46 and 4x + 5y = 73 hold simultaneously. Find x.,7,-1,False,linear_elimination,,,solve_linear_system,,, -1
test_seen_00064,baseline,500,seen,"If 11:2 = 132:x, what is x?",24,24,True,ratio_proportion,,,solve_proportion,,, 24
test_seen_00065,baseline,500,seen,"Starting at -6, repeatedly change the value by -7. What is term 6, counting the start as term 1?",-41,-53,False,recurrence,,,unroll_recurrence,,, -53
test_seen_00066,baseline,500,seen,"Given s = x + y = -5 and p = xy = -36, compute x^2 + y^2.",97,107,False,symmetric_polynomial_identity,,,expand_symmetric_identity,,, 107
test_seen_00067,baseline,500,seen,What is 39^2 - 35^2? Use factorization if helpful.,296,1084,False,factorization,,,factor_difference_of_squares,,, 1084
test_seen_00068,baseline,500,seen,"For P(x) = -x^2 - 3x + 3, evaluate P(0).",3,-3,False,substitution,,,substitute_expression,,, -3
test_seen_00069,baseline,500,seen,Use elimination on the system -x + 2y = -4; -3x - 4y = -12. Determine y.,0,-6,False,linear_elimination,,,solve_linear_system,,, -6
test_seen_00070,baseline,500,seen,The ratio 7 to 12 equals the ratio 49 to x. Find x.,84,84,True,ratio_proportion,,,solve_proportion,,, 84
test_seen_00071,baseline,500,seen,An arithmetic sequence has first term 4 and common difference -6. Find its 14th term.,-74,-52,False,recurrence,,,unroll_recurrence,,, -52
test_seen_00072,baseline,500,seen,"If x + y = -6 and xy = 5, find x^2 + y^2.",26,37,False,symmetric_polynomial_identity,,,expand_symmetric_identity,,, 37
test_seen_00073,baseline,500,seen,Evaluate 46^2 - 15^2.,1891,1897,False,factorization,,,factor_difference_of_squares,,, 1897
test_seen_00074,baseline,500,seen,Let f(t) = 3t^2 - 3t - 1. Find f(-3).,35,54,False,substitution,,,substitute_expression,,, 54
test_seen_00075,baseline,500,seen,Solve 4x - y = 18 and 3x + 5y = 2. What is x?,4,0,False,linear_elimination,,,solve_linear_system,,, 0
test_seen_00076,baseline,500,seen,Solve the proportion 4/11 = 16/x for x.,44,44,True,ratio_proportion,,,solve_proportion,,, 44
test_seen_00077,baseline,500,seen,A sequence starts with a1 = -7 and each next term is the current term - 5. Find a5.,-27,-32,False,recurrence,,,unroll_recurrence,,, -32
test_seen_00078,baseline,500,seen,Two numbers have sum 4 and product 3. What is the sum of their squares?,10,10,True,symmetric_polynomial_identity,,,expand_symmetric_identity,,, 10
test_seen_00079,baseline,500,seen,Compute the difference of squares: 48 squared minus 14 squared.,2108,2024,False,factorization,,,factor_difference_of_squares,,, 2024
test_seen_00080,baseline,500,seen,Substitute z = -5 into 3z^2 + 4z + 4.,59,67,False,substitution,,,substitute_expression,,, 67
test_seen_00081,baseline,500,seen,The equations x - y = 5 and 3x - y = 3 hold simultaneously. Find x.,-1,2,False,linear_elimination,,,solve_linear_system,,, 2
test_seen_00082,baseline,500,seen,"If 4:20 = 40:x, what is x?",200,80,False,ratio_proportion,,,solve_proportion,,, 80
test_seen_00083,baseline,500,seen,"Starting at -17, repeatedly change the value by 4. What is term 9, counting the start as term 1?",15,23,False,recurrence,,,unroll_recurrence,,, 23
test_seen_00084,baseline,500,seen,"Given s = x + y = 2 and p = xy = -3, compute x^2 + y^2.",10,4,False,symmetric_polynomial_identity,,,expand_symmetric_identity,,, 4
test_seen_00085,baseline,500,seen,What is 72^2 - 42^2? Use factorization if helpful.,3420,3968,False,factorization,,,factor_difference_of_squares,,, 3968
test_seen_00086,baseline,500,seen,"For P(x) = 4x^2 + 7x + 5, evaluate P(3).",62,68,False,substitution,,,substitute_expression,,, 68
test_seen_00087,baseline,500,seen,Use elimination on the system 5x + 2y = -48; 2x - 4y = 24. Determine y.,-9,-1,False,linear_elimination,,,solve_linear_system,,, -1
test_seen_00088,baseline,500,seen,The ratio 3 to 8 equals the ratio 27 to x. Find x.,72,64,False,ratio_proportion,,,solve_proportion,,, 64
test_seen_00089,baseline,500,seen,An arithmetic sequence has first term 14 and common difference -7. Find its 9th term.,-42,-53,False,recurrence,,,unroll_recurrence,,, -53
test_seen_00090,baseline,500,seen,"If x + y = -11 and xy = 0, find x^2 + y^2.",121,36,False,symmetric_polynomial_identity,,,expand_symmetric_identity,,, 36
test_seen_00091,baseline,500,seen,Evaluate 59^2 - 13^2.,3312,3064,False,factorization,,,factor_difference_of_squares,,, 3064
test_seen_00092,baseline,500,seen,Let f(t) = -5t^2 - 6t - 4. Find f(-2).,-12,-78,False,substitution,,,substitute_expression,,, -78
test_seen_00093,baseline,500,seen,Solve -4x + y = 25 and 2x - 5y = 19. What is x?,-8,-3,False,linear_elimination,,,solve_linear_system,,, -3
test_seen_00094,baseline,500,seen,Solve the proportion 12/4 = 60/x for x.,20,60,False,ratio_proportion,,,solve_proportion,,, 60
test_seen_00095,baseline,500,seen,A sequence starts with a1 = -8 and each next term is the current term - 6. Find a12.,-74,-70,False,recurrence,,,unroll_recurrence,,, -70
test_seen_00096,baseline,500,seen,Two numbers have sum -17 and product 72. What is the sum of their squares?,145,205,False,symmetric_polynomial_identity,,,expand_symmetric_identity,,, 205
test_seen_00097,baseline,500,seen,Compute the difference of squares: 55 squared minus 4 squared.,3009,2801,False,factorization,,,factor_difference_of_squares,,, 2801
test_seen_00098,baseline,500,seen,Substitute z = -3 into -5z^2 - 5z - 9.,-39,-60,False,substitution,,,substitute_expression,,, -60
test_seen_00099,baseline,500,seen,The equations 4x + 3y = -57 and 5x + 5y = -80 hold simultaneously. Find x.,-9,-1,False,linear_elimination,,,solve_linear_system,,, -1
test_seen_00100,baseline,500,seen,"If 6:10 = 48:x, what is x?",80,80,True,ratio_proportion,,,solve_proportion,,, 80
test_seen_00101,baseline,500,seen,"Starting at -10, repeatedly change the value by -4. What is term 13, counting the start as term 1?",-58,-56,False,recurrence,,,unroll_recurrence,,, -56
test_seen_00102,baseline,500,seen,"Given s = x + y = 2 and p = xy = -35, compute x^2 + y^2.",74,106,False,symmetric_polynomial_identity,,,expand_symmetric_identity,,, 106
test_seen_00103,baseline,500,seen,What is 70^2 - 33^2? Use factorization if helpful.,3811,4861,False,factorization,,,factor_difference_of_squares,,, 4861
test_seen_00104,baseline,500,seen,"For P(x) = 2x^2 + 5x + 9, evaluate P(-2).",7,13,False,substitution,,,substitute_expression,,, 13
test_seen_00105,baseline,500,seen,Use elimination on the system 4x - 2y = 16; 2x + y = 12. Determine y.,2,0,False,linear_elimination,,,solve_linear_system,,, 0
test_seen_00106,baseline,500,seen,The ratio 15 to 2 equals the ratio 150 to x. Find x.,20,20,True,ratio_proportion,,,solve_proportion,,, 20
test_seen_00107,baseline,500,seen,An arithmetic sequence has first term 8 and common difference -5. Find its 3th term.,-2,-17,False,recurrence,,,unroll_recurrence,,, -17
test_seen_00108,baseline,500,seen,"If x + y = -27 and xy = 180, find x^2 + y^2.",369,369,True,symmetric_polynomial_identity,,,expand_symmetric_identity,,, 369
test_seen_00109,baseline,500,seen,Evaluate 76^2 - 43^2.,3927,5089,False,factorization,,,factor_difference_of_squares,,, 5089
test_seen_00110,baseline,500,seen,Let f(t) = 4t^2 + 4t - 5. Find f(0).,-5,-5,True,substitution,,,substitute_expression,,, -5
test_seen_00111,baseline,500,seen,Solve -4x - 3y = 42 and -5x + 3y = 39. What is x?,-9,-1,False,linear_elimination,,,solve_linear_system,,, -1
test_seen_00112,baseline,500,seen,Solve the proportion 2/4 = 10/x for x.,20,20,True,ratio_proportion,,,solve_proportion,,, 20
test_seen_00113,baseline,500,seen,A sequence starts with a1 = 15 and each next term is the current term - 6. Find a11.,-45,-39,False,recurrence,,,unroll_recurrence,,, -39
test_seen_00114,baseline,500,seen,Two numbers have sum 12 and product -28. What is the sum of their squares?,200,280,False,symmetric_polynomial_identity,,,expand_symmetric_identity,,, 280
test_seen_00115,baseline,500,seen,Compute the difference of squares: 36 squared minus 34 squared.,140,100,False,factorization,,,factor_difference_of_squares,,, 100
test_seen_00116,baseline,500,seen,Substitute z = -3 into z^2 + 2z - 1.,2,4,False,substitution,,,substitute_expression,,, 4
test_seen_00117,baseline,500,seen,The equations -5x + 2y = -4 and -4x - 5y = -56 hold simultaneously. Find x.,4,-3,False,linear_elimination,,,solve_linear_system,,, -3
test_seen_00118,baseline,500,seen,"If 2:2 = 16:x, what is x?",16,16,True,ratio_proportion,,,solve_proportion,,, 16
test_seen_00119,baseline,500,seen,"Starting at -4, repeatedly change the value by -1. What is term 11, counting the start as term 1?",-14,-25,False,recurrence,,,unroll_recurrence,,, -25
test_unseen_00000,baseline,500,unseen,"Without solving for x and y, evaluate x^2 + y^2 when x + y = -1 and xy = -2.",5,7,False,symmetric_polynomial_identity,,,expand_symmetric_identity,,, 7
test_unseen_00001,baseline,500,unseen,"Using (u - v)(u + v), calculate 44^2 - 36^2.",640,1080,False,factorization,,,factor_difference_of_squares,,, 1080
test_unseen_00002,baseline,500,unseen,What number does -3u^2 + 4u - 5 produce when u is -3?,-44,-18,False,substitution,,,substitute_expression,,, -18
test_unseen_00003,baseline,500,unseen,The lines -4x + 4y = 28 and -5x - 4y = 53 intersect. Give the x-coordinate.,-9,-1,False,linear_elimination,,,solve_linear_system,,, -1
test_unseen_00004,baseline,500,unseen,"At a fixed rate, 14 items cost 18 dollars. What do 84 items cost?",108,108,True,ratio_proportion,,,solve_proportion,,, 108
test_unseen_00005,baseline,500,unseen,A machine begins at 17; after each round it changes its value by 4. What value appears after 8 updates?,49,53,False,recurrence,,,unroll_recurrence,,, 53
test_unseen_00006,baseline,500,unseen,The roots x and y of t^2 - (16)t + (63) = 0 are real. Find x^2 + y^2.,130,84,False,symmetric_polynomial_identity,,,expand_symmetric_identity,,, 84
test_unseen_00007,baseline,500,unseen,A square of side 44 is removed from a square of side 65. What area remains?,2289,108,False,factorization,,,factor_difference_of_squares,,, 108
test_unseen_00008,baseline,500,unseen,A rule maps q to q^2 - 6q - 2. Determine its output at q = 6.,-2,0,False,substitution,,,substitute_expression,,, 0
test_unseen_00009,baseline,500,unseen,Find the value of x satisfying both constraints: -4x + 3y = -12 and -4x + 4y = -16.,0,0,True,linear_elimination,,,solve_linear_system,,, 0
test_unseen_00010,baseline,500,unseen,Complete the equivalent fractions: 6/12 = 18/[blank].,36,3,False,ratio_proportion,,,solve_proportion,,, 3
test_unseen_00011,baseline,500,unseen,"Unroll b(n+1) = b(n) + 1, with b(1) = -18, to obtain b(8).",-11,75,False,recurrence,,,unroll_recurrence,,, 75
test_unseen_00012,baseline,500,unseen,"Without solving for x and y, evaluate x^2 + y^2 when x + y = -15 and xy = 36.",153,187,False,symmetric_polynomial_identity,,,expand_symmetric_identity,,, 187
test_unseen_00013,baseline,500,unseen,"Using (u - v)(u + v), calculate 39^2 - 14^2.",1325,6055,False,factorization,,,factor_difference_of_squares,,, 6055
test_unseen_00014,baseline,500,unseen,What number does 11 - 3u^2 produce when u is -4?,-37,-57,False,substitution,,,substitute_expression,,, -57
test_unseen_00015,baseline,500,unseen,The lines 5x + 5y = -80 and x - 5y = 32 intersect. Give the y-coordinate.,-8,-1,False,linear_elimination,,,solve_linear_system,,, -1
test_unseen_00016,baseline,500,unseen,"At a fixed rate, 7 items cost 17 dollars. What do 84 items cost?",204,168,False,ratio_proportion,,,solve_proportion,,, 168
test_unseen_00017,baseline,500,unseen,A machine begins at 17; after each round it changes its value by 6. What value appears after 14 updates?,101,95,False,recurrence,,,unroll_recurrence,,, 95
test_unseen_00018,baseline,500,unseen,The roots x and y of t^2 - (-9)t + (-22) = 0 are real. Find x^2 + y^2.,125,137,False,symmetric_polynomial_identity,,,expand_symmetric_identity,,, 137
test_unseen_00019,baseline,500,unseen,A square of side 16 is removed from a square of side 78. What area remains?,5828,204,False,factorization,,,factor_difference_of_squares,,, 204
test_unseen_00020,baseline,500,unseen,A rule maps q to 3q^2 + 3q + 7. Determine its output at q = 6.,133,159,False,substitution,,,substitute_expression,,, 159
test_unseen_00021,baseline,500,unseen,Find the value of y satisfying both constraints: -3x - 5y = 29 and -2x - 5y = 21.,-1,-6,False,linear_elimination,,,solve_linear_system,,, -6
test_unseen_00022,baseline,500,unseen,Complete the equivalent fractions: 7/20 = 35/[blank].,100,10,False,ratio_proportion,,,solve_proportion,,, 10
test_unseen_00023,baseline,500,unseen,"Unroll b(n+1) = b(n) + 4, with b(1) = -13, to obtain b(8).",15,60,False,recurrence,,,unroll_recurrence,,, 60
test_unseen_00024,baseline,500,unseen,"Without solving for x and y, evaluate x^2 + y^2 when x + y = -17 and xy = 60.",169,259,False,symmetric_polynomial_identity,,,expand_symmetric_identity,,, 259
test_unseen_00025,baseline,500,unseen,"Using (u - v)(u + v), calculate 24^2 - 16^2.",320,384,False,factorization,,,factor_difference_of_squares,,, 384
test_unseen_00026,baseline,500,unseen,What number does 2u^2 - 7u + 9 produce when u is 2?,3,4,False,substitution,,,substitute_expression,,, 4
test_unseen_00027,baseline,500,unseen,The lines -3x - 3y = 0 and 5x - 5y = 60 intersect. Give the y-coordinate.,-6,-12,False,linear_elimination,,,solve_linear_system,,, -12
test_unseen_00028,baseline,500,unseen,"At a fixed rate, 3 items cost 2 dollars. What do 24 items cost?",16,16,True,ratio_proportion,,,solve_proportion,,, 16
test_unseen_00029,baseline,500,unseen,A machine begins at -9; after each round it changes its value by -1. What value appears after 13 updates?,-22,-80,False,recurrence,,,unroll_recurrence,,, -80
test_unseen_00030,baseline,500,unseen,The roots x and y of t^2 - (-3)t + (-54) = 0 are real. Find x^2 + y^2.,117,169,False,symmetric_polynomial_identity,,,expand_symmetric_identity,,, 169
test_unseen_00031,baseline,500,unseen,A square of side 5 is removed from a square of side 41. What area remains?,1656,80,False,factorization,,,factor_difference_of_squares,,, 80
test_unseen_00032,baseline,500,unseen,A rule maps q to 3q^2 - 10. Determine its output at q = 1.,-7,6,False,substitution,,,substitute_expression,,, 6
test_unseen_00033,baseline,500,unseen,Find the value of x satisfying both constraints: -x - 3y = -25 and -3x + 5y = 37.,1,1,True,linear_elimination,,,solve_linear_system,,, 1
test_unseen_00034,baseline,500,unseen,Complete the equivalent fractions: 3/16 = 24/[blank].,128,128,True,ratio_proportion,,,solve_proportion,,, 128
test_unseen_00035,baseline,500,unseen,"Unroll b(n+1) = b(n) + 3, with b(1) = 8, to obtain b(4).",17,29,False,recurrence,,,unroll_recurrence,,, 29
test_unseen_00036,baseline,500,unseen,"Without solving for x and y, evaluate x^2 + y^2 when x + y = 6 and xy = -91.",218,180,False,symmetric_polynomial_identity,,,expand_symmetric_identity,,, 180
test_unseen_00037,baseline,500,unseen,"Using (u - v)(u + v), calculate 47^2 - 38^2.",765,1059,False,factorization,,,factor_difference_of_squares,,, 1059
test_unseen_00038,baseline,500,unseen,What number does -u^2 + 8u - 1 produce when u is -4?,-49,-36,False,substitution,,,substitute_expression,,, -36
test_unseen_00039,baseline,500,unseen,The lines 3x + 2y = -28 and -4x + 3y = 26 intersect. Give the y-coordinate.,-2,-1,False,linear_elimination,,,solve_linear_system,,, -1
test_unseen_00040,baseline,500,unseen,"At a fixed rate, 15 items cost 15 dollars. What do 60 items cost?",60,60,True,ratio_proportion,,,solve_proportion,,, 60
test_unseen_00041,baseline,500,unseen,A machine begins at -4; after each round it changes its value by 6. What value appears after 4 updates?,20,20,True,recurrence,,,unroll_recurrence,,, 20
test_unseen_00042,baseline,500,unseen,The roots x and y of t^2 - (6)t + (-112) = 0 are real. Find x^2 + y^2.,260,385,False,symmetric_polynomial_identity,,,expand_symmetric_identity,,, 385
test_unseen_00043,baseline,500,unseen,A square of side 40 is removed from a square of side 64. What area remains?,2496,128,False,factorization,,,factor_difference_of_squares,,, 128
test_unseen_00044,baseline,500,unseen,A rule maps q to 4q^2 - 5q - 2. Determine its output at q = -2.,24,10,False,substitution,,,substitute_expression,,, 10
test_unseen_00045,baseline,500,unseen,Find the value of y satisfying both constraints: -5x - 4y = -10 and x + 5y = -19.,-5,-2,False,linear_elimination,,,solve_linear_system,,, -2
test_unseen_00046,baseline,500,unseen,Complete the equivalent fractions: 8/20 = 96/[blank].,240,16,False,ratio_proportion,,,solve_proportion,,, 16
test_unseen_00047,baseline,500,unseen,"Unroll b(n+1) = b(n) + 8, with b(1) = 8, to obtain b(6).",48,74,False,recurrence,,,unroll_recurrence,,, 74
test_unseen_00048,baseline,500,unseen,"Without solving for x and y, evaluate x^2 + y^2 when x + y = -18 and xy = 80.",164,169,False,symmetric_polynomial_identity,,,expand_symmetric_identity,,, 169
test_unseen_00049,baseline,500,unseen,"Using (u - v)(u + v), calculate 12^2 - 11^2.",23,80,False,factorization,,,factor_difference_of_squares,,, 80
test_unseen_00050,baseline,500,unseen,What number does u^2 + u - 12 produce when u is 1?,-10,9,False,substitution,,,substitute_expression,,, 9
test_unseen_00051,baseline,500,unseen,The lines -3x - 2y = 19 and 3x - 5y = 16 intersect. Give the x-coordinate.,-3,-4,False,linear_elimination,,,solve_linear_system,,, -4
test_unseen_00052,baseline,500,unseen,"At a fixed rate, 3 items cost 5 dollars. What do 24 items cost?",40,40,True,ratio_proportion,,,solve_proportion,,, 40
test_unseen_00053,baseline,500,unseen,A machine begins at 12; after each round it changes its value by 9. What value appears after 2 updates?,30,63,False,recurrence,,,unroll_recurrence,,, 63
test_unseen_00054,baseline,500,unseen,The roots x and y of t^2 - (18)t + (65) = 0 are real. Find x^2 + y^2.,194,94,False,symmetric_polynomial_identity,,,expand_symmetric_identity,,, 94
test_unseen_00055,baseline,500,unseen,A square of side 21 is removed from a square of side 47. What area remains?,1768,308,False,factorization,,,factor_difference_of_squares,,, 308
test_unseen_00056,baseline,500,unseen,A rule maps q to 8 - 3q^2. Determine its output at q = -5.,-67,10,False,substitution,,,substitute_expression,,, 10
test_unseen_00057,baseline,500,unseen,Find the value of x satisfying both constraints: 4x - y = -29 and -5x - 5y = 30.,-7,-1,False,linear_elimination,,,solve_linear_system,,, -1
test_unseen_00058,baseline,500,unseen,Complete the equivalent fractions: 3/8 = 6/[blank].,16,12,False,ratio_proportion,,,solve_proportion,,, 12
test_unseen_00059,baseline,500,unseen,"Unroll b(n+1) = b(n) - 4, with b(1) = -16, to obtain b(5).",-32,-37,False,recurrence,,,unroll_recurrence,,, -37
test_unseen_00060,baseline,500,unseen,"Without solving for x and y, evaluate x^2 + y^2 when x + y = -10 and xy = -24.",148,80,False,symmetric_polynomial_identity,,,expand_symmetric_identity,,, 80
test_unseen_00061,baseline,500,unseen,"Using (u - v)(u + v), calculate 67^2 - 12^2.",4345,4089,False,factorization,,,factor_difference_of_squares,,, 4089
test_unseen_00062,baseline,500,unseen,What number does -u^2 + 4u - 1 produce when u is -4?,-33,-36,False,substitution,,,substitute_expression,,, -36
test_unseen_00063,baseline,500,unseen,The lines -3x - y = -26 and -x + y = -10 intersect. Give the x-coordinate.,9,5,False,linear_elimination,,,solve_linear_system,,, 5
test_unseen_00064,baseline,500,unseen,"At a fixed rate, 12 items cost 7 dollars. What do 108 items cost?",63,63,True,ratio_proportion,,,solve_proportion,,, 63
test_unseen_00065,baseline,500,unseen,A machine begins at -2; after each round it changes its value by -4. What value appears after 9 updates?,-38,-16,False,recurrence,,,unroll_recurrence,,, -16
test_unseen_00066,baseline,500,unseen,The roots x and y of t^2 - (27)t + (182) = 0 are real. Find x^2 + y^2.,365,359,False,symmetric_polynomial_identity,,,expand_symmetric_identity,,, 359
test_unseen_00067,baseline,500,unseen,A square of side 33 is removed from a square of side 64. What area remains?,3007,128,False,factorization,,,factor_difference_of_squares,,, 128
test_unseen_00068,baseline,500,unseen,A rule maps q to -q^2 + q + 10. Determine its output at q = 2.,8,-6,False,substitution,,,substitute_expression,,, -6
test_unseen_00069,baseline,500,unseen,Find the value of y satisfying both constraints: x + 2y = 17 and 2x - 4y = -14.,6,-3,False,linear_elimination,,,solve_linear_system,,, -3
test_unseen_00070,baseline,500,unseen,Complete the equivalent fractions: 11/8 = 66/[blank].,48,52,False,ratio_proportion,,,solve_proportion,,, 52
test_unseen_00071,baseline,500,unseen,"Unroll b(n+1) = b(n) - 2, with b(1) = 10, to obtain b(13).",-14,-9,False,recurrence,,,unroll_recurrence,,, -9
test_unseen_00072,baseline,500,unseen,"Without solving for x and y, evaluate x^2 + y^2 when x + y = -18 and xy = 56.",212,170,False,symmetric_polynomial_identity,,,expand_symmetric_identity,,, 170
test_unseen_00073,baseline,500,unseen,"Using (u - v)(u + v), calculate 40^2 - 25^2.",975,1375,False,factorization,,,factor_difference_of_squares,,, 1375
test_unseen_00074,baseline,500,unseen,What number does 2u^2 + 5u - 3 produce when u is -7?,60,-86,False,substitution,,,substitute_expression,,, -86
test_unseen_00075,baseline,500,unseen,The lines x - 4y = -33 and -5x - 2y = -11 intersect. Give the y-coordinate.,8,-6,False,linear_elimination,,,solve_linear_system,,, -6
test_unseen_00076,baseline,500,unseen,"At a fixed rate, 2 items cost 7 dollars. What do 24 items cost?",84,84,True,ratio_proportion,,,solve_proportion,,, 84
test_unseen_00077,baseline,500,unseen,A machine begins at 0; after each round it changes its value by -3. What value appears after 12 updates?,-36,-24,False,recurrence,,,unroll_recurrence,,, -24
test_unseen_00078,baseline,500,unseen,The roots x and y of t^2 - (12)t + (35) = 0 are real. Find x^2 + y^2.,74,64,False,symmetric_polynomial_identity,,,expand_symmetric_identity,,, 64
test_unseen_00079,baseline,500,unseen,A square of side 23 is removed from a square of side 52. What area remains?,2175,104,False,factorization,,,factor_difference_of_squares,,, 104
test_unseen_00080,baseline,500,unseen,A rule maps q to 3q^2 - 8q + 6. Determine its output at q = 2.,2,10,False,substitution,,,substitute_expression,,, 10
test_unseen_00081,baseline,500,unseen,Find the value of y satisfying both constraints: -3x + 5y = 24 and -2x + 4y = 16.,0,8,False,linear_elimination,,,solve_linear_system,,, 8
test_unseen_00082,baseline,500,unseen,Complete the equivalent fractions: 15/2 = 105/[blank].,14,105,False,ratio_proportion,,,solve_proportion,,, 105
test_unseen_00083,baseline,500,unseen,"Unroll b(n+1) = b(n) - 4, with b(1) = -17, to obtain b(15).",-73,-28,False,recurrence,,,unroll_recurrence,,, -28
test_unseen_00084,baseline,500,unseen,"Without solving for x and y, evaluate x^2 + y^2 when x + y = -9 and xy = 18.",45,65,False,symmetric_polynomial_identity,,,expand_symmetric_identity,,, 65
test_unseen_00085,baseline,500,unseen,"Using (u - v)(u + v), calculate 30^2 - 9^2.",819,672,False,factorization,,,factor_difference_of_squares,,, 672
test_unseen_00086,baseline,500,unseen,What number does 3u^2 - 11 produce when u is 7?,136,50,False,substitution,,,substitute_expression,,, 50
test_unseen_00087,baseline,500,unseen,The lines 3x + 2y = 8 and -5x - 5y = -25 intersect. Give the x-coordinate.,-2,1,False,linear_elimination,,,solve_linear_system,,, 1
test_unseen_00088,baseline,500,unseen,"At a fixed rate, 8 items cost 2 dollars. What do 80 items cost?",20,40,False,ratio_proportion,,,solve_proportion,,, 40
test_unseen_00089,baseline,500,unseen,A machine begins at -13; after each round it changes its value by -7. What value appears after 14 updates?,-111,-80,False,recurrence,,,unroll_recurrence,,, -80
test_unseen_00090,baseline,500,unseen,The roots x and y of t^2 - (13)t + (36) = 0 are real. Find x^2 + y^2.,97,87,False,symmetric_polynomial_identity,,,expand_symmetric_identity,,, 87
test_unseen_00091,baseline,500,unseen,A square of side 16 is removed from a square of side 72. What area remains?,4928,384,False,factorization,,,factor_difference_of_squares,,, 384
test_unseen_00092,baseline,500,unseen,A rule maps q to 4q^2 - 7q. Determine its output at q = 0.,0,-1,False,substitution,,,substitute_expression,,, -1
test_unseen_00093,baseline,500,unseen,Find the value of y satisfying both constraints: 5x - 2y = 31 and -4x + 3y = -15.,7,6,False,linear_elimination,,,solve_linear_system,,, 6
test_unseen_00094,baseline,500,unseen,Complete the equivalent fractions: 3/18 = 12/[blank].,72,12,False,ratio_proportion,,,solve_proportion,,, 12
test_unseen_00095,baseline,500,unseen,"Unroll b(n+1) = b(n) - 3, with b(1) = -14, to obtain b(7).",-32,-26,False,recurrence,,,unroll_recurrence,,, -26
test_unseen_00096,baseline,500,unseen,"Without solving for x and y, evaluate x^2 + y^2 when x + y = -15 and xy = 56.",113,173,False,symmetric_polynomial_identity,,,expand_symmetric_identity,,, 173
test_unseen_00097,baseline,500,unseen,"Using (u - v)(u + v), calculate 58^2 - 36^2.",2068,1904,False,factorization,,,factor_difference_of_squares,,, 1904
test_unseen_00098,baseline,500,unseen,What number does -4u^2 + 8u produce when u is 4?,-32,-60,False,substitution,,,substitute_expression,,, -60
test_unseen_00099,baseline,500,unseen,The lines 2x + y = 7 and -3x - 5y = 21 intersect. Give the y-coordinate.,-9,-6,False,linear_elimination,,,solve_linear_system,,, -6
test_unseen_00100,baseline,500,unseen,"At a fixed rate, 5 items cost 8 dollars. What do 25 items cost?",40,40,True,ratio_proportion,,,solve_proportion,,, 40
test_unseen_00101,baseline,500,unseen,A machine begins at 7; after each round it changes its value by 2. What value appears after 7 updates?,21,19,False,recurrence,,,unroll_recurrence,,, 19
test_unseen_00102,baseline,500,unseen,The roots x and y of t^2 - (10)t + (-24) = 0 are real. Find x^2 + y^2.,148,86,False,symmetric_polynomial_identity,,,expand_symmetric_identity,,, 86
test_unseen_00103,baseline,500,unseen,A square of side 23 is removed from a square of side 80. What area remains?,5871,1476,False,factorization,,,factor_difference_of_squares,,, 1476
test_unseen_00104,baseline,500,unseen,A rule maps q to -5q^2 + 4q - 2. Determine its output at q = 0.,-2,-2,True,substitution,,,substitute_expression,,, -2
test_unseen_00105,baseline,500,unseen,Find the value of x satisfying both constraints: -5x + 2y = -24 and 2x + 4y = 48.,8,12,False,linear_elimination,,,solve_linear_system,,, 12
test_unseen_00106,baseline,500,unseen,Complete the equivalent fractions: 6/11 = 30/[blank].,55,33,False,ratio_proportion,,,solve_proportion,,, 33
test_unseen_00107,baseline,500,unseen,"Unroll b(n+1) = b(n) + 1, with b(1) = 16, to obtain b(12).",27,190,False,recurrence,,,unroll_recurrence,,, 190
test_unseen_00108,baseline,500,unseen,"Without solving for x and y, evaluate x^2 + y^2 when x + y = 15 and xy = 14.",197,67,False,symmetric_polynomial_identity,,,expand_symmetric_identity,,, 67
test_unseen_00109,baseline,500,unseen,"Using (u - v)(u + v), calculate 74^2 - 15^2.",5251,6089,False,factorization,,,factor_difference_of_squares,,, 6089
test_unseen_00110,baseline,500,unseen,What number does -5u^2 - 6u - 6 produce when u is 0?,-6,-6,True,substitution,,,substitute_expression,,, -6
test_unseen_00111,baseline,500,unseen,The lines -3x - y = 2 and -5x - 5y = 10 intersect. Give the x-coordinate.,0,-1,False,linear_elimination,,,solve_linear_system,,, -1
test_unseen_00112,baseline,500,unseen,"At a fixed rate, 8 items cost 17 dollars. What do 80 items cost?",170,140,False,ratio_proportion,,,solve_proportion,,, 140
test_unseen_00113,baseline,500,unseen,A machine begins at 18; after each round it changes its value by -2. What value appears after 5 updates?,8,-20,False,recurrence,,,unroll_recurrence,,, -20
test_unseen_00114,baseline,500,unseen,The roots x and y of t^2 - (9)t + (14) = 0 are real. Find x^2 + y^2.,53,67,False,symmetric_polynomial_identity,,,expand_symmetric_identity,,, 67
test_unseen_00115,baseline,500,unseen,A square of side 14 is removed from a square of side 77. What area remains?,5733,308,False,factorization,,,factor_difference_of_squares,,, 308
test_unseen_00116,baseline,500,unseen,A rule maps q to -q^2 + 2q - 8. Determine its output at q = 7.,-43,-103,False,substitution,,,substitute_expression,,, -103
test_unseen_00117,baseline,500,unseen,Find the value of y satisfying both constraints: 5x + 3y = 15 and 4x + y = 12.,0,-6,False,linear_elimination,,,solve_linear_system,,, -6
test_unseen_00118,baseline,500,unseen,Complete the equivalent fractions: 10/3 = 70/[blank].,21,3,False,ratio_proportion,,,solve_proportion,,, 3
test_unseen_00119,baseline,500,unseen,"Unroll b(n+1) = b(n) - 1, with b(1) = -16, to obtain b(3).",-18,-17,False,recurrence,,,unroll_recurrence,,, -17
test_seen_00000,oracle,500,seen,"If x + y = -20 and xy = 84, find x^2 + y^2.",232,160,False,symmetric_polynomial_identity,,,expand_symmetric_identity,,, 160
test_seen_00001,oracle,500,seen,Evaluate 71^2 - 11^2.,4920,4900,False,factorization,,,factor_difference_of_squares,,, 4900
test_seen_00002,oracle,500,seen,Let f(t) = t^2 - 5t + 2. Find f(2).,-4,10,False,substitution,,,substitute_expression,,, 10
test_seen_00003,oracle,500,seen,Solve 4x + 3y = -3 and x + y = -3. What is x?,6,-6,False,linear_elimination,,,solve_linear_system,,, -6
test_seen_00004,oracle,500,seen,Solve the proportion 2/5 = 6/x for x.,15,15,True,ratio_proportion,,,solve_proportion,,, 15
test_seen_00005,oracle,500,seen,A sequence starts with a1 = -11 and each next term is the current term + 4. Find a4.,1,3,False,recurrence,,,unroll_recurrence,,, 3
test_seen_00006,oracle,500,seen,Two numbers have sum -9 and product -10. What is the sum of their squares?,101,81,False,symmetric_polynomial_identity,,,expand_symmetric_identity,,, 81
test_seen_00007,oracle,500,seen,Compute the difference of squares: 42 squared minus 33 squared.,675,108,False,factorization,,,factor_difference_of_squares,,, 108
test_seen_00008,oracle,500,seen,Substitute z = 2 into 2z^2 + 8z - 4.,20,16,False,substitution,,,substitute_expression,,, 16
test_seen_00009,oracle,500,seen,The equations -4x - 5y = 1 and 4x - 5y = -31 hold simultaneously. Find x.,-4,-2,False,linear_elimination,,,solve_linear_system,,, -2
test_seen_00010,oracle,500,seen,"If 2:7 = 12:x, what is x?",42,42,True,ratio_proportion,,,solve_proportion,,, 42
test_seen_00011,oracle,500,seen,"Starting at -16, repeatedly change the value by -1. What is term 11, counting the start as term 1?",-26,-23,False,recurrence,,,unroll_recurrence,,, -23
test_seen_00012,oracle,500,seen,"Given s = x + y = -8 and p = xy = -48, compute x^2 + y^2.",160,196,False,symmetric_polynomial_identity,,,expand_symmetric_identity,,, 196
test_seen_00013,oracle,500,seen,What is 43^2 - 39^2? Use factorization if helpful.,328,1080,False,factorization,,,factor_difference_of_squares,,, 1080
test_seen_00014,oracle,500,seen,"For P(x) = -4x^2 + 6x + 8, evaluate P(7).",-146,-104,False,substitution,,,substitute_expression,,, -104
test_seen_00015,oracle,500,seen,Use elimination on the system 3x + 5y = 8; 2x - 3y = -1. Determine x.,1,-4,False,linear_elimination,,,solve_linear_system,,, -4
test_seen_00016,oracle,500,seen,The ratio 15 to 4 equals the ratio 105 to x. Find x.,28,28,True,ratio_proportion,,,solve_proportion,,, 28
test_seen_00017,oracle,500,seen,An arithmetic sequence has first term 17 and common difference -8. Find its 7th term.,-31,-53,False,recurrence,,,unroll_recurrence,,, -53
test_seen_00018,oracle,500,seen,"If x + y = -4 and xy = -60, find x^2 + y^2.",136,176,False,symmetric_polynomial_identity,,,expand_symmetric_identity,,, 176
test_seen_00019,oracle,500,seen,Evaluate 45^2 - 40^2.,425,1625,False,factorization,,,factor_difference_of_squares,,, 1625
test_seen_00020,oracle,500,seen,Let f(t) = 4t^2 - 5t - 3. Find f(0).,-3,-9,False,substitution,,,substitute_expression,,, -9
test_seen_00021,oracle,500,seen,Solve -5x + 2y = -2 and x + 4y = 18. What is x?,2,-3,False,linear_elimination,,,solve_linear_system,,, -3
test_seen_00022,oracle,500,seen,Solve the proportion 7/6 = 84/x for x.,72,72,True,ratio_proportion,,,solve_proportion,,, 72
test_seen_00023,oracle,500,seen,A sequence starts with a1 = -11 and each next term is the current term - 7. Find a12.,-88,-50,False,recurrence,,,unroll_recurrence,,, -50
test_seen_00024,oracle,500,seen,Two numbers have sum 4 and product -60. What is the sum of their squares?,136,124,False,symmetric_polynomial_identity,,,expand_symmetric_identity,,, 124
test_seen_00025,oracle,500,seen,Compute the difference of squares: 77 squared minus 8 squared.,5865,5609,False,factorization,,,factor_difference_of_squares,,, 5609
test_seen_00026,oracle,500,seen,Substitute z = -7 into 2z^2 + 6z + 6.,62,108,False,substitution,,,substitute_expression,,, 108
test_seen_00027,oracle,500,seen,The equations -4x - 4y = 56 and -3x - 5y = 60 hold simultaneously. Find y.,-9,-1,False,linear_elimination,,,solve_linear_system,,, -1
test_seen_00028,oracle,500,seen,"If 3:19 = 27:x, what is x?",171,153,False,ratio_proportion,,,solve_proportion,,, 153
test_seen_00029,oracle,500,seen,"Starting at 9, repeatedly change the value by -1. What is term 8, counting the start as term 1?",2,-7,False,recurrence,,,unroll_recurrence,,, -7
test_seen_00030,oracle,500,seen,"Given s = x + y = 27 and p = xy = 180, compute x^2 + y^2.",369,369,True,symmetric_polynomial_identity,,,expand_symmetric_identity,,, 369
test_seen_00031,oracle,500,seen,What is 32^2 - 26^2? Use factorization if helpful.,348,1080,False,factorization,,,factor_difference_of_squares,,, 1080
test_seen_00032,oracle,500,seen,"For P(x) = -5x^2 - 6x + 10, evaluate P(-4).",-46,-78,False,substitution,,,substitute_expression,,, -78
test_seen_00033,oracle,500,seen,Use elimination on the system 5x + 4y = 3; x - y = 6. Determine y.,-3,1,False,linear_elimination,,,solve_linear_system,,, 1
test_seen_00034,oracle,500,seen,The ratio 14 to 12 equals the ratio 112 to x. Find x.,96,96,True,ratio_proportion,,,solve_proportion,,, 96
test_seen_00035,oracle,500,seen,An arithmetic sequence has first term -17 and common difference 3. Find its 5th term.,-5,20,False,recurrence,,,unroll_recurrence,,, 20
test_seen_00036,oracle,500,seen,"If x + y = -8 and xy = -20, find x^2 + y^2.",104,164,False,symmetric_polynomial_identity,,,expand_symmetric_identity,,, 164
test_seen_00037,oracle,500,seen,Evaluate 21^2 - 14^2.,245,365,False,factorization,,,factor_difference_of_squares,,, 365
test_seen_00038,oracle,500,seen,Let f(t) = -2t^2 + t - 5. Find f(-2).,-15,-19,False,substitution,,,substitute_expression,,, -19
test_seen_00039,oracle,500,seen,Solve x + y = -6 and -2x - 5y = 21. What is y?,-3,-7,False,linear_elimination,,,solve_linear_system,,, -7
test_seen_00040,oracle,500,seen,Solve the proportion 10/3 = 30/x for x.,9,9,True,ratio_proportion,,,solve_proportion,,, 9
test_seen_00041,oracle,500,seen,A sequence starts with a1 = -19 and each next term is the current term - 9. Find a11.,-109,-80,False,recurrence,,,unroll_recurrence,,, -80
test_seen_00042,oracle,500,seen,Two numbers have sum 16 and product 48. What is the sum of their squares?,160,256,False,symmetric_polynomial_identity,,,expand_symmetric_identity,,, 256
test_seen_00043,oracle,500,seen,Compute the difference of squares: 67 squared minus 34 squared.,3333,2953,False,factorization,,,factor_difference_of_squares,,, 2953
test_seen_00044,oracle,500,seen,Substitute z = -2 into 4z^2 - 5z + 6.,32,10,False,substitution,,,substitute_expression,,, 10
test_seen_00045,oracle,500,seen,The equations -3x + 2y = -1 and x - 3y = 5 hold simultaneously. Find x.,-1,-4,False,linear_elimination,,,solve_linear_system,,, -4
test_seen_00046,oracle,500,seen,"If 2:5 = 10:x, what is x?",25,25,True,ratio_proportion,,,solve_proportion,,, 25
test_seen_00047,oracle,500,seen,"Starting at 16, repeatedly change the value by -6. What is term 12, counting the start as term 1?",-50,-50,True,recurrence,,,unroll_recurrence,,, -50
test_seen_00048,oracle,500,seen,"Given s = x + y = -11 and p = xy = 18, compute x^2 + y^2.",85,349,False,symmetric_polynomial_identity,,,expand_symmetric_identity,,, 349
test_seen_00049,oracle,500,seen,What is 54^2 - 26^2? Use factorization if helpful.,2240,1980,False,factorization,,,factor_difference_of_squares,,, 1980
test_seen_00050,oracle,500,seen,"For P(x) = -4x^2 - 8x - 7, evaluate P(-1).",-3,-19,False,substitution,,,substitute_expression,,, -19
test_seen_00051,oracle,500,seen,Use elimination on the system 3x + 4y = -14; -3x - 2y = 16. Determine x.,-6,-5,False,linear_elimination,,,solve_linear_system,,, -5
test_seen_00052,oracle,500,seen,The ratio 5 to 3 equals the ratio 15 to x. Find x.,9,9,True,ratio_proportion,,,solve_proportion,,, 9
test_seen_00053,oracle,500,seen,An arithmetic sequence has first term 10 and common difference -1. Find its 14th term.,-3,-15,False,recurrence,,,unroll_recurrence,,, -15
test_seen_00054,oracle,500,seen,"If x + y = 7 and xy = -98, find x^2 + y^2.",245,253,False,symmetric_polynomial_identity,,,expand_symmetric_identity,,, 253
test_seen_00055,oracle,500,seen,Evaluate 48^2 - 43^2.,455,1053,False,factorization,,,factor_difference_of_squares,,, 1053
test_seen_00056,oracle,500,seen,Let f(t) = 3t^2 + 2t - 8. Find f(-2).,0,16,False,substitution,,,substitute_expression,,, 16
test_seen_00057,oracle,500,seen,Solve -2x + 2y = -14 and 5x - 3y = 17. What is y?,-9,-6,False,linear_elimination,,,solve_linear_system,,, -6
test_seen_00058,oracle,500,seen,Solve the proportion 11/16 = 66/x for x.,96,96,True,ratio_proportion,,,solve_proportion,,, 96
test_seen_00059,oracle,500,seen,A sequence starts with a1 = 8 and each next term is the current term + 7. Find a7.,50,39,False,recurrence,,,unroll_recurrence,,, 39
test_seen_00060,oracle,500,seen,Two numbers have sum 29 and product 210. What is the sum of their squares?,421,589,False,symmetric_polynomial_identity,,,expand_symmetric_identity,,, 589
test_seen_00061,oracle,500,seen,Compute the difference of squares: 69 squared minus 37 squared.,3392,2048,False,factorization,,,factor_difference_of_squares,,, 2048
test_seen_00062,oracle,500,seen,Substitute z = -1 into 4z^2 + 5z + 11.,10,0,False,substitution,,,substitute_expression,,, 0
test_seen_00063,oracle,500,seen,The equations -4x - 2y = -46 and 4x + 5y = 73 hold simultaneously. Find x.,7,-1,False,linear_elimination,,,solve_linear_system,,, -1
test_seen_00064,oracle,500,seen,"If 11:2 = 132:x, what is x?",24,24,True,ratio_proportion,,,solve_proportion,,, 24
test_seen_00065,oracle,500,seen,"Starting at -6, repeatedly change the value by -7. What is term 6, counting the start as term 1?",-41,-53,False,recurrence,,,unroll_recurrence,,, -53
test_seen_00066,oracle,500,seen,"Given s = x + y = -5 and p = xy = -36, compute x^2 + y^2.",97,177,False,symmetric_polynomial_identity,,,expand_symmetric_identity,,, 177
test_seen_00067,oracle,500,seen,What is 39^2 - 35^2? Use factorization if helpful.,296,1084,False,factorization,,,factor_difference_of_squares,,, 1084
test_seen_00068,oracle,500,seen,"For P(x) = -x^2 - 3x + 3, evaluate P(0).",3,-3,False,substitution,,,substitute_expression,,, -3
test_seen_00069,oracle,500,seen,Use elimination on the system -x + 2y = -4; -3x - 4y = -12. Determine y.,0,-6,False,linear_elimination,,,solve_linear_system,,, -6
test_seen_00070,oracle,500,seen,The ratio 7 to 12 equals the ratio 49 to x. Find x.,84,84,True,ratio_proportion,,,solve_proportion,,, 84
test_seen_00071,oracle,500,seen,An arithmetic sequence has first term 4 and common difference -6. Find its 14th term.,-74,-52,False,recurrence,,,unroll_recurrence,,, -52
test_seen_00072,oracle,500,seen,"If x + y = -6 and xy = 5, find x^2 + y^2.",26,37,False,symmetric_polynomial_identity,,,expand_symmetric_identity,,, 37
test_seen_00073,oracle,500,seen,Evaluate 46^2 - 15^2.,1891,1897,False,factorization,,,factor_difference_of_squares,,, 1897
test_seen_00074,oracle,500,seen,Let f(t) = 3t^2 - 3t - 1. Find f(-3).,35,54,False,substitution,,,substitute_expression,,, 54
test_seen_00075,oracle,500,seen,Solve 4x - y = 18 and 3x + 5y = 2. What is x?,4,0,False,linear_elimination,,,solve_linear_system,,, 0
test_seen_00076,oracle,500,seen,Solve the proportion 4/11 = 16/x for x.,44,44,True,ratio_proportion,,,solve_proportion,,, 44
test_seen_00077,oracle,500,seen,A sequence starts with a1 = -7 and each next term is the current term - 5. Find a5.,-27,-26,False,recurrence,,,unroll_recurrence,,, -26
test_seen_00078,oracle,500,seen,Two numbers have sum 4 and product 3. What is the sum of their squares?,10,10,True,symmetric_polynomial_identity,,,expand_symmetric_identity,,, 10
test_seen_00079,oracle,500,seen,Compute the difference of squares: 48 squared minus 14 squared.,2108,2000,False,factorization,,,factor_difference_of_squares,,, 2000
test_seen_00080,oracle,500,seen,Substitute z = -5 into 3z^2 + 4z + 4.,59,17,False,substitution,,,substitute_expression,,, 17
test_seen_00081,oracle,500,seen,The equations x - y = 5 and 3x - y = 3 hold simultaneously. Find x.,-1,2,False,linear_elimination,,,solve_linear_system,,, 2
test_seen_00082,oracle,500,seen,"If 4:20 = 40:x, what is x?",200,80,False,ratio_proportion,,,solve_proportion,,, 80
test_seen_00083,oracle,500,seen,"Starting at -17, repeatedly change the value by 4. What is term 9, counting the start as term 1?",15,53,False,recurrence,,,unroll_recurrence,,, 53
test_seen_00084,oracle,500,seen,"Given s = x + y = 2 and p = xy = -3, compute x^2 + y^2.",10,4,False,symmetric_polynomial_identity,,,expand_symmetric_identity,,, 4
test_seen_00085,oracle,500,seen,What is 72^2 - 42^2? Use factorization if helpful.,3420,3088,False,factorization,,,factor_difference_of_squares,,, 3088
test_seen_00086,oracle,500,seen,"For P(x) = 4x^2 + 7x + 5, evaluate P(3).",62,68,False,substitution,,,substitute_expression,,, 68
test_seen_00087,oracle,500,seen,Use elimination on the system 5x + 2y = -48; 2x - 4y = 24. Determine y.,-9,-1,False,linear_elimination,,,solve_linear_system,,, -1
test_seen_00088,oracle,500,seen,The ratio 3 to 8 equals the ratio 27 to x. Find x.,72,64,False,ratio_proportion,,,solve_proportion,,, 64
test_seen_00089,oracle,500,seen,An arithmetic sequence has first term 14 and common difference -7. Find its 9th term.,-42,-53,False,recurrence,,,unroll_recurrence,,, -53
test_seen_00090,oracle,500,seen,"If x + y = -11 and xy = 0, find x^2 + y^2.",121,38,False,symmetric_polynomial_identity,,,expand_symmetric_identity,,, 38
test_seen_00091,oracle,500,seen,Evaluate 59^2 - 13^2.,3312,3064,False,factorization,,,factor_difference_of_squares,,, 3064
test_seen_00092,oracle,500,seen,Let f(t) = -5t^2 - 6t - 4. Find f(-2).,-12,-38,False,substitution,,,substitute_expression,,, -38
test_seen_00093,oracle,500,seen,Solve -4x + y = 25 and 2x - 5y = 19. What is x?,-8,-3,False,linear_elimination,,,solve_linear_system,,, -3
test_seen_00094,oracle,500,seen,Solve the proportion 12/4 = 60/x for x.,20,20,True,ratio_proportion,,,solve_proportion,,, 20
test_seen_00095,oracle,500,seen,A sequence starts with a1 = -8 and each next term is the current term - 6. Find a12.,-74,-70,False,recurrence,,,unroll_recurrence,,, -70
test_seen_00096,oracle,500,seen,Two numbers have sum -17 and product 72. What is the sum of their squares?,145,185,False,symmetric_polynomial_identity,,,expand_symmetric_identity,,, 185
test_seen_00097,oracle,500,seen,Compute the difference of squares: 55 squared minus 4 squared.,3009,2891,False,factorization,,,factor_difference_of_squares,,, 2891
test_seen_00098,oracle,500,seen,Substitute z = -3 into -5z^2 - 5z - 9.,-39,-48,False,substitution,,,substitute_expression,,, -48
test_seen_00099,oracle,500,seen,The equations 4x + 3y = -57 and 5x + 5y = -80 hold simultaneously. Find x.,-9,-1,False,linear_elimination,,,solve_linear_system,,, -1
test_seen_00100,oracle,500,seen,"If 6:10 = 48:x, what is x?",80,80,True,ratio_proportion,,,solve_proportion,,, 80
test_seen_00101,oracle,500,seen,"Starting at -10, repeatedly change the value by -4. What is term 13, counting the start as term 1?",-58,-56,False,recurrence,,,unroll_recurrence,,, -56
test_seen_00102,oracle,500,seen,"Given s = x + y = 2 and p = xy = -35, compute x^2 + y^2.",74,149,False,symmetric_polynomial_identity,,,expand_symmetric_identity,,, 149
test_seen_00103,oracle,500,seen,What is 70^2 - 33^2? Use factorization if helpful.,3811,4619,False,factorization,,,factor_difference_of_squares,,, 4619
test_seen_00104,oracle,500,seen,"For P(x) = 2x^2 + 5x + 9, evaluate P(-2).",7,17,False,substitution,,,substitute_expression,,, 17
test_seen_00105,oracle,500,seen,Use elimination on the system 4x - 2y = 16; 2x + y = 12. Determine y.,2,3,False,linear_elimination,,,solve_linear_system,,, 3
test_seen_00106,oracle,500,seen,The ratio 15 to 2 equals the ratio 150 to x. Find x.,20,160,False,ratio_proportion,,,solve_proportion,,, 160
test_seen_00107,oracle,500,seen,An arithmetic sequence has first term 8 and common difference -5. Find its 3th term.,-2,-19,False,recurrence,,,unroll_recurrence,,, -19
test_seen_00108,oracle,500,seen,"If x + y = -27 and xy = 180, find x^2 + y^2.",369,369,True,symmetric_polynomial_identity,,,expand_symmetric_identity,,, 369
test_seen_00109,oracle,500,seen,Evaluate 76^2 - 43^2.,3927,3905,False,factorization,,,factor_difference_of_squares,,, 3905
test_seen_00110,oracle,500,seen,Let f(t) = 4t^2 + 4t - 5. Find f(0).,-5,-5,True,substitution,,,substitute_expression,,, -5
test_seen_00111,oracle,500,seen,Solve -4x - 3y = 42 and -5x + 3y = 39. What is x?,-9,-6,False,linear_elimination,,,solve_linear_system,,, -6
test_seen_00112,oracle,500,seen,Solve the proportion 2/4 = 10/x for x.,20,20,True,ratio_proportion,,,solve_proportion,,, 20
test_seen_00113,oracle,500,seen,A sequence starts with a1 = 15 and each next term is the current term - 6. Find a11.,-45,-34,False,recurrence,,,unroll_recurrence,,, -34
test_seen_00114,oracle,500,seen,Two numbers have sum 12 and product -28. What is the sum of their squares?,200,36,False,symmetric_polynomial_identity,,,expand_symmetric_identity,,, 36
test_seen_00115,oracle,500,seen,Compute the difference of squares: 36 squared minus 34 squared.,140,100,False,factorization,,,factor_difference_of_squares,,, 100
test_seen_00116,oracle,500,seen,Substitute z = -3 into z^2 + 2z - 1.,2,6,False,substitution,,,substitute_expression,,, 6
test_seen_00117,oracle,500,seen,The equations -5x + 2y = -4 and -4x - 5y = -56 hold simultaneously. Find x.,4,-3,False,linear_elimination,,,solve_linear_system,,, -3
test_seen_00118,oracle,500,seen,"If 2:2 = 16:x, what is x?",16,16,True,ratio_proportion,,,solve_proportion,,, 16
test_seen_00119,oracle,500,seen,"Starting at -4, repeatedly change the value by -1. What is term 11, counting the start as term 1?",-14,-15,False,recurrence,,,unroll_recurrence,,, -15
test_unseen_00000,oracle,500,unseen,"Without solving for x and y, evaluate x^2 + y^2 when x + y = -1 and xy = -2.",5,5,True,symmetric_polynomial_identity,,,expand_symmetric_identity,,, 5
test_unseen_00001,oracle,500,unseen,"Using (u - v)(u + v), calculate 44^2 - 36^2.",640,1088,False,factorization,,,factor_difference_of_squares,,, 1088
test_unseen_00002,oracle,500,unseen,What number does -3u^2 + 4u - 5 produce when u is -3?,-44,-18,False,substitution,,,substitute_expression,,, -18
test_unseen_00003,oracle,500,unseen,The lines -4x + 4y = 28 and -5x - 4y = 53 intersect. Give the x-coordinate.,-9,-6,False,linear_elimination,,,solve_linear_system,,, -6
test_unseen_00004,oracle,500,unseen,"At a fixed rate, 14 items cost 18 dollars. What do 84 items cost?",108,108,True,ratio_proportion,,,solve_proportion,,, 108
test_unseen_00005,oracle,500,unseen,A machine begins at 17; after each round it changes its value by 4. What value appears after 8 updates?,49,65,False,recurrence,,,unroll_recurrence,,, 65
test_unseen_00006,oracle,500,unseen,The roots x and y of t^2 - (16)t + (63) = 0 are real. Find x^2 + y^2.,130,154,False,symmetric_polynomial_identity,,,expand_symmetric_identity,,, 154
test_unseen_00007,oracle,500,unseen,A square of side 44 is removed from a square of side 65. What area remains?,2289,1276,False,factorization,,,factor_difference_of_squares,,, 1276
test_unseen_00008,oracle,500,unseen,A rule maps q to q^2 - 6q - 2. Determine its output at q = 6.,-2,18,False,substitution,,,substitute_expression,,, 18
test_unseen_00009,oracle,500,unseen,Find the value of x satisfying both constraints: -4x + 3y = -12 and -4x + 4y = -16.,0,0,True,linear_elimination,,,solve_linear_system,,, 0
test_unseen_00010,oracle,500,unseen,Complete the equivalent fractions: 6/12 = 18/[blank].,36,3,False,ratio_proportion,,,solve_proportion,,, 3
test_unseen_00011,oracle,500,unseen,"Unroll b(n+1) = b(n) + 1, with b(1) = -18, to obtain b(8).",-11,-16,False,recurrence,,,unroll_recurrence,,, -16
test_unseen_00012,oracle,500,unseen,"Without solving for x and y, evaluate x^2 + y^2 when x + y = -15 and xy = 36.",153,145,False,symmetric_polynomial_identity,,,expand_symmetric_identity,,, 145
test_unseen_00013,oracle,500,unseen,"Using (u - v)(u + v), calculate 39^2 - 14^2.",1325,6057,False,factorization,,,factor_difference_of_squares,,, 6057
test_unseen_00014,oracle,500,unseen,What number does 11 - 3u^2 produce when u is -4?,-37,-27,False,substitution,,,substitute_expression,,, -27
test_unseen_00015,oracle,500,unseen,The lines 5x + 5y = -80 and x - 5y = 32 intersect. Give the y-coordinate.,-8,-1,False,linear_elimination,,,solve_linear_system,,, -1
test_unseen_00016,oracle,500,unseen,"At a fixed rate, 7 items cost 17 dollars. What do 84 items cost?",204,168,False,ratio_proportion,,,solve_proportion,,, 168
test_unseen_00017,oracle,500,unseen,A machine begins at 17; after each round it changes its value by 6. What value appears after 14 updates?,101,95,False,recurrence,,,unroll_recurrence,,, 95
test_unseen_00018,oracle,500,unseen,The roots x and y of t^2 - (-9)t + (-22) = 0 are real. Find x^2 + y^2.,125,173,False,symmetric_polynomial_identity,,,expand_symmetric_identity,,, 173
test_unseen_00019,oracle,500,unseen,A square of side 16 is removed from a square of side 78. What area remains?,5828,492,False,factorization,,,factor_difference_of_squares,,, 492
test_unseen_00020,oracle,500,unseen,A rule maps q to 3q^2 + 3q + 7. Determine its output at q = 6.,133,159,False,substitution,,,substitute_expression,,, 159
test_unseen_00021,oracle,500,unseen,Find the value of y satisfying both constraints: -3x - 5y = 29 and -2x - 5y = 21.,-1,-7,False,linear_elimination,,,solve_linear_system,,, -7
test_unseen_00022,oracle,500,unseen,Complete the equivalent fractions: 7/20 = 35/[blank].,100,140,False,ratio_proportion,,,solve_proportion,,, 140
test_unseen_00023,oracle,500,unseen,"Unroll b(n+1) = b(n) + 4, with b(1) = -13, to obtain b(8).",15,-57,False,recurrence,,,unroll_recurrence,,, -57
test_unseen_00024,oracle,500,unseen,"Without solving for x and y, evaluate x^2 + y^2 when x + y = -17 and xy = 60.",169,289,False,symmetric_polynomial_identity,,,expand_symmetric_identity,,, 289
test_unseen_00025,oracle,500,unseen,"Using (u - v)(u + v), calculate 24^2 - 16^2.",320,192,False,factorization,,,factor_difference_of_squares,,, 192
test_unseen_00026,oracle,500,unseen,What number does 2u^2 - 7u + 9 produce when u is 2?,3,1,False,substitution,,,substitute_expression,,, 1
test_unseen_00027,oracle,500,unseen,The lines -3x - 3y = 0 and 5x - 5y = 60 intersect. Give the y-coordinate.,-6,1,False,linear_elimination,,,solve_linear_system,,, 1
test_unseen_00028,oracle,500,unseen,"At a fixed rate, 3 items cost 2 dollars. What do 24 items cost?",16,16,True,ratio_proportion,,,solve_proportion,,, 16
test_unseen_00029,oracle,500,unseen,A machine begins at -9; after each round it changes its value by -1. What value appears after 13 updates?,-22,-20,False,recurrence,,,unroll_recurrence,,, -20
test_unseen_00030,oracle,500,unseen,The roots x and y of t^2 - (-3)t + (-54) = 0 are real. Find x^2 + y^2.,117,179,False,symmetric_polynomial_identity,,,expand_symmetric_identity,,, 179
test_unseen_00031,oracle,500,unseen,A square of side 5 is removed from a square of side 41. What area remains?,1656,608,False,factorization,,,factor_difference_of_squares,,, 608
test_unseen_00032,oracle,500,unseen,A rule maps q to 3q^2 - 10. Determine its output at q = 1.,-7,4,False,substitution,,,substitute_expression,,, 4
test_unseen_00033,oracle,500,unseen,Find the value of x satisfying both constraints: -x - 3y = -25 and -3x + 5y = 37.,1,1,True,linear_elimination,,,solve_linear_system,,, 1
test_unseen_00034,oracle,500,unseen,Complete the equivalent fractions: 3/16 = 24/[blank].,128,32,False,ratio_proportion,,,solve_proportion,,, 32
test_unseen_00035,oracle,500,unseen,"Unroll b(n+1) = b(n) + 3, with b(1) = 8, to obtain b(4).",17,29,False,recurrence,,,unroll_recurrence,,, 29
test_unseen_00036,oracle,500,unseen,"Without solving for x and y, evaluate x^2 + y^2 when x + y = 6 and xy = -91.",218,150,False,symmetric_polynomial_identity,,,expand_symmetric_identity,,, 150
test_unseen_00037,oracle,500,unseen,"Using (u - v)(u + v), calculate 47^2 - 38^2.",765,1095,False,factorization,,,factor_difference_of_squares,,, 1095
test_unseen_00038,oracle,500,unseen,What number does -u^2 + 8u - 1 produce when u is -4?,-49,-36,False,substitution,,,substitute_expression,,, -36
test_unseen_00039,oracle,500,unseen,The lines 3x + 2y = -28 and -4x + 3y = 26 intersect. Give the y-coordinate.,-2,-1,False,linear_elimination,,,solve_linear_system,,, -1
test_unseen_00040,oracle,500,unseen,"At a fixed rate, 15 items cost 15 dollars. What do 60 items cost?",60,90,False,ratio_proportion,,,solve_proportion,,, 90
test_unseen_00041,oracle,500,unseen,A machine begins at -4; after each round it changes its value by 6. What value appears after 4 updates?,20,0,False,recurrence,,,unroll_recurrence,,, 0
test_unseen_00042,oracle,500,unseen,The roots x and y of t^2 - (6)t + (-112) = 0 are real. Find x^2 + y^2.,260,359,False,symmetric_polynomial_identity,,,expand_symmetric_identity,,, 359
test_unseen_00043,oracle,500,unseen,A square of side 40 is removed from a square of side 64. What area remains?,2496,1280,False,factorization,,,factor_difference_of_squares,,, 1280
test_unseen_00044,oracle,500,unseen,A rule maps q to 4q^2 - 5q - 2. Determine its output at q = -2.,24,18,False,substitution,,,substitute_expression,,, 18
test_unseen_00045,oracle,500,unseen,Find the value of y satisfying both constraints: -5x - 4y = -10 and x + 5y = -19.,-5,-2,False,linear_elimination,,,solve_linear_system,,, -2
test_unseen_00046,oracle,500,unseen,Complete the equivalent fractions: 8/20 = 96/[blank].,240,16,False,ratio_proportion,,,solve_proportion,,, 16
test_unseen_00047,oracle,500,unseen,"Unroll b(n+1) = b(n) + 8, with b(1) = 8, to obtain b(6).",48,74,False,recurrence,,,unroll_recurrence,,, 74
test_unseen_00048,oracle,500,unseen,"Without solving for x and y, evaluate x^2 + y^2 when x + y = -18 and xy = 80.",164,249,False,symmetric_polynomial_identity,,,expand_symmetric_identity,,, 249
test_unseen_00049,oracle,500,unseen,"Using (u - v)(u + v), calculate 12^2 - 11^2.",23,80,False,factorization,,,factor_difference_of_squares,,, 80
test_unseen_00050,oracle,500,unseen,What number does u^2 + u - 12 produce when u is 1?,-10,7,False,substitution,,,substitute_expression,,, 7
test_unseen_00051,oracle,500,unseen,The lines -3x - 2y = 19 and 3x - 5y = 16 intersect. Give the x-coordinate.,-3,-7,False,linear_elimination,,,solve_linear_system,,, -7
test_unseen_00052,oracle,500,unseen,"At a fixed rate, 3 items cost 5 dollars. What do 24 items cost?",40,40,True,ratio_proportion,,,solve_proportion,,, 40
test_unseen_00053,oracle,500,unseen,A machine begins at 12; after each round it changes its value by 9. What value appears after 2 updates?,30,63,False,recurrence,,,unroll_recurrence,,, 63
test_unseen_00054,oracle,500,unseen,The roots x and y of t^2 - (18)t + (65) = 0 are real. Find x^2 + y^2.,194,174,False,symmetric_polynomial_identity,,,expand_symmetric_identity,,, 174
test_unseen_00055,oracle,500,unseen,A square of side 21 is removed from a square of side 47. What area remains?,1768,536,False,factorization,,,factor_difference_of_squares,,, 536
test_unseen_00056,oracle,500,unseen,A rule maps q to 8 - 3q^2. Determine its output at q = -5.,-67,-170,False,substitution,,,substitute_expression,,, -170
test_unseen_00057,oracle,500,unseen,Find the value of x satisfying both constraints: 4x - y = -29 and -5x - 5y = 30.,-7,-1,False,linear_elimination,,,solve_linear_system,,, -1
test_unseen_00058,oracle,500,unseen,Complete the equivalent fractions: 3/8 = 6/[blank].,16,24,False,ratio_proportion,,,solve_proportion,,, 24
test_unseen_00059,oracle,500,unseen,"Unroll b(n+1) = b(n) - 4, with b(1) = -16, to obtain b(5).",-32,-70,False,recurrence,,,unroll_recurrence,,, -70
test_unseen_00060,oracle,500,unseen,"Without solving for x and y, evaluate x^2 + y^2 when x + y = -10 and xy = -24.",148,156,False,symmetric_polynomial_identity,,,expand_symmetric_identity,,, 156
test_unseen_00061,oracle,500,unseen,"Using (u - v)(u + v), calculate 67^2 - 12^2.",4345,4089,False,factorization,,,factor_difference_of_squares,,, 4089
test_unseen_00062,oracle,500,unseen,What number does -u^2 + 4u - 1 produce when u is -4?,-33,-36,False,substitution,,,substitute_expression,,, -36
test_unseen_00063,oracle,500,unseen,The lines -3x - y = -26 and -x + y = -10 intersect. Give the x-coordinate.,9,4,False,linear_elimination,,,solve_linear_system,,, 4
test_unseen_00064,oracle,500,unseen,"At a fixed rate, 12 items cost 7 dollars. What do 108 items cost?",63,93,False,ratio_proportion,,,solve_proportion,,, 93
test_unseen_00065,oracle,500,unseen,A machine begins at -2; after each round it changes its value by -4. What value appears after 9 updates?,-38,-16,False,recurrence,,,unroll_recurrence,,, -16
test_unseen_00066,oracle,500,unseen,The roots x and y of t^2 - (27)t + (182) = 0 are real. Find x^2 + y^2.,365,359,False,symmetric_polynomial_identity,,,expand_symmetric_identity,,, 359
test_unseen_00067,oracle,500,unseen,A square of side 33 is removed from a square of side 64. What area remains?,3007,128,False,factorization,,,factor_difference_of_squares,,, 128
test_unseen_00068,oracle,500,unseen,A rule maps q to -q^2 + q + 10. Determine its output at q = 2.,8,-8,False,substitution,,,substitute_expression,,, -8
test_unseen_00069,oracle,500,unseen,Find the value of y satisfying both constraints: x + 2y = 17 and 2x - 4y = -14.,6,-3,False,linear_elimination,,,solve_linear_system,,, -3
test_unseen_00070,oracle,500,unseen,Complete the equivalent fractions: 11/8 = 66/[blank].,48,44,False,ratio_proportion,,,solve_proportion,,, 44
test_unseen_00071,oracle,500,unseen,"Unroll b(n+1) = b(n) - 2, with b(1) = 10, to obtain b(13).",-14,-47,False,recurrence,,,unroll_recurrence,,, -47
test_unseen_00072,oracle,500,unseen,"Without solving for x and y, evaluate x^2 + y^2 when x + y = -18 and xy = 56.",212,307,False,symmetric_polynomial_identity,,,expand_symmetric_identity,,, 307
test_unseen_00073,oracle,500,unseen,"Using (u - v)(u + v), calculate 40^2 - 25^2.",975,1350,False,factorization,,,factor_difference_of_squares,,, 1350
test_unseen_00074,oracle,500,unseen,What number does 2u^2 + 5u - 3 produce when u is -7?,60,-89,False,substitution,,,substitute_expression,,, -89
test_unseen_00075,oracle,500,unseen,The lines x - 4y = -33 and -5x - 2y = -11 intersect. Give the y-coordinate.,8,-6,False,linear_elimination,,,solve_linear_system,,, -6
test_unseen_00076,oracle,500,unseen,"At a fixed rate, 2 items cost 7 dollars. What do 24 items cost?",84,84,True,ratio_proportion,,,solve_proportion,,, 84
test_unseen_00077,oracle,500,unseen,A machine begins at 0; after each round it changes its value by -3. What value appears after 12 updates?,-36,-9,False,recurrence,,,unroll_recurrence,,, -9
test_unseen_00078,oracle,500,unseen,The roots x and y of t^2 - (12)t + (35) = 0 are real. Find x^2 + y^2.,74,86,False,symmetric_polynomial_identity,,,expand_symmetric_identity,,, 86
test_unseen_00079,oracle,500,unseen,A square of side 23 is removed from a square of side 52. What area remains?,2175,1084,False,factorization,,,factor_difference_of_squares,,, 1084
test_unseen_00080,oracle,500,unseen,A rule maps q to 3q^2 - 8q + 6. Determine its output at q = 2.,2,10,False,substitution,,,substitute_expression,,, 10
test_unseen_00081,oracle,500,unseen,Find the value of y satisfying both constraints: -3x + 5y = 24 and -2x + 4y = 16.,0,0,True,linear_elimination,,,solve_linear_system,,, 0
test_unseen_00082,oracle,500,unseen,Complete the equivalent fractions: 15/2 = 105/[blank].,14,7,False,ratio_proportion,,,solve_proportion,,, 7
test_unseen_00083,oracle,500,unseen,"Unroll b(n+1) = b(n) - 4, with b(1) = -17, to obtain b(15).",-73,-286,False,recurrence,,,unroll_recurrence,,, -286
test_unseen_00084,oracle,500,unseen,"Without solving for x and y, evaluate x^2 + y^2 when x + y = -9 and xy = 18.",45,37,False,symmetric_polynomial_identity,,,expand_symmetric_identity,,, 37
test_unseen_00085,oracle,500,unseen,"Using (u - v)(u + v), calculate 30^2 - 9^2.",819,615,False,factorization,,,factor_difference_of_squares,,, 615
test_unseen_00086,oracle,500,unseen,What number does 3u^2 - 11 produce when u is 7?,136,50,False,substitution,,,substitute_expression,,, 50
test_unseen_00087,oracle,500,unseen,The lines 3x + 2y = 8 and -5x - 5y = -25 intersect. Give the x-coordinate.,-2,1,False,linear_elimination,,,solve_linear_system,,, 1
test_unseen_00088,oracle,500,unseen,"At a fixed rate, 8 items cost 2 dollars. What do 80 items cost?",20,160,False,ratio_proportion,,,solve_proportion,,, 160
test_unseen_00089,oracle,500,unseen,A machine begins at -13; after each round it changes its value by -7. What value appears after 14 updates?,-111,-52,False,recurrence,,,unroll_recurrence,,, -52
test_unseen_00090,oracle,500,unseen,The roots x and y of t^2 - (13)t + (36) = 0 are real. Find x^2 + y^2.,97,97,True,symmetric_polynomial_identity,,,expand_symmetric_identity,,, 97
test_unseen_00091,oracle,500,unseen,A square of side 16 is removed from a square of side 72. What area remains?,4928,384,False,factorization,,,factor_difference_of_squares,,, 384
test_unseen_00092,oracle,500,unseen,A rule maps q to 4q^2 - 7q. Determine its output at q = 0.,0,0,True,substitution,,,substitute_expression,,, 0
test_unseen_00093,oracle,500,unseen,Find the value of y satisfying both constraints: 5x - 2y = 31 and -4x + 3y = -15.,7,-7,False,linear_elimination,,,solve_linear_system,,, -7
test_unseen_00094,oracle,500,unseen,Complete the equivalent fractions: 3/18 = 12/[blank].,72,6,False,ratio_proportion,,,solve_proportion,,, 6
test_unseen_00095,oracle,500,unseen,"Unroll b(n+1) = b(n) - 3, with b(1) = -14, to obtain b(7).",-32,-50,False,recurrence,,,unroll_recurrence,,, -50
test_unseen_00096,oracle,500,unseen,"Without solving for x and y, evaluate x^2 + y^2 when x + y = -15 and xy = 56.",113,307,False,symmetric_polynomial_identity,,,expand_symmetric_identity,,, 307
test_unseen_00097,oracle,500,unseen,"Using (u - v)(u + v), calculate 58^2 - 36^2.",2068,1940,False,factorization,,,factor_difference_of_squares,,, 1940
test_unseen_00098,oracle,500,unseen,What number does -4u^2 + 8u produce when u is 4?,-32,32,False,substitution,,,substitute_expression,,, 32
test_unseen_00099,oracle,500,unseen,The lines 2x + y = 7 and -3x - 5y = 21 intersect. Give the y-coordinate.,-9,-9,True,linear_elimination,,,solve_linear_system,,, -9
test_unseen_00100,oracle,500,unseen,"At a fixed rate, 5 items cost 8 dollars. What do 25 items cost?",40,40,True,ratio_proportion,,,solve_proportion,,, 40
test_unseen_00101,oracle,500,unseen,A machine begins at 7; after each round it changes its value by 2. What value appears after 7 updates?,21,13,False,recurrence,,,unroll_recurrence,,, 13
test_unseen_00102,oracle,500,unseen,The roots x and y of t^2 - (10)t + (-24) = 0 are real. Find x^2 + y^2.,148,76,False,symmetric_polynomial_identity,,,expand_symmetric_identity,,, 76
test_unseen_00103,oracle,500,unseen,A square of side 23 is removed from a square of side 80. What area remains?,5871,1476,False,factorization,,,factor_difference_of_squares,,, 1476
test_unseen_00104,oracle,500,unseen,A rule maps q to -5q^2 + 4q - 2. Determine its output at q = 0.,-2,-16,False,substitution,,,substitute_expression,,, -16
test_unseen_00105,oracle,500,unseen,Find the value of x satisfying both constraints: -5x + 2y = -24 and 2x + 4y = 48.,8,6,False,linear_elimination,,,solve_linear_system,,, 6
test_unseen_00106,oracle,500,unseen,Complete the equivalent fractions: 6/11 = 30/[blank].,55,33,False,ratio_proportion,,,solve_proportion,,, 33
test_unseen_00107,oracle,500,unseen,"Unroll b(n+1) = b(n) + 1, with b(1) = 16, to obtain b(12).",27,73,False,recurrence,,,unroll_recurrence,,, 73
test_unseen_00108,oracle,500,unseen,"Without solving for x and y, evaluate x^2 + y^2 when x + y = 15 and xy = 14.",197,387,False,symmetric_polynomial_identity,,,expand_symmetric_identity,,, 387
test_unseen_00109,oracle,500,unseen,"Using (u - v)(u + v), calculate 74^2 - 15^2.",5251,4809,False,factorization,,,factor_difference_of_squares,,, 4809
test_unseen_00110,oracle,500,unseen,What number does -5u^2 - 6u - 6 produce when u is 0?,-6,-6,True,substitution,,,substitute_expression,,, -6
test_unseen_00111,oracle,500,unseen,The lines -3x - y = 2 and -5x - 5y = 10 intersect. Give the x-coordinate.,0,-1,False,linear_elimination,,,solve_linear_system,,, -1
test_unseen_00112,oracle,500,unseen,"At a fixed rate, 8 items cost 17 dollars. What do 80 items cost?",170,140,False,ratio_proportion,,,solve_proportion,,, 140
test_unseen_00113,oracle,500,unseen,A machine begins at 18; after each round it changes its value by -2. What value appears after 5 updates?,8,-16,False,recurrence,,,unroll_recurrence,,, -16
test_unseen_00114,oracle,500,unseen,The roots x and y of t^2 - (9)t + (14) = 0 are real. Find x^2 + y^2.,53,67,False,symmetric_polynomial_identity,,,expand_symmetric_identity,,, 67
test_unseen_00115,oracle,500,unseen,A square of side 14 is removed from a square of side 77. What area remains?,5733,396,False,factorization,,,factor_difference_of_squares,,, 396
test_unseen_00116,oracle,500,unseen,A rule maps q to -q^2 + 2q - 8. Determine its output at q = 7.,-43,-165,False,substitution,,,substitute_expression,,, -165
test_unseen_00117,oracle,500,unseen,Find the value of y satisfying both constraints: 5x + 3y = 15 and 4x + y = 12.,0,-0,False,linear_elimination,,,solve_linear_system,,, -0
test_unseen_00118,oracle,500,unseen,Complete the equivalent fractions: 10/3 = 70/[blank].,21,21,True,ratio_proportion,,,solve_proportion,,, 21
test_unseen_00119,oracle,500,unseen,"Unroll b(n+1) = b(n) - 1, with b(1) = -16, to obtain b(3).",-18,-17,False,recurrence,,,unroll_recurrence,,, -17
test_seen_00000,structure_aware,500,seen,"If x + y = -20 and xy = 84, find x^2 + y^2.",232,196,False,symmetric_polynomial_identity,symmetric_polynomial_identity,True,expand_symmetric_identity,expand_symmetric_identity,True,"STRUCTURE: symmetric_polynomial_identity
TOOL: expand_symmetric_identity
ANSWER: 196"
test_seen_00001,structure_aware,500,seen,Evaluate 71^2 - 11^2.,4920,5060,False,factorization,factorization,True,factor_difference_of_squares,factor_difference_of_squares,True,"STRUCTURE: factorization
TOOL: factor_difference_of_squares
ANSWER: 5060"
test_seen_00002,structure_aware,500,seen,Let f(t) = t^2 - 5t + 2. Find f(2).,-4,0,False,substitution,substitution,True,substitute_expression,substitute_expression,True,"STRUCTURE: substitution
TOOL: substitute_expression
ANSWER: 0"
test_seen_00003,structure_aware,500,seen,Solve 4x + 3y = -3 and x + y = -3. What is x?,6,-6,False,linear_elimination,linear_elimination,True,solve_linear_system,solve_linear_system,True,"STRUCTURE: linear_elimination
TOOL: solve_linear_system
ANSWER: -6"
test_seen_00004,structure_aware,500,seen,Solve the proportion 2/5 = 6/x for x.,15,15,True,ratio_proportion,ratio_proportion,True,solve_proportion,solve_proportion,True,"STRUCTURE: ratio_proportion
TOOL: solve_proportion
ANSWER: 15"
test_seen_00005,structure_aware,500,seen,A sequence starts with a1 = -11 and each next term is the current term + 4. Find a4.,1,3,False,recurrence,recurrence,True,unroll_recurrence,unroll_recurrence,True,"STRUCTURE: recurrence
TOOL: unroll_recurrence
ANSWER: 3"
test_seen_00006,structure_aware,500,seen,Two numbers have sum -9 and product -10. What is the sum of their squares?,101,89,False,symmetric_polynomial_identity,symmetric_polynomial_identity,True,expand_symmetric_identity,expand_symmetric_identity,True,"STRUCTURE: symmetric_polynomial_identity
TOOL: expand_symmetric_identity
ANSWER: 89"
test_seen_00007,structure_aware,500,seen,Compute the difference of squares: 42 squared minus 33 squared.,675,105,False,factorization,factorization,True,factor_difference_of_squares,factor_difference_of_squares,True,"STRUCTURE: factorization
TOOL: factor_difference_of_squares
ANSWER: 105"
test_seen_00008,structure_aware,500,seen,Substitute z = 2 into 2z^2 + 8z - 4.,20,16,False,substitution,substitution,True,substitute_expression,substitute_expression,True,"STRUCTURE: substitution
TOOL: substitute_expression
ANSWER: 16"
test_seen_00009,structure_aware,500,seen,The equations -4x - 5y = 1 and 4x - 5y = -31 hold simultaneously. Find x.,-4,-2,False,linear_elimination,linear_elimination,True,solve_linear_system,solve_linear_system,True,"STRUCTURE: linear_elimination
TOOL: solve_linear_system
ANSWER: -2"
test_seen_00010,structure_aware,500,seen,"If 2:7 = 12:x, what is x?",42,42,True,ratio_proportion,ratio_proportion,True,solve_proportion,solve_proportion,True,"STRUCTURE: ratio_proportion
TOOL: solve_proportion
ANSWER: 42"
test_seen_00011,structure_aware,500,seen,"Starting at -16, repeatedly change the value by -1. What is term 11, counting the start as term 1?",-26,-23,False,recurrence,recurrence,True,unroll_recurrence,unroll_recurrence,True,"STRUCTURE: recurrence
TOOL: unroll_recurrence
ANSWER: -23"
test_seen_00012,structure_aware,500,seen,"Given s = x + y = -8 and p = xy = -48, compute x^2 + y^2.",160,196,False,symmetric_polynomial_identity,symmetric_polynomial_identity,True,expand_symmetric_identity,expand_symmetric_identity,True,"STRUCTURE: symmetric_polynomial_identity
TOOL: expand_symmetric_identity
ANSWER: 196"
test_seen_00013,structure_aware,500,seen,What is 43^2 - 39^2? Use factorization if helpful.,328,108,False,factorization,factorization,True,factor_difference_of_squares,factor_difference_of_squares,True,"STRUCTURE: factorization
TOOL: factor_difference_of_squares
ANSWER: 108"
test_seen_00014,structure_aware,500,seen,"For P(x) = -4x^2 + 6x + 8, evaluate P(7).",-146,-103,False,substitution,substitution,True,substitute_expression,substitute_expression,True,"STRUCTURE: substitution
TOOL: substitute_expression
ANSWER: -103"
test_seen_00015,structure_aware,500,seen,Use elimination on the system 3x + 5y = 8; 2x - 3y = -1. Determine x.,1,-7,False,linear_elimination,linear_elimination,True,solve_linear_system,solve_linear_system,True,"STRUCTURE: linear_elimination
TOOL: solve_linear_system
ANSWER: -7"
test_seen_00016,structure_aware,500,seen,The ratio 15 to 4 equals the ratio 105 to x. Find x.,28,28,True,ratio_proportion,ratio_proportion,True,solve_proportion,solve_proportion,True,"STRUCTURE: ratio_proportion
TOOL: solve_proportion
ANSWER: 28"
test_seen_00017,structure_aware,500,seen,An arithmetic sequence has first term 17 and common difference -8. Find its 7th term.,-31,-53,False,recurrence,recurrence,True,unroll_recurrence,unroll_recurrence,True,"STRUCTURE: recurrence
TOOL: unroll_recurrence
ANSWER: -53"
test_seen_00018,structure_aware,500,seen,"If x + y = -4 and xy = -60, find x^2 + y^2.",136,184,False,symmetric_polynomial_identity,symmetric_polynomial_identity,True,expand_symmetric_identity,expand_symmetric_identity,True,"STRUCTURE: symmetric_polynomial_identity
TOOL: expand_symmetric_identity
ANSWER: 184"
test_seen_00019,structure_aware,500,seen,Evaluate 45^2 - 40^2.,425,725,False,factorization,factorization,True,factor_difference_of_squares,factor_difference_of_squares,True,"STRUCTURE: factorization
TOOL: factor_difference_of_squares
ANSWER: 725"
test_seen_00020,structure_aware,500,seen,Let f(t) = 4t^2 - 5t - 3. Find f(0).,-3,-3,True,substitution,substitution,True,substitute_expression,substitute_expression,True,"STRUCTURE: substitution
TOOL: substitute_expression
ANSWER: -3"
test_seen_00021,structure_aware,500,seen,Solve -5x + 2y = -2 and x + 4y = 18. What is x?,2,6,False,linear_elimination,linear_elimination,True,solve_linear_system,solve_linear_system,True,"STRUCTURE: linear_elimination
TOOL: solve_linear_system
ANSWER: 6"
test_seen_00022,structure_aware,500,seen,Solve the proportion 7/6 = 84/x for x.,72,72,True,ratio_proportion,ratio_proportion,True,solve_proportion,solve_proportion,True,"STRUCTURE: ratio_proportion
TOOL: solve_proportion
ANSWER: 72"
test_seen_00023,structure_aware,500,seen,A sequence starts with a1 = -11 and each next term is the current term - 7. Find a12.,-88,-65,False,recurrence,recurrence,True,unroll_recurrence,unroll_recurrence,True,"STRUCTURE: recurrence
TOOL: unroll_recurrence
ANSWER: -65"
test_seen_00024,structure_aware,500,seen,Two numbers have sum 4 and product -60. What is the sum of their squares?,136,164,False,symmetric_polynomial_identity,symmetric_polynomial_identity,True,expand_symmetric_identity,expand_symmetric_identity,True,"STRUCTURE: symmetric_polynomial_identity
TOOL: expand_symmetric_identity
ANSWER: 164"
test_seen_00025,structure_aware,500,seen,Compute the difference of squares: 77 squared minus 8 squared.,5865,5649,False,factorization,factorization,True,factor_difference_of_squares,factor_difference_of_squares,True,"STRUCTURE: factorization
TOOL: factor_difference_of_squares
ANSWER: 5649"
test_seen_00026,structure_aware,500,seen,Substitute z = -7 into 2z^2 + 6z + 6.,62,102,False,substitution,substitution,True,substitute_expression,substitute_expression,True,"STRUCTURE: substitution
TOOL: substitute_expression
ANSWER: 102"
test_seen_00027,structure_aware,500,seen,The equations -4x - 4y = 56 and -3x - 5y = 60 hold simultaneously. Find y.,-9,-1,False,linear_elimination,linear_elimination,True,solve_linear_system,solve_linear_system,True,"STRUCTURE: linear_elimination
TOOL: solve_linear_system
ANSWER: -1"
test_seen_00028,structure_aware,500,seen,"If 3:19 = 27:x, what is x?",171,117,False,ratio_proportion,ratio_proportion,True,solve_proportion,solve_proportion,True,"STRUCTURE: ratio_proportion
TOOL: solve_proportion
ANSWER: 117"
test_seen_00029,structure_aware,500,seen,"Starting at 9, repeatedly change the value by -1. What is term 8, counting the start as term 1?",2,-7,False,recurrence,recurrence,True,unroll_recurrence,unroll_recurrence,True,"STRUCTURE: recurrence
TOOL: unroll_recurrence
ANSWER: -7"
test_seen_00030,structure_aware,500,seen,"Given s = x + y = 27 and p = xy = 180, compute x^2 + y^2.",369,456,False,symmetric_polynomial_identity,symmetric_polynomial_identity,True,expand_symmetric_identity,expand_symmetric_identity,True,"STRUCTURE: symmetric_polynomial_identity
TOOL: expand_symmetric_identity
ANSWER: 456"
test_seen_00031,structure_aware,500,seen,What is 32^2 - 26^2? Use factorization if helpful.,348,104,False,factorization,factorization,True,factor_difference_of_squares,factor_difference_of_squares,True,"STRUCTURE: factorization
TOOL: factor_difference_of_squares
ANSWER: 104"
test_seen_00032,structure_aware,500,seen,"For P(x) = -5x^2 - 6x + 10, evaluate P(-4).",-46,-183,False,substitution,substitution,True,substitute_expression,substitute_expression,True,"STRUCTURE: substitution
TOOL: substitute_expression
ANSWER: -183"
test_seen_00033,structure_aware,500,seen,Use elimination on the system 5x + 4y = 3; x - y = 6. Determine y.,-3,-9,False,linear_elimination,linear_elimination,True,solve_linear_system,solve_linear_system,True,"STRUCTURE: linear_elimination
TOOL: solve_linear_system
ANSWER: -9"
test_seen_00034,structure_aware,500,seen,The ratio 14 to 12 equals the ratio 112 to x. Find x.,96,96,True,ratio_proportion,ratio_proportion,True,solve_proportion,solve_proportion,True,"STRUCTURE: ratio_proportion
TOOL: solve_proportion
ANSWER: 96"
test_seen_00035,structure_aware,500,seen,An arithmetic sequence has first term -17 and common difference 3. Find its 5th term.,-5,20,False,recurrence,recurrence,True,unroll_recurrence,unroll_recurrence,True,"STRUCTURE: recurrence
TOOL: unroll_recurrence
ANSWER: 20"
test_seen_00036,structure_aware,500,seen,"If x + y = -8 and xy = -20, find x^2 + y^2.",104,164,False,symmetric_polynomial_identity,symmetric_polynomial_identity,True,expand_symmetric_identity,expand_symmetric_identity,True,"STRUCTURE: symmetric_polynomial_identity
TOOL: expand_symmetric_identity
ANSWER: 164"
test_seen_00037,structure_aware,500,seen,Evaluate 21^2 - 14^2.,245,305,False,factorization,factorization,True,factor_difference_of_squares,factor_difference_of_squares,True,"STRUCTURE: factorization
TOOL: factor_difference_of_squares
ANSWER: 305"
test_seen_00038,structure_aware,500,seen,Let f(t) = -2t^2 + t - 5. Find f(-2).,-15,-17,False,substitution,substitution,True,substitute_expression,substitute_expression,True,"STRUCTURE: substitution
TOOL: substitute_expression
ANSWER: -17"
test_seen_00039,structure_aware,500,seen,Solve x + y = -6 and -2x - 5y = 21. What is y?,-3,-7,False,linear_elimination,linear_elimination,True,solve_linear_system,solve_linear_system,True,"STRUCTURE: linear_elimination
TOOL: solve_linear_system
ANSWER: -7"
test_seen_00040,structure_aware,500,seen,Solve the proportion 10/3 = 30/x for x.,9,9,True,ratio_proportion,ratio_proportion,True,solve_proportion,solve_proportion,True,"STRUCTURE: ratio_proportion
TOOL: solve_proportion
ANSWER: 9"
test_seen_00041,structure_aware,500,seen,A sequence starts with a1 = -19 and each next term is the current term - 9. Find a11.,-109,-86,False,recurrence,recurrence,True,unroll_recurrence,unroll_recurrence,True,"STRUCTURE: recurrence
TOOL: unroll_recurrence
ANSWER: -86"
test_seen_00042,structure_aware,500,seen,Two numbers have sum 16 and product 48. What is the sum of their squares?,160,256,False,symmetric_polynomial_identity,symmetric_polynomial_identity,True,expand_symmetric_identity,expand_symmetric_identity,True,"STRUCTURE: symmetric_polynomial_identity
TOOL: expand_symmetric_identity
ANSWER: 256"
test_seen_00043,structure_aware,500,seen,Compute the difference of squares: 67 squared minus 34 squared.,3333,2955,False,factorization,factorization,True,factor_difference_of_squares,factor_difference_of_squares,True,"STRUCTURE: factorization
TOOL: factor_difference_of_squares
ANSWER: 2955"
test_seen_00044,structure_aware,500,seen,Substitute z = -2 into 4z^2 - 5z + 6.,32,18,False,substitution,substitution,True,substitute_expression,substitute_expression,True,"STRUCTURE: substitution
TOOL: substitute_expression
ANSWER: 18"
test_seen_00045,structure_aware,500,seen,The equations -3x + 2y = -1 and x - 3y = 5 hold simultaneously. Find x.,-1,-4,False,linear_elimination,linear_elimination,True,solve_linear_system,solve_linear_system,True,"STRUCTURE: linear_elimination
TOOL: solve_linear_system
ANSWER: -4"
test_seen_00046,structure_aware,500,seen,"If 2:5 = 10:x, what is x?",25,25,True,ratio_proportion,ratio_proportion,True,solve_proportion,solve_proportion,True,"STRUCTURE: ratio_proportion
TOOL: solve_proportion
ANSWER: 25"
test_seen_00047,structure_aware,500,seen,"Starting at 16, repeatedly change the value by -6. What is term 12, counting the start as term 1?",-50,-50,True,recurrence,recurrence,True,unroll_recurrence,unroll_recurrence,True,"STRUCTURE: recurrence
TOOL: unroll_recurrence
ANSWER: -50"
test_seen_00048,structure_aware,500,seen,"Given s = x + y = -11 and p = xy = 18, compute x^2 + y^2.",85,309,False,symmetric_polynomial_identity,symmetric_polynomial_identity,True,expand_symmetric_identity,expand_symmetric_identity,True,"STRUCTURE: symmetric_polynomial_identity
TOOL: expand_symmetric_identity
ANSWER: 309"
test_seen_00049,structure_aware,500,seen,What is 54^2 - 26^2? Use factorization if helpful.,2240,1980,False,factorization,factorization,True,factor_difference_of_squares,factor_difference_of_squares,True,"STRUCTURE: factorization
TOOL: factor_difference_of_squares
ANSWER: 1980"
test_seen_00050,structure_aware,500,seen,"For P(x) = -4x^2 - 8x - 7, evaluate P(-1).",-3,-15,False,substitution,substitution,True,substitute_expression,substitute_expression,True,"STRUCTURE: substitution
TOOL: substitute_expression
ANSWER: -15"
test_seen_00051,structure_aware,500,seen,Use elimination on the system 3x + 4y = -14; -3x - 2y = 16. Determine x.,-6,-8,False,linear_elimination,linear_elimination,True,solve_linear_system,solve_linear_system,True,"STRUCTURE: linear_elimination
TOOL: solve_linear_system
ANSWER: -8"
test_seen_00052,structure_aware,500,seen,The ratio 5 to 3 equals the ratio 15 to x. Find x.,9,9,True,ratio_proportion,ratio_proportion,True,solve_proportion,solve_proportion,True,"STRUCTURE: ratio_proportion
TOOL: solve_proportion
ANSWER: 9"
test_seen_00053,structure_aware,500,seen,An arithmetic sequence has first term 10 and common difference -1. Find its 14th term.,-3,-9,False,recurrence,recurrence,True,unroll_recurrence,unroll_recurrence,True,"STRUCTURE: recurrence
TOOL: unroll_recurrence
ANSWER: -9"
test_seen_00054,structure_aware,500,seen,"If x + y = 7 and xy = -98, find x^2 + y^2.",245,205,False,symmetric_polynomial_identity,symmetric_polynomial_identity,True,expand_symmetric_identity,expand_symmetric_identity,True,"STRUCTURE: symmetric_polynomial_identity
TOOL: expand_symmetric_identity
ANSWER: 205"
test_seen_00055,structure_aware,500,seen,Evaluate 48^2 - 43^2.,455,1059,False,factorization,factorization,True,factor_difference_of_squares,factor_difference_of_squares,True,"STRUCTURE: factorization
TOOL: factor_difference_of_squares
ANSWER: 1059"
test_seen_00056,structure_aware,500,seen,Let f(t) = 3t^2 + 2t - 8. Find f(-2).,0,14,False,substitution,substitution,True,substitute_expression,substitute_expression,True,"STRUCTURE: substitution
TOOL: substitute_expression
ANSWER: 14"
test_seen_00057,structure_aware,500,seen,Solve -2x + 2y = -14 and 5x - 3y = 17. What is y?,-9,-6,False,linear_elimination,linear_elimination,True,solve_linear_system,solve_linear_system,True,"STRUCTURE: linear_elimination
TOOL: solve_linear_system
ANSWER: -6"
test_seen_00058,structure_aware,500,seen,Solve the proportion 11/16 = 66/x for x.,96,96,True,ratio_proportion,ratio_proportion,True,solve_proportion,solve_proportion,True,"STRUCTURE: ratio_proportion
TOOL: solve_proportion
ANSWER: 96"
test_seen_00059,structure_aware,500,seen,A sequence starts with a1 = 8 and each next term is the current term + 7. Find a7.,50,29,False,recurrence,recurrence,True,unroll_recurrence,unroll_recurrence,True,"STRUCTURE: recurrence
TOOL: unroll_recurrence
ANSWER: 29"
test_seen_00060,structure_aware,500,seen,Two numbers have sum 29 and product 210. What is the sum of their squares?,421,481,False,symmetric_polynomial_identity,symmetric_polynomial_identity,True,expand_symmetric_identity,expand_symmetric_identity,True,"STRUCTURE: symmetric_polynomial_identity
TOOL: expand_symmetric_identity
ANSWER: 481"
test_seen_00061,structure_aware,500,seen,Compute the difference of squares: 69 squared minus 37 squared.,3392,2400,False,factorization,factorization,True,factor_difference_of_squares,factor_difference_of_squares,True,"STRUCTURE: factorization
TOOL: factor_difference_of_squares
ANSWER: 2400"
test_seen_00062,structure_aware,500,seen,Substitute z = -1 into 4z^2 + 5z + 11.,10,3,False,substitution,substitution,True,substitute_expression,substitute_expression,True,"STRUCTURE: substitution
TOOL: substitute_expression
ANSWER: 3"
test_seen_00063,structure_aware,500,seen,The equations -4x - 2y = -46 and 4x + 5y = 73 hold simultaneously. Find x.,7,1,False,linear_elimination,linear_elimination,True,solve_linear_system,solve_linear_system,True,"STRUCTURE: linear_elimination
TOOL: solve_linear_system
ANSWER: 1"
test_seen_00064,structure_aware,500,seen,"If 11:2 = 132:x, what is x?",24,24,True,ratio_proportion,ratio_proportion,True,solve_proportion,solve_proportion,True,"STRUCTURE: ratio_proportion
TOOL: solve_proportion
ANSWER: 24"
test_seen_00065,structure_aware,500,seen,"Starting at -6, repeatedly change the value by -7. What is term 6, counting the start as term 1?",-41,-43,False,recurrence,recurrence,True,unroll_recurrence,unroll_recurrence,True,"STRUCTURE: recurrence
TOOL: unroll_recurrence
ANSWER: -43"
test_seen_00066,structure_aware,500,seen,"Given s = x + y = -5 and p = xy = -36, compute x^2 + y^2.",97,107,False,symmetric_polynomial_identity,symmetric_polynomial_identity,True,expand_symmetric_identity,expand_symmetric_identity,True,"STRUCTURE: symmetric_polynomial_identity
TOOL: expand_symmetric_identity
ANSWER: 107"
test_seen_00067,structure_aware,500,seen,What is 39^2 - 35^2? Use factorization if helpful.,296,108,False,factorization,factorization,True,factor_difference_of_squares,factor_difference_of_squares,True,"STRUCTURE: factorization
TOOL: factor_difference_of_squares
ANSWER: 108"
test_seen_00068,structure_aware,500,seen,"For P(x) = -x^2 - 3x + 3, evaluate P(0).",3,3,True,substitution,substitution,True,substitute_expression,substitute_expression,True,"STRUCTURE: substitution
TOOL: substitute_expression
ANSWER: 3"
test_seen_00069,structure_aware,500,seen,Use elimination on the system -x + 2y = -4; -3x - 4y = -12. Determine y.,0,-8,False,linear_elimination,linear_elimination,True,solve_linear_system,solve_linear_system,True,"STRUCTURE: linear_elimination
TOOL: solve_linear_system
ANSWER: -8"
test_seen_00070,structure_aware,500,seen,The ratio 7 to 12 equals the ratio 49 to x. Find x.,84,72,False,ratio_proportion,ratio_proportion,True,solve_proportion,solve_proportion,True,"STRUCTURE: ratio_proportion
TOOL: solve_proportion
ANSWER: 72"
test_seen_00071,structure_aware,500,seen,An arithmetic sequence has first term 4 and common difference -6. Find its 14th term.,-74,-28,False,recurrence,recurrence,True,unroll_recurrence,unroll_recurrence,True,"STRUCTURE: recurrence
TOOL: unroll_recurrence
ANSWER: -28"
test_seen_00072,structure_aware,500,seen,"If x + y = -6 and xy = 5, find x^2 + y^2.",26,38,False,symmetric_polynomial_identity,symmetric_polynomial_identity,True,expand_symmetric_identity,expand_symmetric_identity,True,"STRUCTURE: symmetric_polynomial_identity
TOOL: expand_symmetric_identity
ANSWER: 38"
test_seen_00073,structure_aware,500,seen,Evaluate 46^2 - 15^2.,1891,1891,True,factorization,factorization,True,factor_difference_of_squares,factor_difference_of_squares,True,"STRUCTURE: factorization
TOOL: factor_difference_of_squares
ANSWER: 1891"
test_seen_00074,structure_aware,500,seen,Let f(t) = 3t^2 - 3t - 1. Find f(-3).,35,54,False,substitution,substitution,True,substitute_expression,substitute_expression,True,"STRUCTURE: substitution
TOOL: substitute_expression
ANSWER: 54"
test_seen_00075,structure_aware,500,seen,Solve 4x - y = 18 and 3x + 5y = 2. What is x?,4,6,False,linear_elimination,linear_elimination,True,solve_linear_system,solve_linear_system,True,"STRUCTURE: linear_elimination
TOOL: solve_linear_system
ANSWER: 6"
test_seen_00076,structure_aware,500,seen,Solve the proportion 4/11 = 16/x for x.,44,44,True,ratio_proportion,ratio_proportion,True,solve_proportion,solve_proportion,True,"STRUCTURE: ratio_proportion
TOOL: solve_proportion
ANSWER: 44"
test_seen_00077,structure_aware,500,seen,A sequence starts with a1 = -7 and each next term is the current term - 5. Find a5.,-27,-26,False,recurrence,recurrence,True,unroll_recurrence,unroll_recurrence,True,"STRUCTURE: recurrence
TOOL: unroll_recurrence
ANSWER: -26"
test_seen_00078,structure_aware,500,seen,Two numbers have sum 4 and product 3. What is the sum of their squares?,10,17,False,symmetric_polynomial_identity,symmetric_polynomial_identity,True,expand_symmetric_identity,expand_symmetric_identity,True,"STRUCTURE: symmetric_polynomial_identity
TOOL: expand_symmetric_identity
ANSWER: 17"
test_seen_00079,structure_aware,500,seen,Compute the difference of squares: 48 squared minus 14 squared.,2108,2064,False,factorization,factorization,True,factor_difference_of_squares,factor_difference_of_squares,True,"STRUCTURE: factorization
TOOL: factor_difference_of_squares
ANSWER: 2064"
test_seen_00080,structure_aware,500,seen,Substitute z = -5 into 3z^2 + 4z + 4.,59,67,False,substitution,substitution,True,substitute_expression,substitute_expression,True,"STRUCTURE: substitution
TOOL: substitute_expression
ANSWER: 67"
test_seen_00081,structure_aware,500,seen,The equations x - y = 5 and 3x - y = 3 hold simultaneously. Find x.,-1,2,False,linear_elimination,linear_elimination,True,solve_linear_system,solve_linear_system,True,"STRUCTURE: linear_elimination
TOOL: solve_linear_system
ANSWER: 2"
test_seen_00082,structure_aware,500,seen,"If 4:20 = 40:x, what is x?",200,80,False,ratio_proportion,ratio_proportion,True,solve_proportion,solve_proportion,True,"STRUCTURE: ratio_proportion
TOOL: solve_proportion
ANSWER: 80"
test_seen_00083,structure_aware,500,seen,"Starting at -17, repeatedly change the value by 4. What is term 9, counting the start as term 1?",15,53,False,recurrence,recurrence,True,unroll_recurrence,unroll_recurrence,True,"STRUCTURE: recurrence
TOOL: unroll_recurrence
ANSWER: 53"
test_seen_00084,structure_aware,500,seen,"Given s = x + y = 2 and p = xy = -3, compute x^2 + y^2.",10,10,True,symmetric_polynomial_identity,symmetric_polynomial_identity,True,expand_symmetric_identity,expand_symmetric_identity,True,"STRUCTURE: symmetric_polynomial_identity
TOOL: expand_symmetric_identity
ANSWER: 10"
test_seen_00085,structure_aware,500,seen,What is 72^2 - 42^2? Use factorization if helpful.,3420,1968,False,factorization,factorization,True,factor_difference_of_squares,factor_difference_of_squares,True,"STRUCTURE: factorization
TOOL: factor_difference_of_squares
ANSWER: 1968"
test_seen_00086,structure_aware,500,seen,"For P(x) = 4x^2 + 7x + 5, evaluate P(3).",62,86,False,substitution,substitution,True,substitute_expression,substitute_expression,True,"STRUCTURE: substitution
TOOL: substitute_expression
ANSWER: 86"
test_seen_00087,structure_aware,500,seen,Use elimination on the system 5x + 2y = -48; 2x - 4y = 24. Determine y.,-9,-16,False,linear_elimination,linear_elimination,True,solve_linear_system,solve_linear_system,True,"STRUCTURE: linear_elimination
TOOL: solve_linear_system
ANSWER: -16"
test_seen_00088,structure_aware,500,seen,The ratio 3 to 8 equals the ratio 27 to x. Find x.,72,64,False,ratio_proportion,ratio_proportion,True,solve_proportion,solve_proportion,True,"STRUCTURE: ratio_proportion
TOOL: solve_proportion
ANSWER: 64"
test_seen_00089,structure_aware,500,seen,An arithmetic sequence has first term 14 and common difference -7. Find its 9th term.,-42,-50,False,recurrence,recurrence,True,unroll_recurrence,unroll_recurrence,True,"STRUCTURE: recurrence
TOOL: unroll_recurrence
ANSWER: -50"
test_seen_00090,structure_aware,500,seen,"If x + y = -11 and xy = 0, find x^2 + y^2.",121,121,True,symmetric_polynomial_identity,symmetric_polynomial_identity,True,expand_symmetric_identity,expand_symmetric_identity,True,"STRUCTURE: symmetric_polynomial_identity
TOOL: expand_symmetric_identity
ANSWER: 121"
test_seen_00091,structure_aware,500,seen,Evaluate 59^2 - 13^2.,3312,3064,False,factorization,factorization,True,factor_difference_of_squares,factor_difference_of_squares,True,"STRUCTURE: factorization
TOOL: factor_difference_of_squares
ANSWER: 3064"
test_seen_00092,structure_aware,500,seen,Let f(t) = -5t^2 - 6t - 4. Find f(-2).,-12,-38,False,substitution,substitution,True,substitute_expression,substitute_expression,True,"STRUCTURE: substitution
TOOL: substitute_expression
ANSWER: -38"
test_seen_00093,structure_aware,500,seen,Solve -4x + y = 25 and 2x - 5y = 19. What is x?,-8,-3,False,linear_elimination,linear_elimination,True,solve_linear_system,solve_linear_system,True,"STRUCTURE: linear_elimination
TOOL: solve_linear_system
ANSWER: -3"
test_seen_00094,structure_aware,500,seen,Solve the proportion 12/4 = 60/x for x.,20,20,True,ratio_proportion,ratio_proportion,True,solve_proportion,solve_proportion,True,"STRUCTURE: ratio_proportion
TOOL: solve_proportion
ANSWER: 20"
test_seen_00095,structure_aware,500,seen,A sequence starts with a1 = -8 and each next term is the current term - 6. Find a12.,-74,-50,False,recurrence,recurrence,True,unroll_recurrence,unroll_recurrence,True,"STRUCTURE: recurrence
TOOL: unroll_recurrence
ANSWER: -50"
test_seen_00096,structure_aware,500,seen,Two numbers have sum -17 and product 72. What is the sum of their squares?,145,205,False,symmetric_polynomial_identity,symmetric_polynomial_identity,True,expand_symmetric_identity,expand_symmetric_identity,True,"STRUCTURE: symmetric_polynomial_identity
TOOL: expand_symmetric_identity
ANSWER: 205"
test_seen_00097,structure_aware,500,seen,Compute the difference of squares: 55 squared minus 4 squared.,3009,2961,False,factorization,factorization,True,factor_difference_of_squares,factor_difference_of_squares,True,"STRUCTURE: factorization
TOOL: factor_difference_of_squares
ANSWER: 2961"
test_seen_00098,structure_aware,500,seen,Substitute z = -3 into -5z^2 - 5z - 9.,-39,-48,False,substitution,substitution,True,substitute_expression,substitute_expression,True,"STRUCTURE: substitution
TOOL: substitute_expression
ANSWER: -48"
test_seen_00099,structure_aware,500,seen,The equations 4x + 3y = -57 and 5x + 5y = -80 hold simultaneously. Find x.,-9,-1,False,linear_elimination,linear_elimination,True,solve_linear_system,solve_linear_system,True,"STRUCTURE: linear_elimination
TOOL: solve_linear_system
ANSWER: -1"
test_seen_00100,structure_aware,500,seen,"If 6:10 = 48:x, what is x?",80,80,True,ratio_proportion,ratio_proportion,True,solve_proportion,solve_proportion,True,"STRUCTURE: ratio_proportion
TOOL: solve_proportion
ANSWER: 80"
test_seen_00101,structure_aware,500,seen,"Starting at -10, repeatedly change the value by -4. What is term 13, counting the start as term 1?",-58,-52,False,recurrence,recurrence,True,unroll_recurrence,unroll_recurrence,True,"STRUCTURE: recurrence
TOOL: unroll_recurrence
ANSWER: -52"
test_seen_00102,structure_aware,500,seen,"Given s = x + y = 2 and p = xy = -35, compute x^2 + y^2.",74,146,False,symmetric_polynomial_identity,symmetric_polynomial_identity,True,expand_symmetric_identity,expand_symmetric_identity,True,"STRUCTURE: symmetric_polynomial_identity
TOOL: expand_symmetric_identity
ANSWER: 146"
test_seen_00103,structure_aware,500,seen,What is 70^2 - 33^2? Use factorization if helpful.,3811,4681,False,factorization,factorization,True,factor_difference_of_squares,factor_difference_of_squares,True,"STRUCTURE: factorization
TOOL: factor_difference_of_squares
ANSWER: 4681"
test_seen_00104,structure_aware,500,seen,"For P(x) = 2x^2 + 5x + 9, evaluate P(-2).",7,17,False,substitution,substitution,True,substitute_expression,substitute_expression,True,"STRUCTURE: substitution
TOOL: substitute_expression
ANSWER: 17"
test_seen_00105,structure_aware,500,seen,Use elimination on the system 4x - 2y = 16; 2x + y = 12. Determine y.,2,8,False,linear_elimination,linear_elimination,True,solve_linear_system,solve_linear_system,True,"STRUCTURE: linear_elimination
TOOL: solve_linear_system
ANSWER: 8"
test_seen_00106,structure_aware,500,seen,The ratio 15 to 2 equals the ratio 150 to x. Find x.,20,20,True,ratio_proportion,ratio_proportion,True,solve_proportion,solve_proportion,True,"STRUCTURE: ratio_proportion
TOOL: solve_proportion
ANSWER: 20"
test_seen_00107,structure_aware,500,seen,An arithmetic sequence has first term 8 and common difference -5. Find its 3th term.,-2,-17,False,recurrence,recurrence,True,unroll_recurrence,unroll_recurrence,True,"STRUCTURE: recurrence
TOOL: unroll_recurrence
ANSWER: -17"
test_seen_00108,structure_aware,500,seen,"If x + y = -27 and xy = 180, find x^2 + y^2.",369,459,False,symmetric_polynomial_identity,symmetric_polynomial_identity,True,expand_symmetric_identity,expand_symmetric_identity,True,"STRUCTURE: symmetric_polynomial_identity
TOOL: expand_symmetric_identity
ANSWER: 459"
test_seen_00109,structure_aware,500,seen,Evaluate 76^2 - 43^2.,3927,3585,False,factorization,factorization,True,factor_difference_of_squares,factor_difference_of_squares,True,"STRUCTURE: factorization
TOOL: factor_difference_of_squares
ANSWER: 3585"
test_seen_00110,structure_aware,500,seen,Let f(t) = 4t^2 + 4t - 5. Find f(0).,-5,-5,True,substitution,substitution,True,substitute_expression,substitute_expression,True,"STRUCTURE: substitution
TOOL: substitute_expression
ANSWER: -5"
test_seen_00111,structure_aware,500,seen,Solve -4x - 3y = 42 and -5x + 3y = 39. What is x?,-9,-1,False,linear_elimination,linear_elimination,True,solve_linear_system,solve_linear_system,True,"STRUCTURE: linear_elimination
TOOL: solve_linear_system
ANSWER: -1"
test_seen_00112,structure_aware,500,seen,Solve the proportion 2/4 = 10/x for x.,20,20,True,ratio_proportion,ratio_proportion,True,solve_proportion,solve_proportion,True,"STRUCTURE: ratio_proportion
TOOL: solve_proportion
ANSWER: 20"
test_seen_00113,structure_aware,500,seen,A sequence starts with a1 = 15 and each next term is the current term - 6. Find a11.,-45,-30,False,recurrence,recurrence,True,unroll_recurrence,unroll_recurrence,True,"STRUCTURE: recurrence
TOOL: unroll_recurrence
ANSWER: -30"
test_seen_00114,structure_aware,500,seen,Two numbers have sum 12 and product -28. What is the sum of their squares?,200,44,False,symmetric_polynomial_identity,symmetric_polynomial_identity,True,expand_symmetric_identity,expand_symmetric_identity,True,"STRUCTURE: symmetric_polynomial_identity
TOOL: expand_symmetric_identity
ANSWER: 44"
test_seen_00115,structure_aware,500,seen,Compute the difference of squares: 36 squared minus 34 squared.,140,108,False,factorization,factorization,True,factor_difference_of_squares,factor_difference_of_squares,True,"STRUCTURE: factorization
TOOL: factor_difference_of_squares
ANSWER: 108"
test_seen_00116,structure_aware,500,seen,Substitute z = -3 into z^2 + 2z - 1.,2,6,False,substitution,substitution,True,substitute_expression,substitute_expression,True,"STRUCTURE: substitution
TOOL: substitute_expression
ANSWER: 6"
test_seen_00117,structure_aware,500,seen,The equations -5x + 2y = -4 and -4x - 5y = -56 hold simultaneously. Find x.,4,-8,False,linear_elimination,linear_elimination,True,solve_linear_system,solve_linear_system,True,"STRUCTURE: linear_elimination
TOOL: solve_linear_system
ANSWER: -8"
test_seen_00118,structure_aware,500,seen,"If 2:2 = 16:x, what is x?",16,16,True,ratio_proportion,ratio_proportion,True,solve_proportion,solve_proportion,True,"STRUCTURE: ratio_proportion
TOOL: solve_proportion
ANSWER: 16"
test_seen_00119,structure_aware,500,seen,"Starting at -4, repeatedly change the value by -1. What is term 11, counting the start as term 1?",-14,-15,False,recurrence,recurrence,True,unroll_recurrence,unroll_recurrence,True,"STRUCTURE: recurrence
TOOL: unroll_recurrence
ANSWER: -15"
test_unseen_00000,structure_aware,500,unseen,"Without solving for x and y, evaluate x^2 + y^2 when x + y = -1 and xy = -2.",5,5,True,symmetric_polynomial_identity,symmetric_polynomial_identity,True,expand_symmetric_identity,expand_symmetric_identity,True,"STRUCTURE: symmetric_polynomial_identity
TOOL: expand_symmetric_identity
ANSWER: 5"
test_unseen_00001,structure_aware,500,unseen,"Using (u - v)(u + v), calculate 44^2 - 36^2.",640,108,False,factorization,factorization,True,factor_difference_of_squares,factor_difference_of_squares,True,"STRUCTURE: factorization
TOOL: factor_difference_of_squares
ANSWER: 108"
test_unseen_00002,structure_aware,500,unseen,What number does -3u^2 + 4u - 5 produce when u is -3?,-44,-14,False,substitution,substitution,True,substitute_expression,substitute_expression,True,"STRUCTURE: substitution
TOOL: substitute_expression
ANSWER: -14"
test_unseen_00003,structure_aware,500,unseen,The lines -4x + 4y = 28 and -5x - 4y = 53 intersect. Give the x-coordinate.,-9,1,False,linear_elimination,linear_elimination,True,solve_linear_system,solve_linear_system,True,"STRUCTURE: linear_elimination
TOOL: solve_linear_system
ANSWER: 1"
test_unseen_00004,structure_aware,500,unseen,"At a fixed rate, 14 items cost 18 dollars. What do 84 items cost?",108,108,True,ratio_proportion,ratio_proportion,True,solve_proportion,proportionality,False,"STRUCTURE: ratio_proportion
TOOL: proportionality
ANSWER: 108"
test_unseen_00005,structure_aware,500,unseen,A machine begins at 17; after each round it changes its value by 4. What value appears after 8 updates?,49,53,False,recurrence,recurrence,True,unroll_recurrence,unroll_recurrence,True,"STRUCTURE: recurrence
TOOL: unroll_recurrence
ANSWER: 53"
test_unseen_00006,structure_aware,500,unseen,The roots x and y of t^2 - (16)t + (63) = 0 are real. Find x^2 + y^2.,130,154,False,symmetric_polynomial_identity,symmetric_polynomial_identity,True,expand_symmetric_identity,expand_symmetric_identity,True,"STRUCTURE: symmetric_polynomial_identity
TOOL: expand_symmetric_identity
ANSWER: 154"
test_unseen_00007,structure_aware,500,unseen,A square of side 44 is removed from a square of side 65. What area remains?,2289,197,False,factorization,subtraction,False,factor_difference_of_squares,subtract_area,False,"STRUCTURE: subtraction
TOOL: subtract_area
ANSWER: 197"
test_unseen_00008,structure_aware,500,unseen,A rule maps q to q^2 - 6q - 2. Determine its output at q = 6.,-2,-10,False,substitution,substitution,True,substitute_expression,substitute_expression,True,"STRUCTURE: substitution
TOOL: substitute_expression
ANSWER: -10"
test_unseen_00009,structure_aware,500,unseen,Find the value of x satisfying both constraints: -4x + 3y = -12 and -4x + 4y = -16.,0,0,True,linear_elimination,linear_elimination,True,solve_linear_system,solve_linear_system,True,"STRUCTURE: linear_elimination
TOOL: solve_linear_system
ANSWER: 0"
test_unseen_00010,structure_aware,500,unseen,Complete the equivalent fractions: 6/12 = 18/[blank].,36,9,False,ratio_proportion,ratio_proportion,True,solve_proportion,solve_proportion,True,"STRUCTURE: ratio_proportion
TOOL: solve_proportion
ANSWER: 9"
test_unseen_00011,structure_aware,500,unseen,"Unroll b(n+1) = b(n) + 1, with b(1) = -18, to obtain b(8).",-11,"[20, 19, 18]",False,recurrence,recurrence,True,unroll_recurrence,unroll_recurrence,True,"STRUCTURE: recurrence
TOOL: unroll_recurrence
ANSWER: [20, 19, 18]"
test_unseen_00012,structure_aware,500,unseen,"Without solving for x and y, evaluate x^2 + y^2 when x + y = -15 and xy = 36.",153,189,False,symmetric_polynomial_identity,symmetric_polynomial_identity,True,expand_symmetric_identity,expand_symmetric_identity,True,"STRUCTURE: symmetric_polynomial_identity
TOOL: expand_symmetric_identity
ANSWER: 189"
test_unseen_00013,structure_aware,500,unseen,"Using (u - v)(u + v), calculate 39^2 - 14^2.",1325,675,False,factorization,factorization,True,factor_difference_of_squares,factor_difference_of_squares,True,"STRUCTURE: factorization
TOOL: factor_difference_of_squares
ANSWER: 675"
test_unseen_00014,structure_aware,500,unseen,What number does 11 - 3u^2 produce when u is -4?,-37,-25,False,substitution,substitution,True,substitute_expression,substitute_expression,True,"STRUCTURE: substitution
TOOL: substitute_expression
ANSWER: -25"
test_unseen_00015,structure_aware,500,unseen,The lines 5x + 5y = -80 and x - 5y = 32 intersect. Give the y-coordinate.,-8,-1,False,linear_elimination,linear_elimination,True,solve_linear_system,solve_linear_system,True,"STRUCTURE: linear_elimination
TOOL: solve_linear_system
ANSWER: -1"
test_unseen_00016,structure_aware,500,unseen,"At a fixed rate, 7 items cost 17 dollars. What do 84 items cost?",204,168,False,ratio_proportion,ratio_proportion,True,solve_proportion,proportionality,False,"STRUCTURE: ratio_proportion
TOOL: proportionality
ANSWER: 168"
test_unseen_00017,structure_aware,500,unseen,A machine begins at 17; after each round it changes its value by 6. What value appears after 14 updates?,101,95,False,recurrence,recurrence,True,unroll_recurrence,unroll_recurrence,True,"STRUCTURE: recurrence
TOOL: unroll_recurrence
ANSWER: 95"
test_unseen_00018,structure_aware,500,unseen,The roots x and y of t^2 - (-9)t + (-22) = 0 are real. Find x^2 + y^2.,125,135,False,symmetric_polynomial_identity,symmetric_polynomial_identity,True,expand_symmetric_identity,expand_symmetric_identity,True,"STRUCTURE: symmetric_polynomial_identity
TOOL: expand_symmetric_identity
ANSWER: 135"
test_unseen_00019,structure_aware,500,unseen,A square of side 16 is removed from a square of side 78. What area remains?,5828,54,False,factorization,subtraction,False,factor_difference_of_squares,subtract_area,False,"STRUCTURE: subtraction
TOOL: subtract_area
ANSWER: 54"
test_unseen_00020,structure_aware,500,unseen,A rule maps q to 3q^2 + 3q + 7. Determine its output at q = 6.,133,159,False,substitution,substitution,True,substitute_expression,substitute_expression,True,"STRUCTURE: substitution
TOOL: substitute_expression
ANSWER: 159"
test_unseen_00021,structure_aware,500,unseen,Find the value of y satisfying both constraints: -3x - 5y = 29 and -2x - 5y = 21.,-1,-4,False,linear_elimination,linear_elimination,True,solve_linear_system,solve_linear_system,True,"STRUCTURE: linear_elimination
TOOL: solve_linear_system
ANSWER: -4"
test_unseen_00022,structure_aware,500,unseen,Complete the equivalent fractions: 7/20 = 35/[blank].,100,140,False,ratio_proportion,ratio_proportion,True,solve_proportion,solve_proportion,True,"STRUCTURE: ratio_proportion
TOOL: solve_proportion
ANSWER: 140"
test_unseen_00023,structure_aware,500,unseen,"Unroll b(n+1) = b(n) + 4, with b(1) = -13, to obtain b(8).",15,"[20, 16, 12]",False,recurrence,recurrence,True,unroll_recurrence,unroll_recurrence,True,"STRUCTURE: recurrence
TOOL: unroll_recurrence
ANSWER: [20, 16, 12]"
test_unseen_00024,structure_aware,500,unseen,"Without solving for x and y, evaluate x^2 + y^2 when x + y = -17 and xy = 60.",169,259,False,symmetric_polynomial_identity,symmetric_polynomial_identity,True,expand_symmetric_identity,expand_symmetric_identity,True,"STRUCTURE: symmetric_polynomial_identity
TOOL: expand_symmetric_identity
ANSWER: 259"
test_unseen_00025,structure_aware,500,unseen,"Using (u - v)(u + v), calculate 24^2 - 16^2.",320,384,False,factorization,factorization,True,factor_difference_of_squares,factor_difference_of_squares,True,"STRUCTURE: factorization
TOOL: factor_difference_of_squares
ANSWER: 384"
test_unseen_00026,structure_aware,500,unseen,What number does 2u^2 - 7u + 9 produce when u is 2?,3,0,False,substitution,substitution,True,substitute_expression,substitute_expression,True,"STRUCTURE: substitution
TOOL: substitute_expression
ANSWER: 0"
test_unseen_00027,structure_aware,500,unseen,The lines -3x - 3y = 0 and 5x - 5y = 60 intersect. Give the y-coordinate.,-6,12,False,linear_elimination,linear_elimination,True,solve_linear_system,solve_linear_system,True,"STRUCTURE: linear_elimination
TOOL: solve_linear_system
ANSWER: 12"
test_unseen_00028,structure_aware,500,unseen,"At a fixed rate, 3 items cost 2 dollars. What do 24 items cost?",16,16,True,ratio_proportion,ratio_proportion,True,solve_proportion,proportionality,False,"STRUCTURE: ratio_proportion
TOOL: proportionality
ANSWER: 16"
test_unseen_00029,structure_aware,500,unseen,A machine begins at -9; after each round it changes its value by -1. What value appears after 13 updates?,-22,-25,False,recurrence,recurrence,True,unroll_recurrence,unroll_recurrence,True,"STRUCTURE: recurrence
TOOL: unroll_recurrence
ANSWER: -25"
test_unseen_00030,structure_aware,500,unseen,The roots x and y of t^2 - (-3)t + (-54) = 0 are real. Find x^2 + y^2.,117,169,False,symmetric_polynomial_identity,symmetric_polynomial_identity,True,expand_symmetric_identity,expand_symmetric_identity,True,"STRUCTURE: symmetric_polynomial_identity
TOOL: expand_symmetric_identity
ANSWER: 169"
test_unseen_00031,structure_aware,500,unseen,A square of side 5 is removed from a square of side 41. What area remains?,1656,36,False,factorization,subtraction,False,factor_difference_of_squares,subtract_area,False,"STRUCTURE: subtraction
TOOL: subtract_area
ANSWER: 36"
test_unseen_00032,structure_aware,500,unseen,A rule maps q to 3q^2 - 10. Determine its output at q = 1.,-7,6,False,substitution,substitution,True,substitute_expression,substitute_expression,True,"STRUCTURE: substitution
TOOL: substitute_expression
ANSWER: 6"
test_unseen_00033,structure_aware,500,unseen,Find the value of x satisfying both constraints: -x - 3y = -25 and -3x + 5y = 37.,1,1,True,linear_elimination,linear_elimination,True,solve_linear_system,solve_linear_system,True,"STRUCTURE: linear_elimination
TOOL: solve_linear_system
ANSWER: 1"
test_unseen_00034,structure_aware,500,unseen,Complete the equivalent fractions: 3/16 = 24/[blank].,128,384,False,ratio_proportion,ratio_proportion,True,solve_proportion,solve_proportion,True,"STRUCTURE: ratio_proportion
TOOL: solve_proportion
ANSWER: 384"
test_unseen_00035,structure_aware,500,unseen,"Unroll b(n+1) = b(n) + 3, with b(1) = 8, to obtain b(4).",17,29,False,recurrence,recurrence,True,unroll_recurrence,unroll_recurrence,True,"STRUCTURE: recurrence
TOOL: unroll_recurrence
ANSWER: 29"
test_unseen_00036,structure_aware,500,unseen,"Without solving for x and y, evaluate x^2 + y^2 when x + y = 6 and xy = -91.",218,208,False,symmetric_polynomial_identity,symmetric_polynomial_identity,True,expand_symmetric_identity,expand_symmetric_identity,True,"STRUCTURE: symmetric_polynomial_identity
TOOL: expand_symmetric_identity
ANSWER: 208"
test_unseen_00037,structure_aware,500,unseen,"Using (u - v)(u + v), calculate 47^2 - 38^2.",765,105,False,factorization,factorization,True,factor_difference_of_squares,factor_difference_of_squares,True,"STRUCTURE: factorization
TOOL: factor_difference_of_squares
ANSWER: 105"
test_unseen_00038,structure_aware,500,unseen,What number does -u^2 + 8u - 1 produce when u is -4?,-49,-37,False,substitution,substitution,True,substitute_expression,substitute_expression,True,"STRUCTURE: substitution
TOOL: substitute_expression
ANSWER: -37"
test_unseen_00039,structure_aware,500,unseen,The lines 3x + 2y = -28 and -4x + 3y = 26 intersect. Give the y-coordinate.,-2,1,False,linear_elimination,linear_elimination,True,solve_linear_system,solve_linear_system,True,"STRUCTURE: linear_elimination
TOOL: solve_linear_system
ANSWER: 1"
test_unseen_00040,structure_aware,500,unseen,"At a fixed rate, 15 items cost 15 dollars. What do 60 items cost?",60,90,False,ratio_proportion,ratio_proportion,True,solve_proportion,proportionality,False,"STRUCTURE: ratio_proportion
TOOL: proportionality
ANSWER: 90"
test_unseen_00041,structure_aware,500,unseen,A machine begins at -4; after each round it changes its value by 6. What value appears after 4 updates?,20,0,False,recurrence,recurrence,True,unroll_recurrence,unroll_recurrence,True,"STRUCTURE: recurrence
TOOL: unroll_recurrence
ANSWER: 0"
test_unseen_00042,structure_aware,500,unseen,The roots x and y of t^2 - (6)t + (-112) = 0 are real. Find x^2 + y^2.,260,379,False,symmetric_polynomial_identity,symmetric_polynomial_identity,True,expand_symmetric_identity,expand_symmetric_identity,True,"STRUCTURE: symmetric_polynomial_identity
TOOL: expand_symmetric_identity
ANSWER: 379"
test_unseen_00043,structure_aware,500,unseen,A square of side 40 is removed from a square of side 64. What area remains?,2496,128,False,factorization,subtraction,False,factor_difference_of_squares,subtract_area,False,"STRUCTURE: subtraction
TOOL: subtract_area
ANSWER: 128"
test_unseen_00044,structure_aware,500,unseen,A rule maps q to 4q^2 - 5q - 2. Determine its output at q = -2.,24,-18,False,substitution,substitution,True,substitute_expression,substitute_expression,True,"STRUCTURE: substitution
TOOL: substitute_expression
ANSWER: -18"
test_unseen_00045,structure_aware,500,unseen,Find the value of y satisfying both constraints: -5x - 4y = -10 and x + 5y = -19.,-5,-2,False,linear_elimination,linear_elimination,True,solve_linear_system,solve_linear_system,True,"STRUCTURE: linear_elimination
TOOL: solve_linear_system
ANSWER: -2"
test_unseen_00046,structure_aware,500,unseen,Complete the equivalent fractions: 8/20 = 96/[blank].,240,144,False,ratio_proportion,ratio_proportion,True,solve_proportion,solve_proportion,True,"STRUCTURE: ratio_proportion
TOOL: solve_proportion
ANSWER: 144"
test_unseen_00047,structure_aware,500,unseen,"Unroll b(n+1) = b(n) + 8, with b(1) = 8, to obtain b(6).",48,"[40, 32]",False,recurrence,recurrence,True,unroll_recurrence,unroll_recurrence,True,"STRUCTURE: recurrence
TOOL: unroll_recurrence
ANSWER: [40, 32]"
test_unseen_00048,structure_aware,500,unseen,"Without solving for x and y, evaluate x^2 + y^2 when x + y = -18 and xy = 80.",164,256,False,symmetric_polynomial_identity,symmetric_polynomial_identity,True,expand_symmetric_identity,expand_symmetric_identity,True,"STRUCTURE: symmetric_polynomial_identity
TOOL: expand_symmetric_identity
ANSWER: 256"
test_unseen_00049,structure_aware,500,unseen,"Using (u - v)(u + v), calculate 12^2 - 11^2.",23,49,False,factorization,factorization,True,factor_difference_of_squares,factor_difference_of_squares,True,"STRUCTURE: factorization
TOOL: factor_difference_of_squares
ANSWER: 49"
test_unseen_00050,structure_aware,500,unseen,What number does u^2 + u - 12 produce when u is 1?,-10,7,False,substitution,substitution,True,substitute_expression,substitute_expression,True,"STRUCTURE: substitution
TOOL: substitute_expression
ANSWER: 7"
test_unseen_00051,structure_aware,500,unseen,The lines -3x - 2y = 19 and 3x - 5y = 16 intersect. Give the x-coordinate.,-3,4,False,linear_elimination,linear_elimination,True,solve_linear_system,solve_linear_system,True,"STRUCTURE: linear_elimination
TOOL: solve_linear_system
ANSWER: 4"
test_unseen_00052,structure_aware,500,unseen,"At a fixed rate, 3 items cost 5 dollars. What do 24 items cost?",40,12,False,ratio_proportion,ratio_proportion,True,solve_proportion,proportionality,False,"STRUCTURE: ratio_proportion
TOOL: proportionality
ANSWER: 12"
test_unseen_00053,structure_aware,500,unseen,A machine begins at 12; after each round it changes its value by 9. What value appears after 2 updates?,30,63,False,recurrence,recurrence,True,unroll_recurrence,unroll_recurrence,True,"STRUCTURE: recurrence
TOOL: unroll_recurrence
ANSWER: 63"
test_unseen_00054,structure_aware,500,unseen,The roots x and y of t^2 - (18)t + (65) = 0 are real. Find x^2 + y^2.,194,37,False,symmetric_polynomial_identity,symmetric_polynomial_identity,True,expand_symmetric_identity,expand_symmetric_identity,True,"STRUCTURE: symmetric_polynomial_identity
TOOL: expand_symmetric_identity
ANSWER: 37"
test_unseen_00055,structure_aware,500,unseen,A square of side 21 is removed from a square of side 47. What area remains?,1768,69,False,factorization,subtraction,False,factor_difference_of_squares,subtract_area,False,"STRUCTURE: subtraction
TOOL: subtract_area
ANSWER: 69"
test_unseen_00056,structure_aware,500,unseen,A rule maps q to 8 - 3q^2. Determine its output at q = -5.,-67,10,False,substitution,substitution,True,substitute_expression,substitute_expression,True,"STRUCTURE: substitution
TOOL: substitute_expression
ANSWER: 10"
test_unseen_00057,structure_aware,500,unseen,Find the value of x satisfying both constraints: 4x - y = -29 and -5x - 5y = 30.,-7,-1,False,linear_elimination,linear_elimination,True,solve_linear_system,solve_linear_system,True,"STRUCTURE: linear_elimination
TOOL: solve_linear_system
ANSWER: -1"
test_unseen_00058,structure_aware,500,unseen,Complete the equivalent fractions: 3/8 = 6/[blank].,16,24,False,ratio_proportion,ratio_proportion,True,solve_proportion,solve_proportion,True,"STRUCTURE: ratio_proportion
TOOL: solve_proportion
ANSWER: 24"
test_unseen_00059,structure_aware,500,unseen,"Unroll b(n+1) = b(n) - 4, with b(1) = -16, to obtain b(5).",-32,-20,False,recurrence,recurrence,True,unroll_recurrence,unroll_recurrence,True,"STRUCTURE: recurrence
TOOL: unroll_recurrence
ANSWER: -20"
test_unseen_00060,structure_aware,500,unseen,"Without solving for x and y, evaluate x^2 + y^2 when x + y = -10 and xy = -24.",148,169,False,symmetric_polynomial_identity,symmetric_polynomial_identity,True,expand_symmetric_identity,expand_symmetric_identity,True,"STRUCTURE: symmetric_polynomial_identity
TOOL: expand_symmetric_identity
ANSWER: 169"
test_unseen_00061,structure_aware,500,unseen,"Using (u - v)(u + v), calculate 67^2 - 12^2.",4345,3849,False,factorization,factorization,True,factor_difference_of_squares,factor_difference_of_squares,True,"STRUCTURE: factorization
TOOL: factor_difference_of_squares
ANSWER: 3849"
test_unseen_00062,structure_aware,500,unseen,What number does -u^2 + 4u - 1 produce when u is -4?,-33,-37,False,substitution,substitution,True,substitute_expression,substitute_expression,True,"STRUCTURE: substitution
TOOL: substitute_expression
ANSWER: -37"
test_unseen_00063,structure_aware,500,unseen,The lines -3x - y = -26 and -x + y = -10 intersect. Give the x-coordinate.,9,5,False,linear_elimination,linear_elimination,True,solve_linear_system,solve_linear_system,True,"STRUCTURE: linear_elimination
TOOL: solve_linear_system
ANSWER: 5"
test_unseen_00064,structure_aware,500,unseen,"At a fixed rate, 12 items cost 7 dollars. What do 108 items cost?",63,93,False,ratio_proportion,ratio_proportion,True,solve_proportion,proportionality,False,"STRUCTURE: ratio_proportion
TOOL: proportionality
ANSWER: 93"
test_unseen_00065,structure_aware,500,unseen,A machine begins at -2; after each round it changes its value by -4. What value appears after 9 updates?,-38,-16,False,recurrence,recurrence,True,unroll_recurrence,unroll_recurrence,True,"STRUCTURE: recurrence
TOOL: unroll_recurrence
ANSWER: -16"
test_unseen_00066,structure_aware,500,unseen,The roots x and y of t^2 - (27)t + (182) = 0 are real. Find x^2 + y^2.,365,365,True,symmetric_polynomial_identity,symmetric_polynomial_identity,True,expand_symmetric_identity,expand_symmetric_identity,True,"STRUCTURE: symmetric_polynomial_identity
TOOL: expand_symmetric_identity
ANSWER: 365"
test_unseen_00067,structure_aware,500,unseen,A square of side 33 is removed from a square of side 64. What area remains?,3007,205,False,factorization,subtraction,False,factor_difference_of_squares,subtract_area,False,"STRUCTURE: subtraction
TOOL: subtract_area
ANSWER: 205"
test_unseen_00068,structure_aware,500,unseen,A rule maps q to -q^2 + q + 10. Determine its output at q = 2.,8,-6,False,substitution,substitution,True,substitute_expression,substitute_expression,True,"STRUCTURE: substitution
TOOL: substitute_expression
ANSWER: -6"
test_unseen_00069,structure_aware,500,unseen,Find the value of y satisfying both constraints: x + 2y = 17 and 2x - 4y = -14.,6,-3,False,linear_elimination,linear_elimination,True,solve_linear_system,solve_linear_system,True,"STRUCTURE: linear_elimination
TOOL: solve_linear_system
ANSWER: -3"
test_unseen_00070,structure_aware,500,unseen,Complete the equivalent fractions: 11/8 = 66/[blank].,48,52,False,ratio_proportion,ratio_proportion,True,solve_proportion,solve_proportion,True,"STRUCTURE: ratio_proportion
TOOL: solve_proportion
ANSWER: 52"
test_unseen_00071,structure_aware,500,unseen,"Unroll b(n+1) = b(n) - 2, with b(1) = 10, to obtain b(13).",-14,6,False,recurrence,recurrence,True,unroll_recurrence,unroll_recurrence,True,"STRUCTURE: recurrence
TOOL: unroll_recurrence
ANSWER: 6"
test_unseen_00072,structure_aware,500,unseen,"Without solving for x and y, evaluate x^2 + y^2 when x + y = -18 and xy = 56.",212,397,False,symmetric_polynomial_identity,symmetric_polynomial_identity,True,expand_symmetric_identity,expand_symmetric_identity,True,"STRUCTURE: symmetric_polynomial_identity
TOOL: expand_symmetric_identity
ANSWER: 397"
test_unseen_00073,structure_aware,500,unseen,"Using (u - v)(u + v), calculate 40^2 - 25^2.",975,130,False,factorization,factorization,True,factor_difference_of_squares,factor_difference_of_squares,True,"STRUCTURE: factorization
TOOL: factor_difference_of_squares
ANSWER: 130"
test_unseen_00074,structure_aware,500,unseen,What number does 2u^2 + 5u - 3 produce when u is -7?,60,-64,False,substitution,substitution,True,substitute_expression,substitute_expression,True,"STRUCTURE: substitution
TOOL: substitute_expression
ANSWER: -64"
test_unseen_00075,structure_aware,500,unseen,The lines x - 4y = -33 and -5x - 2y = -11 intersect. Give the y-coordinate.,8,-7,False,linear_elimination,linear_elimination,True,solve_linear_system,solve_linear_system,True,"STRUCTURE: linear_elimination
TOOL: solve_linear_system
ANSWER: -7"
test_unseen_00076,structure_aware,500,unseen,"At a fixed rate, 2 items cost 7 dollars. What do 24 items cost?",84,84,True,ratio_proportion,ratio_proportion,True,solve_proportion,proportionality,False,"STRUCTURE: ratio_proportion
TOOL: proportionality
ANSWER: 84"
test_unseen_00077,structure_aware,500,unseen,A machine begins at 0; after each round it changes its value by -3. What value appears after 12 updates?,-36,-9,False,recurrence,recurrence,True,unroll_recurrence,unroll_recurrence,True,"STRUCTURE: recurrence
TOOL: unroll_recurrence
ANSWER: -9"
test_unseen_00078,structure_aware,500,unseen,The roots x and y of t^2 - (12)t + (35) = 0 are real. Find x^2 + y^2.,74,86,False,symmetric_polynomial_identity,symmetric_polynomial_identity,True,expand_symmetric_identity,expand_symmetric_identity,True,"STRUCTURE: symmetric_polynomial_identity
TOOL: expand_symmetric_identity
ANSWER: 86"
test_unseen_00079,structure_aware,500,unseen,A square of side 23 is removed from a square of side 52. What area remains?,2175,187,False,factorization,subtraction,False,factor_difference_of_squares,subtract_area,False,"STRUCTURE: subtraction
TOOL: subtract_area
ANSWER: 187"
test_unseen_00080,structure_aware,500,unseen,A rule maps q to 3q^2 - 8q + 6. Determine its output at q = 2.,2,10,False,substitution,substitution,True,substitute_expression,substitute_expression,True,"STRUCTURE: substitution
TOOL: substitute_expression
ANSWER: 10"
test_unseen_00081,structure_aware,500,unseen,Find the value of y satisfying both constraints: -3x + 5y = 24 and -2x + 4y = 16.,0,8,False,linear_elimination,linear_elimination,True,solve_linear_system,solve_linear_system,True,"STRUCTURE: linear_elimination
TOOL: solve_linear_system
ANSWER: 8"
test_unseen_00082,structure_aware,500,unseen,Complete the equivalent fractions: 15/2 = 105/[blank].,14,7,False,ratio_proportion,ratio_proportion,True,solve_proportion,solve_proportion,True,"STRUCTURE: ratio_proportion
TOOL: solve_proportion
ANSWER: 7"
test_unseen_00083,structure_aware,500,unseen,"Unroll b(n+1) = b(n) - 4, with b(1) = -17, to obtain b(15).",-73,-28,False,recurrence,recurrence,True,unroll_recurrence,unroll_recurrence,True,"STRUCTURE: recurrence
TOOL: unroll_recurrence
ANSWER: -28"
test_unseen_00084,structure_aware,500,unseen,"Without solving for x and y, evaluate x^2 + y^2 when x + y = -9 and xy = 18.",45,365,False,symmetric_polynomial_identity,symmetric_polynomial_identity,True,expand_symmetric_identity,expand_symmetric_identity,True,"STRUCTURE: symmetric_polynomial_identity
TOOL: expand_symmetric_identity
ANSWER: 365"
test_unseen_00085,structure_aware,500,unseen,"Using (u - v)(u + v), calculate 30^2 - 9^2.",819,145,False,factorization,factorization,True,factor_difference_of_squares,factor_difference_of_squares,True,"STRUCTURE: factorization
TOOL: factor_difference_of_squares
ANSWER: 145"
test_unseen_00086,structure_aware,500,unseen,What number does 3u^2 - 11 produce when u is 7?,136,5,False,substitution,substitution,True,substitute_expression,substitute_expression,True,"STRUCTURE: substitution
TOOL: substitute_expression
ANSWER: 5"
test_unseen_00087,structure_aware,500,unseen,The lines 3x + 2y = 8 and -5x - 5y = -25 intersect. Give the x-coordinate.,-2,4,False,linear_elimination,linear_elimination,True,solve_linear_system,solve_linear_system,True,"STRUCTURE: linear_elimination
TOOL: solve_linear_system
ANSWER: 4"
test_unseen_00088,structure_aware,500,unseen,"At a fixed rate, 8 items cost 2 dollars. What do 80 items cost?",20,160,False,ratio_proportion,ratio_proportion,True,solve_proportion,proportionality,False,"STRUCTURE: ratio_proportion
TOOL: proportionality
ANSWER: 160"
test_unseen_00089,structure_aware,500,unseen,A machine begins at -13; after each round it changes its value by -7. What value appears after 14 updates?,-111,-86,False,recurrence,recurrence,True,unroll_recurrence,unroll_recurrence,True,"STRUCTURE: recurrence
TOOL: unroll_recurrence
ANSWER: -86"
test_unseen_00090,structure_aware,500,unseen,The roots x and y of t^2 - (13)t + (36) = 0 are real. Find x^2 + y^2.,97,85,False,symmetric_polynomial_identity,symmetric_polynomial_identity,True,expand_symmetric_identity,expand_symmetric_identity,True,"STRUCTURE: symmetric_polynomial_identity
TOOL: expand_symmetric_identity
ANSWER: 85"
test_unseen_00091,structure_aware,500,unseen,A square of side 16 is removed from a square of side 72. What area remains?,4928,48,False,factorization,subtraction,False,factor_difference_of_squares,subtract_area,False,"STRUCTURE: subtraction
TOOL: subtract_area
ANSWER: 48"
test_unseen_00092,structure_aware,500,unseen,A rule maps q to 4q^2 - 7q. Determine its output at q = 0.,0,0,True,substitution,substitution,True,substitute_expression,substitute_expression,True,"STRUCTURE: substitution
TOOL: substitute_expression
ANSWER: 0"
test_unseen_00093,structure_aware,500,unseen,Find the value of y satisfying both constraints: 5x - 2y = 31 and -4x + 3y = -15.,7,6,False,linear_elimination,linear_elimination,True,solve_linear_system,solve_linear_system,True,"STRUCTURE: linear_elimination
TOOL: solve_linear_system
ANSWER: 6"
test_unseen_00094,structure_aware,500,unseen,Complete the equivalent fractions: 3/18 = 12/[blank].,72,6,False,ratio_proportion,ratio_proportion,True,solve_proportion,solve_proportion,True,"STRUCTURE: ratio_proportion
TOOL: solve_proportion
ANSWER: 6"
test_unseen_00095,structure_aware,500,unseen,"Unroll b(n+1) = b(n) - 3, with b(1) = -14, to obtain b(7).",-32,-56,False,recurrence,recurrence,True,unroll_recurrence,unroll_recurrence,True,"STRUCTURE: recurrence
TOOL: unroll_recurrence
ANSWER: -56"
test_unseen_00096,structure_aware,500,unseen,"Without solving for x and y, evaluate x^2 + y^2 when x + y = -15 and xy = 56.",113,397,False,symmetric_polynomial_identity,symmetric_polynomial_identity,True,expand_symmetric_identity,expand_symmetric_identity,True,"STRUCTURE: symmetric_polynomial_identity
TOOL: expand_symmetric_identity
ANSWER: 397"
test_unseen_00097,structure_aware,500,unseen,"Using (u - v)(u + v), calculate 58^2 - 36^2.",2068,1496,False,factorization,factorization,True,factor_difference_of_squares,factor_difference_of_squares,True,"STRUCTURE: factorization
TOOL: factor_difference_of_squares
ANSWER: 1496"
test_unseen_00098,structure_aware,500,unseen,What number does -4u^2 + 8u produce when u is 4?,-32,-64,False,substitution,substitution,True,substitute_expression,substitute_expression,True,"STRUCTURE: substitution
TOOL: substitute_expression
ANSWER: -64"
test_unseen_00099,structure_aware,500,unseen,The lines 2x + y = 7 and -3x - 5y = 21 intersect. Give the y-coordinate.,-9,-9,True,linear_elimination,linear_elimination,True,solve_linear_system,solve_linear_system,True,"STRUCTURE: linear_elimination
TOOL: solve_linear_system
ANSWER: -9"
test_unseen_00100,structure_aware,500,unseen,"At a fixed rate, 5 items cost 8 dollars. What do 25 items cost?",40,40,True,ratio_proportion,ratio_proportion,True,solve_proportion,proportionality,False,"STRUCTURE: ratio_proportion
TOOL: proportionality
ANSWER: 40"
test_unseen_00101,structure_aware,500,unseen,A machine begins at 7; after each round it changes its value by 2. What value appears after 7 updates?,21,13,False,recurrence,recurrence,True,unroll_recurrence,unroll_recurrence,True,"STRUCTURE: recurrence
TOOL: unroll_recurrence
ANSWER: 13"
test_unseen_00102,structure_aware,500,unseen,The roots x and y of t^2 - (10)t + (-24) = 0 are real. Find x^2 + y^2.,148,85,False,symmetric_polynomial_identity,symmetric_polynomial_identity,True,expand_symmetric_identity,expand_symmetric_identity,True,"STRUCTURE: symmetric_polynomial_identity
TOOL: expand_symmetric_identity
ANSWER: 85"
test_unseen_00103,structure_aware,500,unseen,A square of side 23 is removed from a square of side 80. What area remains?,5871,516,False,factorization,subtraction,False,factor_difference_of_squares,subtract_area,False,"STRUCTURE: subtraction
TOOL: subtract_area
ANSWER: 516"
test_unseen_00104,structure_aware,500,unseen,A rule maps q to -5q^2 + 4q - 2. Determine its output at q = 0.,-2,-2,True,substitution,substitution,True,substitute_expression,substitute_expression,True,"STRUCTURE: substitution
TOOL: substitute_expression
ANSWER: -2"
test_unseen_00105,structure_aware,500,unseen,Find the value of x satisfying both constraints: -5x + 2y = -24 and 2x + 4y = 48.,8,12,False,linear_elimination,linear_elimination,True,solve_linear_system,solve_linear_system,True,"STRUCTURE: linear_elimination
TOOL: solve_linear_system
ANSWER: 12"
test_unseen_00106,structure_aware,500,unseen,Complete the equivalent fractions: 6/11 = 30/[blank].,55,25,False,ratio_proportion,ratio_proportion,True,solve_proportion,solve_proportion,True,"STRUCTURE: ratio_proportion
TOOL: solve_proportion
ANSWER: 25"
test_unseen_00107,structure_aware,500,unseen,"Unroll b(n+1) = b(n) + 1, with b(1) = 16, to obtain b(12).",27,172,False,recurrence,recurrence,True,unroll_recurrence,unroll_recurrence,True,"STRUCTURE: recurrence
TOOL: unroll_recurrence
ANSWER: 172"
test_unseen_00108,structure_aware,500,unseen,"Without solving for x and y, evaluate x^2 + y^2 when x + y = 15 and xy = 14.",197,367,False,symmetric_polynomial_identity,symmetric_polynomial_identity,True,expand_symmetric_identity,expand_symmetric_identity,True,"STRUCTURE: symmetric_polynomial_identity
TOOL: expand_symmetric_identity
ANSWER: 367"
test_unseen_00109,structure_aware,500,unseen,"Using (u - v)(u + v), calculate 74^2 - 15^2.",5251,4809,False,factorization,factorization,True,factor_difference_of_squares,factor_difference_of_squares,True,"STRUCTURE: factorization
TOOL: factor_difference_of_squares
ANSWER: 4809"
test_unseen_00110,structure_aware,500,unseen,What number does -5u^2 - 6u - 6 produce when u is 0?,-6,-6,True,substitution,substitution,True,substitute_expression,substitute_expression,True,"STRUCTURE: substitution
TOOL: substitute_expression
ANSWER: -6"
test_unseen_00111,structure_aware,500,unseen,The lines -3x - y = 2 and -5x - 5y = 10 intersect. Give the x-coordinate.,0,-4,False,linear_elimination,linear_elimination,True,solve_linear_system,solve_linear_system,True,"STRUCTURE: linear_elimination
TOOL: solve_linear_system
ANSWER: -4"
test_unseen_00112,structure_aware,500,unseen,"At a fixed rate, 8 items cost 17 dollars. What do 80 items cost?",170,140,False,ratio_proportion,ratio_proportion,True,solve_proportion,proportionality,False,"STRUCTURE: ratio_proportion
TOOL: proportionality
ANSWER: 140"
test_unseen_00113,structure_aware,500,unseen,A machine begins at 18; after each round it changes its value by -2. What value appears after 5 updates?,8,-3,False,recurrence,recurrence,True,unroll_recurrence,unroll_recurrence,True,"STRUCTURE: recurrence
TOOL: unroll_recurrence
ANSWER: -3"
test_unseen_00114,structure_aware,500,unseen,The roots x and y of t^2 - (9)t + (14) = 0 are real. Find x^2 + y^2.,53,65,False,symmetric_polynomial_identity,symmetric_polynomial_identity,True,expand_symmetric_identity,expand_symmetric_identity,True,"STRUCTURE: symmetric_polynomial_identity
TOOL: expand_symmetric_identity
ANSWER: 65"
test_unseen_00115,structure_aware,500,unseen,A square of side 14 is removed from a square of side 77. What area remains?,5733,539,False,factorization,subtraction,False,factor_difference_of_squares,subtract_area,False,"STRUCTURE: subtraction
TOOL: subtract_area
ANSWER: 539"
test_unseen_00116,structure_aware,500,unseen,A rule maps q to -q^2 + 2q - 8. Determine its output at q = 7.,-43,-103,False,substitution,substitution,True,substitute_expression,substitute_expression,True,"STRUCTURE: substitution
TOOL: substitute_expression
ANSWER: -103"
test_unseen_00117,structure_aware,500,unseen,Find the value of y satisfying both constraints: 5x + 3y = 15 and 4x + y = 12.,0,-9,False,linear_elimination,linear_elimination,True,solve_linear_system,solve_linear_system,True,"STRUCTURE: linear_elimination
TOOL: solve_linear_system
ANSWER: -9"
test_unseen_00118,structure_aware,500,unseen,Complete the equivalent fractions: 10/3 = 70/[blank].,21,21,True,ratio_proportion,ratio_proportion,True,solve_proportion,solve_proportion,True,"STRUCTURE: ratio_proportion
TOOL: solve_proportion
ANSWER: 21"
test_unseen_00119,structure_aware,500,unseen,"Unroll b(n+1) = b(n) - 1, with b(1) = -16, to obtain b(3).",-18,-25,False,recurrence,recurrence,True,unroll_recurrence,unroll_recurrence,True,"STRUCTURE: recurrence
TOOL: unroll_recurrence
ANSWER: -25"
